ASCIInumbers	ASCIInumbers.BIT_num_from_bin_string
ASCIInumbers	ASCIInumbers.DEC_UNDEC
ASCIInumbers	ASCIInumbers.EVERY_isDigit_num_to_dec_string
ASCIInumbers	ASCIInumbers.EVERY_isHexDigit_num_to_hex_string
ASCIInumbers	ASCIInumbers.HEX_UNHEX
ASCIInumbers	ASCIInumbers.HEX_def
ASCIInumbers	ASCIInumbers.LENGTH_num_to_bin_string
ASCIInumbers	ASCIInumbers.LENGTH_num_to_dec_string
ASCIInumbers	ASCIInumbers.LENGTH_num_to_hex_string
ASCIInumbers	ASCIInumbers.LENGTH_num_to_oct_string
ASCIInumbers	ASCIInumbers.STRCAT_toString_inj
ASCIInumbers	ASCIInumbers.SUB_num_to_bin_string
ASCIInumbers	ASCIInumbers.UNHEX_HEX
ASCIInumbers	ASCIInumbers.UNHEX_def
ASCIInumbers	ASCIInumbers.isDigit_HEX
ASCIInumbers	ASCIInumbers.isHexDigit_HEX
ASCIInumbers	ASCIInumbers.n2s_compute
ASCIInumbers	ASCIInumbers.n2s_s2n
ASCIInumbers	ASCIInumbers.num_bin_string
ASCIInumbers	ASCIInumbers.num_dec_string
ASCIInumbers	ASCIInumbers.num_from_X_string_leading_zeroes
ASCIInumbers	ASCIInumbers.num_hex_string
ASCIInumbers	ASCIInumbers.num_oct_string
ASCIInumbers	ASCIInumbers.num_to_bin_string_nil
ASCIInumbers	ASCIInumbers.num_to_dec_string_compute
ASCIInumbers	ASCIInumbers.num_to_dec_string_nil
ASCIInumbers	ASCIInumbers.num_to_hex_string_nil
ASCIInumbers	ASCIInumbers.num_to_oct_string_nil
ASCIInumbers	ASCIInumbers.s2n_compute
ASCIInumbers	ASCIInumbers.s2n_leading_zeroes
ASCIInumbers	ASCIInumbers.s2n_n2s
ASCIInumbers	ASCIInumbers.toNum_toString
ASCIInumbers	ASCIInumbers.toString_11
ASCIInumbers	ASCIInumbers.toString_inj
ASCIInumbers	ASCIInumbers.toString_toNum_cancel
Coder	Coder.decode_encode
Coder	Coder.wf_coder
Coder	Coder.wf_coder_blist
Coder	Coder.wf_coder_bnum
Coder	Coder.wf_coder_bool
Coder	Coder.wf_coder_closed
Coder	Coder.wf_coder_list
Coder	Coder.wf_coder_num
Coder	Coder.wf_coder_op
Coder	Coder.wf_coder_option
Coder	Coder.wf_coder_prod
Coder	Coder.wf_coder_sum
Coder	Coder.wf_coder_tree
Coder	Coder.wf_coder_unit
ConseqConv	ConseqConv.AND_CLAUSES_FX
ConseqConv	ConseqConv.AND_CLAUSES_TX
ConseqConv	ConseqConv.AND_CLAUSES_XF
ConseqConv	ConseqConv.AND_CLAUSES_XT
ConseqConv	ConseqConv.AND_CLAUSES_XX
ConseqConv	ConseqConv.ASM_MARKER_THM
ConseqConv	ConseqConv.COND_CLAUSES_CF
ConseqConv	ConseqConv.COND_CLAUSES_CT
ConseqConv	ConseqConv.COND_CLAUSES_FF
ConseqConv	ConseqConv.COND_CLAUSES_FT
ConseqConv	ConseqConv.COND_CLAUSES_ID
ConseqConv	ConseqConv.COND_CLAUSES_TF
ConseqConv	ConseqConv.COND_CLAUSES_TT
ConseqConv	ConseqConv.IMP_CLAUSES_FX
ConseqConv	ConseqConv.IMP_CLAUSES_TX
ConseqConv	ConseqConv.IMP_CLAUSES_XF
ConseqConv	ConseqConv.IMP_CLAUSES_XT
ConseqConv	ConseqConv.IMP_CLAUSES_XX
ConseqConv	ConseqConv.IMP_CONG_cond
ConseqConv	ConseqConv.IMP_CONG_cond_simple
ConseqConv	ConseqConv.IMP_CONG_conj_strengthen
ConseqConv	ConseqConv.IMP_CONG_conj_weaken
ConseqConv	ConseqConv.IMP_CONG_disj_strengthen
ConseqConv	ConseqConv.IMP_CONG_disj_weaken
ConseqConv	ConseqConv.IMP_CONG_imp_strengthen
ConseqConv	ConseqConv.IMP_CONG_imp_weaken
ConseqConv	ConseqConv.IMP_CONG_simple_imp_strengthen
ConseqConv	ConseqConv.IMP_CONG_simple_imp_weaken
ConseqConv	ConseqConv.NOT_CLAUSES_F
ConseqConv	ConseqConv.NOT_CLAUSES_T
ConseqConv	ConseqConv.NOT_CLAUSES_X
ConseqConv	ConseqConv.OR_CLAUSES_FX
ConseqConv	ConseqConv.OR_CLAUSES_TX
ConseqConv	ConseqConv.OR_CLAUSES_XF
ConseqConv	ConseqConv.OR_CLAUSES_XT
ConseqConv	ConseqConv.OR_CLAUSES_XX
ConseqConv	ConseqConv.exists_eq_thm
ConseqConv	ConseqConv.false_imp
ConseqConv	ConseqConv.forall_eq_thm
ConseqConv	ConseqConv.true_imp
Decode	Decode.dec2enc_decode_blist
Decode	Decode.dec2enc_decode_bnum
Decode	Decode.dec2enc_decode_bool
Decode	Decode.dec2enc_decode_list
Decode	Decode.dec2enc_decode_num
Decode	Decode.dec2enc_decode_option
Decode	Decode.dec2enc_decode_prod
Decode	Decode.dec2enc_decode_sum
Decode	Decode.dec2enc_decode_unit
Decode	Decode.dec2enc_enc2dec
Decode	Decode.dec2enc_some
Decode	Decode.dec_bnum_compute
Decode	Decode.dec_bnum_inj
Decode	Decode.dec_bnum_lt
Decode	Decode.decode_blist
Decode	Decode.decode_bnum
Decode	Decode.decode_bool
Decode	Decode.decode_dec2enc
Decode	Decode.decode_dec2enc_append
Decode	Decode.decode_list
Decode	Decode.decode_num
Decode	Decode.decode_num_total
Decode	Decode.decode_option
Decode	Decode.decode_prod
Decode	Decode.decode_sum
Decode	Decode.decode_tree
Decode	Decode.decode_unit
Decode	Decode.enc2dec_dec2enc
Decode	Decode.enc2dec_none
Decode	Decode.enc2dec_some
Decode	Decode.enc2dec_some_alt
Decode	Decode.encode_then_decode_blist
Decode	Decode.encode_then_decode_list
Decode	Decode.encode_then_decode_option
Decode	Decode.encode_then_decode_prod
Decode	Decode.encode_then_decode_sum
Decode	Decode.wf_dec2enc
Decode	Decode.wf_decode_blist
Decode	Decode.wf_decode_bnum
Decode	Decode.wf_decode_bool
Decode	Decode.wf_decode_list
Decode	Decode.wf_decode_num
Decode	Decode.wf_decode_option
Decode	Decode.wf_decode_prod
Decode	Decode.wf_decode_sum
Decode	Decode.wf_decode_tree
Decode	Decode.wf_decode_unit
Decode	Decode.wf_enc2dec
DeepSyntax	DeepSyntax.add_d_neginf
DeepSyntax	DeepSyntax.add_d_posinf
DeepSyntax	DeepSyntax.datatype_deep_form
DeepSyntax	DeepSyntax.deep_form_11
DeepSyntax	DeepSyntax.deep_form_Axiom
DeepSyntax	DeepSyntax.deep_form_case_cong
DeepSyntax	DeepSyntax.deep_form_case_eq
DeepSyntax	DeepSyntax.deep_form_distinct
DeepSyntax	DeepSyntax.deep_form_induction
DeepSyntax	DeepSyntax.deep_form_nchotomy
DeepSyntax	DeepSyntax.in_aset
DeepSyntax	DeepSyntax.in_bset
DeepSyntax	DeepSyntax.neginf_disj1_implies_exoriginal
DeepSyntax	DeepSyntax.neginf_exoriginal_eq_rhs
DeepSyntax	DeepSyntax.neginf_exoriginal_implies_rhs
DeepSyntax	DeepSyntax.neginf_ok
DeepSyntax	DeepSyntax.posinf_disj1_implies_exoriginal
DeepSyntax	DeepSyntax.posinf_exoriginal_eq_rhs
DeepSyntax	DeepSyntax.posinf_exoriginal_implies_rhs
DeepSyntax	DeepSyntax.posinf_ok
Encode	Encode.biprefix_append
Encode	Encode.biprefix_appends
Encode	Encode.biprefix_cons
Encode	Encode.biprefix_refl
Encode	Encode.biprefix_sym
Encode	Encode.datatype_tree
Encode	Encode.encode_blist_compute
Encode	Encode.encode_bnum_compute
Encode	Encode.encode_bnum_inj
Encode	Encode.encode_bnum_length
Encode	Encode.encode_list_cong
Encode	Encode.encode_num_def
Encode	Encode.encode_num_ind
Encode	Encode.encode_prod_alt
Encode	Encode.encode_tree_def
Encode	Encode.encode_tree_ind
Encode	Encode.lift_blist_suc
Encode	Encode.lift_tree_def
Encode	Encode.lift_tree_ind
Encode	Encode.tree_11
Encode	Encode.tree_Axiom
Encode	Encode.tree_case_cong
Encode	Encode.tree_case_eq
Encode	Encode.tree_ind
Encode	Encode.tree_induction
Encode	Encode.tree_nchotomy
Encode	Encode.wf_encode_blist
Encode	Encode.wf_encode_bnum
Encode	Encode.wf_encode_bnum_collision_free
Encode	Encode.wf_encode_bool
Encode	Encode.wf_encode_list
Encode	Encode.wf_encode_num
Encode	Encode.wf_encode_option
Encode	Encode.wf_encode_prod
Encode	Encode.wf_encode_sum
Encode	Encode.wf_encode_tree
Encode	Encode.wf_encode_unit
Encode	Encode.wf_encoder_alt
Encode	Encode.wf_encoder_eq
Encode	Encode.wf_encoder_total
Encode	Encode.wf_pred_bnum
Encode	Encode.wf_pred_bnum_total
EncodeVar	EncodeVar.fixed_width_bnum
EncodeVar	EncodeVar.fixed_width_bool
EncodeVar	EncodeVar.fixed_width_exists
EncodeVar	EncodeVar.fixed_width_prod
EncodeVar	EncodeVar.fixed_width_sum
EncodeVar	EncodeVar.fixed_width_unit
EncodeVar	EncodeVar.fixed_width_univ
EncodeVar	EncodeVar.of_length_exists_suc
EncodeVar	EncodeVar.of_length_exists_zero
EncodeVar	EncodeVar.of_length_univ_suc
EncodeVar	EncodeVar.of_length_univ_zero
HolSmt	HolSmt.ALL_DISTINCT_CONS
HolSmt	HolSmt.ALL_DISTINCT_NIL
HolSmt	HolSmt.AND_IMP_INTRO_SYM
HolSmt	HolSmt.AND_T
HolSmt	HolSmt.CONJ_CONG
HolSmt	HolSmt.DISJ_ELIM_1
HolSmt	HolSmt.DISJ_ELIM_2
HolSmt	HolSmt.F_OR
HolSmt	HolSmt.IMP_DISJ_1
HolSmt	HolSmt.IMP_DISJ_2
HolSmt	HolSmt.IMP_FALSE
HolSmt	HolSmt.NEG_IFF_1_1
HolSmt	HolSmt.NEG_IFF_1_2
HolSmt	HolSmt.NEG_IFF_2_1
HolSmt	HolSmt.NEG_IFF_2_2
HolSmt	HolSmt.NNF_CONJ
HolSmt	HolSmt.NNF_DISJ
HolSmt	HolSmt.NNF_NOT_NOT
HolSmt	HolSmt.NOT_FALSE
HolSmt	HolSmt.NOT_MEM_CONS
HolSmt	HolSmt.NOT_MEM_NIL
HolSmt	HolSmt.NOT_NOT_ELIM
HolSmt	HolSmt.NOT_NOT_INTRO
HolSmt	HolSmt.NOT_P_OR_P
HolSmt	HolSmt.NOT_REVERSE
HolSmt	HolSmt.SKOLEM_EXISTS
HolSmt	HolSmt.SKOLEM_FORALL
HolSmt	HolSmt.T_AND
HolSmt	HolSmt.VALID_IFF_TRUE
HolSmt	HolSmt.d001
HolSmt	HolSmt.d002
HolSmt	HolSmt.d003
HolSmt	HolSmt.d004
HolSmt	HolSmt.d005
HolSmt	HolSmt.d006
HolSmt	HolSmt.d007
HolSmt	HolSmt.d008
HolSmt	HolSmt.d009
HolSmt	HolSmt.d010
HolSmt	HolSmt.d011
HolSmt	HolSmt.d012
HolSmt	HolSmt.d013
HolSmt	HolSmt.d014
HolSmt	HolSmt.d015
HolSmt	HolSmt.d016
HolSmt	HolSmt.d017
HolSmt	HolSmt.d018
HolSmt	HolSmt.d019
HolSmt	HolSmt.d020
HolSmt	HolSmt.d021
HolSmt	HolSmt.d022
HolSmt	HolSmt.d023
HolSmt	HolSmt.d024
HolSmt	HolSmt.d025
HolSmt	HolSmt.d026
HolSmt	HolSmt.d027
HolSmt	HolSmt.d028
HolSmt	HolSmt.i001
HolSmt	HolSmt.i002
HolSmt	HolSmt.i003
HolSmt	HolSmt.i004
HolSmt	HolSmt.int_ceiling_floor
HolSmt	HolSmt.p001
HolSmt	HolSmt.p002
HolSmt	HolSmt.p003
HolSmt	HolSmt.p004
HolSmt	HolSmt.p005
HolSmt	HolSmt.p006
HolSmt	HolSmt.p007
HolSmt	HolSmt.p008
HolSmt	HolSmt.p009
HolSmt	HolSmt.r001
HolSmt	HolSmt.r002
HolSmt	HolSmt.r003
HolSmt	HolSmt.r004
HolSmt	HolSmt.r005
HolSmt	HolSmt.r006
HolSmt	HolSmt.r007
HolSmt	HolSmt.r008
HolSmt	HolSmt.r009
HolSmt	HolSmt.r010
HolSmt	HolSmt.r011
HolSmt	HolSmt.r012
HolSmt	HolSmt.r013
HolSmt	HolSmt.r014
HolSmt	HolSmt.r015
HolSmt	HolSmt.r016
HolSmt	HolSmt.r017
HolSmt	HolSmt.r018
HolSmt	HolSmt.r019
HolSmt	HolSmt.r020
HolSmt	HolSmt.r021
HolSmt	HolSmt.r022
HolSmt	HolSmt.r023
HolSmt	HolSmt.r024
HolSmt	HolSmt.r025
HolSmt	HolSmt.r026
HolSmt	HolSmt.r027
HolSmt	HolSmt.r028
HolSmt	HolSmt.r029
HolSmt	HolSmt.r030
HolSmt	HolSmt.r031
HolSmt	HolSmt.r032
HolSmt	HolSmt.r033
HolSmt	HolSmt.r034
HolSmt	HolSmt.r035
HolSmt	HolSmt.r036
HolSmt	HolSmt.r037
HolSmt	HolSmt.r038
HolSmt	HolSmt.r039
HolSmt	HolSmt.r040
HolSmt	HolSmt.r041
HolSmt	HolSmt.r042
HolSmt	HolSmt.r043
HolSmt	HolSmt.r044
HolSmt	HolSmt.r045
HolSmt	HolSmt.r046
HolSmt	HolSmt.r047
HolSmt	HolSmt.r048
HolSmt	HolSmt.r049
HolSmt	HolSmt.r050
HolSmt	HolSmt.r051
HolSmt	HolSmt.r052
HolSmt	HolSmt.r053
HolSmt	HolSmt.r054
HolSmt	HolSmt.r055
HolSmt	HolSmt.r056
HolSmt	HolSmt.r057
HolSmt	HolSmt.r058
HolSmt	HolSmt.r059
HolSmt	HolSmt.r060
HolSmt	HolSmt.r061
HolSmt	HolSmt.r062
HolSmt	HolSmt.r063
HolSmt	HolSmt.r064
HolSmt	HolSmt.r065
HolSmt	HolSmt.r066
HolSmt	HolSmt.r067
HolSmt	HolSmt.r068
HolSmt	HolSmt.r069
HolSmt	HolSmt.r070
HolSmt	HolSmt.r071
HolSmt	HolSmt.r072
HolSmt	HolSmt.r073
HolSmt	HolSmt.r074
HolSmt	HolSmt.r075
HolSmt	HolSmt.r076
HolSmt	HolSmt.r077
HolSmt	HolSmt.r078
HolSmt	HolSmt.r079
HolSmt	HolSmt.r080
HolSmt	HolSmt.r081
HolSmt	HolSmt.r082
HolSmt	HolSmt.r083
HolSmt	HolSmt.r084
HolSmt	HolSmt.r085
HolSmt	HolSmt.r086
HolSmt	HolSmt.r087
HolSmt	HolSmt.r088
HolSmt	HolSmt.r089
HolSmt	HolSmt.r090
HolSmt	HolSmt.r091
HolSmt	HolSmt.r092
HolSmt	HolSmt.r093
HolSmt	HolSmt.r094
HolSmt	HolSmt.r095
HolSmt	HolSmt.r096
HolSmt	HolSmt.r097
HolSmt	HolSmt.r098
HolSmt	HolSmt.r099
HolSmt	HolSmt.r100
HolSmt	HolSmt.r101
HolSmt	HolSmt.r102
HolSmt	HolSmt.r103
HolSmt	HolSmt.r104
HolSmt	HolSmt.r105
HolSmt	HolSmt.r106
HolSmt	HolSmt.r107
HolSmt	HolSmt.r108
HolSmt	HolSmt.r109
HolSmt	HolSmt.r110
HolSmt	HolSmt.r111
HolSmt	HolSmt.r112
HolSmt	HolSmt.r113
HolSmt	HolSmt.r114
HolSmt	HolSmt.r115
HolSmt	HolSmt.r116
HolSmt	HolSmt.r117
HolSmt	HolSmt.r118
HolSmt	HolSmt.r119
HolSmt	HolSmt.r120
HolSmt	HolSmt.r121
HolSmt	HolSmt.r122
HolSmt	HolSmt.r123
HolSmt	HolSmt.r124
HolSmt	HolSmt.r125
HolSmt	HolSmt.r126
HolSmt	HolSmt.r127
HolSmt	HolSmt.r128
HolSmt	HolSmt.r129
HolSmt	HolSmt.r130
HolSmt	HolSmt.r131
HolSmt	HolSmt.r132
HolSmt	HolSmt.r133
HolSmt	HolSmt.r134
HolSmt	HolSmt.r135
HolSmt	HolSmt.r136
HolSmt	HolSmt.r137
HolSmt	HolSmt.r138
HolSmt	HolSmt.r139
HolSmt	HolSmt.r140
HolSmt	HolSmt.r141
HolSmt	HolSmt.r142
HolSmt	HolSmt.r143
HolSmt	HolSmt.r144
HolSmt	HolSmt.r145
HolSmt	HolSmt.r146
HolSmt	HolSmt.r147
HolSmt	HolSmt.r148
HolSmt	HolSmt.r149
HolSmt	HolSmt.r150
HolSmt	HolSmt.r151
HolSmt	HolSmt.r152
HolSmt	HolSmt.r153
HolSmt	HolSmt.r154
HolSmt	HolSmt.r155
HolSmt	HolSmt.r156
HolSmt	HolSmt.r157
HolSmt	HolSmt.r158
HolSmt	HolSmt.r159
HolSmt	HolSmt.r160
HolSmt	HolSmt.r161
HolSmt	HolSmt.r162
HolSmt	HolSmt.r163
HolSmt	HolSmt.r164
HolSmt	HolSmt.r165
HolSmt	HolSmt.r166
HolSmt	HolSmt.r167
HolSmt	HolSmt.r168
HolSmt	HolSmt.r169
HolSmt	HolSmt.r170
HolSmt	HolSmt.r171
HolSmt	HolSmt.r172
HolSmt	HolSmt.r173
HolSmt	HolSmt.r174
HolSmt	HolSmt.r175
HolSmt	HolSmt.r176
HolSmt	HolSmt.r177
HolSmt	HolSmt.r178
HolSmt	HolSmt.r179
HolSmt	HolSmt.r180
HolSmt	HolSmt.r181
HolSmt	HolSmt.r182
HolSmt	HolSmt.r183
HolSmt	HolSmt.r184
HolSmt	HolSmt.r185
HolSmt	HolSmt.r186
HolSmt	HolSmt.r187
HolSmt	HolSmt.r188
HolSmt	HolSmt.r189
HolSmt	HolSmt.r190
HolSmt	HolSmt.r191
HolSmt	HolSmt.r192
HolSmt	HolSmt.r193
HolSmt	HolSmt.r194
HolSmt	HolSmt.r195
HolSmt	HolSmt.r196
HolSmt	HolSmt.r197
HolSmt	HolSmt.r198
HolSmt	HolSmt.r199
HolSmt	HolSmt.r200
HolSmt	HolSmt.r201
HolSmt	HolSmt.r202
HolSmt	HolSmt.r203
HolSmt	HolSmt.r204
HolSmt	HolSmt.r205
HolSmt	HolSmt.r206
HolSmt	HolSmt.r207
HolSmt	HolSmt.r208
HolSmt	HolSmt.r209
HolSmt	HolSmt.r210
HolSmt	HolSmt.r211
HolSmt	HolSmt.r212
HolSmt	HolSmt.r213
HolSmt	HolSmt.r214
HolSmt	HolSmt.r215
HolSmt	HolSmt.r216
HolSmt	HolSmt.r217
HolSmt	HolSmt.r218
HolSmt	HolSmt.r219
HolSmt	HolSmt.r220
HolSmt	HolSmt.r221
HolSmt	HolSmt.r222
HolSmt	HolSmt.r223
HolSmt	HolSmt.r224
HolSmt	HolSmt.r225
HolSmt	HolSmt.r226
HolSmt	HolSmt.r227
HolSmt	HolSmt.r228
HolSmt	HolSmt.r229
HolSmt	HolSmt.r230
HolSmt	HolSmt.r231
HolSmt	HolSmt.r232
HolSmt	HolSmt.r233
HolSmt	HolSmt.r234
HolSmt	HolSmt.r235
HolSmt	HolSmt.r236
HolSmt	HolSmt.r237
HolSmt	HolSmt.r238
HolSmt	HolSmt.r239
HolSmt	HolSmt.r240
HolSmt	HolSmt.r241
HolSmt	HolSmt.r242
HolSmt	HolSmt.r243
HolSmt	HolSmt.r244
HolSmt	HolSmt.r245
HolSmt	HolSmt.r246
HolSmt	HolSmt.r247
HolSmt	HolSmt.r248
HolSmt	HolSmt.r249
HolSmt	HolSmt.r250
HolSmt	HolSmt.r251
HolSmt	HolSmt.r252
HolSmt	HolSmt.r253
HolSmt	HolSmt.r254
HolSmt	HolSmt.r255
HolSmt	HolSmt.r256
HolSmt	HolSmt.r257
HolSmt	HolSmt.r258
HolSmt	HolSmt.r259
HolSmt	HolSmt.r260
HolSmt	HolSmt.r261
HolSmt	HolSmt.real_div_smt_rdiv
HolSmt	HolSmt.t001
HolSmt	HolSmt.t002
HolSmt	HolSmt.t003
HolSmt	HolSmt.t004
HolSmt	HolSmt.t005
HolSmt	HolSmt.t006
HolSmt	HolSmt.t007
HolSmt	HolSmt.t008
HolSmt	HolSmt.t009
HolSmt	HolSmt.t010
HolSmt	HolSmt.t011
HolSmt	HolSmt.t012
HolSmt	HolSmt.t013
HolSmt	HolSmt.t014
HolSmt	HolSmt.t015
HolSmt	HolSmt.t016
HolSmt	HolSmt.t017
HolSmt	HolSmt.t018
HolSmt	HolSmt.t019
HolSmt	HolSmt.t020
HolSmt	HolSmt.t021
HolSmt	HolSmt.t022
HolSmt	HolSmt.t023
HolSmt	HolSmt.t024
HolSmt	HolSmt.t025
HolSmt	HolSmt.t026
HolSmt	HolSmt.t027
HolSmt	HolSmt.t028
HolSmt	HolSmt.t029
HolSmt	HolSmt.t030
HolSmt	HolSmt.t031
HolSmt	HolSmt.t032
HolSmt	HolSmt.t033
HolSmt	HolSmt.t034
HolSmt	HolSmt.t035
Omega	Omega.COND_EX_ELSE_THM
Omega	Omega.COND_EX_THEN_THM
Omega	Omega.COND_FA_ELSE_THM
Omega	Omega.COND_FA_THEN_THM
Omega	Omega.EVERY_SUMMAND_eq_elim
Omega	Omega.EVERY_SUMMAND_ge_elim
Omega	Omega.EVERY_SUMMAND_gt_elim
Omega	Omega.EVERY_SUMMAND_lt_elim
Omega	Omega.EVERY_SUMMAND_not_eq
Omega	Omega.EVERY_SUMMAND_not_ge
Omega	Omega.EVERY_SUMMAND_not_gt
Omega	Omega.EVERY_SUMMAND_not_le
Omega	Omega.EVERY_SUMMAND_not_lt
Omega	Omega.EX_REFL
Omega	Omega.FLIP_COND
Omega	Omega.MAP2_def
Omega	Omega.MAP2_ind
Omega	Omega.MAP2_zero_ADD
Omega	Omega.SYM_ADD_ASSOC
Omega	Omega.SYM_EQ_NEG
Omega	Omega.SYM_MULT_LEFT_1
Omega	Omega.SYM_MUL_LID
Omega	Omega.SYM_NEG_LMUL
Omega	Omega.SYM_NEG_RMUL
Omega	Omega.SYM_RDISTRIB
Omega	Omega.alternative_equivalence
Omega	Omega.basic_shadow_equivalence
Omega	Omega.beq
Omega	Omega.bigger_satisfies_lowers
Omega	Omega.calc_nightmare_def
Omega	Omega.calc_nightmare_ind
Omega	Omega.calculational_nightmare
Omega	Omega.dark_implies_real
Omega	Omega.dark_shadow_FORALL
Omega	Omega.dark_shadow_cond_row_def
Omega	Omega.dark_shadow_cond_row_ind
Omega	Omega.dark_shadow_condition_def
Omega	Omega.dark_shadow_condition_ind
Omega	Omega.dark_shadow_def
Omega	Omega.dark_shadow_ind
Omega	Omega.dark_shadow_row_def
Omega	Omega.dark_shadow_row_ind
Omega	Omega.darkrow_implies_realrow
Omega	Omega.equality_removal
Omega	Omega.eval_base
Omega	Omega.eval_step_extra1
Omega	Omega.eval_step_extra2
Omega	Omega.eval_step_extra3
Omega	Omega.eval_step_extra4
Omega	Omega.eval_step_lower1
Omega	Omega.eval_step_lower2
Omega	Omega.eval_step_upper1
Omega	Omega.eval_step_upper2
Omega	Omega.evallower_FORALL
Omega	Omega.evallower_def
Omega	Omega.evallower_ind
Omega	Omega.evalupper_FORALL
Omega	Omega.evalupper_def
Omega	Omega.evalupper_ind
Omega	Omega.exact_shadow_case
Omega	Omega.final_equivalence
Omega	Omega.front_put_thm
Omega	Omega.nightmare_EXISTS
Omega	Omega.nightmare_def
Omega	Omega.nightmare_implies_LHS
Omega	Omega.nightmare_ind
Omega	Omega.nonrefl_case
Omega	Omega.not_beq
Omega	Omega.onlylowers_satisfiable
Omega	Omega.onlyuppers_satisfiable
Omega	Omega.real_shadow_FORALL
Omega	Omega.real_shadow_always_implied
Omega	Omega.real_shadow_revimp_lowers1
Omega	Omega.real_shadow_revimp_uppers1
Omega	Omega.refl_case
Omega	Omega.rshadow_row_def
Omega	Omega.rshadow_row_ind
Omega	Omega.singleton_real_shadow
Omega	Omega.smaller_satisfies_uppers
Omega	Omega.sumc_ADD
Omega	Omega.sumc_MULT
Omega	Omega.sumc_def
Omega	Omega.sumc_ind
Omega	Omega.sumc_nonsingle
Omega	Omega.sumc_singleton
Omega	Omega.sumc_thm
SGAUnicodeMergeB	SGAUnicodeMergeB.thm1
SGAUnicodeMergeB	SGAUnicodeMergeB.thm2
While	While.FULL_LEAST_INTRO
While	While.ITERATION
While	While.LEAST_ELIM
While	While.LEAST_EQ
While	While.LEAST_EXISTS
While	While.LEAST_EXISTS_IMP
While	While.LEAST_INTRO
While	While.LEAST_LESS_EQ
While	While.LEAST_T
While	While.LESS_LEAST
While	While.OLEAST_EQNS
While	While.OLEAST_EQ_NONE
While	While.OLEAST_EQ_SOME
While	While.OLEAST_INTRO
While	While.OWHILE_ENDCOND
While	While.OWHILE_EQ_NONE
While	While.OWHILE_IND
While	While.OWHILE_INV_IND
While	While.OWHILE_THM
While	While.OWHILE_WHILE
While	While.TAILREC_GUARD_ELIMINATION
While	While.TAILREC_GUARD_ELIMINATION_SIMPLER
While	While.TAILREC_TAILCALL
While	While.WHILE_FUNPOW
While	While.WHILE_INDUCTION
While	While.WHILE_RULE
addDB	addDB.foo_thm
addMLdep1	addMLdep1.thm
addMLdep2	addMLdep2.thm2
alignment	alignment.MOD_0_aligned
alignment	alignment.align_0
alignment	alignment.align_add_aligned
alignment	alignment.align_add_aligned_gen
alignment	alignment.align_align
alignment	alignment.align_align_MAX
alignment	alignment.align_aligned
alignment	alignment.align_bitwise_and
alignment	alignment.align_lo
alignment	alignment.align_ls
alignment	alignment.align_shift
alignment	alignment.align_sub
alignment	alignment.align_w2n
alignment	alignment.aligned_0
alignment	alignment.aligned_1_lsb
alignment	alignment.aligned_add_pow
alignment	alignment.aligned_add_sub
alignment	alignment.aligned_add_sub_123
alignment	alignment.aligned_add_sub_cor
alignment	alignment.aligned_add_sub_prod
alignment	alignment.aligned_align
alignment	alignment.aligned_between
alignment	alignment.aligned_bit_count_upto
alignment	alignment.aligned_bitwise_and
alignment	alignment.aligned_extract
alignment	alignment.aligned_ge_dim
alignment	alignment.aligned_imp
alignment	alignment.aligned_lsl
alignment	alignment.aligned_lsl_leq
alignment	alignment.aligned_mul_shift_1
alignment	alignment.aligned_numeric
alignment	alignment.aligned_or
alignment	alignment.aligned_pow2
alignment	alignment.aligned_w2n
alignment	alignment.byte_align_aligned
alignment	alignment.byte_aligned_add
alignment	alignment.lt_align_eq_0
alignment	alignment.pow2_eq_0
alignment	alignment.word_msb_align
alist	alist.ADELKEY_AFUPDKEY
alist	alist.ADELKEY_AFUPDKEY_same
alist	alist.ADELKEY_unchanged
alist	alist.AFUPDKEY_ALOOKUP
alist	alist.AFUPDKEY_I
alist	alist.AFUPDKEY_comm
alist	alist.AFUPDKEY_def
alist	alist.AFUPDKEY_eq
alist	alist.AFUPDKEY_ind
alist	alist.AFUPDKEY_o
alist	alist.AFUPDKEY_unchanged
alist	alist.ALL_DISTINCT_FEVERY_alist_to_fmap
alist	alist.ALL_DISTINCT_fmap_to_alist_keys
alist	alist.ALOOKUP_ADELKEY
alist	alist.ALOOKUP_ALL_DISTINCT_EL
alist	alist.ALOOKUP_ALL_DISTINCT_MEM
alist	alist.ALOOKUP_ALL_DISTINCT_PERM_same
alist	alist.ALOOKUP_APPEND
alist	alist.ALOOKUP_APPEND_same
alist	alist.ALOOKUP_EQ_FLOOKUP
alist	alist.ALOOKUP_FAILS
alist	alist.ALOOKUP_FILTER
alist	alist.ALOOKUP_IN_FRANGE
alist	alist.ALOOKUP_LEAST_EL
alist	alist.ALOOKUP_MAP
alist	alist.ALOOKUP_MAP_2
alist	alist.ALOOKUP_MEM
alist	alist.ALOOKUP_NONE
alist	alist.ALOOKUP_SOME_FAPPLY_alist_to_fmap
alist	alist.ALOOKUP_TABULATE
alist	alist.ALOOKUP_ZIP_MAP_SND
alist	alist.ALOOKUP_def
alist	alist.ALOOKUP_ind
alist	alist.ALOOKUP_prefix
alist	alist.FDOM_alist_to_fmap
alist	alist.FEVERY_alist_to_fmap
alist	alist.FLOOKUP_FUPDATE_LIST
alist	alist.FLOOKUP_FUPDATE_LIST_ALOOKUP_NONE
alist	alist.FLOOKUP_FUPDATE_LIST_ALOOKUP_SOME
alist	alist.FRANGE_alist_to_fmap_SUBSET
alist	alist.FUNION_alist_to_fmap
alist	alist.FUPDATE_LIST_EQ_APPEND_REVERSE
alist	alist.IN_FRANGE_alist_to_fmap_suff
alist	alist.LENGTH_AFUPDKEY
alist	alist.LENGTH_fmap_to_alist
alist	alist.MAP_FST_AFUPDKEY
alist	alist.MAP_KEYS_I
alist	alist.MAP_values_fmap_to_alist
alist	alist.MEM_ADELKEY
alist	alist.MEM_fmap_to_alist
alist	alist.MEM_fmap_to_alist_FLOOKUP
alist	alist.MEM_pair_fmap_to_alist_FLOOKUP
alist	alist.PERM_fmap_to_alist
alist	alist.alist_to_fmap_APPEND
alist	alist.alist_to_fmap_FAPPLY_MEM
alist	alist.alist_to_fmap_MAP
alist	alist.alist_to_fmap_MAP_matchable
alist	alist.alist_to_fmap_MAP_values
alist	alist.alist_to_fmap_PERM
alist	alist.alist_to_fmap_prefix
alist	alist.alist_to_fmap_thm
alist	alist.alist_to_fmap_to_alist
alist	alist.alist_to_fmap_to_alist_PERM
alist	alist.alookup_distinct_reverse
alist	alist.alookup_filter
alist	alist.alookup_stable_sorted
alist	alist.flookup_fupdate_list
alist	alist.fmap_to_alist_FEMPTY
alist	alist.fmap_to_alist_inj
alist	alist.fmap_to_alist_preserves_FDOM
alist	alist.fmap_to_alist_to_fmap
alist	alist.fupdate_list_funion
alist	alist.mem_to_flookup
alist	alist.set_MAP_FST_fmap_to_alist
alist_tree	alist_tree.DISJ_EQ_IMP
alist_tree	alist_tree.HD_APPEND
alist_tree	alist_tree.HD_MAP
alist_tree	alist_tree.HD_MEM
alist_tree	alist_tree.LAST_APPEND
alist_tree	alist_tree.alist_repr_choice_trans_left
alist_tree	alist_tree.alist_repr_refl
alist_tree	alist_tree.alookup_append_option_choice_f
alist_tree	alist_tree.alookup_empty_option_choice_f
alist_tree	alist_tree.alookup_to_option_choice
alist_tree	alist_tree.balance_l
alist_tree	alist_tree.balance_r
alist_tree	alist_tree.count_append_HD_LAST
alist_tree	alist_tree.empty_is_ALOOKUP
alist_tree	alist_tree.insert_fl_R
alist_tree	alist_tree.insert_fl_R_append
alist_tree	alist_tree.is_insert_centre
alist_tree	alist_tree.is_insert_centre_rule
alist_tree	alist_tree.is_insert_far_left
alist_tree	alist_tree.is_insert_far_right
alist_tree	alist_tree.is_insert_l
alist_tree	alist_tree.is_insert_overwrite
alist_tree	alist_tree.is_insert_r
alist_tree	alist_tree.is_insert_to_empty
alist_tree	alist_tree.is_lookup_centre
alist_tree	alist_tree.is_lookup_empty
alist_tree	alist_tree.is_lookup_far_left
alist_tree	alist_tree.is_lookup_far_right
alist_tree	alist_tree.is_lookup_hit
alist_tree	alist_tree.is_lookup_l
alist_tree	alist_tree.is_lookup_r
alist_tree	alist_tree.lookup_repr
alist_tree	alist_tree.option_choice_f_assoc
alist_tree	alist_tree.repr_insert
alist_tree	alist_tree.set_count
alist_tree	alist_tree.sorted_fst_insert_centre
arithmetic	arithmetic.ABS_DIFF_ADD_SAME
arithmetic	arithmetic.ABS_DIFF_COMM
arithmetic	arithmetic.ABS_DIFF_EQS
arithmetic	arithmetic.ABS_DIFF_EQ_0
arithmetic	arithmetic.ABS_DIFF_LE_SUM
arithmetic	arithmetic.ABS_DIFF_PLUS_LE
arithmetic	arithmetic.ABS_DIFF_SUC
arithmetic	arithmetic.ABS_DIFF_SUC_LE
arithmetic	arithmetic.ABS_DIFF_SUMS
arithmetic	arithmetic.ABS_DIFF_SYM
arithmetic	arithmetic.ABS_DIFF_TRIANGLE
arithmetic	arithmetic.ABS_DIFF_TRIANGLE_lem
arithmetic	arithmetic.ABS_DIFF_ZERO
arithmetic	arithmetic.ADD1
arithmetic	arithmetic.ADD_0
arithmetic	arithmetic.ADD_ASSOC
arithmetic	arithmetic.ADD_CLAUSES
arithmetic	arithmetic.ADD_COMM
arithmetic	arithmetic.ADD_DIV_ADD_DIV
arithmetic	arithmetic.ADD_DIV_RWT
arithmetic	arithmetic.ADD_EQ_0
arithmetic	arithmetic.ADD_EQ_1
arithmetic	arithmetic.ADD_EQ_SUB
arithmetic	arithmetic.ADD_INV_0
arithmetic	arithmetic.ADD_INV_0_EQ
arithmetic	arithmetic.ADD_MOD
arithmetic	arithmetic.ADD_MODULUS
arithmetic	arithmetic.ADD_MODULUS_LEFT
arithmetic	arithmetic.ADD_MODULUS_RIGHT
arithmetic	arithmetic.ADD_MONO_LESS_EQ
arithmetic	arithmetic.ADD_SUB
arithmetic	arithmetic.ADD_SUB2
arithmetic	arithmetic.ADD_SUC
arithmetic	arithmetic.ADD_SYM
arithmetic	arithmetic.BOUNDED_EXISTS_THM
arithmetic	arithmetic.BOUNDED_FORALL_THM
arithmetic	arithmetic.CANCEL_SUB
arithmetic	arithmetic.CEILING_DIV
arithmetic	arithmetic.CEILING_DIV_LE_X
arithmetic	arithmetic.CEILING_DIV_MOD
arithmetic	arithmetic.CEILING_DIV_def
arithmetic	arithmetic.CEILING_MOD_def
arithmetic	arithmetic.COMPLETE_INDUCTION
arithmetic	arithmetic.DA
arithmetic	arithmetic.DIV2_DOUBLE
arithmetic	arithmetic.DIVISION
arithmetic	arithmetic.DIVMOD_CALC
arithmetic	arithmetic.DIVMOD_CORRECT
arithmetic	arithmetic.DIVMOD_ELIM_THM
arithmetic	arithmetic.DIVMOD_ELIM_THM'
arithmetic	arithmetic.DIVMOD_ID
arithmetic	arithmetic.DIVMOD_THM
arithmetic	arithmetic.DIVMOD_UNIQ
arithmetic	arithmetic.DIV_0
arithmetic	arithmetic.DIV_0_IMP_LT
arithmetic	arithmetic.DIV_1
arithmetic	arithmetic.DIV_DIV_DIV_MULT
arithmetic	arithmetic.DIV_EQ_0
arithmetic	arithmetic.DIV_EQ_X
arithmetic	arithmetic.DIV_ID
arithmetic	arithmetic.DIV_LESS
arithmetic	arithmetic.DIV_LESS_EQ
arithmetic	arithmetic.DIV_LE_MONOTONE
arithmetic	arithmetic.DIV_LE_X
arithmetic	arithmetic.DIV_LT_X
arithmetic	arithmetic.DIV_MOD_MOD_DIV
arithmetic	arithmetic.DIV_MULT
arithmetic	arithmetic.DIV_NUMERAL_THM
arithmetic	arithmetic.DIV_ONE
arithmetic	arithmetic.DIV_P
arithmetic	arithmetic.DIV_P_UNIV
arithmetic	arithmetic.DIV_SUB
arithmetic	arithmetic.DIV_UNIQUE
arithmetic	arithmetic.DOUBLE_LT
arithmetic	arithmetic.EQ_ADD_LCANCEL
arithmetic	arithmetic.EQ_ADD_RCANCEL
arithmetic	arithmetic.EQ_LESS_EQ
arithmetic	arithmetic.EQ_MONO_ADD_EQ
arithmetic	arithmetic.EQ_MULT_LCANCEL
arithmetic	arithmetic.EQ_MULT_RCANCEL
arithmetic	arithmetic.EVEN_ADD
arithmetic	arithmetic.EVEN_AND_ODD
arithmetic	arithmetic.EVEN_DIV_2
arithmetic	arithmetic.EVEN_DOUBLE
arithmetic	arithmetic.EVEN_EXISTS
arithmetic	arithmetic.EVEN_EXP
arithmetic	arithmetic.EVEN_EXP_IFF
arithmetic	arithmetic.EVEN_MOD2
arithmetic	arithmetic.EVEN_MULT
arithmetic	arithmetic.EVEN_ODD
arithmetic	arithmetic.EVEN_ODD_EXISTS
arithmetic	arithmetic.EVEN_OR_ODD
arithmetic	arithmetic.EVEN_SUB
arithmetic	arithmetic.EXISTS_GREATEST
arithmetic	arithmetic.EXISTS_NUM
arithmetic	arithmetic.EXP0
arithmetic	arithmetic.EXP2_LT
arithmetic	arithmetic.EXP_0
arithmetic	arithmetic.EXP_1
arithmetic	arithmetic.EXP_2
arithmetic	arithmetic.EXP_ADD
arithmetic	arithmetic.EXP_ALWAYS_BIG_ENOUGH
arithmetic	arithmetic.EXP_BASE_INJECTIVE
arithmetic	arithmetic.EXP_BASE_LEQ_MONO_IMP
arithmetic	arithmetic.EXP_BASE_LEQ_MONO_SUC_IMP
arithmetic	arithmetic.EXP_BASE_LE_IFF
arithmetic	arithmetic.EXP_BASE_LE_MONO
arithmetic	arithmetic.EXP_BASE_LT_MONO
arithmetic	arithmetic.EXP_BASE_MULT
arithmetic	arithmetic.EXP_EQ_0
arithmetic	arithmetic.EXP_EQ_1
arithmetic	arithmetic.EXP_EQ_BASE
arithmetic	arithmetic.EXP_EXP_INJECTIVE
arithmetic	arithmetic.EXP_EXP_LE_MONO
arithmetic	arithmetic.EXP_EXP_LT_MONO
arithmetic	arithmetic.EXP_EXP_MULT
arithmetic	arithmetic.EXP_LE_1
arithmetic	arithmetic.EXP_LT_1
arithmetic	arithmetic.EXP_MOD
arithmetic	arithmetic.EXP_NONZERO
arithmetic	arithmetic.EXP_POS
arithmetic	arithmetic.EXP_SUB
arithmetic	arithmetic.EXP_SUB_NUMERAL
arithmetic	arithmetic.FACT_GE_1
arithmetic	arithmetic.FACT_LESS
arithmetic	arithmetic.FACT_iff
arithmetic	arithmetic.FORALL_NUM
arithmetic	arithmetic.FORALL_NUM_THM
arithmetic	arithmetic.FUNPOW_0
arithmetic	arithmetic.FUNPOW_1
arithmetic	arithmetic.FUNPOW_2
arithmetic	arithmetic.FUNPOW_ADD
arithmetic	arithmetic.FUNPOW_COMM
arithmetic	arithmetic.FUNPOW_CONG
arithmetic	arithmetic.FUNPOW_K
arithmetic	arithmetic.FUNPOW_SUC
arithmetic	arithmetic.FUNPOW_invariant
arithmetic	arithmetic.FUNPOW_invariant_index
arithmetic	arithmetic.GE
arithmetic	arithmetic.GREATER_EQ
arithmetic	arithmetic.INV_PRE_EQ
arithmetic	arithmetic.INV_PRE_LESS
arithmetic	arithmetic.INV_PRE_LESS_EQ
arithmetic	arithmetic.LE
arithmetic	arithmetic.LEFT_ADD_DISTRIB
arithmetic	arithmetic.LEFT_SUB_DISTRIB
arithmetic	arithmetic.LESS_0_CASES
arithmetic	arithmetic.LESS_ADD
arithmetic	arithmetic.LESS_ADD_1
arithmetic	arithmetic.LESS_ADD_NONZERO
arithmetic	arithmetic.LESS_ADD_SUC
arithmetic	arithmetic.LESS_ANTISYM
arithmetic	arithmetic.LESS_CASES
arithmetic	arithmetic.LESS_CASES_IMP
arithmetic	arithmetic.LESS_DIV_EQ_ZERO
arithmetic	arithmetic.LESS_EQ
arithmetic	arithmetic.LESS_EQUAL_ADD
arithmetic	arithmetic.LESS_EQUAL_ANTISYM
arithmetic	arithmetic.LESS_EQUAL_DIFF
arithmetic	arithmetic.LESS_EQ_0
arithmetic	arithmetic.LESS_EQ_ADD
arithmetic	arithmetic.LESS_EQ_ADD_EXISTS
arithmetic	arithmetic.LESS_EQ_ADD_SUB
arithmetic	arithmetic.LESS_EQ_ANTISYM
arithmetic	arithmetic.LESS_EQ_CASES
arithmetic	arithmetic.LESS_EQ_EXISTS
arithmetic	arithmetic.LESS_EQ_IFF_LESS_SUC
arithmetic	arithmetic.LESS_EQ_IMP_LESS_SUC
arithmetic	arithmetic.LESS_EQ_LESS_EQ_MONO
arithmetic	arithmetic.LESS_EQ_LESS_TRANS
arithmetic	arithmetic.LESS_EQ_MONO
arithmetic	arithmetic.LESS_EQ_MONO_ADD_EQ
arithmetic	arithmetic.LESS_EQ_REFL
arithmetic	arithmetic.LESS_EQ_SUB_LESS
arithmetic	arithmetic.LESS_EQ_SUC_REFL
arithmetic	arithmetic.LESS_EQ_TRANS
arithmetic	arithmetic.LESS_EXP_SUC_MONO
arithmetic	arithmetic.LESS_IMP_LESS_ADD
arithmetic	arithmetic.LESS_IMP_LESS_OR_EQ
arithmetic	arithmetic.LESS_LESS_CASES
arithmetic	arithmetic.LESS_LESS_EQ_TRANS
arithmetic	arithmetic.LESS_LESS_SUC
arithmetic	arithmetic.LESS_MOD
arithmetic	arithmetic.LESS_MONO_ADD
arithmetic	arithmetic.LESS_MONO_ADD_EQ
arithmetic	arithmetic.LESS_MONO_ADD_INV
arithmetic	arithmetic.LESS_MONO_EQ
arithmetic	arithmetic.LESS_MONO_MULT
arithmetic	arithmetic.LESS_MONO_MULT2
arithmetic	arithmetic.LESS_MONO_REV
arithmetic	arithmetic.LESS_MULT2
arithmetic	arithmetic.LESS_MULT_MONO
arithmetic	arithmetic.LESS_NOT_SUC
arithmetic	arithmetic.LESS_OR
arithmetic	arithmetic.LESS_OR_EQ_ADD
arithmetic	arithmetic.LESS_OR_EQ_ALT
arithmetic	arithmetic.LESS_STRONG_ADD
arithmetic	arithmetic.LESS_SUB_ADD_LESS
arithmetic	arithmetic.LESS_SUC_EQ_COR
arithmetic	arithmetic.LESS_SUC_NOT
arithmetic	arithmetic.LESS_TRANS
arithmetic	arithmetic.LET_ANTISYM
arithmetic	arithmetic.LET_TRANS
arithmetic	arithmetic.LE_0
arithmetic	arithmetic.LE_ADD
arithmetic	arithmetic.LE_ADD_LCANCEL
arithmetic	arithmetic.LE_ADD_RCANCEL
arithmetic	arithmetic.LE_ANTISYM
arithmetic	arithmetic.LE_CASES
arithmetic	arithmetic.LE_EXISTS
arithmetic	arithmetic.LE_LT
arithmetic	arithmetic.LE_LT1
arithmetic	arithmetic.LE_MULT_CANCEL_LBARE
arithmetic	arithmetic.LE_MULT_CANCEL_RBARE
arithmetic	arithmetic.LE_MULT_CEILING_DIV
arithmetic	arithmetic.LE_MULT_LCANCEL
arithmetic	arithmetic.LE_MULT_RCANCEL
arithmetic	arithmetic.LE_REFL
arithmetic	arithmetic.LE_SUB_LCANCEL
arithmetic	arithmetic.LE_SUB_RCANCEL
arithmetic	arithmetic.LE_TRANS
arithmetic	arithmetic.LT
arithmetic	arithmetic.LT1_EQ0
arithmetic	arithmetic.LTE_ANTISYM
arithmetic	arithmetic.LTE_CASES
arithmetic	arithmetic.LTE_TRANS
arithmetic	arithmetic.LT_ADD_LCANCEL
arithmetic	arithmetic.LT_ADD_RCANCEL
arithmetic	arithmetic.LT_CASES
arithmetic	arithmetic.LT_EXISTS
arithmetic	arithmetic.LT_IMP_LE
arithmetic	arithmetic.LT_LE
arithmetic	arithmetic.LT_MULT_CANCEL_LBARE
arithmetic	arithmetic.LT_MULT_CANCEL_RBARE
arithmetic	arithmetic.LT_MULT_LCANCEL
arithmetic	arithmetic.LT_MULT_RCANCEL
arithmetic	arithmetic.LT_SUB_LCANCEL
arithmetic	arithmetic.LT_SUB_RCANCEL
arithmetic	arithmetic.LT_SUC
arithmetic	arithmetic.LT_SUC_LE
arithmetic	arithmetic.MAX_0
arithmetic	arithmetic.MAX_ALT
arithmetic	arithmetic.MAX_ASSOC
arithmetic	arithmetic.MAX_CASES
arithmetic	arithmetic.MAX_COMM
arithmetic	arithmetic.MAX_EQ_0
arithmetic	arithmetic.MAX_EQ_GE
arithmetic	arithmetic.MAX_IDEM
arithmetic	arithmetic.MAX_LE
arithmetic	arithmetic.MAX_LT
arithmetic	arithmetic.MIN_0
arithmetic	arithmetic.MIN_ALT
arithmetic	arithmetic.MIN_ASSOC
arithmetic	arithmetic.MIN_CASES
arithmetic	arithmetic.MIN_COMM
arithmetic	arithmetic.MIN_EQ_0
arithmetic	arithmetic.MIN_EQ_LE
arithmetic	arithmetic.MIN_IDEM
arithmetic	arithmetic.MIN_LE
arithmetic	arithmetic.MIN_LT
arithmetic	arithmetic.MIN_MAX_EQ
arithmetic	arithmetic.MIN_MAX_LE
arithmetic	arithmetic.MIN_MAX_LT
arithmetic	arithmetic.MIN_MAX_PRED
arithmetic	arithmetic.MODEQ_0
arithmetic	arithmetic.MODEQ_0_CONG
arithmetic	arithmetic.MODEQ_EXP_CONG
arithmetic	arithmetic.MODEQ_INTRO_CONG
arithmetic	arithmetic.MODEQ_MOD
arithmetic	arithmetic.MODEQ_MULT_CONG
arithmetic	arithmetic.MODEQ_NONZERO_MODEQUALITY
arithmetic	arithmetic.MODEQ_NUMERAL
arithmetic	arithmetic.MODEQ_PLUS_CONG
arithmetic	arithmetic.MODEQ_REFL
arithmetic	arithmetic.MODEQ_SUC_CONG
arithmetic	arithmetic.MODEQ_SYM
arithmetic	arithmetic.MODEQ_THM
arithmetic	arithmetic.MODEQ_TRANS
arithmetic	arithmetic.MOD_0
arithmetic	arithmetic.MOD_1
arithmetic	arithmetic.MOD_2
arithmetic	arithmetic.MOD_ADD_ASSOC
arithmetic	arithmetic.MOD_ADD_INV
arithmetic	arithmetic.MOD_COMMON_FACTOR
arithmetic	arithmetic.MOD_DIV_SAME
arithmetic	arithmetic.MOD_ELIM
arithmetic	arithmetic.MOD_EQN
arithmetic	arithmetic.MOD_EQ_0
arithmetic	arithmetic.MOD_EQ_0_DIVISOR
arithmetic	arithmetic.MOD_EQ_0_IFF
arithmetic	arithmetic.MOD_EXP
arithmetic	arithmetic.MOD_ID
arithmetic	arithmetic.MOD_LESS
arithmetic	arithmetic.MOD_LESS_EQ
arithmetic	arithmetic.MOD_LIFT_PLUS
arithmetic	arithmetic.MOD_LIFT_PLUS_IFF
arithmetic	arithmetic.MOD_MOD
arithmetic	arithmetic.MOD_MOD_LESS_EQ
arithmetic	arithmetic.MOD_MULT
arithmetic	arithmetic.MOD_MULTIPLE_ZERO
arithmetic	arithmetic.MOD_MULT_ASSOC
arithmetic	arithmetic.MOD_MULT_MOD
arithmetic	arithmetic.MOD_ONE
arithmetic	arithmetic.MOD_P
arithmetic	arithmetic.MOD_PLUS
arithmetic	arithmetic.MOD_PLUS3
arithmetic	arithmetic.MOD_P_UNIV
arithmetic	arithmetic.MOD_SUB
arithmetic	arithmetic.MOD_SUC
arithmetic	arithmetic.MOD_SUC_IFF
arithmetic	arithmetic.MOD_TIMES
arithmetic	arithmetic.MOD_TIMES2
arithmetic	arithmetic.MOD_TIMES_SUB
arithmetic	arithmetic.MOD_UNIQUE
arithmetic	arithmetic.MULT_0
arithmetic	arithmetic.MULT_ASSOC
arithmetic	arithmetic.MULT_ASSOC_COMM
arithmetic	arithmetic.MULT_CLAUSES
arithmetic	arithmetic.MULT_COMM
arithmetic	arithmetic.MULT_COMM_ASSOC
arithmetic	arithmetic.MULT_DIV
arithmetic	arithmetic.MULT_DIV_2
arithmetic	arithmetic.MULT_EQ_0
arithmetic	arithmetic.MULT_EQ_1
arithmetic	arithmetic.MULT_EQ_DIV
arithmetic	arithmetic.MULT_EQ_ID
arithmetic	arithmetic.MULT_EQ_SELF
arithmetic	arithmetic.MULT_EXP_MONO
arithmetic	arithmetic.MULT_INCREASES
arithmetic	arithmetic.MULT_LEFT_1
arithmetic	arithmetic.MULT_LEFT_CANCEL
arithmetic	arithmetic.MULT_LEFT_ID
arithmetic	arithmetic.MULT_LESS_EQ_SUC
arithmetic	arithmetic.MULT_MONO_EQ
arithmetic	arithmetic.MULT_POS
arithmetic	arithmetic.MULT_RIGHT_1
arithmetic	arithmetic.MULT_RIGHT_CANCEL
arithmetic	arithmetic.MULT_RIGHT_ID
arithmetic	arithmetic.MULT_SUC
arithmetic	arithmetic.MULT_SUC_EQ
arithmetic	arithmetic.MULT_SYM
arithmetic	arithmetic.MULT_TO_DIV
arithmetic	arithmetic.NORM_0
arithmetic	arithmetic.NOT_EXP_0
arithmetic	arithmetic.NOT_GREATER
arithmetic	arithmetic.NOT_GREATER_EQ
arithmetic	arithmetic.NOT_LE
arithmetic	arithmetic.NOT_LEQ
arithmetic	arithmetic.NOT_LESS
arithmetic	arithmetic.NOT_LESS_EQUAL
arithmetic	arithmetic.NOT_LT
arithmetic	arithmetic.NOT_LT_ZERO_EQ_ZERO
arithmetic	arithmetic.NOT_NUM_EQ
arithmetic	arithmetic.NOT_ODD_EQ_EVEN
arithmetic	arithmetic.NOT_STRICTLY_DECREASING
arithmetic	arithmetic.NOT_SUC_ADD_LESS_EQ
arithmetic	arithmetic.NOT_SUC_LESS_EQ
arithmetic	arithmetic.NOT_SUC_LESS_EQ_0
arithmetic	arithmetic.NOT_ZERO
arithmetic	arithmetic.NOT_ZERO_LT_ZERO
arithmetic	arithmetic.NRC_0
arithmetic	arithmetic.NRC_1
arithmetic	arithmetic.NRC_ADD_E
arithmetic	arithmetic.NRC_ADD_EQN
arithmetic	arithmetic.NRC_ADD_I
arithmetic	arithmetic.NRC_RTC
arithmetic	arithmetic.NRC_SUC_RECURSE_LEFT
arithmetic	arithmetic.NUMERAL_MULT_EQ_DIV
arithmetic	arithmetic.NUM_EXP_ADD
arithmetic	arithmetic.ODD_ADD
arithmetic	arithmetic.ODD_DOUBLE
arithmetic	arithmetic.ODD_EVEN
arithmetic	arithmetic.ODD_EXISTS
arithmetic	arithmetic.ODD_EXP
arithmetic	arithmetic.ODD_EXP_IFF
arithmetic	arithmetic.ODD_MULT
arithmetic	arithmetic.ODD_OR_EVEN
arithmetic	arithmetic.ODD_POS
arithmetic	arithmetic.ODD_SUB
arithmetic	arithmetic.ODD_bool_to_bit
arithmetic	arithmetic.ONE
arithmetic	arithmetic.ONE_LE_EXP
arithmetic	arithmetic.ONE_LT_EXP
arithmetic	arithmetic.ONE_LT_MULT
arithmetic	arithmetic.ONE_LT_MULT_IMP
arithmetic	arithmetic.ONE_MOD
arithmetic	arithmetic.ONE_MOD_IFF
arithmetic	arithmetic.ONE_ONE_INV_IMAGE_BOUNDED
arithmetic	arithmetic.ONE_ONE_UNBOUNDED
arithmetic	arithmetic.OR_LESS
arithmetic	arithmetic.PRE_ELIM_THM
arithmetic	arithmetic.PRE_ELIM_THM'
arithmetic	arithmetic.PRE_ELIM_THM_EXISTS
arithmetic	arithmetic.PRE_LESS_EQ
arithmetic	arithmetic.PRE_SUB
arithmetic	arithmetic.PRE_SUB1
arithmetic	arithmetic.PRE_SUC_EQ
arithmetic	arithmetic.RIGHT_ADD_DISTRIB
arithmetic	arithmetic.RIGHT_SUB_DISTRIB
arithmetic	arithmetic.RTC_NRC
arithmetic	arithmetic.RTC_eq_NRC
arithmetic	arithmetic.STRICTLY_INCREASING_ONE_ONE
arithmetic	arithmetic.STRICTLY_INCREASING_TC
arithmetic	arithmetic.STRICTLY_INCREASING_UNBOUNDED
arithmetic	arithmetic.SUB_0
arithmetic	arithmetic.SUB_ADD
arithmetic	arithmetic.SUB_CANCEL
arithmetic	arithmetic.SUB_ELIM_THM
arithmetic	arithmetic.SUB_ELIM_THM'
arithmetic	arithmetic.SUB_ELIM_THM_EXISTS
arithmetic	arithmetic.SUB_ELIM_THM_EXISTS'
arithmetic	arithmetic.SUB_EQUAL_0
arithmetic	arithmetic.SUB_EQ_0
arithmetic	arithmetic.SUB_EQ_EQ_0
arithmetic	arithmetic.SUB_LEFT_ADD
arithmetic	arithmetic.SUB_LEFT_EQ
arithmetic	arithmetic.SUB_LEFT_GREATER
arithmetic	arithmetic.SUB_LEFT_GREATER_EQ
arithmetic	arithmetic.SUB_LEFT_LESS
arithmetic	arithmetic.SUB_LEFT_LESS_EQ
arithmetic	arithmetic.SUB_LEFT_SUB
arithmetic	arithmetic.SUB_LEFT_SUC
arithmetic	arithmetic.SUB_LESS
arithmetic	arithmetic.SUB_LESS_0
arithmetic	arithmetic.SUB_LESS_EQ
arithmetic	arithmetic.SUB_LESS_EQ_ADD
arithmetic	arithmetic.SUB_LESS_OR
arithmetic	arithmetic.SUB_LESS_OR_EQ
arithmetic	arithmetic.SUB_LESS_SUC
arithmetic	arithmetic.SUB_MOD
arithmetic	arithmetic.SUB_MONO_EQ
arithmetic	arithmetic.SUB_PLUS
arithmetic	arithmetic.SUB_RIGHT_ADD
arithmetic	arithmetic.SUB_RIGHT_EQ
arithmetic	arithmetic.SUB_RIGHT_GREATER
arithmetic	arithmetic.SUB_RIGHT_GREATER_EQ
arithmetic	arithmetic.SUB_RIGHT_LESS
arithmetic	arithmetic.SUB_RIGHT_LESS_EQ
arithmetic	arithmetic.SUB_RIGHT_SUB
arithmetic	arithmetic.SUB_SUB
arithmetic	arithmetic.SUC_ADD_SYM
arithmetic	arithmetic.SUC_ELIM_NUMERALS
arithmetic	arithmetic.SUC_ELIM_THM
arithmetic	arithmetic.SUC_LT
arithmetic	arithmetic.SUC_MINUS_NUMERAL
arithmetic	arithmetic.SUC_MOD
arithmetic	arithmetic.SUC_NOT
arithmetic	arithmetic.SUC_NOT_ZERO
arithmetic	arithmetic.SUC_ONE_ADD
arithmetic	arithmetic.SUC_POS
arithmetic	arithmetic.SUC_PRE
arithmetic	arithmetic.SUC_SUB
arithmetic	arithmetic.SUC_SUB1
arithmetic	arithmetic.SUM_SQUARED
arithmetic	arithmetic.TC_eq_NRC
arithmetic	arithmetic.TIMES2
arithmetic	arithmetic.TWO
arithmetic	arithmetic.TWO_LE_EXP
arithmetic	arithmetic.WLOG_LE
arithmetic	arithmetic.WLOG_LT
arithmetic	arithmetic.WOP
arithmetic	arithmetic.WOP_measure
arithmetic	arithmetic.X_LE_DIV
arithmetic	arithmetic.X_LE_X_EXP
arithmetic	arithmetic.X_LE_X_SQUARED
arithmetic	arithmetic.X_LT_DIV
arithmetic	arithmetic.X_LT_EXP_X
arithmetic	arithmetic.X_LT_EXP_X_IFF
arithmetic	arithmetic.X_LT_X_SQUARED
arithmetic	arithmetic.X_MOD_Y_EQ_X
arithmetic	arithmetic.ZERO_DIV
arithmetic	arithmetic.ZERO_EXP
arithmetic	arithmetic.ZERO_LESS_ADD
arithmetic	arithmetic.ZERO_LESS_EQ
arithmetic	arithmetic.ZERO_LESS_EXP
arithmetic	arithmetic.ZERO_LESS_MULT
arithmetic	arithmetic.ZERO_LT_EXP
arithmetic	arithmetic.ZERO_MOD
arithmetic	arithmetic.binary_induct
arithmetic	arithmetic.bool_to_bit_MOD_2
arithmetic	arithmetic.bool_to_bit_neq_add
arithmetic	arithmetic.datatype_num
arithmetic	arithmetic.findq_divisor
arithmetic	arithmetic.findq_eq_0
arithmetic	arithmetic.findq_thm
arithmetic	arithmetic.num_CASES
arithmetic	arithmetic.num_MAX
arithmetic	arithmetic.num_case_NUMERAL_compute
arithmetic	arithmetic.num_case_compute
arithmetic	arithmetic.num_case_cong
arithmetic	arithmetic.num_case_def
arithmetic	arithmetic.num_case_eq
arithmetic	arithmetic.num_nchotomy
arithmetic	arithmetic.transitive_LE
arithmetic	arithmetic.transitive_LESS
arithmetic	arithmetic.transitive_measure
arithmetic	arithmetic.transitive_monotone
bag	bag.ASSOC_BAG_UNION
bag	bag.BAG_ALL_DISTINCT_BAG_INN
bag	bag.BAG_ALL_DISTINCT_BAG_MERGE
bag	bag.BAG_ALL_DISTINCT_BAG_OF_SET
bag	bag.BAG_ALL_DISTINCT_BAG_UNION
bag	bag.BAG_ALL_DISTINCT_DELETE
bag	bag.BAG_ALL_DISTINCT_DIFF
bag	bag.BAG_ALL_DISTINCT_EXTENSION
bag	bag.BAG_ALL_DISTINCT_SET
bag	bag.BAG_ALL_DISTINCT_SUB_BAG
bag	bag.BAG_ALL_DISTINCT_THM
bag	bag.BAG_CARD_BAG_INN
bag	bag.BAG_CARD_BAG_OF_SET
bag	bag.BAG_CARD_DIFF
bag	bag.BAG_CARD_EMPTY
bag	bag.BAG_CARD_EQ_CARD_SET_OF_BAG
bag	bag.BAG_CARD_THM
bag	bag.BAG_CARD_UNION
bag	bag.BAG_CHOICE_SING
bag	bag.BAG_DECOMPOSE
bag	bag.BAG_DELETE_11
bag	bag.BAG_DELETE_BAG_IN
bag	bag.BAG_DELETE_BAG_IN_down
bag	bag.BAG_DELETE_BAG_IN_up
bag	bag.BAG_DELETE_EMPTY
bag	bag.BAG_DELETE_INSERT
bag	bag.BAG_DELETE_PSUB_BAG
bag	bag.BAG_DELETE_SING
bag	bag.BAG_DELETE_TWICE
bag	bag.BAG_DELETE_commutes
bag	bag.BAG_DELETE_concrete
bag	bag.BAG_DIFF_2L
bag	bag.BAG_DIFF_2R
bag	bag.BAG_DIFF_EMPTY
bag	bag.BAG_DIFF_EMPTY_simple
bag	bag.BAG_DIFF_EQ_EMPTY
bag	bag.BAG_DIFF_INSERT
bag	bag.BAG_DIFF_INSERT_SUB_BAG
bag	bag.BAG_DIFF_INSERT_same
bag	bag.BAG_DIFF_UNION_eliminate
bag	bag.BAG_DISJOINT_BAG_IN
bag	bag.BAG_DISJOINT_BAG_INSERT
bag	bag.BAG_DISJOINT_BAG_UNION
bag	bag.BAG_DISJOINT_DIFF
bag	bag.BAG_DISJOINT_EMPTY
bag	bag.BAG_DISJOINT_FOLDR_BAG_UNION
bag	bag.BAG_DISJOINT_SUB_BAG
bag	bag.BAG_DISJOINT_SYM
bag	bag.BAG_EVERY_MERGE
bag	bag.BAG_EVERY_SET
bag	bag.BAG_EVERY_THM
bag	bag.BAG_EVERY_UNION
bag	bag.BAG_EXTENSION
bag	bag.BAG_FILTER_BAG_INSERT
bag	bag.BAG_FILTER_BAG_OF_SET
bag	bag.BAG_FILTER_BAG_UNION
bag	bag.BAG_FILTER_EMPTY
bag	bag.BAG_FILTER_EQ_EMPTY
bag	bag.BAG_FILTER_FILTER
bag	bag.BAG_FILTER_SPLIT
bag	bag.BAG_FILTER_SUB_BAG
bag	bag.BAG_GEN_PROD_ALL_ONES
bag	bag.BAG_GEN_PROD_EMPTY
bag	bag.BAG_GEN_PROD_EQ_0
bag	bag.BAG_GEN_PROD_EQ_1
bag	bag.BAG_GEN_PROD_POSITIVE
bag	bag.BAG_GEN_PROD_REC
bag	bag.BAG_GEN_PROD_TAILREC
bag	bag.BAG_GEN_PROD_UNION
bag	bag.BAG_GEN_PROD_UNION_LEM
bag	bag.BAG_GEN_SUM_EMPTY
bag	bag.BAG_GEN_SUM_REC
bag	bag.BAG_GEN_SUM_TAILREC
bag	bag.BAG_IMAGE_BAG_OF_SET_ITSET_BAG_INSERT
bag	bag.BAG_IMAGE_COMPOSE
bag	bag.BAG_IMAGE_CONG
bag	bag.BAG_IMAGE_EMPTY
bag	bag.BAG_IMAGE_EQ_EMPTY
bag	bag.BAG_IMAGE_FINITE
bag	bag.BAG_IMAGE_FINITE_I
bag	bag.BAG_IMAGE_FINITE_INSERT
bag	bag.BAG_IMAGE_FINITE_RESTRICTED_I
bag	bag.BAG_IMAGE_FINITE_UNION
bag	bag.BAG_INN_0
bag	bag.BAG_INN_BAG_DELETE
bag	bag.BAG_INN_BAG_FILTER
bag	bag.BAG_INN_BAG_INSERT
bag	bag.BAG_INN_BAG_INSERT_STRONG
bag	bag.BAG_INN_BAG_MERGE
bag	bag.BAG_INN_BAG_UNION
bag	bag.BAG_INN_EMPTY_BAG
bag	bag.BAG_INN_LESS
bag	bag.BAG_INSERT_CHOICE_REST
bag	bag.BAG_INSERT_DIFF
bag	bag.BAG_INSERT_EQUAL
bag	bag.BAG_INSERT_EQ_MERGE_DIFF
bag	bag.BAG_INSERT_EQ_UNION
bag	bag.BAG_INSERT_NOT_EMPTY
bag	bag.BAG_INSERT_ONE_ONE
bag	bag.BAG_INSERT_SUB_BAG_E
bag	bag.BAG_INSERT_UNION
bag	bag.BAG_INSERT_commutes
bag	bag.BAG_INTER_FINITE
bag	bag.BAG_INTER_SUB_BAG
bag	bag.BAG_IN_BAG_DELETE
bag	bag.BAG_IN_BAG_DIFF_ALL_DISTINCT
bag	bag.BAG_IN_BAG_FILTER
bag	bag.BAG_IN_BAG_IMAGE_IMP
bag	bag.BAG_IN_BAG_INSERT
bag	bag.BAG_IN_BAG_MERGE
bag	bag.BAG_IN_BAG_OF_SET
bag	bag.BAG_IN_BAG_UNION
bag	bag.BAG_IN_BIG_BAG_UNION
bag	bag.BAG_IN_DIFF_E
bag	bag.BAG_IN_DIFF_I
bag	bag.BAG_IN_DIVIDES
bag	bag.BAG_IN_FINITE_BAG_IMAGE
bag	bag.BAG_IN_unibag
bag	bag.BAG_LESS_ADD
bag	bag.BAG_MEMBER_NOT_EMPTY
bag	bag.BAG_MERGE_BAG_INSERT
bag	bag.BAG_MERGE_CARD
bag	bag.BAG_MERGE_ELBAG_SUB_BAG_INSERT
bag	bag.BAG_MERGE_EMPTY
bag	bag.BAG_MERGE_EQ_EMPTY
bag	bag.BAG_MERGE_IDEM
bag	bag.BAG_MERGE_SUB_BAG_UNION
bag	bag.BAG_NOT_LESS_EMPTY
bag	bag.BAG_OF_EMPTY
bag	bag.BAG_OF_SET_BAG_DIFF_DIFF
bag	bag.BAG_OF_SET_DIFF
bag	bag.BAG_OF_SET_DISJOINT_UNION
bag	bag.BAG_OF_SET_EQ_EMPTY_BAG
bag	bag.BAG_OF_SET_EQ_INSERT
bag	bag.BAG_OF_SET_IMAGE_INJ
bag	bag.BAG_OF_SET_INJ
bag	bag.BAG_OF_SET_INSERT
bag	bag.BAG_OF_SET_INSERT_NON_ELEMENT
bag	bag.BAG_OF_SET_UNION
bag	bag.BAG_REST_SING
bag	bag.BAG_SIZE_EMPTY
bag	bag.BAG_SIZE_INSERT
bag	bag.BAG_UNION_DIFF
bag	bag.BAG_UNION_DIFF_eliminate
bag	bag.BAG_UNION_EMPTY
bag	bag.BAG_UNION_EQ_LCANCEL1
bag	bag.BAG_UNION_EQ_LEFT
bag	bag.BAG_UNION_EQ_RCANCEL1
bag	bag.BAG_UNION_INSERT
bag	bag.BAG_UNION_LEFT_CANCEL
bag	bag.BAG_UNION_RIGHT_CANCEL
bag	bag.BAG_cases
bag	bag.BCARD_0
bag	bag.BCARD_SUC
bag	bag.BIG_BAG_UNION_DELETE
bag	bag.BIG_BAG_UNION_EMPTY
bag	bag.BIG_BAG_UNION_EQ_ELEMENT
bag	bag.BIG_BAG_UNION_EQ_EMPTY_BAG
bag	bag.BIG_BAG_UNION_INSERT
bag	bag.BIG_BAG_UNION_ITSET_BAG_UNION
bag	bag.BIG_BAG_UNION_UNION
bag	bag.COMMUTING_ITBAG_INSERT
bag	bag.COMMUTING_ITBAG_RECURSES
bag	bag.COMM_BAG_UNION
bag	bag.C_BAG_INSERT_ONE_ONE
bag	bag.EL_BAG_11
bag	bag.EL_BAG_BAG_INSERT
bag	bag.EL_BAG_INSERT_squeeze
bag	bag.EL_BAG_SUB_BAG
bag	bag.EMPTY_BAG_alt
bag	bag.FINITE_BAG_DIFF
bag	bag.FINITE_BAG_DIFF_dual
bag	bag.FINITE_BAG_FILTER
bag	bag.FINITE_BAG_INDUCT
bag	bag.FINITE_BAG_INSERT
bag	bag.FINITE_BAG_MERGE
bag	bag.FINITE_BAG_OF_SET
bag	bag.FINITE_BAG_THM
bag	bag.FINITE_BAG_UNION
bag	bag.FINITE_BIG_BAG_UNION
bag	bag.FINITE_EL_BAG
bag	bag.FINITE_EMPTY_BAG
bag	bag.FINITE_SET_OF_BAG
bag	bag.FINITE_SUB_BAG
bag	bag.FINITE_SUB_BAGS
bag	bag.IN_SET_OF_BAG
bag	bag.IN_SET_OF_BAG_NONZERO
bag	bag.ITBAG_EMPTY
bag	bag.ITBAG_IND
bag	bag.ITBAG_INSERT
bag	bag.ITBAG_SING
bag	bag.ITBAG_THM
bag	bag.ITSET_BAG_INSERT_BAG_UNION_BAG_IMAGE_BAG_OF_SET
bag	bag.MONOID_BAG_UNION_EMPTY_BAG
bag	bag.NOT_BAG_IN
bag	bag.NOT_IN_BAG_DIFF
bag	bag.NOT_IN_EMPTY_BAG
bag	bag.NOT_IN_SUB_BAG_INSERT
bag	bag.NOT_mlt_EMPTY
bag	bag.PSUB_BAG_ANTISYM
bag	bag.PSUB_BAG_CARD
bag	bag.PSUB_BAG_IRREFL
bag	bag.PSUB_BAG_NOT_EQ
bag	bag.PSUB_BAG_REST
bag	bag.PSUB_BAG_SUB_BAG
bag	bag.PSUB_BAG_TRANS
bag	bag.SET_BAG_I
bag	bag.SET_OF_BAG_DIFF_SUBSET_down
bag	bag.SET_OF_BAG_DIFF_SUBSET_up
bag	bag.SET_OF_BAG_EQ_EMPTY
bag	bag.SET_OF_BAG_EQ_INSERT
bag	bag.SET_OF_BAG_IMAGE
bag	bag.SET_OF_BAG_INSERT
bag	bag.SET_OF_BAG_MERGE
bag	bag.SET_OF_BAG_SING
bag	bag.SET_OF_BAG_SING_CARD
bag	bag.SET_OF_BAG_UNION
bag	bag.SET_OF_EL_BAG
bag	bag.SET_OF_EMPTY
bag	bag.SET_OF_SINGLETON_BAG
bag	bag.SING_BAG_THM
bag	bag.SING_EL_BAG
bag	bag.STRONG_FINITE_BAG_INDUCT
bag	bag.SUB_BAG_ALL_DISTINCT
bag	bag.SUB_BAG_ANTISYM
bag	bag.SUB_BAG_BAG_DIFF
bag	bag.SUB_BAG_BAG_IN
bag	bag.SUB_BAG_CARD
bag	bag.SUB_BAG_DIFF
bag	bag.SUB_BAG_DIFF_EQ
bag	bag.SUB_BAG_DIFF_simple
bag	bag.SUB_BAG_EL_BAG
bag	bag.SUB_BAG_EMPTY
bag	bag.SUB_BAG_EXISTS
bag	bag.SUB_BAG_INSERT
bag	bag.SUB_BAG_INSERT_I
bag	bag.SUB_BAG_LEQ
bag	bag.SUB_BAG_PSUB_BAG
bag	bag.SUB_BAG_REFL
bag	bag.SUB_BAG_REST
bag	bag.SUB_BAG_SET
bag	bag.SUB_BAG_SING
bag	bag.SUB_BAG_TRANS
bag	bag.SUB_BAG_UNION
bag	bag.SUB_BAG_UNION_DIFF
bag	bag.SUB_BAG_UNION_MONO
bag	bag.SUB_BAG_UNION_down
bag	bag.SUB_BAG_UNION_eliminate
bag	bag.TC_mlt1_FINITE_BAG
bag	bag.TC_mlt1_UNION1_I
bag	bag.TC_mlt1_UNION2_I
bag	bag.WF_mlt1
bag	bag.bdominates_BAG_DIFF
bag	bag.dominates_DIFF
bag	bag.dominates_EMPTY
bag	bag.dominates_SUBSET
bag	bag.mlt1_INSERT_CANCEL
bag	bag.mlt1_all_accessible
bag	bag.mltLT_SING0
bag	bag.mlt_INSERT_CANCEL
bag	bag.mlt_INSERT_CANCEL_I
bag	bag.mlt_NOT_REFL
bag	bag.mlt_UNION_CANCEL_EQN
bag	bag.mlt_UNION_EMPTY_EQN
bag	bag.mlt_UNION_LCANCEL
bag	bag.mlt_UNION_LCANCEL_I
bag	bag.mlt_UNION_RCANCEL
bag	bag.mlt_UNION_RCANCEL_I
bag	bag.mlt_dominates_thm1
bag	bag.mlt_dominates_thm2
bag	bag.move_BAG_UNION_over_eq
bag	bag.unibag_ALL_DISTINCT
bag	bag.unibag_DECOMPOSE
bag	bag.unibag_EL_MERGE_cases
bag	bag.unibag_EQ_BAG_INSERT
bag	bag.unibag_FINITE
bag	bag.unibag_INSERT
bag	bag.unibag_SUB_BAG
bag	bag.unibag_UNION
bag	bag.unibag_thm
bar260	bar260.EXISTS_foo
bar260	bar260.FORALL_foo
bar260	bar260.datatype_foo
bar260	bar260.foo_11
bar260	bar260.foo_Axiom
bar260	bar260.foo_accessors
bar260	bar260.foo_accfupds
bar260	bar260.foo_case_cong
bar260	bar260.foo_case_eq
bar260	bar260.foo_component_equality
bar260	bar260.foo_fn_updates
bar260	bar260.foo_fupdfupds
bar260	bar260.foo_fupdfupds_comp
bar260	bar260.foo_induction
bar260	bar260.foo_literal_11
bar260	bar260.foo_literal_nchotomy
bar260	bar260.foo_nchotomy
bar260	bar260.foo_updates_eq_literal
basicSize	basicSize.full_sum_size_thm
basis_emit	basis_emit.FCPi_def
basis_emit	basis_emit.FCPi_ind
basis_emit	basis_emit.IS_EMPTY_REWRITE
basis_emit	basis_emit.i2w_itself_def
basis_emit	basis_emit.i2w_itself_ind
bft	bft.BFT_ALL_DISTINCT
bft	bft.BFT_CONS
bft	bft.BFT_FOLD
bft	bft.BFT_REACH_1
bft	bft.BFT_REACH_2
bft	bft.BFT_REACH_THM
bft	bft.BFT_def
bft	bft.BFT_def0
bft	bft.BFT_ind
bft	bft.BFT_ind0
binary_ieee	binary_ieee.EXISTS_flags
binary_ieee	binary_ieee.EXISTS_float
binary_ieee	binary_ieee.Exponent_monotone
binary_ieee	binary_ieee.FINITE_floatsets
binary_ieee	binary_ieee.FORALL_flags
binary_ieee	binary_ieee.FORALL_float
binary_ieee	binary_ieee.NMUL_EQ_2
binary_ieee	binary_ieee.ULP_def
binary_ieee	binary_ieee.ULP_ind
binary_ieee	binary_ieee.ULP_le_mono
binary_ieee	binary_ieee.ULP_nonzero
binary_ieee	binary_ieee.ULP_positive
binary_ieee	binary_ieee.abs_ULP
binary_ieee	binary_ieee.abs_f2r_le_float_ulp_mono
binary_ieee	binary_ieee.abs_float_bounds
binary_ieee	binary_ieee.abs_float_ulp
binary_ieee	binary_ieee.abs_float_value
binary_ieee	binary_ieee.abs_ulp
binary_ieee	binary_ieee.bottom_properties
binary_ieee	binary_ieee.datatype_flags
binary_ieee	binary_ieee.datatype_float
binary_ieee	binary_ieee.datatype_float_compare
binary_ieee	binary_ieee.datatype_float_value
binary_ieee	binary_ieee.datatype_fp_op
binary_ieee	binary_ieee.datatype_rounding
binary_ieee	binary_ieee.diff_float_ULP
binary_ieee	binary_ieee.diff_lt_ulp_eq0
binary_ieee	binary_ieee.diff_lt_ulp_even
binary_ieee	binary_ieee.diff_lt_ulp_even4
binary_ieee	binary_ieee.div_eq0
binary_ieee	binary_ieee.exp_ge2
binary_ieee	binary_ieee.exp_gt2
binary_ieee	binary_ieee.flags_11
binary_ieee	binary_ieee.flags_Axiom
binary_ieee	binary_ieee.flags_accessors
binary_ieee	binary_ieee.flags_accfupds
binary_ieee	binary_ieee.flags_case_cong
binary_ieee	binary_ieee.flags_case_eq
binary_ieee	binary_ieee.flags_component_equality
binary_ieee	binary_ieee.flags_fn_updates
binary_ieee	binary_ieee.flags_fupdcanon
binary_ieee	binary_ieee.flags_fupdcanon_comp
binary_ieee	binary_ieee.flags_fupdfupds
binary_ieee	binary_ieee.flags_fupdfupds_comp
binary_ieee	binary_ieee.flags_induction
binary_ieee	binary_ieee.flags_literal_11
binary_ieee	binary_ieee.flags_literal_nchotomy
binary_ieee	binary_ieee.flags_nchotomy
binary_ieee	binary_ieee.flags_updates_eq_literal
binary_ieee	binary_ieee.float_11
binary_ieee	binary_ieee.float_Axiom
binary_ieee	binary_ieee.float_abs_Exponent
binary_ieee	binary_ieee.float_abs_Significand
binary_ieee	binary_ieee.float_accessors
binary_ieee	binary_ieee.float_accfupds
binary_ieee	binary_ieee.float_add_compute
binary_ieee	binary_ieee.float_add_finite
binary_ieee	binary_ieee.float_add_finite_minus_infinity
binary_ieee	binary_ieee.float_add_finite_plus_infinity
binary_ieee	binary_ieee.float_add_minus_infinity_finite
binary_ieee	binary_ieee.float_add_nan
binary_ieee	binary_ieee.float_add_plus_infinity_finite
binary_ieee	binary_ieee.float_bounds
binary_ieee	binary_ieee.float_case_cong
binary_ieee	binary_ieee.float_case_eq
binary_ieee	binary_ieee.float_cases
binary_ieee	binary_ieee.float_cases_finite
binary_ieee	binary_ieee.float_compare2num_11
binary_ieee	binary_ieee.float_compare2num_ONTO
binary_ieee	binary_ieee.float_compare2num_num2float_compare
binary_ieee	binary_ieee.float_compare2num_thm
binary_ieee	binary_ieee.float_compare_Axiom
binary_ieee	binary_ieee.float_compare_EQ_float_compare
binary_ieee	binary_ieee.float_compare_case_cong
binary_ieee	binary_ieee.float_compare_case_def
binary_ieee	binary_ieee.float_compare_case_eq
binary_ieee	binary_ieee.float_compare_distinct
binary_ieee	binary_ieee.float_compare_induction
binary_ieee	binary_ieee.float_compare_nchotomy
binary_ieee	binary_ieee.float_component_equality
binary_ieee	binary_ieee.float_components
binary_ieee	binary_ieee.float_distinct
binary_ieee	binary_ieee.float_distinct_finite
binary_ieee	binary_ieee.float_div_compute
binary_ieee	binary_ieee.float_div_finite
binary_ieee	binary_ieee.float_div_finite_minus_infinity
binary_ieee	binary_ieee.float_div_finite_plus_infinity
binary_ieee	binary_ieee.float_div_minus_infinity_finite
binary_ieee	binary_ieee.float_div_nan
binary_ieee	binary_ieee.float_div_plus_infinity_finite
binary_ieee	binary_ieee.float_fn_updates
binary_ieee	binary_ieee.float_fupdcanon
binary_ieee	binary_ieee.float_fupdcanon_comp
binary_ieee	binary_ieee.float_fupdfupds
binary_ieee	binary_ieee.float_fupdfupds_comp
binary_ieee	binary_ieee.float_induction
binary_ieee	binary_ieee.float_infinities
binary_ieee	binary_ieee.float_infinities_distinct
binary_ieee	binary_ieee.float_infinity_negate_abs
binary_ieee	binary_ieee.float_is_distinct
binary_ieee	binary_ieee.float_is_finite
binary_ieee	binary_ieee.float_is_finite_Exponent
binary_ieee	binary_ieee.float_is_finite_float_abs
binary_ieee	binary_ieee.float_is_finite_float_negate
binary_ieee	binary_ieee.float_is_finite_float_value
binary_ieee	binary_ieee.float_is_finite_next_hi
binary_ieee	binary_ieee.float_is_finite_next_lo
binary_ieee	binary_ieee.float_is_finite_thm
binary_ieee	binary_ieee.float_is_nan_impl
binary_ieee	binary_ieee.float_is_zero
binary_ieee	binary_ieee.float_is_zero_float_is_finite
binary_ieee	binary_ieee.float_is_zero_float_negate
binary_ieee	binary_ieee.float_is_zero_float_value_EQ0
binary_ieee	binary_ieee.float_is_zero_impl
binary_ieee	binary_ieee.float_is_zero_next_hi
binary_ieee	binary_ieee.float_is_zero_to_real
binary_ieee	binary_ieee.float_literal_11
binary_ieee	binary_ieee.float_literal_nchotomy
binary_ieee	binary_ieee.float_minus_infinity
binary_ieee	binary_ieee.float_minus_zero
binary_ieee	binary_ieee.float_mul_compute
binary_ieee	binary_ieee.float_mul_finite
binary_ieee	binary_ieee.float_mul_finite_minus_infinity
binary_ieee	binary_ieee.float_mul_finite_plus_infinity
binary_ieee	binary_ieee.float_mul_minus_infinity_finite
binary_ieee	binary_ieee.float_mul_nan
binary_ieee	binary_ieee.float_mul_plus_infinity_finite
binary_ieee	binary_ieee.float_nchotomy
binary_ieee	binary_ieee.float_negate
binary_ieee	binary_ieee.float_negate_11
binary_ieee	binary_ieee.float_negate_negate
binary_ieee	binary_ieee.float_round_bottom
binary_ieee	binary_ieee.float_round_minus_infinity
binary_ieee	binary_ieee.float_round_non_zero
binary_ieee	binary_ieee.float_round_plus_infinity
binary_ieee	binary_ieee.float_round_roundTowardNegative_minus_infinity
binary_ieee	binary_ieee.float_round_roundTowardNegative_top
binary_ieee	binary_ieee.float_round_roundTowardPositive_bottom
binary_ieee	binary_ieee.float_round_roundTowardPositive_plus_infinity
binary_ieee	binary_ieee.float_round_roundTowardZero_bottom
binary_ieee	binary_ieee.float_round_roundTowardZero_top
binary_ieee	binary_ieee.float_round_to_integral_compute
binary_ieee	binary_ieee.float_round_top
binary_ieee	binary_ieee.float_sets
binary_ieee	binary_ieee.float_sub_compute
binary_ieee	binary_ieee.float_sub_finite
binary_ieee	binary_ieee.float_sub_finite_minus_infinity
binary_ieee	binary_ieee.float_sub_finite_plus_infinity
binary_ieee	binary_ieee.float_sub_minus_infinity_finite
binary_ieee	binary_ieee.float_sub_nan
binary_ieee	binary_ieee.float_sub_plus_infinity_finite
binary_ieee	binary_ieee.float_tests
binary_ieee	binary_ieee.float_to_real
binary_ieee	binary_ieee.float_to_real_EQ0
binary_ieee	binary_ieee.float_to_real_eq
binary_ieee	binary_ieee.float_to_real_float_abs
binary_ieee	binary_ieee.float_to_real_negate
binary_ieee	binary_ieee.float_to_real_round0
binary_ieee	binary_ieee.float_to_real_zeroes
binary_ieee	binary_ieee.float_ulp_EQ0
binary_ieee	binary_ieee.float_ulp_GT0
binary_ieee	binary_ieee.float_ulp_abs
binary_ieee	binary_ieee.float_ulp_negate
binary_ieee	binary_ieee.float_ulp_updating_Sign
binary_ieee	binary_ieee.float_ulp_updating_Significand
binary_ieee	binary_ieee.float_updates_eq_literal
binary_ieee	binary_ieee.float_value_11
binary_ieee	binary_ieee.float_value_Axiom
binary_ieee	binary_ieee.float_value_case_cong
binary_ieee	binary_ieee.float_value_case_eq
binary_ieee	binary_ieee.float_value_distinct
binary_ieee	binary_ieee.float_value_induction
binary_ieee	binary_ieee.float_value_nchotomy
binary_ieee	binary_ieee.float_values
binary_ieee	binary_ieee.fp_op_11
binary_ieee	binary_ieee.fp_op_Axiom
binary_ieee	binary_ieee.fp_op_case_cong
binary_ieee	binary_ieee.fp_op_case_eq
binary_ieee	binary_ieee.fp_op_distinct
binary_ieee	binary_ieee.fp_op_induction
binary_ieee	binary_ieee.fp_op_nchotomy
binary_ieee	binary_ieee.infinity_properties
binary_ieee	binary_ieee.is_closestP_finite_float_exists
binary_ieee	binary_ieee.is_closest_exists
binary_ieee	binary_ieee.is_closest_finite_AND
binary_ieee	binary_ieee.is_closest_float_is_finite_0
binary_ieee	binary_ieee.largest
binary_ieee	binary_ieee.largest_is_positive
binary_ieee	binary_ieee.largest_is_top
binary_ieee	binary_ieee.largest_lt_threshold
binary_ieee	binary_ieee.le2
binary_ieee	binary_ieee.less_than_ulp
binary_ieee	binary_ieee.min_properties
binary_ieee	binary_ieee.neg_ulp
binary_ieee	binary_ieee.next_hi_11
binary_ieee	binary_ieee.next_hi_Sign
binary_ieee	binary_ieee.next_hi_difference
binary_ieee	binary_ieee.next_hi_discrete
binary_ieee	binary_ieee.next_hi_float_abs
binary_ieee	binary_ieee.next_hi_float_negate
binary_ieee	binary_ieee.next_hi_idem
binary_ieee	binary_ieee.next_hi_larger
binary_ieee	binary_ieee.next_hilo
binary_ieee	binary_ieee.next_lo_11
binary_ieee	binary_ieee.next_lo_Sign
binary_ieee	binary_ieee.next_lo_difference
binary_ieee	binary_ieee.next_lo_idem
binary_ieee	binary_ieee.next_lo_smaller
binary_ieee	binary_ieee.next_lohi
binary_ieee	binary_ieee.num2float_compare_11
binary_ieee	binary_ieee.num2float_compare_ONTO
binary_ieee	binary_ieee.num2float_compare_float_compare2num
binary_ieee	binary_ieee.num2float_compare_thm
binary_ieee	binary_ieee.num2rounding_11
binary_ieee	binary_ieee.num2rounding_ONTO
binary_ieee	binary_ieee.num2rounding_rounding2num
binary_ieee	binary_ieee.num2rounding_thm
binary_ieee	binary_ieee.round_roundTiesToEven
binary_ieee	binary_ieee.round_roundTiesToEven0
binary_ieee	binary_ieee.round_roundTiesToEven_is_minus_zero
binary_ieee	binary_ieee.round_roundTiesToEven_is_plus_zero
binary_ieee	binary_ieee.round_roundTiesToEven_is_zero
binary_ieee	binary_ieee.round_roundTiesToEven_minus_infinity
binary_ieee	binary_ieee.round_roundTiesToEven_plus_infinity
binary_ieee	binary_ieee.round_roundTowardNegative_minus_infinity
binary_ieee	binary_ieee.round_roundTowardNegative_top
binary_ieee	binary_ieee.round_roundTowardPositive_bottom
binary_ieee	binary_ieee.round_roundTowardPositive_plus_infinity
binary_ieee	binary_ieee.round_roundTowardZero
binary_ieee	binary_ieee.round_roundTowardZero_bottom
binary_ieee	binary_ieee.round_roundTowardZero_is_minus_zero
binary_ieee	binary_ieee.round_roundTowardZero_is_plus_zero
binary_ieee	binary_ieee.round_roundTowardZero_is_zero
binary_ieee	binary_ieee.round_roundTowardZero_top
binary_ieee	binary_ieee.rounding2num_11
binary_ieee	binary_ieee.rounding2num_ONTO
binary_ieee	binary_ieee.rounding2num_num2rounding
binary_ieee	binary_ieee.rounding2num_thm
binary_ieee	binary_ieee.rounding_Axiom
binary_ieee	binary_ieee.rounding_EQ_rounding
binary_ieee	binary_ieee.rounding_case_cong
binary_ieee	binary_ieee.rounding_case_def
binary_ieee	binary_ieee.rounding_case_eq
binary_ieee	binary_ieee.rounding_distinct
binary_ieee	binary_ieee.rounding_induction
binary_ieee	binary_ieee.rounding_nchotomy
binary_ieee	binary_ieee.sign_float_abs
binary_ieee	binary_ieee.sign_not_zero
binary_ieee	binary_ieee.some_nan_properties
binary_ieee	binary_ieee.threshold
binary_ieee	binary_ieee.threshold_is_positive
binary_ieee	binary_ieee.top_properties
binary_ieee	binary_ieee.ulp
binary_ieee	binary_ieee.ulp_lt_ULP
binary_ieee	binary_ieee.ulp_lt_largest
binary_ieee	binary_ieee.ulp_lt_threshold
binary_ieee	binary_ieee.ulp_nonzero
binary_ieee	binary_ieee.ulp_positive
binary_ieee	binary_ieee.word_1comp_11
binary_ieee	binary_ieee.zero_le_next_hi
binary_ieee	binary_ieee.zero_le_pos_div_twopow
binary_ieee	binary_ieee.zero_le_two_pow_inv
binary_ieee	binary_ieee.zero_le_twopow
binary_ieee	binary_ieee.zero_lt_twopow
binary_ieee	binary_ieee.zero_neq_twopow
binary_ieee	binary_ieee.zero_properties
binary_ieee	binary_ieee.zero_to_real
binary_ieee	binary_ieee.zeroes_are_finite_floats
binary_ieeeProps	binary_ieeeProps.Sign_cases
binary_ieeeProps	binary_ieeeProps.abs_next_hi_EQN
binary_ieeeProps	binary_ieeeProps.float_to_real_EQ0_cases
binary_ieeeProps	binary_ieeeProps.float_to_real_ulp
binary_ieeeProps	binary_ieeeProps.float_value_eq_float_to_real
binary_ieeeProps	binary_ieeeProps.float_value_float_to_real
binary_ieeeProps	binary_ieeeProps.is_closest_0_float_to_real
binary_ieeeProps	binary_ieeeProps.largest_props
binary_ieeeProps	binary_ieeeProps.mantissa_UB
binary_ieeeProps	binary_ieeeProps.negative_representable
binary_ieeeProps	binary_ieeeProps.positive_representable
binary_ieeeProps	binary_ieeeProps.representables
binary_ieeeProps	binary_ieeeProps.round_representable
binary_ieeeProps	binary_ieeeProps.round_representable_nonzero
binary_ieeeProps	binary_ieeeProps.round_representable_zero
binary_ieeeProps	binary_ieeeProps.smaller_floats_representable_lemma
binary_ieeeProps	binary_ieeeProps.threshold_props
binary_ieeeProps	binary_ieeeProps.ulp_multiples_representable
bisimulation	bisimulation.BISIM_ID
bisimulation	bisimulation.BISIM_IMP_WBISIM
bisimulation	bisimulation.BISIM_INV
bisimulation	bisimulation.BISIM_O
bisimulation	bisimulation.BISIM_REL_IMP_WBISIM_REL
bisimulation	bisimulation.BISIM_REL_IS_BISIM
bisimulation	bisimulation.BISIM_REL_IS_EQUIV_REL
bisimulation	bisimulation.BISIM_REL_RSUBSET_WBISIM_REL
bisimulation	bisimulation.BISIM_REL_cases
bisimulation	bisimulation.BISIM_REL_coind
bisimulation	bisimulation.BISIM_REL_def
bisimulation	bisimulation.BISIM_REL_rules
bisimulation	bisimulation.BISIM_REL_strong_thm
bisimulation	bisimulation.BISIM_REL_sym
bisimulation	bisimulation.BISIM_REL_sym_strong_thm
bisimulation	bisimulation.BISIM_REL_sym_thm
bisimulation	bisimulation.BISIM_RUNION
bisimulation	bisimulation.ETS_REFL
bisimulation	bisimulation.ETS_TRANS
bisimulation	bisimulation.ETS_WTS_ETS
bisimulation	bisimulation.TS_IMP_ETS
bisimulation	bisimulation.TS_IMP_WTS
bisimulation	bisimulation.WBISIM_ID
bisimulation	bisimulation.WBISIM_INV
bisimulation	bisimulation.WBISIM_O
bisimulation	bisimulation.WBISIM_REL_IS_EQUIV_REL
bisimulation	bisimulation.WBISIM_REL_IS_WBISIM
bisimulation	bisimulation.WBISIM_REL_cases
bisimulation	bisimulation.WBISIM_REL_coind
bisimulation	bisimulation.WBISIM_REL_def
bisimulation	bisimulation.WBISIM_REL_rules
bisimulation	bisimulation.WBISIM_RUNION
bit	bit.ADD_BIT0
bit	bit.ADD_BITS_SUC
bit	bit.ADD_BIT_SUC
bit	bit.BIT0_ODD
bit	bit.BITSLT_THM
bit	bit.BITSLT_THM2
bit	bit.BITS_COMP_THM
bit	bit.BITS_COMP_THM2
bit	bit.BITS_DIV_THM
bit	bit.BITS_LEQ
bit	bit.BITS_LOG2_ZERO_ID
bit	bit.BITS_LT_HIGH
bit	bit.BITS_LT_LOW
bit	bit.BITS_MUL
bit	bit.BITS_SLICE_THM
bit	bit.BITS_SLICE_THM2
bit	bit.BITS_SUC
bit	bit.BITS_SUC_THM
bit	bit.BITS_SUM
bit	bit.BITS_SUM2
bit	bit.BITS_SUM3
bit	bit.BITS_THM
bit	bit.BITS_THM2
bit	bit.BITS_ZERO
bit	bit.BITS_ZERO2
bit	bit.BITS_ZERO3
bit	bit.BITS_ZERO4
bit	bit.BITS_ZERO5
bit	bit.BITS_ZEROL
bit	bit.BITV_THM
bit	bit.BITWISE_AND_0
bit	bit.BITWISE_AND_SHIFT_EQ_0
bit	bit.BITWISE_BITS
bit	bit.BITWISE_COMM
bit	bit.BITWISE_COR
bit	bit.BITWISE_EVAL
bit	bit.BITWISE_LT_2EXP
bit	bit.BITWISE_NOT_COR
bit	bit.BITWISE_ONE_COMP_LEM
bit	bit.BITWISE_THM
bit	bit.BIT_B
bit	bit.BIT_BITS_THM
bit	bit.BIT_B_NEQ
bit	bit.BIT_COMPLEMENT
bit	bit.BIT_COMP_THM3
bit	bit.BIT_DEF
bit	bit.BIT_DIV2
bit	bit.BIT_EXP_SUB1
bit	bit.BIT_IMP_GE_TWOEXP
bit	bit.BIT_LOG2
bit	bit.BIT_MODIFY_THM
bit	bit.BIT_OF_BITS_THM
bit	bit.BIT_OF_BITS_THM2
bit	bit.BIT_REVERSE_THM
bit	bit.BIT_SHIFT_THM
bit	bit.BIT_SHIFT_THM2
bit	bit.BIT_SHIFT_THM3
bit	bit.BIT_SHIFT_THM4
bit	bit.BIT_SHIFT_THM5
bit	bit.BIT_SIGN_EXTEND
bit	bit.BIT_SLICE
bit	bit.BIT_SLICE_LEM
bit	bit.BIT_SLICE_THM
bit	bit.BIT_SLICE_THM2
bit	bit.BIT_SLICE_THM3
bit	bit.BIT_SLICE_THM4
bit	bit.BIT_TIMES2
bit	bit.BIT_TIMES2_1
bit	bit.BIT_TWO_POW
bit	bit.BIT_ZERO
bit	bit.DIVMOD_2EXP
bit	bit.DIV_GT0
bit	bit.DIV_LT
bit	bit.DIV_MULT_1
bit	bit.DIV_MULT_THM
bit	bit.DIV_MULT_THM2
bit	bit.DIV_SUB1
bit	bit.EXISTS_BIT_IN_RANGE
bit	bit.EXISTS_BIT_LT
bit	bit.EXP_SUB_LESS_EQ
bit	bit.LEAST_THM
bit	bit.LESS_EQ_EXP_MULT
bit	bit.LESS_MULT_MONO2
bit	bit.LOG2_LE_MONO
bit	bit.LOG2_TWOEXP
bit	bit.LOG2_UNIQUE
bit	bit.LT_TWOEXP
bit	bit.MOD_2EXP_LT
bit	bit.MOD_2EXP_MONO
bit	bit.MOD_ADD_1
bit	bit.MOD_LEQ
bit	bit.MOD_PLUS_1
bit	bit.MOD_PLUS_LEFT
bit	bit.MOD_PLUS_RIGHT
bit	bit.MOD_ZERO_GT
bit	bit.NOT_BIT
bit	bit.NOT_BITS
bit	bit.NOT_BITS2
bit	bit.NOT_BIT_GT_BITWISE
bit	bit.NOT_BIT_GT_LOG2
bit	bit.NOT_BIT_GT_TWOEXP
bit	bit.NOT_MOD2_LEM
bit	bit.NOT_MOD2_LEM2
bit	bit.NOT_ZERO_ADD1
bit	bit.ODD_MOD2_LEM
bit	bit.ODD_MOD_2
bit	bit.ONE_LE_TWOEXP
bit	bit.SBIT_DIV
bit	bit.SBIT_MULT
bit	bit.SLICELT_THM
bit	bit.SLICE_COMP_RWT
bit	bit.SLICE_COMP_THM
bit	bit.SLICE_COMP_THM2
bit	bit.SLICE_THM
bit	bit.SLICE_ZERO
bit	bit.SLICE_ZERO2
bit	bit.SLICE_ZERO_THM
bit	bit.SUC_SUB
bit	bit.TWOEXP_DIVISION
bit	bit.TWOEXP_LE_IMP_LE_LOG2
bit	bit.TWOEXP_MONO
bit	bit.TWOEXP_MONO2
bit	bit.TWOEXP_NOT_ZERO
bit	bit.ZERO_LT_TWOEXP
bitArith	bitArith.DIV_POW2
bitArith	bitArith.EVERYF_bleval0
bitArith	bitArith.EVERYF_suffix_bleval
bitArith	bitArith.LASTbl_nonzero
bitArith	bitArith.add_aux_def
bitArith	bitArith.add_aux_ind
bitArith	bitArith.add_aux_thm
bitArith	bitArith.add_thm
bitArith	bitArith.bleval_APPEND
bitArith	bitArith.bleval_def
bitArith	bitArith.bleval_ind
bitArith	bitArith.bleval_less
bitArith	bitArith.bleval_less_large
bitArith	bitArith.divpow2_compute
bitArith	bitArith.divpow2_def
bitArith	bitArith.divpow2_ind
bitArith	bitArith.divpow2_thm
bitArith	bitArith.fromBL_correct
bitArith	bitArith.frombl_correct
bitArith	bitArith.frombl_def
bitArith	bitArith.frombl_ind
bitArith	bitArith.id_thm
bitArith	bitArith.karatsuba_bit
bitArith	bitArith.karatsuba_num
bitArith	bitArith.lte_aux_def
bitArith	bitArith.lte_aux_ind
bitArith	bitArith.lte_aux_thm
bitArith	bitArith.lte_thm
bitArith	bitArith.mk_frac_thm
bitArith	bitArith.modpow2_compute
bitArith	bitArith.modpow2_def
bitArith	bitArith.modpow2_ind
bitArith	bitArith.modpow2_thm
bitArith	bitArith.mul_def
bitArith	bitArith.mul_frac_thm
bitArith	bitArith.mul_ind
bitArith	bitArith.mul_thm
bitArith	bitArith.mulpow2_compute
bitArith	bitArith.mulpow2_def
bitArith	bitArith.mulpow2_ind
bitArith	bitArith.mulpow2_thm
bitArith	bitArith.sub_aux_def
bitArith	bitArith.sub_aux_ind
bitArith	bitArith.sub_aux_thm
bitArith	bitArith.sub_thm
bitArith	bitArith.tobl0
bitArith	bitArith.tobl_NUMERAL
bitArith	bitArith.tobl_correct
bitArith	bitArith.zeroPad_def
bitArith	bitArith.zeroPad_ind
bitArith	bitArith.zeroPad_thm
bitstring	bitstring.bit_v2w
bitstring	bitstring.bitify_def
bitstring	bitstring.bitify_ind
bitstring	bitstring.bitify_reverse_map
bitstring	bitstring.bitstring_nchotomy
bitstring	bitstring.boolify_reverse_map
bitstring	bitstring.el_field
bitstring	bitstring.el_fixwidth
bitstring	bitstring.el_rev_count_list
bitstring	bitstring.el_shiftr
bitstring	bitstring.el_sign_extend
bitstring	bitstring.el_w2v
bitstring	bitstring.el_zero_extend
bitstring	bitstring.every_bit_bitify
bitstring	bitstring.extend
bitstring	bitstring.extend_compute
bitstring	bitstring.extend_cons
bitstring	bitstring.extract_v2w
bitstring	bitstring.field_concat_left
bitstring	bitstring.field_concat_right
bitstring	bitstring.field_fixwidth
bitstring	bitstring.field_id_imp
bitstring	bitstring.fixwidth
bitstring	bitstring.fixwidth_REPLICATE
bitstring	bitstring.fixwidth_eq
bitstring	bitstring.fixwidth_fixwidth
bitstring	bitstring.fixwidth_id
bitstring	bitstring.fixwidth_id_imp
bitstring	bitstring.length_bitify
bitstring	bitstring.length_bitify_null
bitstring	bitstring.length_field
bitstring	bitstring.length_fixwidth
bitstring	bitstring.length_pad_left
bitstring	bitstring.length_pad_right
bitstring	bitstring.length_rev_count_list
bitstring	bitstring.length_rotate
bitstring	bitstring.length_shiftr
bitstring	bitstring.length_sign_extend
bitstring	bitstring.length_w2v
bitstring	bitstring.length_zero_extend
bitstring	bitstring.n2w_v2n
bitstring	bitstring.ops_to_n2w
bitstring	bitstring.ops_to_v2w
bitstring	bitstring.pad_left_extend
bitstring	bitstring.ranged_bitstring_nchotomy
bitstring	bitstring.reduce_and_v2w
bitstring	bitstring.reduce_or_v2w
bitstring	bitstring.shiftl_replicate_F
bitstring	bitstring.shiftr_0
bitstring	bitstring.sw2sw_v2w
bitstring	bitstring.testbit
bitstring	bitstring.testbit_el
bitstring	bitstring.testbit_geq_len
bitstring	bitstring.testbit_w2v
bitstring	bitstring.v2n
bitstring	bitstring.v2n_APPEND
bitstring	bitstring.v2n_lt
bitstring	bitstring.v2n_n2v
bitstring	bitstring.v2w_11
bitstring	bitstring.v2w_F
bitstring	bitstring.v2w_NIL
bitstring	bitstring.v2w_T
bitstring	bitstring.v2w_append
bitstring	bitstring.v2w_fixwidth
bitstring	bitstring.v2w_n2v
bitstring	bitstring.v2w_thm
bitstring	bitstring.v2w_w2v
bitstring	bitstring.w2n_v2w
bitstring	bitstring.w2v_v2w
bitstring	bitstring.w2w_v2w
bitstring	bitstring.word_1comp_v2w
bitstring	bitstring.word_and_v2w
bitstring	bitstring.word_asr_v2w
bitstring	bitstring.word_bit_last_shiftr
bitstring	bitstring.word_bits_v2w
bitstring	bitstring.word_concat_v2w
bitstring	bitstring.word_concat_v2w_rwt
bitstring	bitstring.word_extract_v2w
bitstring	bitstring.word_index_v2w
bitstring	bitstring.word_join_v2w
bitstring	bitstring.word_join_v2w_rwt
bitstring	bitstring.word_lsb_v2w
bitstring	bitstring.word_lsl_v2w
bitstring	bitstring.word_lsr_v2w
bitstring	bitstring.word_modify_v2w
bitstring	bitstring.word_msb_v2w
bitstring	bitstring.word_nand_v2w
bitstring	bitstring.word_nor_v2w
bitstring	bitstring.word_or_v2w
bitstring	bitstring.word_reduce_v2w
bitstring	bitstring.word_reverse_v2w
bitstring	bitstring.word_ror_alt
bitstring	bitstring.word_ror_v2w
bitstring	bitstring.word_slice_v2w
bitstring	bitstring.word_xnor_v2w
bitstring	bitstring.word_xor_v2w
blast	blast.BCARRY_EQ
blast	blast.BCARRY_LEM
blast	blast.BCARRY_compute
blast	blast.BITWISE_ADD
blast	blast.BITWISE_LO
blast	blast.BITWISE_MUL
blast	blast.BITWISE_SUB
blast	blast.BSUM_EQ
blast	blast.BSUM_LEM
blast	blast.word_asr_bv_expand
blast	blast.word_lsl_bv_expand
blast	blast.word_lsr_bv_expand
blast	blast.word_rol_bv_expand
blast	blast.word_ror_bv_expand
bnfPrelims	bnfPrelims.BIGUNION_o_IMAGE_IMAGE
bnfPrelims	bnfPrelims.BIGUNION_o_IMAGE_IMAGEr
bnfPrelims	bnfPrelims.BIMG_EQUAL
bnfPrelims	bnfPrelims.BIMG_EQUAL_L
bnfPrelims	bnfPrelims.BIMG_IMAGE
bnfPrelims	bnfPrelims.BIMG_IMAGEo
bnfPrelims	bnfPrelims.BIMG_K0
bnfPrelims	bnfPrelims.EQ_SING
bnfPrelims	bnfPrelims.IMAGE_BIGUNIONo
bnfPrelims	bnfPrelims.IMAGE_IMAGE_lo
bnfPrelims	bnfPrelims.IMAGE_IMAGE_o
bnfPrelims	bnfPrelims.IMAGE_IMAGE_ro
bnfPrelims	bnfPrelims.IMAGE_KEMPTY_CARDLE
bnfPrelims	bnfPrelims.IMAGE_o_equal
bnfPrelims	bnfPrelims.IN_equal
bnfPrelims	bnfPrelims.KlamF
bnfPrelims	bnfPrelims.SING_CARDLE
bnfPrelims	bnfPrelims.SKg_thm
bnfPrelims	bnfPrelims.UNION_CARDLE
bnfPrelims	bnfPrelims.UNION_EMPTY1
bnfPrelims	bnfPrelims.UNIQUE_SKOLEM
bnfPrelims	bnfPrelims.funMapCONG
bnfPrelims	bnfPrelims.funMapIMAGE1
bnfPrelims	bnfPrelims.funMap_ID
bnfPrelims	bnfPrelims.funMap_O
bnfPrelims	bnfPrelims.fun_bnd1
bnfPrelims	bnfPrelims.o_INTRO
bnfPrelims	bnfPrelims.optMapCONG
bnfPrelims	bnfPrelims.optMapIMAGE1
bnfPrelims	bnfPrelims.optMap_ID
bnfPrelims	bnfPrelims.optMap_O
bnfPrelims	bnfPrelims.opt_bnd1
bnfPrelims	bnfPrelims.pairMapCONG
bnfPrelims	bnfPrelims.pairMapIMAGE1
bnfPrelims	bnfPrelims.pairMapIMAGE2
bnfPrelims	bnfPrelims.pairMap_ID
bnfPrelims	bnfPrelims.pairMap_O
bnfPrelims	bnfPrelims.pair_bnd1
bnfPrelims	bnfPrelims.pair_bnd2
bnfPrelims	bnfPrelims.sumMapCONG
bnfPrelims	bnfPrelims.sumMapIMAGE1
bnfPrelims	bnfPrelims.sumMapIMAGE2
bnfPrelims	bnfPrelims.sumMap_ID
bnfPrelims	bnfPrelims.sumMap_O
bnfPrelims	bnfPrelims.sumMap_def
bnfPrelims	bnfPrelims.sum_bnd1
bnfPrelims	bnfPrelims.sum_bnd2
bool	bool.ABS_REP_THM
bool	bool.ABS_SIMP
bool	bool.AND1_THM
bool	bool.AND2_THM
bool	bool.AND_CLAUSES
bool	bool.AND_CONG
bool	bool.AND_IMP_INTRO
bool	bool.AND_INTRO_THM
bool	bool.BETA_THM
bool	bool.BOOL_EQ_DISTINCT
bool	bool.BOOL_FUN_CASES_THM
bool	bool.BOOL_FUN_INDUCT
bool	bool.BOTH_EXISTS_AND_THM
bool	bool.BOTH_EXISTS_IMP_THM
bool	bool.BOTH_FORALL_IMP_THM
bool	bool.BOTH_FORALL_OR_THM
bool	bool.BOUNDED_THM
bool	bool.COND_ABS
bool	bool.COND_CLAUSES
bool	bool.COND_CONG
bool	bool.COND_EXPAND
bool	bool.COND_EXPAND_IMP
bool	bool.COND_EXPAND_OR
bool	bool.COND_ID
bool	bool.COND_RAND
bool	bool.COND_RATOR
bool	bool.CONJ_ASSOC
bool	bool.CONJ_COMM
bool	bool.CONJ_SYM
bool	bool.CONTRAPOS_THM
bool	bool.DATATYPE_BOOL
bool	bool.DATATYPE_TAG_THM
bool	bool.DE_MORGAN_THM
bool	bool.DISJ_ASSOC
bool	bool.DISJ_COMM
bool	bool.DISJ_EQ_IMP
bool	bool.DISJ_IMP_THM
bool	bool.DISJ_SYM
bool	bool.EQ_CLAUSES
bool	bool.EQ_EXPAND
bool	bool.EQ_EXT
bool	bool.EQ_IMPLIES
bool	bool.EQ_IMP_THM
bool	bool.EQ_REFL
bool	bool.EQ_SYM
bool	bool.EQ_SYM_EQ
bool	bool.EQ_TRANS
bool	bool.ETA_THM
bool	bool.EXCLUDED_MIDDLE
bool	bool.EXISTS_OR_THM
bool	bool.EXISTS_REFL
bool	bool.EXISTS_SIMP
bool	bool.EXISTS_THM
bool	bool.EXISTS_UNIQUE_ALT'
bool	bool.EXISTS_UNIQUE_FALSE
bool	bool.EXISTS_UNIQUE_REFL
bool	bool.EXISTS_UNIQUE_THM
bool	bool.EXISTS_itself
bool	bool.FALSITY
bool	bool.FORALL_AND_THM
bool	bool.FORALL_BOOL
bool	bool.FORALL_SIMP
bool	bool.FORALL_THM
bool	bool.FORALL_itself
bool	bool.FUN_EQ_THM
bool	bool.F_IMP
bool	bool.IMP_ANTISYM_AX
bool	bool.IMP_CLAUSES
bool	bool.IMP_CONG
bool	bool.IMP_CONJ_THM
bool	bool.IMP_DISJ_THM
bool	bool.IMP_F
bool	bool.IMP_F_EQ_F
bool	bool.ITSELF_EQN_RWT
bool	bool.ITSELF_UNIQUE
bool	bool.JRH_INDUCT_UTIL
bool	bool.LCOMM_THM
bool	bool.LEFT_AND_CONG
bool	bool.LEFT_AND_FORALL_THM
bool	bool.LEFT_AND_OVER_OR
bool	bool.LEFT_EXISTS_AND_THM
bool	bool.LEFT_EXISTS_IMP_THM
bool	bool.LEFT_FORALL_IMP_THM
bool	bool.LEFT_FORALL_OR_THM
bool	bool.LEFT_OR_CONG
bool	bool.LEFT_OR_EXISTS_THM
bool	bool.LEFT_OR_OVER_AND
bool	bool.LET_CONG
bool	bool.LET_RAND
bool	bool.LET_RATOR
bool	bool.LET_THM
bool	bool.MONO_ALL
bool	bool.MONO_AND
bool	bool.MONO_COND
bool	bool.MONO_EXISTS
bool	bool.MONO_IMP
bool	bool.MONO_NOT
bool	bool.MONO_NOT_EQ
bool	bool.MONO_OR
bool	bool.NOT_AND
bool	bool.NOT_CLAUSES
bool	bool.NOT_EXISTS_THM
bool	bool.NOT_F
bool	bool.NOT_FORALL_THM
bool	bool.NOT_IMP
bool	bool.ONE_ONE_THM
bool	bool.ONTO_THM
bool	bool.OR_CLAUSES
bool	bool.OR_CONG
bool	bool.OR_ELIM_THM
bool	bool.OR_IMP_THM
bool	bool.OR_INTRO_THM1
bool	bool.OR_INTRO_THM2
bool	bool.PEIRCE
bool	bool.PULL_EXISTS
bool	bool.PULL_FORALL
bool	bool.REFL_CLAUSE
bool	bool.RES_EXISTS_CONG
bool	bool.RES_EXISTS_FALSE
bool	bool.RES_EXISTS_THM
bool	bool.RES_EXISTS_UNIQUE_THM
bool	bool.RES_FORALL_CONG
bool	bool.RES_FORALL_THM
bool	bool.RES_FORALL_TRUE
bool	bool.RES_SELECT_THM
bool	bool.RIGHT_AND_FORALL_THM
bool	bool.RIGHT_AND_OVER_OR
bool	bool.RIGHT_EXISTS_AND_THM
bool	bool.RIGHT_EXISTS_IMP_THM
bool	bool.RIGHT_FORALL_IMP_THM
bool	bool.RIGHT_FORALL_OR_THM
bool	bool.RIGHT_OR_EXISTS_THM
bool	bool.RIGHT_OR_OVER_AND
bool	bool.SELECT_ELIM_THM
bool	bool.SELECT_REFL
bool	bool.SELECT_REFL_2
bool	bool.SELECT_THM
bool	bool.SELECT_UNIQUE
bool	bool.SKOLEM_THM
bool	bool.SWAP_EXISTS_THM
bool	bool.SWAP_FORALL_THM
bool	bool.TRUTH
bool	bool.TYPE_DEFINITION_THM
bool	bool.UEXISTS_OR_THM
bool	bool.UEXISTS_SIMP
bool	bool.UNWIND_FORALL_THM1
bool	bool.UNWIND_FORALL_THM2
bool	bool.UNWIND_THM1
bool	bool.UNWIND_THM2
bool	bool.boolAxiom
bool	bool.bool_INDUCT
bool	bool.bool_case_CONG
bool	bool.bool_case_CONST
bool	bool.bool_case_ID
bool	bool.bool_case_eq
bool	bool.bool_case_thm
bool	bool.itself_Axiom
bool	bool.itself_induction
bool	bool.literal_case_CONG
bool	bool.literal_case_RAND
bool	bool.literal_case_RATOR
bool	bool.literal_case_THM
bool	bool.literal_case_id
borel	borel.AE_ALT
borel	borel.AE_BIGINTER
borel	borel.AE_BIGUNION
borel	borel.AE_DEF
borel	borel.AE_FORALL_SWAP_THM
borel	borel.AE_I
borel	borel.AE_IMP_MEASURABLE_SETS
borel	borel.AE_INTER
borel	borel.AE_NOT_IN
borel	borel.AE_T
borel	borel.AE_THM
borel	borel.AE_UNION
borel	borel.AE_cong
borel	borel.AE_eq_add
borel	borel.AE_eq_sum
borel	borel.AE_filter
borel	borel.AE_iff_measurable
borel	borel.AE_iff_null
borel	borel.AE_iff_null_sets
borel	borel.AE_not_in
borel	borel.AE_subset
borel	borel.BOREL_2D
borel	borel.BOREL_MEASURABLE_INFINITY
borel	borel.BOREL_MEASURABLE_SETS
borel	borel.BOREL_MEASURABLE_SETS1
borel	borel.BOREL_MEASURABLE_SETS10
borel	borel.BOREL_MEASURABLE_SETS2
borel	borel.BOREL_MEASURABLE_SETS3
borel	borel.BOREL_MEASURABLE_SETS4
borel	borel.BOREL_MEASURABLE_SETS5
borel	borel.BOREL_MEASURABLE_SETS6
borel	borel.BOREL_MEASURABLE_SETS7
borel	borel.BOREL_MEASURABLE_SETS8
borel	borel.BOREL_MEASURABLE_SETS9
borel	borel.BOREL_MEASURABLE_SETS_CC
borel	borel.BOREL_MEASURABLE_SETS_CO
borel	borel.BOREL_MEASURABLE_SETS_CR
borel	borel.BOREL_MEASURABLE_SETS_EMPTY
borel	borel.BOREL_MEASURABLE_SETS_FINITE
borel	borel.BOREL_MEASURABLE_SETS_NORMAL
borel	borel.BOREL_MEASURABLE_SETS_NOT_SING
borel	borel.BOREL_MEASURABLE_SETS_OC
borel	borel.BOREL_MEASURABLE_SETS_OO
borel	borel.BOREL_MEASURABLE_SETS_OR
borel	borel.BOREL_MEASURABLE_SETS_RC
borel	borel.BOREL_MEASURABLE_SETS_RO
borel	borel.BOREL_MEASURABLE_SETS_SING
borel	borel.BOREL_MEASURABLE_SETS_SING'
borel	borel.Borel_alt_general
borel	borel.Borel_def
borel	borel.Borel_eq_ge
borel	borel.Borel_eq_gr
borel	borel.Borel_eq_le
borel	borel.Borel_eq_le_ext
borel	borel.FORALL_IMP_AE
borel	borel.IN_MEASURABLE_BOREL
borel	borel.IN_MEASURABLE_BOREL_2D_FUNCTION
borel	borel.IN_MEASURABLE_BOREL_2D_MUL
borel	borel.IN_MEASURABLE_BOREL_2D_VECTOR
borel	borel.IN_MEASURABLE_BOREL_ABS
borel	borel.IN_MEASURABLE_BOREL_ABS'
borel	borel.IN_MEASURABLE_BOREL_ABS_POWR
borel	borel.IN_MEASURABLE_BOREL_ADD
borel	borel.IN_MEASURABLE_BOREL_ADD'
borel	borel.IN_MEASURABLE_BOREL_AE_EQ
borel	borel.IN_MEASURABLE_BOREL_AINV
borel	borel.IN_MEASURABLE_BOREL_ALL
borel	borel.IN_MEASURABLE_BOREL_ALL_ABS
borel	borel.IN_MEASURABLE_BOREL_ALL_MEASURE
borel	borel.IN_MEASURABLE_BOREL_ALL_MEASURE_ABS
borel	borel.IN_MEASURABLE_BOREL_ALL_MEASURE_ABS'
borel	borel.IN_MEASURABLE_BOREL_ALT1
borel	borel.IN_MEASURABLE_BOREL_ALT1_IMP
borel	borel.IN_MEASURABLE_BOREL_ALT2
borel	borel.IN_MEASURABLE_BOREL_ALT2_IMP
borel	borel.IN_MEASURABLE_BOREL_ALT3
borel	borel.IN_MEASURABLE_BOREL_ALT3_IMP
borel	borel.IN_MEASURABLE_BOREL_ALT4
borel	borel.IN_MEASURABLE_BOREL_ALT4_IMP
borel	borel.IN_MEASURABLE_BOREL_ALT5
borel	borel.IN_MEASURABLE_BOREL_ALT5_IMP
borel	borel.IN_MEASURABLE_BOREL_ALT6
borel	borel.IN_MEASURABLE_BOREL_ALT6_IMP
borel	borel.IN_MEASURABLE_BOREL_ALT7
borel	borel.IN_MEASURABLE_BOREL_ALT7_IMP
borel	borel.IN_MEASURABLE_BOREL_ALT8
borel	borel.IN_MEASURABLE_BOREL_ALT9
borel	borel.IN_MEASURABLE_BOREL_BOREL_ABS
borel	borel.IN_MEASURABLE_BOREL_BOREL_ABS_POWR
borel	borel.IN_MEASURABLE_BOREL_BOREL_AINV
borel	borel.IN_MEASURABLE_BOREL_BOREL_CONST
borel	borel.IN_MEASURABLE_BOREL_BOREL_I
borel	borel.IN_MEASURABLE_BOREL_BOREL_MAX
borel	borel.IN_MEASURABLE_BOREL_BOREL_MIN
borel	borel.IN_MEASURABLE_BOREL_BOREL_MONO_DECREASING
borel	borel.IN_MEASURABLE_BOREL_BOREL_MONO_INCREASING
borel	borel.IN_MEASURABLE_BOREL_BOREL_NORMAL
borel	borel.IN_MEASURABLE_BOREL_BOREL_POW
borel	borel.IN_MEASURABLE_BOREL_CC
borel	borel.IN_MEASURABLE_BOREL_CMUL
borel	borel.IN_MEASURABLE_BOREL_CMUL_INDICATOR
borel	borel.IN_MEASURABLE_BOREL_CMUL_INDICATOR'
borel	borel.IN_MEASURABLE_BOREL_CO
borel	borel.IN_MEASURABLE_BOREL_COMP
borel	borel.IN_MEASURABLE_BOREL_COMP_BOREL
borel	borel.IN_MEASURABLE_BOREL_CONG
borel	borel.IN_MEASURABLE_BOREL_CONG'
borel	borel.IN_MEASURABLE_BOREL_CONST
borel	borel.IN_MEASURABLE_BOREL_CONST'
borel	borel.IN_MEASURABLE_BOREL_CR
borel	borel.IN_MEASURABLE_BOREL_EQ
borel	borel.IN_MEASURABLE_BOREL_EQ'
borel	borel.IN_MEASURABLE_BOREL_EQ_SYM
borel	borel.IN_MEASURABLE_BOREL_EXP
borel	borel.IN_MEASURABLE_BOREL_FN_MINUS
borel	borel.IN_MEASURABLE_BOREL_FN_PLUS
borel	borel.IN_MEASURABLE_BOREL_FROM_PROD_SIGMA'
borel	borel.IN_MEASURABLE_BOREL_IMP
borel	borel.IN_MEASURABLE_BOREL_IMP_BOREL
borel	borel.IN_MEASURABLE_BOREL_IMP_BOREL'
borel	borel.IN_MEASURABLE_BOREL_INDICATOR
borel	borel.IN_MEASURABLE_BOREL_INF
borel	borel.IN_MEASURABLE_BOREL_INV
borel	borel.IN_MEASURABLE_BOREL_LE
borel	borel.IN_MEASURABLE_BOREL_LIMINF
borel	borel.IN_MEASURABLE_BOREL_LIMSUP
borel	borel.IN_MEASURABLE_BOREL_LT
borel	borel.IN_MEASURABLE_BOREL_MAX
borel	borel.IN_MEASURABLE_BOREL_MAXIMAL
borel	borel.IN_MEASURABLE_BOREL_MAX_FN_SEQ
borel	borel.IN_MEASURABLE_BOREL_MIN
borel	borel.IN_MEASURABLE_BOREL_MINIMAL
borel	borel.IN_MEASURABLE_BOREL_MINUS
borel	borel.IN_MEASURABLE_BOREL_MONO_DECREASING
borel	borel.IN_MEASURABLE_BOREL_MONO_INCREASING
borel	borel.IN_MEASURABLE_BOREL_MONO_INF
borel	borel.IN_MEASURABLE_BOREL_MONO_SUP
borel	borel.IN_MEASURABLE_BOREL_MUL
borel	borel.IN_MEASURABLE_BOREL_MUL'
borel	borel.IN_MEASURABLE_BOREL_MUL_INDICATOR
borel	borel.IN_MEASURABLE_BOREL_MUL_INDICATOR_EQ
borel	borel.IN_MEASURABLE_BOREL_MUL_INV
borel	borel.IN_MEASURABLE_BOREL_NEGINF
borel	borel.IN_MEASURABLE_BOREL_NORMAL
borel	borel.IN_MEASURABLE_BOREL_NORMAL_REAL
borel	borel.IN_MEASURABLE_BOREL_NOT_NEGINF
borel	borel.IN_MEASURABLE_BOREL_NOT_POSINF
borel	borel.IN_MEASURABLE_BOREL_NOT_SING
borel	borel.IN_MEASURABLE_BOREL_OC
borel	borel.IN_MEASURABLE_BOREL_OO
borel	borel.IN_MEASURABLE_BOREL_OR
borel	borel.IN_MEASURABLE_BOREL_PLUS_MINUS
borel	borel.IN_MEASURABLE_BOREL_POSINF
borel	borel.IN_MEASURABLE_BOREL_POW
borel	borel.IN_MEASURABLE_BOREL_POW'
borel	borel.IN_MEASURABLE_BOREL_POW_EXP
borel	borel.IN_MEASURABLE_BOREL_PROD
borel	borel.IN_MEASURABLE_BOREL_PROD'
borel	borel.IN_MEASURABLE_BOREL_RC
borel	borel.IN_MEASURABLE_BOREL_RO
borel	borel.IN_MEASURABLE_BOREL_SING
borel	borel.IN_MEASURABLE_BOREL_SQR
borel	borel.IN_MEASURABLE_BOREL_SUB
borel	borel.IN_MEASURABLE_BOREL_SUB'
borel	borel.IN_MEASURABLE_BOREL_SUM
borel	borel.IN_MEASURABLE_BOREL_SUM'
borel	borel.IN_MEASURABLE_BOREL_SUMINF
borel	borel.IN_MEASURABLE_BOREL_SUP
borel	borel.IN_MEASURABLE_BOREL_TIMES
borel	borel.IN_MEASURABLE_BOREL_TIMES'
borel	borel.IN_MEASURABLE_CONTINUOUS_MAP
borel	borel.MEASURABLE_BOREL
borel	borel.RIGHT_IMP_AE_THM
borel	borel.RIGHT_IMP_AE_THM'
borel	borel.SIGMA_ALGEBRA_BOREL
borel	borel.SIGMA_ALGEBRA_BOREL_2D
borel	borel.SPACE_BOREL
borel	borel.SPACE_BOREL_2D
borel	borel.borel_eq_real_set
borel	borel.borel_measurable_image_real
borel	borel.borel_measurable_real_set
borel	borel.in_borel_measurable_from_Borel
borel	borel.in_borel_measurable_imp
borel	borel.in_measurable_sigma_pow
borel	borel.lambda0_empty
borel	borel.lambda0_not_infty
borel	borel.lambda_closed_interval
borel	borel.lambda_closed_interval_content
borel	borel.lambda_countable
borel	borel.lambda_empty
borel	borel.lambda_eq
borel	borel.lambda_finite
borel	borel.lambda_not_infty
borel	borel.lambda_open_interval
borel	borel.lambda_prop
borel	borel.lambda_sing
borel	borel.lambda_univ
borel	borel.lborel0_additive
borel	borel.lborel0_finite_additive
borel	borel.lborel0_positive
borel	borel.lborel0_premeasure
borel	borel.lborel0_subadditive
borel	borel.lborel_eqI
borel	borel.m_space_lborel
borel	borel.measure_space_ext_lborel
borel	borel.measure_space_lborel
borel	borel.open_in_ext_euclidean_infty
borel	borel.open_in_ext_euclidean_neginf
borel	borel.open_in_ext_euclidean_posinf
borel	borel.real_in_borel_measurable
borel	borel.sets_lborel
borel	borel.sigma_finite_ext_lborel
borel	borel.sigma_finite_lborel
borel	borel.space_lborel
byte	byte.DIV_not_0
byte	byte.EL_bytes_of_num
byte	byte.EL_word_to_bytes_aux
byte	byte.LENGTH_be_bytes
byte	byte.LENGTH_bytes_of_num
byte	byte.LENGTH_word_to_bytes
byte	byte.LENGTH_word_to_bytes_aux
byte	byte.LENGTH_words_of_bytes
byte	byte.be_bytes_compute
byte	byte.be_bytes_def
byte	byte.be_bytes_ind
byte	byte.be_bytes_thm
byte	byte.bit_field_insert_self_word_slice_alt
byte	byte.byte_index_cycle
byte	byte.byte_index_lt_or_gt
byte	byte.byte_index_offset
byte	byte.bytes_of_num_compute
byte	byte.bytes_to_word_def
byte	byte.bytes_to_word_eq
byte	byte.bytes_to_word_ind
byte	byte.bytes_to_word_same
byte	byte.first_byte_at_0w
byte	byte.first_byte_at_offset
byte	byte.get_byte_cycle
byte	byte.get_byte_n2w_be
byte	byte.get_byte_n2w_le
byte	byte.get_byte_set_byte
byte	byte.get_byte_set_byte_irrelevant
byte	byte.get_byte_word_of_bytes_be
byte	byte.get_byte_word_of_bytes_le
byte	byte.num_of_bytes_APPEND
byte	byte.num_of_bytes_DIV_EXP_MOD
byte	byte.num_of_bytes_REPLICATE_0w
byte	byte.set_byte_32
byte	byte.set_byte_64
byte	byte.set_byte_bit_field_insert
byte	byte.set_byte_change_a
byte	byte.set_byte_cycle
byte	byte.set_byte_eq_or
byte	byte.set_byte_get_byte
byte	byte.set_byte_get_byte'
byte	byte.set_byte_get_byte_copy
byte	byte.set_byte_transpose
byte	byte.word_eq_of_get_byte
byte	byte.word_of_bytes_SNOC
byte	byte.word_of_bytes_bytes_to_word
byte	byte.word_of_bytes_eq_or
byte	byte.word_of_bytes_word_to_bytes
byte	byte.word_of_bytes_word_to_bytes_aux_be
byte	byte.word_of_bytes_word_to_bytes_aux_le
byte	byte.word_slice_alt_empty
byte	byte.word_slice_alt_full
byte	byte.word_slice_alt_shift
byte	byte.word_slice_alt_word_slice
byte	byte.word_slice_alt_zero
byte	byte.word_slice_shift
byte	byte.word_to_bytes_aux_compute
byte	byte.word_to_bytes_word_of_bytes_32
byte	byte.word_to_bytes_word_of_bytes_64
byte	byte.words_of_bytes_append
byte	byte.words_of_bytes_append_word
byte	byte.words_of_bytes_def
byte	byte.words_of_bytes_ind
cardinal	cardinal.BIGPROD_CONS
cardinal	cardinal.BIGPROD_EQ_EMPTY
cardinal	cardinal.BIGPROD_ONE
cardinal	cardinal.BIGPROD_SING
cardinal	cardinal.BIGPROD_pair
cardinal	cardinal.BIGPROD_thm
cardinal	cardinal.BIGPRODi_11
cardinal	cardinal.BIGPRODi_EQ_EMPTY
cardinal	cardinal.BIGPRODi_KNONE
cardinal	cardinal.BIGPRODi_SING_CEQ
cardinal	cardinal.BIGPRODi_SING_EQ
cardinal	cardinal.BIGPRODi_pair
cardinal	cardinal.BIJECTIVE_INJECTIVE_SURJECTIVE
cardinal	cardinal.BIJECTIVE_INVERSES
cardinal	cardinal.BIJ_functions_agree
cardinal	cardinal.CANTOR
cardinal	cardinal.CANTOR_THM
cardinal	cardinal.CANTOR_THM_UNIV
cardinal	cardinal.CARD1_SING
cardinal	cardinal.CARDEQ_0
cardinal	cardinal.CARDEQ_CARD
cardinal	cardinal.CARDEQ_CARDLEQ
cardinal	cardinal.CARDEQ_CARD_EQN
cardinal	cardinal.CARDEQ_CROSS
cardinal	cardinal.CARDEQ_CROSS_1
cardinal	cardinal.CARDEQ_CROSS_SYM
cardinal	cardinal.CARDEQ_DISJOINT_UNION
cardinal	cardinal.CARDEQ_FINITE
cardinal	cardinal.CARDEQ_INSERT_RWT
cardinal	cardinal.CARDEQ_SUBSET_CARDLEQ
cardinal	cardinal.CARDLEQ_CARD
cardinal	cardinal.CARDLEQ_CROSS_CONG
cardinal	cardinal.CARDLEQ_FINITE
cardinal	cardinal.CARD_12
cardinal	cardinal.CARD_ADD2_ABSORB_LE
cardinal	cardinal.CARD_ADD2_ABSORB_LT
cardinal	cardinal.CARD_ADD_ABSORB
cardinal	cardinal.CARD_ADD_ABSORB_LE
cardinal	cardinal.CARD_ADD_ASSOC
cardinal	cardinal.CARD_ADD_C
cardinal	cardinal.CARD_ADD_CONG
cardinal	cardinal.CARD_ADD_FINITE
cardinal	cardinal.CARD_ADD_FINITE_EQ
cardinal	cardinal.CARD_ADD_LE_MUL_INFINITE
cardinal	cardinal.CARD_ADD_SYM
cardinal	cardinal.CARD_BIGUNION
cardinal	cardinal.CARD_BIGUNION_LE
cardinal	cardinal.CARD_BOOL
cardinal	cardinal.CARD_CARDEQ_I
cardinal	cardinal.CARD_COUNTABLE_CONG
cardinal	cardinal.CARD_DISJOINT_UNION
cardinal	cardinal.CARD_EQ_BIJECTION
cardinal	cardinal.CARD_EQ_BIJECTIONS
cardinal	cardinal.CARD_EQ_CARD
cardinal	cardinal.CARD_EQ_CARD_IMP
cardinal	cardinal.CARD_EQ_CONG
cardinal	cardinal.CARD_EQ_COUNTABLE
cardinal	cardinal.CARD_EQ_EMPTY
cardinal	cardinal.CARD_EQ_FINITE
cardinal	cardinal.CARD_EQ_IMAGE
cardinal	cardinal.CARD_EQ_IMP_LE
cardinal	cardinal.CARD_EQ_REFL
cardinal	cardinal.CARD_EQ_SYM
cardinal	cardinal.CARD_EQ_TRANS
cardinal	cardinal.CARD_EXP_ABSORB
cardinal	cardinal.CARD_EXP_CANTOR
cardinal	cardinal.CARD_EXP_CONG
cardinal	cardinal.CARD_EXP_MUL
cardinal	cardinal.CARD_EXP_POWERSET
cardinal	cardinal.CARD_EXP_SING
cardinal	cardinal.CARD_EXP_UNIV
cardinal	cardinal.CARD_FINITE_CONG
cardinal	cardinal.CARD_HAS_SIZE_CONG
cardinal	cardinal.CARD_INFINITE_CONG
cardinal	cardinal.CARD_LDISTRIB
cardinal	cardinal.CARD_LET_TOTAL
cardinal	cardinal.CARD_LET_TRANS
cardinal	cardinal.CARD_LE_ADD
cardinal	cardinal.CARD_LE_ADDL
cardinal	cardinal.CARD_LE_ADDR
cardinal	cardinal.CARD_LE_ANTISYM
cardinal	cardinal.CARD_LE_CARD
cardinal	cardinal.CARD_LE_CARD_IMP
cardinal	cardinal.CARD_LE_CONG
cardinal	cardinal.CARD_LE_COUNTABLE
cardinal	cardinal.CARD_LE_EMPTY
cardinal	cardinal.CARD_LE_EQ_SUBSET
cardinal	cardinal.CARD_LE_EXP
cardinal	cardinal.CARD_LE_EXP_LEFT
cardinal	cardinal.CARD_LE_FINITE
cardinal	cardinal.CARD_LE_IMAGE
cardinal	cardinal.CARD_LE_IMAGE_GEN
cardinal	cardinal.CARD_LE_INFINITE
cardinal	cardinal.CARD_LE_INJ
cardinal	cardinal.CARD_LE_LT
cardinal	cardinal.CARD_LE_MUL
cardinal	cardinal.CARD_LE_REFL
cardinal	cardinal.CARD_LE_RELATIONAL
cardinal	cardinal.CARD_LE_SQUARE
cardinal	cardinal.CARD_LE_SUBSET
cardinal	cardinal.CARD_LE_TOTAL
cardinal	cardinal.CARD_LE_TRANS
cardinal	cardinal.CARD_LE_UNIV
cardinal	cardinal.CARD_LTE_TOTAL
cardinal	cardinal.CARD_LTE_TRANS
cardinal	cardinal.CARD_LT_ADD
cardinal	cardinal.CARD_LT_CARD
cardinal	cardinal.CARD_LT_CONG
cardinal	cardinal.CARD_LT_FINITE_INFINITE
cardinal	cardinal.CARD_LT_IMP_LE
cardinal	cardinal.CARD_LT_LE
cardinal	cardinal.CARD_LT_REFL
cardinal	cardinal.CARD_LT_TOTAL
cardinal	cardinal.CARD_LT_TRANS
cardinal	cardinal.CARD_MUL2_ABSORB_LE
cardinal	cardinal.CARD_MUL_ABSORB
cardinal	cardinal.CARD_MUL_ABSORB_LE
cardinal	cardinal.CARD_MUL_ASSOC
cardinal	cardinal.CARD_MUL_CONG
cardinal	cardinal.CARD_MUL_FINITE
cardinal	cardinal.CARD_MUL_FINITE_EQ
cardinal	cardinal.CARD_MUL_LT_INFINITE
cardinal	cardinal.CARD_MUL_LT_LEMMA
cardinal	cardinal.CARD_MUL_SYM
cardinal	cardinal.CARD_NOT_LE
cardinal	cardinal.CARD_NOT_LT
cardinal	cardinal.CARD_RDISTRIB
cardinal	cardinal.CARD_SQUARE_INFINITE
cardinal	cardinal.CARD_SQUARE_NUM
cardinal	cardinal.CARD_SUBSET_EQ
cardinal	cardinal.CONJ_EQ_IMP
cardinal	cardinal.COUNTABLE
cardinal	cardinal.COUNTABLE_ALT_cardleq
cardinal	cardinal.COUNTABLE_AS_IMAGE
cardinal	cardinal.COUNTABLE_AS_IMAGE_SUBSET
cardinal	cardinal.COUNTABLE_AS_IMAGE_SUBSET_EQ
cardinal	cardinal.COUNTABLE_AS_INJECTIVE_IMAGE
cardinal	cardinal.COUNTABLE_BIGUNION
cardinal	cardinal.COUNTABLE_CASES
cardinal	cardinal.COUNTABLE_CROSS
cardinal	cardinal.COUNTABLE_DELETE
cardinal	cardinal.COUNTABLE_DIFF_FINITE
cardinal	cardinal.COUNTABLE_EMPTY
cardinal	cardinal.COUNTABLE_IMAGE
cardinal	cardinal.COUNTABLE_IMAGE_INJ
cardinal	cardinal.COUNTABLE_IMAGE_INJ_EQ
cardinal	cardinal.COUNTABLE_IMAGE_INJ_GENERAL
cardinal	cardinal.COUNTABLE_INSERT
cardinal	cardinal.COUNTABLE_INTER
cardinal	cardinal.COUNTABLE_PRODUCT_DEPENDENT
cardinal	cardinal.COUNTABLE_RESTRICT
cardinal	cardinal.COUNTABLE_SING
cardinal	cardinal.COUNTABLE_UNION
cardinal	cardinal.COUNTABLE_UNION_IMP
cardinal	cardinal.EMPTY_CARDLEQ
cardinal	cardinal.EMPTY_set_exp
cardinal	cardinal.EMPTY_set_exp_CARD
cardinal	cardinal.EQ_C
cardinal	cardinal.EQ_C_BIJECTIONS
cardinal	cardinal.EXISTS_IN_GSPEC
cardinal	cardinal.FINITE_012
cardinal	cardinal.FINITE_BOOL
cardinal	cardinal.FINITE_CARD_LT
cardinal	cardinal.FINITE_CLE_INFINITE
cardinal	cardinal.FINITE_EXPONENT_SETEXP_COUNTABLE
cardinal	cardinal.FINITE_EXPONENT_SETEXP_UNCOUNTABLE
cardinal	cardinal.FINITE_IMAGE_INJ
cardinal	cardinal.FINITE_IMAGE_INJ_GENERAL
cardinal	cardinal.FINITE_IMP_COUNTABLE
cardinal	cardinal.FINITE_setexp
cardinal	cardinal.FORALL_COUNTABLE_AS_IMAGE
cardinal	cardinal.FORALL_IN_GSPEC
cardinal	cardinal.GE_C
cardinal	cardinal.HAS_SIZE_BOOL
cardinal	cardinal.HAS_SIZE_CLAUSES
cardinal	cardinal.IMAGE_cardleq
cardinal	cardinal.IMAGE_cardleq_rwt
cardinal	cardinal.IMP_CONJ_ALT
cardinal	cardinal.INFINITE_DIFF_FINITE
cardinal	cardinal.INFINITE_IMAGE_INJ
cardinal	cardinal.INFINITE_NONEMPTY
cardinal	cardinal.INFINITE_UNIV_INF
cardinal	cardinal.INFINITE_Unum
cardinal	cardinal.INFINITE_cardleq_INSERT
cardinal	cardinal.INJECTIVE_ALT
cardinal	cardinal.INJECTIVE_IMAGE
cardinal	cardinal.INJECTIVE_LEFT_INVERSE
cardinal	cardinal.INJECTIVE_ON_ALT
cardinal	cardinal.INJECTIVE_ON_IMAGE
cardinal	cardinal.INJECTIVE_ON_LEFT_INVERSE
cardinal	cardinal.INTER_ACI
cardinal	cardinal.IN_CARD_ADD
cardinal	cardinal.IN_CARD_MUL
cardinal	cardinal.IN_ELIM_PAIR_THM
cardinal	cardinal.LEFT_IMP_EXISTS_THM
cardinal	cardinal.LEFT_IMP_FORALL_THM
cardinal	cardinal.LE_C
cardinal	cardinal.MUL_C_UNIV
cardinal	cardinal.NUM_COUNTABLE
cardinal	cardinal.POW_EQ_X_EXP_X
cardinal	cardinal.POW_TWO_set_exp
cardinal	cardinal.RIGHT_IMP_EXISTS_THM
cardinal	cardinal.RIGHT_IMP_FORALL_THM
cardinal	cardinal.SET_SQUARED_CARDEQ_SET
cardinal	cardinal.SET_SUM_CARDEQ_SET
cardinal	cardinal.SING_SUBSET
cardinal	cardinal.SING_set_exp
cardinal	cardinal.SING_set_exp_CARD
cardinal	cardinal.SUBSET_CARDLEQ
cardinal	cardinal.SURJECTIVE_IMAGE
cardinal	cardinal.SURJECTIVE_IMAGE_THM
cardinal	cardinal.SURJECTIVE_ON_IMAGE
cardinal	cardinal.SURJECTIVE_ON_RIGHT_INVERSE
cardinal	cardinal.SURJECTIVE_RIGHT_INVERSE
cardinal	cardinal.UNCOUNTABLE_DIFF_COUNTABLE
cardinal	cardinal.UNCOUNTABLE_DIFF_FINITE
cardinal	cardinal.UNION_ACI
cardinal	cardinal.UNION_LE_ADD_C
cardinal	cardinal.UNIV_fun_exp
cardinal	cardinal.bijections_cardeq
cardinal	cardinal.bijns_alt_permutes
cardinal	cardinal.cardeq_INSERT
cardinal	cardinal.cardeq_REFL
cardinal	cardinal.cardeq_SYM
cardinal	cardinal.cardeq_TRANS
cardinal	cardinal.cardeq_addUnum
cardinal	cardinal.cardeq_bijns_cong
cardinal	cardinal.cardleq_ANTISYM
cardinal	cardinal.cardleq_ANTISYM_IFF
cardinal	cardinal.cardleq_REFL
cardinal	cardinal.cardleq_SURJ
cardinal	cardinal.cardleq_TRANS
cardinal	cardinal.cardleq_copy_wellorders
cardinal	cardinal.cardleq_dichotomy
cardinal	cardinal.cardleq_empty
cardinal	cardinal.cardleq_lt_trans
cardinal	cardinal.cardleq_lteq
cardinal	cardinal.cardleq_setexp
cardinal	cardinal.cardlt_REFL
cardinal	cardinal.cardlt_TRANS
cardinal	cardinal.cardlt_cardle
cardinal	cardinal.cardlt_lenoteq
cardinal	cardinal.cardlt_leq_trans
cardinal	cardinal.count_cardle
cardinal	cardinal.countable_cardeq
cardinal	cardinal.countable_setexp
cardinal	cardinal.countable_thm
cardinal	cardinal.disjoint_countable_decomposition
cardinal	cardinal.disjoint_countable_decomposition2
cardinal	cardinal.eq_c
cardinal	cardinal.exp_INSERT_cardeq
cardinal	cardinal.exp_c
cardinal	cardinal.exp_count_cardeq
cardinal	cardinal.finite_subsets_bijection
cardinal	cardinal.fnOfSet_SING
cardinal	cardinal.ge_c
cardinal	cardinal.gt_c
cardinal	cardinal.le_c
cardinal	cardinal.lt_c
cardinal	cardinal.mul_c
cardinal	cardinal.set_binomial2
cardinal	cardinal.set_exp_card_cong
cardinal	cardinal.set_exp_cardle_cong
cardinal	cardinal.set_exp_product
cardinal	cardinal.setexp_eq_EMPTY
cardinal	cardinal.tupNONE_IN_BIGPRODi
cardinal	cardinal.wellorder_destWO
coalgAxioms	coalgAxioms.BIJ_homs_iso
coalgAxioms	coalgAxioms.Fpushout_def
coalgAxioms	coalgAxioms.Fpushout_ind
coalgAxioms	coalgAxioms.INJ_homs_mono
coalgAxioms	coalgAxioms.SURJ_homs_epi
coalgAxioms	coalgAxioms.UNIV_system
coalgAxioms	coalgAxioms.bisim_RUNION
coalgAxioms	coalgAxioms.bisim_gbisim
coalgAxioms	coalgAxioms.bisim_system
coalgAxioms	coalgAxioms.bisimilar_equivalence
coalgAxioms	coalgAxioms.bisimulations_compose
coalgAxioms	coalgAxioms.bounded_def
coalgAxioms	coalgAxioms.bounded_ind
coalgAxioms	coalgAxioms.bquot_coequalizer
coalgAxioms	coalgAxioms.bquot_correct
coalgAxioms	coalgAxioms.coequalizer_def
coalgAxioms	coalgAxioms.coequalizer_ind
coalgAxioms	coalgAxioms.coequalizer_thm
coalgAxioms	coalgAxioms.epi_Fpushout
coalgAxioms	coalgAxioms.epi_def
coalgAxioms	coalgAxioms.epi_ind
coalgAxioms	coalgAxioms.gbisim_equivalence
coalgAxioms	coalgAxioms.genS_correct
coalgAxioms	coalgAxioms.hom_ID
coalgAxioms	coalgAxioms.hom_implies_restr
coalgAxioms	coalgAxioms.hom_shom
coalgAxioms	coalgAxioms.homs_compose
coalgAxioms	coalgAxioms.iso_SYM
coalgAxioms	coalgAxioms.iso_inj_hom
coalgAxioms	coalgAxioms.lemma2_4_1
coalgAxioms	coalgAxioms.lemma2_4_2
coalgAxioms	coalgAxioms.lemma5_3
coalgAxioms	coalgAxioms.mapO'
coalgAxioms	coalgAxioms.map_preserves_INJ
coalgAxioms	coalgAxioms.map_preserves_funs
coalgAxioms	coalgAxioms.prop5_1
coalgAxioms	coalgAxioms.prop5_7
coalgAxioms	coalgAxioms.prop5_8
coalgAxioms	coalgAxioms.prop5_9_1
coalgAxioms	coalgAxioms.prop5_9_2
coalgAxioms	coalgAxioms.prop6_1
coalgAxioms	coalgAxioms.prop6_2
coalgAxioms	coalgAxioms.relEQ
coalgAxioms	coalgAxioms.relF_inv
coalgAxioms	coalgAxioms.relO_EQ
coalgAxioms	coalgAxioms.rel_monotone
coalgAxioms	coalgAxioms.sbisimulation_projns_homo
coalgAxioms	coalgAxioms.set_map'
coalgAxioms	coalgAxioms.simple_eq3
coalgAxioms	coalgAxioms.simple_imp4
coalgAxioms	coalgAxioms.subsystem_ALT
coalgAxioms	coalgAxioms.subsystem_INTER
coalgAxioms	coalgAxioms.subsystem_INTER2
coalgAxioms	coalgAxioms.subsystem_UNION
coalgAxioms	coalgAxioms.subsystem_refl
coalgAxioms	coalgAxioms.subsystem_system
coalgAxioms	coalgAxioms.system_members
coalgAxioms	coalgAxioms.thm2_5
coalgAxioms	coalgAxioms.thm5_2
coalgAxioms	coalgAxioms.thm5_4
coalgAxioms	coalgAxioms.thm5_5
coalgAxioms	coalgAxioms.thm6_3_1
coalgAxioms	coalgAxioms.thm6_3_2
coalgAxioms	coalgAxioms.thm7_1
coalgAxioms	coalgAxioms.thm7_2
coalgAxioms	coalgAxioms.thm7_3
combin	combin.APPLY_UPDATE_ID
combin	combin.APPLY_UPDATE_THM
combin	combin.ASSOC_CONJ
combin	combin.ASSOC_DISJ
combin	combin.ASSOC_SYM
combin	combin.C_ABS_L
combin	combin.C_THM
combin	combin.EXTENSIONAL_RESTRICTION
combin	combin.FAIL_THM
combin	combin.FCOMM_ASSOC
combin	combin.GEN_LET_RAND
combin	combin.GEN_LET_RATOR
combin	combin.GEN_literal_case_RAND
combin	combin.GEN_literal_case_RATOR
combin	combin.IN_EXTENSIONAL
combin	combin.IN_EXTENSIONAL_UNDEFINED
combin	combin.I_EQ_IDABS
combin	combin.I_THM
combin	combin.I_o_ID
combin	combin.K_PARTIAL
combin	combin.K_THM
combin	combin.K_o_THM
combin	combin.LET_FORALL_ELIM
combin	combin.MONOID_CONJ_T
combin	combin.MONOID_DISJ_F
combin	combin.RESTRICTION_DEFINED
combin	combin.RESTRICTION_EQ
combin	combin.RESTRICTION_THM
combin	combin.RESTRICTION_UNDEFINED
combin	combin.SAME_KEY_UPDATE_DIFFER
combin	combin.S_ABS_L
combin	combin.S_ABS_R
combin	combin.S_THM
combin	combin.UPD11_SAME_BASE
combin	combin.UPD11_SAME_KEY_AND_BASE
combin	combin.UPDATE_APPLY
combin	combin.UPDATE_APPLY1
combin	combin.UPDATE_APPLY_ID
combin	combin.UPDATE_APPLY_ID_RWT
combin	combin.UPDATE_APPLY_IMP_ID
combin	combin.UPDATE_COMMUTES
combin	combin.UPDATE_EQ
combin	combin.UPD_SAME_KEY_UNWIND
combin	combin.W_THM
combin	combin.literal_case_FORALL_ELIM
combin	combin.o_ABS_L
combin	combin.o_ABS_R
combin	combin.o_ASSOC
combin	combin.o_ASSOC'
combin	combin.o_CONG
combin	combin.o_THM
combinatorics	combinatorics.CARD_LIST_TO_SET_EQ
combinatorics	combinatorics.DILATE_0_0
combinatorics	combinatorics.DILATE_0_CONS
combinatorics	combinatorics.DILATE_0_EL
combinatorics	combinatorics.DILATE_0_EQ_NIL
combinatorics	combinatorics.DILATE_0_LAST
combinatorics	combinatorics.DILATE_0_LENGTH
combinatorics	combinatorics.DILATE_0_LENGTH_LOWER
combinatorics	combinatorics.DILATE_0_LENGTH_UPPER
combinatorics	combinatorics.DILATE_0_SUC
combinatorics	combinatorics.DILATE_CONS
combinatorics	combinatorics.DILATE_NIL
combinatorics	combinatorics.DILATE_SING
combinatorics	combinatorics.DILATE_def
combinatorics	combinatorics.DILATE_ind
combinatorics	combinatorics.EL_ALL_PROPERTY
combinatorics	combinatorics.EVERY_ELEMENT_PROPERTY
combinatorics	combinatorics.EVERY_LT_IMP_EVERY_LE
combinatorics	combinatorics.EVERY_MONOTONIC_MAP
combinatorics	combinatorics.EXISTS_triple
combinatorics	combinatorics.FILTER_EL_NEXT_IDX
combinatorics	combinatorics.FINITE_SURJ_IFF
combinatorics	combinatorics.FORALL_triple
combinatorics	combinatorics.FUNPOW_cons_eq_map_0
combinatorics	combinatorics.FUNPOW_cons_eq_map_1
combinatorics	combinatorics.FUNPOW_cons_head
combinatorics	combinatorics.FUNSET_ALT
combinatorics	combinatorics.GENLIST_MONO_DEC
combinatorics	combinatorics.GENLIST_MONO_INC
combinatorics	combinatorics.GENLIST_binomial_index_shift
combinatorics	combinatorics.INJ_IFF_BIJ_IMAGE
combinatorics	combinatorics.INJ_IMAGE_BIJ_IFF
combinatorics	combinatorics.INJ_IMAGE_IFF
combinatorics	combinatorics.LIST_TO_SET_REDUCTION
combinatorics	combinatorics.LUPDATE_APPEND_0
combinatorics	combinatorics.LUPDATE_APPEND_0_1
combinatorics	combinatorics.LUPDATE_APPEND_1
combinatorics	combinatorics.LUPDATE_DIFF_SPOT
combinatorics	combinatorics.LUPDATE_EL
combinatorics	combinatorics.LUPDATE_LEN
combinatorics	combinatorics.LUPDATE_SAME_SPOT
combinatorics	combinatorics.MAP2_LE
combinatorics	combinatorics.MAP3_LE
combinatorics	combinatorics.MAP_LE
combinatorics	combinatorics.MAX_LIST_MONO_MAP
combinatorics	combinatorics.MDILATE_0
combinatorics	combinatorics.MDILATE_1
combinatorics	combinatorics.MDILATE_CONS
combinatorics	combinatorics.MDILATE_EL
combinatorics	combinatorics.MDILATE_EQ_NIL
combinatorics	combinatorics.MDILATE_LAST
combinatorics	combinatorics.MDILATE_LENGTH
combinatorics	combinatorics.MDILATE_LENGTH_LOWER
combinatorics	combinatorics.MDILATE_LENGTH_UPPER
combinatorics	combinatorics.MDILATE_NIL
combinatorics	combinatorics.MDILATE_SING
combinatorics	combinatorics.MEM_MAP2
combinatorics	combinatorics.MEM_MAP2_LOWER
combinatorics	combinatorics.MEM_MAP2_UPPER
combinatorics	combinatorics.MEM_MAP3
combinatorics	combinatorics.MEM_MAP3_LOWER
combinatorics	combinatorics.MEM_MAP3_UPPER
combinatorics	combinatorics.MEM_MAP_LOWER
combinatorics	combinatorics.MEM_MAP_UPPER
combinatorics	combinatorics.MIN_LIST_MONO_MAP
combinatorics	combinatorics.MONO_LIST_TO_SET
combinatorics	combinatorics.PAD_LEFT_0
combinatorics	combinatorics.PAD_LEFT_BY_LEFT
combinatorics	combinatorics.PAD_LEFT_BY_RIGHT
combinatorics	combinatorics.PAD_LEFT_CONS
combinatorics	combinatorics.PAD_LEFT_EQ_NIL
combinatorics	combinatorics.PAD_LEFT_ID
combinatorics	combinatorics.PAD_LEFT_LAST
combinatorics	combinatorics.PAD_LEFT_LENGTH
combinatorics	combinatorics.PAD_LEFT_NIL
combinatorics	combinatorics.PAD_LEFT_NIL_EQ
combinatorics	combinatorics.PAD_RIGHT_0
combinatorics	combinatorics.PAD_RIGHT_BY_LEFT
combinatorics	combinatorics.PAD_RIGHT_BY_RIGHT
combinatorics	combinatorics.PAD_RIGHT_CONS
combinatorics	combinatorics.PAD_RIGHT_EQ_NIL
combinatorics	combinatorics.PAD_RIGHT_ID
combinatorics	combinatorics.PAD_RIGHT_LENGTH
combinatorics	combinatorics.PAD_RIGHT_NIL
combinatorics	combinatorics.PAD_RIGHT_NIL_EQ
combinatorics	combinatorics.PAD_RIGHT_SNOC
combinatorics	combinatorics.POSITIVE_THM
combinatorics	combinatorics.PROD_ACC_PROD_LEM
combinatorics	combinatorics.PROD_ACC_SUM_LEM
combinatorics	combinatorics.PROD_APPEND
combinatorics	combinatorics.PROD_CONS
combinatorics	combinatorics.PROD_CONSTANT
combinatorics	combinatorics.PROD_EQ_0
combinatorics	combinatorics.PROD_GENLIST_K
combinatorics	combinatorics.PROD_IMAGE_eq_PROD_MAP_SET_TO_LIST
combinatorics	combinatorics.PROD_MAP_FOLDL
combinatorics	combinatorics.PROD_NIL
combinatorics	combinatorics.PROD_POS
combinatorics	combinatorics.PROD_POS_ALT
combinatorics	combinatorics.PROD_PROD_ACC
combinatorics	combinatorics.PROD_SING
combinatorics	combinatorics.PROD_SNOC
combinatorics	combinatorics.PROD_SQUARING_LIST
combinatorics	combinatorics.PROD_eq_1
combinatorics	combinatorics.PROD_eval
combinatorics	combinatorics.SUM_ADD_GENLIST
combinatorics	combinatorics.SUM_CONS
combinatorics	combinatorics.SUM_CONSTANT
combinatorics	combinatorics.SUM_DECOMPOSE_FIRST
combinatorics	combinatorics.SUM_DECOMPOSE_FIRST_LAST
combinatorics	combinatorics.SUM_DECOMPOSE_LAST
combinatorics	combinatorics.SUM_DOUBLING_LIST
combinatorics	combinatorics.SUM_EQ_0
combinatorics	combinatorics.SUM_GENLIST
combinatorics	combinatorics.SUM_GENLIST_APPEND
combinatorics	combinatorics.SUM_GENLIST_K
combinatorics	combinatorics.SUM_GENLIST_MOD
combinatorics	combinatorics.SUM_GENLIST_REVERSE
combinatorics	combinatorics.SUM_IMAGE_count
combinatorics	combinatorics.SUM_IMAGE_upto
combinatorics	combinatorics.SUM_LE
combinatorics	combinatorics.SUM_LEFT_ADD_DISTRIB
combinatorics	combinatorics.SUM_LE_EL
combinatorics	combinatorics.SUM_LE_MEM
combinatorics	combinatorics.SUM_LE_SUM_EL
combinatorics	combinatorics.SUM_LOWER
combinatorics	combinatorics.SUM_MAP2_K
combinatorics	combinatorics.SUM_MAP2_UPPER
combinatorics	combinatorics.SUM_MAP3_K
combinatorics	combinatorics.SUM_MAP3_UPPER
combinatorics	combinatorics.SUM_MAP_K
combinatorics	combinatorics.SUM_MAP_K_LE
combinatorics	combinatorics.SUM_MAP_LE
combinatorics	combinatorics.SUM_MAP_LT
combinatorics	combinatorics.SUM_MAP_UPPER
combinatorics	combinatorics.SUM_MOD
combinatorics	combinatorics.SUM_MONO_MAP
combinatorics	combinatorics.SUM_MONO_MAP2
combinatorics	combinatorics.SUM_MONO_MAP3
combinatorics	combinatorics.SUM_MULT
combinatorics	combinatorics.SUM_NIL
combinatorics	combinatorics.SUM_RIGHT_ADD_DISTRIB
combinatorics	combinatorics.SUM_SING
combinatorics	combinatorics.SUM_UPPER
combinatorics	combinatorics.SURJ_CARD_IMAGE_EQ
combinatorics	combinatorics.arithmetic_sum_eqn
combinatorics	combinatorics.arithmetic_sum_eqn_alt
combinatorics	combinatorics.arrange_0_n
combinatorics	combinatorics.arrange_alt
combinatorics	combinatorics.arrange_eq_0
combinatorics	combinatorics.arrange_eqn
combinatorics	combinatorics.arrange_formula
combinatorics	combinatorics.arrange_formula2
combinatorics	combinatorics.arrange_n_0
combinatorics	combinatorics.arrange_n_n
combinatorics	combinatorics.arrange_n_n_alt
combinatorics	combinatorics.beta_0_n
combinatorics	combinatorics.beta_alt
combinatorics	combinatorics.beta_divides_beta_factor
combinatorics	combinatorics.beta_eq_0
combinatorics	combinatorics.beta_eqn
combinatorics	combinatorics.beta_horizontal_0
combinatorics	combinatorics.beta_horizontal_alt
combinatorics	combinatorics.beta_horizontal_element
combinatorics	combinatorics.beta_horizontal_eqn
combinatorics	combinatorics.beta_horizontal_len
combinatorics	combinatorics.beta_horizontal_mem
combinatorics	combinatorics.beta_horizontal_mem_iff
combinatorics	combinatorics.beta_horizontal_member
combinatorics	combinatorics.beta_less_0
combinatorics	combinatorics.beta_n_0
combinatorics	combinatorics.beta_pos
combinatorics	combinatorics.beta_sym
combinatorics	combinatorics.big_lcm_corner_transform
combinatorics	combinatorics.big_lcm_count_lower_bound
combinatorics	combinatorics.big_lcm_eq_list_lcm
combinatorics	combinatorics.big_lcm_ge_max
combinatorics	combinatorics.big_lcm_lower_bound
combinatorics	combinatorics.big_lcm_natural_eqn
combinatorics	combinatorics.big_lcm_non_decreasing
combinatorics	combinatorics.big_lcm_row_transform
combinatorics	combinatorics.big_lcm_seg_transform
combinatorics	combinatorics.bij_eq_card
combinatorics	combinatorics.bij_eq_card_eq
combinatorics	combinatorics.bij_eq_count
combinatorics	combinatorics.bij_eq_empty
combinatorics	combinatorics.bij_eq_equiv_on
combinatorics	combinatorics.bij_eq_finite
combinatorics	combinatorics.bij_eq_refl
combinatorics	combinatorics.bij_eq_sym
combinatorics	combinatorics.bij_eq_trans
combinatorics	combinatorics.bij_iff_preimage_card_eq_1
combinatorics	combinatorics.bij_preimage_sing
combinatorics	combinatorics.binomial_0_n
combinatorics	combinatorics.binomial_1_n
combinatorics	combinatorics.binomial_alt
combinatorics	combinatorics.binomial_compute
combinatorics	combinatorics.binomial_def
combinatorics	combinatorics.binomial_eq_0
combinatorics	combinatorics.binomial_fact
combinatorics	combinatorics.binomial_formula
combinatorics	combinatorics.binomial_formula2
combinatorics	combinatorics.binomial_formula3
combinatorics	combinatorics.binomial_horizontal_0
combinatorics	combinatorics.binomial_horizontal_element
combinatorics	combinatorics.binomial_horizontal_len
combinatorics	combinatorics.binomial_horizontal_max
combinatorics	combinatorics.binomial_horizontal_mem
combinatorics	combinatorics.binomial_horizontal_mem_iff
combinatorics	combinatorics.binomial_horizontal_member
combinatorics	combinatorics.binomial_horizontal_pos
combinatorics	combinatorics.binomial_horizontal_pos_alt
combinatorics	combinatorics.binomial_horizontal_sum
combinatorics	combinatorics.binomial_iff
combinatorics	combinatorics.binomial_ind
combinatorics	combinatorics.binomial_index_shift
combinatorics	combinatorics.binomial_is_integer
combinatorics	combinatorics.binomial_less_0
combinatorics	combinatorics.binomial_max
combinatorics	combinatorics.binomial_middle_by_stirling
combinatorics	combinatorics.binomial_middle_upper_bound
combinatorics	combinatorics.binomial_mod_zero
combinatorics	combinatorics.binomial_mod_zero_alt
combinatorics	combinatorics.binomial_monotone
combinatorics	combinatorics.binomial_n_0
combinatorics	combinatorics.binomial_n_1
combinatorics	combinatorics.binomial_n_k
combinatorics	combinatorics.binomial_n_n
combinatorics	combinatorics.binomial_pos
combinatorics	combinatorics.binomial_product_identity
combinatorics	combinatorics.binomial_range_shift
combinatorics	combinatorics.binomial_range_shift_alt
combinatorics	combinatorics.binomial_recurrence
combinatorics	combinatorics.binomial_right
combinatorics	combinatorics.binomial_right_eqn
combinatorics	combinatorics.binomial_row_max
combinatorics	combinatorics.binomial_sum
combinatorics	combinatorics.binomial_sum_alt
combinatorics	combinatorics.binomial_sym
combinatorics	combinatorics.binomial_term_merge_x
combinatorics	combinatorics.binomial_term_merge_y
combinatorics	combinatorics.binomial_thm
combinatorics	combinatorics.binomial_thm_alt
combinatorics	combinatorics.binomial_thm_prime
combinatorics	combinatorics.binomial_up
combinatorics	combinatorics.binomial_up_eqn
combinatorics	combinatorics.choose_0_n
combinatorics	combinatorics.choose_1_n
combinatorics	combinatorics.choose_alt
combinatorics	combinatorics.choose_eq_0
combinatorics	combinatorics.choose_eqn
combinatorics	combinatorics.choose_n_0
combinatorics	combinatorics.choose_n_1
combinatorics	combinatorics.choose_n_n
combinatorics	combinatorics.choose_recurrence
combinatorics	combinatorics.choose_sum_over_all
combinatorics	combinatorics.choose_sum_over_count
combinatorics	combinatorics.count_power_partition
combinatorics	combinatorics.datatype_triple
combinatorics	combinatorics.divides_binomials_imp_prime
combinatorics	combinatorics.feq_set_equiv
combinatorics	combinatorics.finite_surj_inj_iff
combinatorics	combinatorics.gcd_prime_product_property
combinatorics	combinatorics.geometric_sum_eqn
combinatorics	combinatorics.geometric_sum_eqn_alt
combinatorics	combinatorics.head_turn
combinatorics	combinatorics.head_turn_exp
combinatorics	combinatorics.inj_iff_preimage_card_le_1
combinatorics	combinatorics.inj_preimage_empty_or_sing
combinatorics	combinatorics.interleave_alt
combinatorics	combinatorics.interleave_card
combinatorics	combinatorics.interleave_count_inj
combinatorics	combinatorics.interleave_disjoint
combinatorics	combinatorics.interleave_distinct
combinatorics	combinatorics.interleave_distinct_alt
combinatorics	combinatorics.interleave_element
combinatorics	combinatorics.interleave_eq
combinatorics	combinatorics.interleave_finite
combinatorics	combinatorics.interleave_has_cons
combinatorics	combinatorics.interleave_length
combinatorics	combinatorics.interleave_nil
combinatorics	combinatorics.interleave_not_empty
combinatorics	combinatorics.interleave_revert
combinatorics	combinatorics.interleave_revert_count
combinatorics	combinatorics.interleave_set
combinatorics	combinatorics.interleave_set_alt
combinatorics	combinatorics.lcm_lower_bound
combinatorics	combinatorics.lcm_lower_bound_by_big_lcm
combinatorics	combinatorics.lcm_lower_bound_by_big_lcm_stirling
combinatorics	combinatorics.lcm_lower_bound_by_list_lcm
combinatorics	combinatorics.lcm_lower_bound_by_list_lcm_stirling
combinatorics	combinatorics.lcm_prime_product_property
combinatorics	combinatorics.lcm_run_0
combinatorics	combinatorics.lcm_run_1
combinatorics	combinatorics.lcm_run_alt
combinatorics	combinatorics.lcm_run_beta_divisor
combinatorics	combinatorics.lcm_run_bound_recurrence
combinatorics	combinatorics.lcm_run_by_FOLDL
combinatorics	combinatorics.lcm_run_by_FOLDR
combinatorics	combinatorics.lcm_run_by_beta_horizontal
combinatorics	combinatorics.lcm_run_divides_property
combinatorics	combinatorics.lcm_run_divides_property_alt
combinatorics	combinatorics.lcm_run_divisors
combinatorics	combinatorics.lcm_run_even_lower
combinatorics	combinatorics.lcm_run_even_lower_alt
combinatorics	combinatorics.lcm_run_leibniz_divisor
combinatorics	combinatorics.lcm_run_lower
combinatorics	combinatorics.lcm_run_lower_better
combinatorics	combinatorics.lcm_run_lower_better_iff
combinatorics	combinatorics.lcm_run_lower_even
combinatorics	combinatorics.lcm_run_lower_even_iff
combinatorics	combinatorics.lcm_run_lower_good
combinatorics	combinatorics.lcm_run_lower_odd
combinatorics	combinatorics.lcm_run_lower_odd_iff
combinatorics	combinatorics.lcm_run_lower_simple
combinatorics	combinatorics.lcm_run_monotone
combinatorics	combinatorics.lcm_run_odd_factor
combinatorics	combinatorics.lcm_run_odd_lower
combinatorics	combinatorics.lcm_run_odd_lower_alt
combinatorics	combinatorics.lcm_run_pos
combinatorics	combinatorics.lcm_run_small
combinatorics	combinatorics.lcm_run_suc
combinatorics	combinatorics.lcm_run_upper_bound
combinatorics	combinatorics.lcm_upto_0
combinatorics	combinatorics.lcm_upto_1
combinatorics	combinatorics.lcm_upto_SUC
combinatorics	combinatorics.lcm_upto_alt
combinatorics	combinatorics.lcm_upto_compute
combinatorics	combinatorics.lcm_upto_divisors
combinatorics	combinatorics.lcm_upto_eq_list_lcm
combinatorics	combinatorics.lcm_upto_leibniz_divisor
combinatorics	combinatorics.lcm_upto_lower
combinatorics	combinatorics.lcm_upto_lower_better
combinatorics	combinatorics.lcm_upto_lower_even
combinatorics	combinatorics.lcm_upto_lower_odd
combinatorics	combinatorics.lcm_upto_monotone
combinatorics	combinatorics.lcm_upto_pos
combinatorics	combinatorics.lcm_upto_small
combinatorics	combinatorics.leibniz_0_n
combinatorics	combinatorics.leibniz_alt
combinatorics	combinatorics.leibniz_binomial_identity
combinatorics	combinatorics.leibniz_col_arm_0
combinatorics	combinatorics.leibniz_col_arm_1
combinatorics	combinatorics.leibniz_col_arm_cons
combinatorics	combinatorics.leibniz_col_arm_el
combinatorics	combinatorics.leibniz_col_arm_len
combinatorics	combinatorics.leibniz_col_arm_n_0
combinatorics	combinatorics.leibniz_col_arm_wriggle_row_arm
combinatorics	combinatorics.leibniz_col_def
combinatorics	combinatorics.leibniz_col_eq_natural
combinatorics	combinatorics.leibniz_def_alt
combinatorics	combinatorics.leibniz_divides_leibniz_factor
combinatorics	combinatorics.leibniz_eq_0
combinatorics	combinatorics.leibniz_eqn
combinatorics	combinatorics.leibniz_formula
combinatorics	combinatorics.leibniz_horizontal_0
combinatorics	combinatorics.leibniz_horizontal_alt
combinatorics	combinatorics.leibniz_horizontal_average
combinatorics	combinatorics.leibniz_horizontal_average_eqn
combinatorics	combinatorics.leibniz_horizontal_divisor
combinatorics	combinatorics.leibniz_horizontal_el
combinatorics	combinatorics.leibniz_horizontal_element
combinatorics	combinatorics.leibniz_horizontal_head
combinatorics	combinatorics.leibniz_horizontal_lcm_alt
combinatorics	combinatorics.leibniz_horizontal_lcm_lower
combinatorics	combinatorics.leibniz_horizontal_len
combinatorics	combinatorics.leibniz_horizontal_mem
combinatorics	combinatorics.leibniz_horizontal_mem_iff
combinatorics	combinatorics.leibniz_horizontal_member
combinatorics	combinatorics.leibniz_horizontal_member_divides
combinatorics	combinatorics.leibniz_horizontal_pos
combinatorics	combinatorics.leibniz_horizontal_pos_alt
combinatorics	combinatorics.leibniz_horizontal_sum
combinatorics	combinatorics.leibniz_horizontal_sum_eqn
combinatorics	combinatorics.leibniz_horizontal_wriggle
combinatorics	combinatorics.leibniz_horizontal_wriggle_step
combinatorics	combinatorics.leibniz_horizontal_zigzag
combinatorics	combinatorics.leibniz_lcm_exchange
combinatorics	combinatorics.leibniz_lcm_invariance
combinatorics	combinatorics.leibniz_lcm_property
combinatorics	combinatorics.leibniz_less_0
combinatorics	combinatorics.leibniz_middle_lower
combinatorics	combinatorics.leibniz_monotone
combinatorics	combinatorics.leibniz_n_0
combinatorics	combinatorics.leibniz_n_k
combinatorics	combinatorics.leibniz_n_n
combinatorics	combinatorics.leibniz_pos
combinatorics	combinatorics.leibniz_property
combinatorics	combinatorics.leibniz_recurrence
combinatorics	combinatorics.leibniz_right
combinatorics	combinatorics.leibniz_right_alt
combinatorics	combinatorics.leibniz_right_entry
combinatorics	combinatorics.leibniz_right_eqn
combinatorics	combinatorics.leibniz_row_def
combinatorics	combinatorics.leibniz_seg_arm_0
combinatorics	combinatorics.leibniz_seg_arm_1
combinatorics	combinatorics.leibniz_seg_arm_el
combinatorics	combinatorics.leibniz_seg_arm_head
combinatorics	combinatorics.leibniz_seg_arm_len
combinatorics	combinatorics.leibniz_seg_arm_n_0
combinatorics	combinatorics.leibniz_seg_arm_wriggle_row_arm
combinatorics	combinatorics.leibniz_seg_arm_wriggle_step
combinatorics	combinatorics.leibniz_seg_arm_zigzag_step
combinatorics	combinatorics.leibniz_seg_def
combinatorics	combinatorics.leibniz_sym
combinatorics	combinatorics.leibniz_triplet_0
combinatorics	combinatorics.leibniz_triplet_lcm
combinatorics	combinatorics.leibniz_triplet_member
combinatorics	combinatorics.leibniz_triplet_property
combinatorics	combinatorics.leibniz_up
combinatorics	combinatorics.leibniz_up_0
combinatorics	combinatorics.leibniz_up_alt
combinatorics	combinatorics.leibniz_up_cons
combinatorics	combinatorics.leibniz_up_entry
combinatorics	combinatorics.leibniz_up_eqn
combinatorics	combinatorics.leibniz_up_lcm_eq_horizontal_lcm
combinatorics	combinatorics.leibniz_up_len
combinatorics	combinatorics.leibniz_up_mem
combinatorics	combinatorics.leibniz_up_pos
combinatorics	combinatorics.leibniz_up_wriggle_horizontal
combinatorics	combinatorics.leibniz_up_wriggle_horizontal_alt
combinatorics	combinatorics.leibniz_vertical_0
combinatorics	combinatorics.leibniz_vertical_alt
combinatorics	combinatorics.leibniz_vertical_divisor
combinatorics	combinatorics.leibniz_vertical_lcm_lower
combinatorics	combinatorics.leibniz_vertical_len
combinatorics	combinatorics.leibniz_vertical_mem
combinatorics	combinatorics.leibniz_vertical_not_nil
combinatorics	combinatorics.leibniz_vertical_pos
combinatorics	combinatorics.leibniz_vertical_pos_alt
combinatorics	combinatorics.leibniz_vertical_snoc
combinatorics	combinatorics.leibniz_wriggle_refl
combinatorics	combinatorics.leibniz_wriggle_tail
combinatorics	combinatorics.leibniz_wriggle_trans
combinatorics	combinatorics.leibniz_zigzag_tail
combinatorics	combinatorics.leibniz_zigzag_wriggle
combinatorics	combinatorics.listRangeINC_MONO_INC
combinatorics	combinatorics.listRangeINC_PROD
combinatorics	combinatorics.listRangeINC_PROD_pos
combinatorics	combinatorics.listRangeLHI_MONO_INC
combinatorics	combinatorics.listRangeLHI_PROD
combinatorics	combinatorics.listRangeLHI_PROD_pos
combinatorics	combinatorics.list_count_0_n
combinatorics	combinatorics.list_count_alt
combinatorics	combinatorics.list_count_by_image
combinatorics	combinatorics.list_count_element
combinatorics	combinatorics.list_count_element_alt
combinatorics	combinatorics.list_count_element_perm_set_not_empty
combinatorics	combinatorics.list_count_element_set_card
combinatorics	combinatorics.list_count_eq_empty
combinatorics	combinatorics.list_count_eqn
combinatorics	combinatorics.list_count_finite
combinatorics	combinatorics.list_count_n_0
combinatorics	combinatorics.list_count_n_n
combinatorics	combinatorics.list_count_set_eq_class
combinatorics	combinatorics.list_count_set_eq_class_card
combinatorics	combinatorics.list_count_set_map_bij
combinatorics	combinatorics.list_count_set_map_element
combinatorics	combinatorics.list_count_set_map_inj
combinatorics	combinatorics.list_count_set_map_surj
combinatorics	combinatorics.list_count_set_partititon_element_card
combinatorics	combinatorics.list_count_subset
combinatorics	combinatorics.list_lcm_absorption
combinatorics	combinatorics.list_lcm_append
combinatorics	combinatorics.list_lcm_append_3
combinatorics	combinatorics.list_lcm_by_FOLDL
combinatorics	combinatorics.list_lcm_by_FOLDR
combinatorics	combinatorics.list_lcm_cons
combinatorics	combinatorics.list_lcm_divisor_lcm_pair
combinatorics	combinatorics.list_lcm_eq_if_set_eq
combinatorics	combinatorics.list_lcm_ge_max
combinatorics	combinatorics.list_lcm_is_common_multiple
combinatorics	combinatorics.list_lcm_is_least_common_multiple
combinatorics	combinatorics.list_lcm_lower_bound
combinatorics	combinatorics.list_lcm_lower_bound_alt
combinatorics	combinatorics.list_lcm_lower_by_lcm_pair
combinatorics	combinatorics.list_lcm_map_times
combinatorics	combinatorics.list_lcm_nil
combinatorics	combinatorics.list_lcm_nonempty_lower
combinatorics	combinatorics.list_lcm_nonempty_lower_alt
combinatorics	combinatorics.list_lcm_nub
combinatorics	combinatorics.list_lcm_nub_eq_if_set_eq
combinatorics	combinatorics.list_lcm_pos
combinatorics	combinatorics.list_lcm_pos_alt
combinatorics	combinatorics.list_lcm_prime_factor
combinatorics	combinatorics.list_lcm_prime_factor_member
combinatorics	combinatorics.list_lcm_reverse
combinatorics	combinatorics.list_lcm_sing
combinatorics	combinatorics.list_lcm_snoc
combinatorics	combinatorics.list_lcm_suc
combinatorics	combinatorics.list_lcm_upper_by_common_multiple
combinatorics	combinatorics.list_lcm_wriggle
combinatorics	combinatorics.list_lcm_zigzag
combinatorics	combinatorics.list_length_eq_sum
combinatorics	combinatorics.list_length_le_sum
combinatorics	combinatorics.list_product_prime_factor
combinatorics	combinatorics.monocoloured_0
combinatorics	combinatorics.monocoloured_0_card
combinatorics	combinatorics.monocoloured_1
combinatorics	combinatorics.monocoloured_card
combinatorics	combinatorics.monocoloured_card_eqn
combinatorics	combinatorics.monocoloured_element
combinatorics	combinatorics.monocoloured_empty
combinatorics	combinatorics.monocoloured_eqn
combinatorics	combinatorics.monocoloured_finite
combinatorics	combinatorics.monocoloured_mono
combinatorics	combinatorics.monocoloured_necklace
combinatorics	combinatorics.monocoloured_subset
combinatorics	combinatorics.monocoloured_suc
combinatorics	combinatorics.multi_mono_disjoint
combinatorics	combinatorics.multi_mono_exhaust
combinatorics	combinatorics.multicoloured_0
combinatorics	combinatorics.multicoloured_1
combinatorics	combinatorics.multicoloured_card
combinatorics	combinatorics.multicoloured_card_eqn
combinatorics	combinatorics.multicoloured_element
combinatorics	combinatorics.multicoloured_empty
combinatorics	combinatorics.multicoloured_finite
combinatorics	combinatorics.multicoloured_n_0
combinatorics	combinatorics.multicoloured_n_1
combinatorics	combinatorics.multicoloured_necklace
combinatorics	combinatorics.multicoloured_nonempty
combinatorics	combinatorics.multicoloured_not_monocoloured
combinatorics	combinatorics.multicoloured_not_monocoloured_iff
combinatorics	combinatorics.multicoloured_or_monocoloured
combinatorics	combinatorics.multicoloured_subset
combinatorics	combinatorics.necklace_0
combinatorics	combinatorics.necklace_1
combinatorics	combinatorics.necklace_1_monocoloured
combinatorics	combinatorics.necklace_card
combinatorics	combinatorics.necklace_colors
combinatorics	combinatorics.necklace_element
combinatorics	combinatorics.necklace_empty
combinatorics	combinatorics.necklace_eqn
combinatorics	combinatorics.necklace_finite
combinatorics	combinatorics.necklace_length
combinatorics	combinatorics.necklace_not_nil
combinatorics	combinatorics.necklace_property
combinatorics	combinatorics.necklace_suc
combinatorics	combinatorics.nub_all_distinct
combinatorics	combinatorics.nub_cons
combinatorics	combinatorics.nub_nil
combinatorics	combinatorics.nub_sing
combinatorics	combinatorics.over_bij
combinatorics	combinatorics.over_inj
combinatorics	combinatorics.over_surj
combinatorics	combinatorics.pairwise_coprime_prod_set_divides
combinatorics	combinatorics.pairwise_coprime_prod_set_eq_set_lcm
combinatorics	combinatorics.perm_0
combinatorics	combinatorics.perm_1
combinatorics	combinatorics.perm_alt
combinatorics	combinatorics.perm_count_0
combinatorics	combinatorics.perm_count_1
combinatorics	combinatorics.perm_count_element
combinatorics	combinatorics.perm_count_element_length
combinatorics	combinatorics.perm_count_element_no_self
combinatorics	combinatorics.perm_count_eqn
combinatorics	combinatorics.perm_count_finite
combinatorics	combinatorics.perm_count_interleave_card
combinatorics	combinatorics.perm_count_interleave_disjoint
combinatorics	combinatorics.perm_count_interleave_finite
combinatorics	combinatorics.perm_count_interleave_inj
combinatorics	combinatorics.perm_count_subset
combinatorics	combinatorics.perm_count_suc
combinatorics	combinatorics.perm_count_suc_alt
combinatorics	combinatorics.perm_eq_fact
combinatorics	combinatorics.perm_set_bij_eq_perm_count
combinatorics	combinatorics.perm_set_card
combinatorics	combinatorics.perm_set_card_alt
combinatorics	combinatorics.perm_set_element
combinatorics	combinatorics.perm_set_empty
combinatorics	combinatorics.perm_set_eq_empty_sing
combinatorics	combinatorics.perm_set_finite
combinatorics	combinatorics.perm_set_has_self_list
combinatorics	combinatorics.perm_set_list_not_empty
combinatorics	combinatorics.perm_set_map_bij
combinatorics	combinatorics.perm_set_map_element
combinatorics	combinatorics.perm_set_map_inj
combinatorics	combinatorics.perm_set_map_surj
combinatorics	combinatorics.perm_set_not_empty
combinatorics	combinatorics.perm_set_perm_count
combinatorics	combinatorics.perm_set_sing
combinatorics	combinatorics.perm_suc
combinatorics	combinatorics.perm_suc_alt
combinatorics	combinatorics.power_predecessor_eqn
combinatorics	combinatorics.prime_divides_binomials
combinatorics	combinatorics.prime_divides_binomials_alt
combinatorics	combinatorics.prime_divisor_property
combinatorics	combinatorics.prime_iff_divides_binomials
combinatorics	combinatorics.prime_iff_divides_binomials_alt
combinatorics	combinatorics.prod_1_to_n_eq_fact_n
combinatorics	combinatorics.rotate_0
combinatorics	combinatorics.rotate_add
combinatorics	combinatorics.rotate_full
combinatorics	combinatorics.rotate_lcancel
combinatorics	combinatorics.rotate_nil
combinatorics	combinatorics.rotate_rcancel
combinatorics	combinatorics.rotate_same_length
combinatorics	combinatorics.rotate_same_set
combinatorics	combinatorics.rotate_shift_element
combinatorics	combinatorics.rotate_suc
combinatorics	combinatorics.set_lcm_empty
combinatorics	combinatorics.set_lcm_eq_big_lcm
combinatorics	combinatorics.set_lcm_eq_list_lcm
combinatorics	combinatorics.set_lcm_insert
combinatorics	combinatorics.set_lcm_is_common_multiple
combinatorics	combinatorics.set_lcm_is_least_common_multiple
combinatorics	combinatorics.set_lcm_nonempty
combinatorics	combinatorics.set_lcm_sing
combinatorics	combinatorics.sub_count_0_n
combinatorics	combinatorics.sub_count_alt
combinatorics	combinatorics.sub_count_count_inj
combinatorics	combinatorics.sub_count_disjoint
combinatorics	combinatorics.sub_count_element
combinatorics	combinatorics.sub_count_element_finite
combinatorics	combinatorics.sub_count_element_no_self
combinatorics	combinatorics.sub_count_eq_empty
combinatorics	combinatorics.sub_count_eqn
combinatorics	combinatorics.sub_count_equiv_class
combinatorics	combinatorics.sub_count_finite
combinatorics	combinatorics.sub_count_insert
combinatorics	combinatorics.sub_count_insert_card
combinatorics	combinatorics.sub_count_n_0
combinatorics	combinatorics.sub_count_n_1
combinatorics	combinatorics.sub_count_n_n
combinatorics	combinatorics.sub_count_subset
combinatorics	combinatorics.sub_count_union
combinatorics	combinatorics.sub_sets_element
combinatorics	combinatorics.sub_sets_equiv_class
combinatorics	combinatorics.sub_sets_sub_count
combinatorics	combinatorics.sum_1_to_n_double
combinatorics	combinatorics.sum_1_to_n_eq_tri_n
combinatorics	combinatorics.sum_1_to_n_eqn
combinatorics	combinatorics.surj_iff_preimage_card_not_0
combinatorics	combinatorics.surj_preimage_not_empty
combinatorics	combinatorics.tail_turn
combinatorics	combinatorics.triple_11
combinatorics	combinatorics.triple_Axiom
combinatorics	combinatorics.triple_accessors
combinatorics	combinatorics.triple_accfupds
combinatorics	combinatorics.triple_case_cong
combinatorics	combinatorics.triple_case_eq
combinatorics	combinatorics.triple_component_equality
combinatorics	combinatorics.triple_fn_updates
combinatorics	combinatorics.triple_fupdcanon
combinatorics	combinatorics.triple_fupdcanon_comp
combinatorics	combinatorics.triple_fupdfupds
combinatorics	combinatorics.triple_fupdfupds_comp
combinatorics	combinatorics.triple_induction
combinatorics	combinatorics.triple_literal_11
combinatorics	combinatorics.triple_literal_nchotomy
combinatorics	combinatorics.triple_nchotomy
combinatorics	combinatorics.triple_updates_eq_literal
combinatorics	combinatorics.turn_eq_nil
combinatorics	combinatorics.turn_exp_0
combinatorics	combinatorics.turn_exp_1
combinatorics	combinatorics.turn_exp_2
combinatorics	combinatorics.turn_exp_SUC
combinatorics	combinatorics.turn_exp_length
combinatorics	combinatorics.turn_exp_suc
combinatorics	combinatorics.turn_length
combinatorics	combinatorics.turn_nil
combinatorics	combinatorics.turn_not_nil
combinatorics	combinatorics.turn_snoc
companion	companion.B_greatest_fixpoint_is_companion
companion	companion.Bf_compatible_f
companion	companion.Tf_idem
companion	companion.companion_bot_gfp
companion	companion.companion_coinduct
companion	companion.companion_expansive
companion	companion.companion_idem
companion	companion.companion_mono
companion	companion.compatible_B_functional_postfix
companion	companion.compatible_below_companion
companion	companion.compatible_companion
companion	companion.compatible_compose
companion	companion.compatible_const_gfp
companion	companion.compatible_id
companion	companion.compatible_self
companion	companion.doubling_compatible_B
companion	companion.endo_comp
companion	companion.endo_function
companion	companion.endo_in
companion	companion.endo_poset
companion	companion.enhanced_gfp
companion	companion.lift_rel_comp
companion	companion.lub_is_gfp
companion	companion.param_coind
companion	companion.param_coind_done
companion	companion.param_coind_init
companion	companion.param_coind_upto_f
companion	companion.set_companion
companion	companion.set_companion_coinduct
companion	companion.set_companion_compatible
companion	companion.set_compatible
companion	companion.set_compatible_compose
companion	companion.set_compatible_enhance
companion	companion.set_compatible_id
companion	companion.set_compatible_self
companion	companion.set_gfp_sub_companion
companion	companion.set_higher_complete
companion	companion.set_param_coind
companion	companion.set_param_coind_done
companion	companion.set_param_coind_init
companion	companion.set_param_coind_upto_f
companion	companion.t_below_Tf
comparison	comparison.TO_inv_invert
comparison	comparison.TO_of_LinearOrder_LLEX
comparison	comparison.TotOrd_list_cmp
comparison	comparison.TotOrder_imp_good_cmp
comparison	comparison.antisym_resp_equiv
comparison	comparison.bool_cmp_antisym
comparison	comparison.bool_cmp_def
comparison	comparison.bool_cmp_good
comparison	comparison.char_cmp_antisym
comparison	comparison.char_cmp_charOrd
comparison	comparison.char_cmp_def
comparison	comparison.char_cmp_good
comparison	comparison.cmp_thms
comparison	comparison.good_cmp_Less_irrefl_trans
comparison	comparison.good_cmp_Less_trans
comparison	comparison.good_cmp_thm
comparison	comparison.good_cmp_trans
comparison	comparison.list_cmp_ListOrd
comparison	comparison.list_cmp_antisym
comparison	comparison.list_cmp_cong
comparison	comparison.list_cmp_equal_list_rel
comparison	comparison.list_cmp_good
comparison	comparison.num_cmp_antisym
comparison	comparison.num_cmp_def
comparison	comparison.num_cmp_good
comparison	comparison.num_cmp_numOrd
comparison	comparison.option_cmp2_TO_inv
comparison	comparison.option_cmp2_antisym
comparison	comparison.option_cmp2_cong
comparison	comparison.option_cmp2_def
comparison	comparison.option_cmp2_good
comparison	comparison.option_cmp2_ind
comparison	comparison.option_cmp_antisym
comparison	comparison.option_cmp_cong
comparison	comparison.option_cmp_def
comparison	comparison.option_cmp_good
comparison	comparison.pair_cmp_antisym
comparison	comparison.pair_cmp_cong
comparison	comparison.pair_cmp_def
comparison	comparison.pair_cmp_good
comparison	comparison.pair_cmp_lexTO
comparison	comparison.string_cmp_antisym
comparison	comparison.string_cmp_def
comparison	comparison.string_cmp_good
comparison	comparison.string_cmp_stringto
complex	complex.ARG_COS
complex	complex.ARG_SIN
complex	complex.COMPLEX
complex	complex.COMPLEX_0
complex	complex.COMPLEX_0_THM
complex	complex.COMPLEX_1
complex	complex.COMPLEX_10
complex	complex.COMPLEX_ADD2_SUB2
complex	complex.COMPLEX_ADD_ASSOC
complex	complex.COMPLEX_ADD_COMM
complex	complex.COMPLEX_ADD_LDISTRIB
complex	complex.COMPLEX_ADD_LID
complex	complex.COMPLEX_ADD_LID_UNIQ
complex	complex.COMPLEX_ADD_LINV
complex	complex.COMPLEX_ADD_RAT
complex	complex.COMPLEX_ADD_RDISTRIB
complex	complex.COMPLEX_ADD_RID
complex	complex.COMPLEX_ADD_RID_UNIQ
complex	complex.COMPLEX_ADD_RINV
complex	complex.COMPLEX_ADD_RSCALAR_RMUL
complex	complex.COMPLEX_ADD_SCALAR_LMUL
complex	complex.COMPLEX_ADD_SUB
complex	complex.COMPLEX_ADD_SUB2
complex	complex.COMPLEX_DIFFSQ
complex	complex.COMPLEX_DIV1
complex	complex.COMPLEX_DIV_ADD
complex	complex.COMPLEX_DIV_ARG
complex	complex.COMPLEX_DIV_DENOM_CANCEL
complex	complex.COMPLEX_DIV_INNER_CANCEL
complex	complex.COMPLEX_DIV_LMUL_CANCEL
complex	complex.COMPLEX_DIV_LZERO
complex	complex.COMPLEX_DIV_MUL2
complex	complex.COMPLEX_DIV_OUTER_CANCEL
complex	complex.COMPLEX_DIV_REFL
complex	complex.COMPLEX_DIV_RMUL_CANCEL
complex	complex.COMPLEX_DIV_SUB
complex	complex.COMPLEX_DOUBLE
complex	complex.COMPLEX_ENTIRE
complex	complex.COMPLEX_EQ_LADD
complex	complex.COMPLEX_EQ_LDIV_EQ
complex	complex.COMPLEX_EQ_LMUL
complex	complex.COMPLEX_EQ_LMUL2
complex	complex.COMPLEX_EQ_LMUL_IMP
complex	complex.COMPLEX_EQ_NEG
complex	complex.COMPLEX_EQ_RADD
complex	complex.COMPLEX_EQ_RDIV_EQ
complex	complex.COMPLEX_EQ_RMUL
complex	complex.COMPLEX_EQ_RMUL_IMP
complex	complex.COMPLEX_EQ_SCALAR_LMUL
complex	complex.COMPLEX_EQ_SUB_LADD
complex	complex.COMPLEX_EQ_SUB_RADD
complex	complex.COMPLEX_EXP_0
complex	complex.COMPLEX_EXP_ADD
complex	complex.COMPLEX_EXP_ADD_MUL
complex	complex.COMPLEX_EXP_N
complex	complex.COMPLEX_EXP_N2
complex	complex.COMPLEX_EXP_NEG
complex	complex.COMPLEX_EXP_NEG_MUL
complex	complex.COMPLEX_EXP_NEG_MUL2
complex	complex.COMPLEX_EXP_NZ
complex	complex.COMPLEX_EXP_SUB
complex	complex.COMPLEX_INV1
complex	complex.COMPLEX_INVINV
complex	complex.COMPLEX_INV_0
complex	complex.COMPLEX_INV_1OVER
complex	complex.COMPLEX_INV_ARG
complex	complex.COMPLEX_INV_EQ_0
complex	complex.COMPLEX_INV_INJ
complex	complex.COMPLEX_INV_INV
complex	complex.COMPLEX_INV_MUL
complex	complex.COMPLEX_INV_NEG
complex	complex.COMPLEX_INV_NZ
complex	complex.COMPLEX_INV_SCALAR_LMUL
complex	complex.COMPLEX_LEMMA1
complex	complex.COMPLEX_LEMMA2
complex	complex.COMPLEX_LINV_UNIQ
complex	complex.COMPLEX_LMUL_SCALAR_LMUL
complex	complex.COMPLEX_LNEG_UNIQ
complex	complex.COMPLEX_MODU_ARG_EQ
complex	complex.COMPLEX_MUL_ARG
complex	complex.COMPLEX_MUL_ASSOC
complex	complex.COMPLEX_MUL_COMM
complex	complex.COMPLEX_MUL_LCONJ
complex	complex.COMPLEX_MUL_LCONJ1
complex	complex.COMPLEX_MUL_LID
complex	complex.COMPLEX_MUL_LINV
complex	complex.COMPLEX_MUL_LNEG
complex	complex.COMPLEX_MUL_LZERO
complex	complex.COMPLEX_MUL_RCONJ
complex	complex.COMPLEX_MUL_RCONJ1
complex	complex.COMPLEX_MUL_RID
complex	complex.COMPLEX_MUL_RINV
complex	complex.COMPLEX_MUL_RNEG
complex	complex.COMPLEX_MUL_RZERO
complex	complex.COMPLEX_MUL_SCALAR_LMUL2
complex	complex.COMPLEX_NEGNEG
complex	complex.COMPLEX_NEG_0
complex	complex.COMPLEX_NEG_ADD
complex	complex.COMPLEX_NEG_DIV2
complex	complex.COMPLEX_NEG_EQ
complex	complex.COMPLEX_NEG_EQ0
complex	complex.COMPLEX_NEG_INV
complex	complex.COMPLEX_NEG_LDIV
complex	complex.COMPLEX_NEG_LMUL
complex	complex.COMPLEX_NEG_MUL2
complex	complex.COMPLEX_NEG_RDIV
complex	complex.COMPLEX_NEG_RMUL
complex	complex.COMPLEX_NEG_SCALAR_LMUL
complex	complex.COMPLEX_NEG_SCALAR_RMUL
complex	complex.COMPLEX_NEG_SUB
complex	complex.COMPLEX_OF_NUM_ADD
complex	complex.COMPLEX_OF_NUM_EQ
complex	complex.COMPLEX_OF_NUM_MUL
complex	complex.COMPLEX_OF_REAL_ADD
complex	complex.COMPLEX_OF_REAL_DIV
complex	complex.COMPLEX_OF_REAL_EQ
complex	complex.COMPLEX_OF_REAL_INV
complex	complex.COMPLEX_OF_REAL_MUL
complex	complex.COMPLEX_OF_REAL_NEG
complex	complex.COMPLEX_OF_REAL_SUB
complex	complex.COMPLEX_POWINV
complex	complex.COMPLEX_POW_0
complex	complex.COMPLEX_POW_1
complex	complex.COMPLEX_POW_2
complex	complex.COMPLEX_POW_ADD
complex	complex.COMPLEX_POW_DIV
complex	complex.COMPLEX_POW_INV
complex	complex.COMPLEX_POW_L
complex	complex.COMPLEX_POW_MUL
complex	complex.COMPLEX_POW_NZ
complex	complex.COMPLEX_POW_ONE
complex	complex.COMPLEX_POW_POW
complex	complex.COMPLEX_POW_ZERO
complex	complex.COMPLEX_POW_ZERO_EQ
complex	complex.COMPLEX_RE_IM_EQ
complex	complex.COMPLEX_RINV_UNIQ
complex	complex.COMPLEX_RMUL_SCALAR_LMUL
complex	complex.COMPLEX_RNEG_UNIQ
complex	complex.COMPLEX_RSCALAR_RMUL_SUB
complex	complex.COMPLEX_SCALAR_LMUL
complex	complex.COMPLEX_SCALAR_LMUL_ADD
complex	complex.COMPLEX_SCALAR_LMUL_DIV2
complex	complex.COMPLEX_SCALAR_LMUL_ENTIRE
complex	complex.COMPLEX_SCALAR_LMUL_EQ
complex	complex.COMPLEX_SCALAR_LMUL_EQ1
complex	complex.COMPLEX_SCALAR_LMUL_NEG
complex	complex.COMPLEX_SCALAR_LMUL_NEG1
complex	complex.COMPLEX_SCALAR_LMUL_ONE
complex	complex.COMPLEX_SCALAR_LMUL_SUB
complex	complex.COMPLEX_SCALAR_LMUL_ZERO
complex	complex.COMPLEX_SCALAR_MUL_COMM
complex	complex.COMPLEX_SCALAR_RMUL
complex	complex.COMPLEX_SCALAR_RMUL_ADD
complex	complex.COMPLEX_SCALAR_RMUL_NEG
complex	complex.COMPLEX_SCALAR_RMUL_NEG1
complex	complex.COMPLEX_SCALAR_RMUL_ONE
complex	complex.COMPLEX_SCALAR_RMUL_ZERO
complex	complex.COMPLEX_SUB_0
complex	complex.COMPLEX_SUB_ADD
complex	complex.COMPLEX_SUB_ADD2
complex	complex.COMPLEX_SUB_INV2
complex	complex.COMPLEX_SUB_LDISTRIB
complex	complex.COMPLEX_SUB_LNEG
complex	complex.COMPLEX_SUB_LZERO
complex	complex.COMPLEX_SUB_NEG2
complex	complex.COMPLEX_SUB_RAT
complex	complex.COMPLEX_SUB_RDISTRIB
complex	complex.COMPLEX_SUB_REFL
complex	complex.COMPLEX_SUB_RNEG
complex	complex.COMPLEX_SUB_RZERO
complex	complex.COMPLEX_SUB_SCALAR_LMUL
complex	complex.COMPLEX_SUB_SCALAR_RMUL
complex	complex.COMPLEX_SUB_SUB
complex	complex.COMPLEX_SUB_SUB2
complex	complex.COMPLEX_SUB_TRIANGLE
complex	complex.COMPLEX_TRIANGLE
complex	complex.COMPLEX_ZERO_SCALAR_LMUL
complex	complex.COMPLEX_ZERO_SCALAR_RMUL
complex	complex.CONJ_ADD
complex	complex.CONJ_CONJ
complex	complex.CONJ_DIV
complex	complex.CONJ_EQ
complex	complex.CONJ_EQ2
complex	complex.CONJ_INV
complex	complex.CONJ_MUL
complex	complex.CONJ_NEG
complex	complex.CONJ_NUM_REFL
complex	complex.CONJ_REAL_REFL
complex	complex.CONJ_SCALAR_LMUL
complex	complex.CONJ_SUB
complex	complex.CONJ_ZERO
complex	complex.DE_MOIVRE_LEMMA
complex	complex.DE_MOIVRE_THM
complex	complex.EULER_FORMULE
complex	complex.EXP_IMAGINARY
complex	complex.IM_COMPLEX_OF_REAL
complex	complex.IM_DIV_MODU_ASN_BOUNDS
complex	complex.IM_DIV_MODU_ASN_SIN
complex	complex.IM_DIV_MODU_BOUNDS
complex	complex.IM_MODU_ARG
complex	complex.MODU_0
complex	complex.MODU_1
complex	complex.MODU_CASES
complex	complex.MODU_COMPLEX_INV
complex	complex.MODU_COMPLEX_POW
complex	complex.MODU_CONJ
complex	complex.MODU_DIV
complex	complex.MODU_MUL
complex	complex.MODU_NEG
complex	complex.MODU_NUM
complex	complex.MODU_NZ
complex	complex.MODU_POS
complex	complex.MODU_POW2
complex	complex.MODU_REAL
complex	complex.MODU_SCALAR_LMUL
complex	complex.MODU_SUB
complex	complex.MODU_UNIT
complex	complex.MODU_ZERO
complex	complex.RE_COMPLEX_OF_REAL
complex	complex.RE_DIV_MODU_ACS_BOUNDS
complex	complex.RE_DIV_MODU_ACS_COS
complex	complex.RE_DIV_MODU_BOUNDS
complex	complex.RE_IM_LE_MODU
complex	complex.RE_MODU_ARG
complex	complex.complex_pow_compute
container	container.BAG_IN_BAG_OF_FMAP
container	container.BAG_IN_MEM
container	container.BAG_OF_FMAP_THM
container	container.BAG_TO_LIST_CARD
container	container.BAG_TO_LIST_EQ_NIL
container	container.BAG_TO_LIST_IND
container	container.BAG_TO_LIST_INV
container	container.BAG_TO_LIST_THM
container	container.CARD_LIST_TO_BAG
container	container.EVERY_LIST_TO_BAG
container	container.FINITE_BAG_OF_FMAP
container	container.FINITE_LIST_TO_BAG
container	container.FINITE_LIST_TO_SET
container	container.INN_LIST_TO_BAG
container	container.IN_LIST_TO_BAG
container	container.LIST_ELEM_COUNT_LIST_TO_BAG
container	container.LIST_TO_BAG_APPEND
container	container.LIST_TO_BAG_DISTINCT
container	container.LIST_TO_BAG_EQ_EMPTY
container	container.LIST_TO_BAG_FILTER
container	container.LIST_TO_BAG_MAP
container	container.LIST_TO_BAG_SET_TO_LIST
container	container.LIST_TO_BAG_SUBSET
container	container.LIST_TO_BAG_SUB_BAG_FLAT_suff
container	container.LIST_TO_BAG_alt
container	container.LIST_TO_SET_APPEND
container	container.LIST_TO_SET_THM
container	container.MEM_BAG_TO_LIST
container	container.MEM_SET_TO_LIST
container	container.PERM_LIST_TO_BAG
container	container.SET_TO_LIST_CARD
container	container.SET_TO_LIST_IND
container	container.SET_TO_LIST_INV
container	container.SET_TO_LIST_IN_MEM
container	container.SET_TO_LIST_SING
container	container.SET_TO_LIST_THM
container	container.UNION_APPEND
container	container.WF_mlt_list
cooper	cooper.DISJ_NEQ_ELIM
cooper	cooper.F_and_l
cooper	cooper.F_and_r
cooper	cooper.F_or_l
cooper	cooper.F_or_r
cooper	cooper.INT_DIVIDES_NEG'
cooper	cooper.K_THM'
cooper	cooper.NOT_AND
cooper	cooper.NOT_AND_IMP
cooper	cooper.NOT_EXISTS_THM'
cooper	cooper.NOT_NOT
cooper	cooper.NOT_NOT_P
cooper	cooper.NOT_OR
cooper	cooper.T_and_l
cooper	cooper.T_and_r
cooper	cooper.T_or_l
cooper	cooper.T_or_r
cooper	cooper.cpEU_THM
cooper	cooper.elim_eq_coeffs'
cooper	cooper.elim_le
cooper	cooper.move_add
cooper	cooper.my_INT_MUL_LID
cooper	cooper.negated_elim_lt_coeffs1
cooper	cooper.negated_elim_lt_coeffs2
cooper	cooper.p6_step
cooper	cooper.simple_conj_congruence
cooper	cooper.simple_disj_congruence
countable_types	countable_types.countable_split
countable_types	countable_types.list_countable
countable_types	countable_types.unit_countable
cv	cv.CV_EQ
cv	cv.DIV_RECURSIVE
cv	cv.EVEN_to_cv
cv	cv.LT_RECURSIVE
cv	cv.MOD_RECURSIVE
cv	cv.Num_11
cv	cv.ODD_to_cv
cv	cv.Pair_11
cv	cv.SUC_EQ
cv	cv.add_to_cv
cv	cv.b2c
cv	cv.b2c_if
cv	cv.c2b_thm
cv	cv.c2n_cv_add
cv	cv.c2n_cv_mul
cv	cv.c2n_def
cv	cv.cv_Axiom
cv	cv.cv_add_def
cv	cv.cv_distinct
cv	cv.cv_div_def
cv	cv.cv_eq
cv	cv.cv_eq_def
cv	cv.cv_exp_eq
cv	cv.cv_extras
cv	cv.cv_if
cv	cv.cv_if_cong
cv	cv.cv_if_def
cv	cv.cv_induction
cv	cv.cv_ispair_cv_add
cv	cv.cv_lt_Num_0
cv	cv.cv_lt_def
cv	cv.cv_mod_def
cv	cv.cv_mul_def
cv	cv.cv_sub_def
cv	cv.div_to_cv
cv	cv.exp_to_cv
cv	cv.ge_to_cv
cv	cv.gt_to_cv
cv	cv.isnseq_cases
cv	cv.isnseq_cons
cv	cv.isnseq_ind
cv	cv.isnseq_nil
cv	cv.isnseq_rules
cv	cv.isnseq_strongind
cv	cv.le_to_cv
cv	cv.lt_to_cv
cv	cv.mod_to_cv
cv	cv.mul_to_cv
cv	cv.neq_to_cv
cv	cv.pre_to_cv
cv	cv.sub_to_cv
cv	cv.suc_to_cv
cv_compute_unsound	cv_compute_unsound.bad_cv_fst1_lemma
cv_compute_unsound	cv_compute_unsound.bad_cv_fst2
cv_compute_unsound	cv_compute_unsound.g_xx
cv_prim	cv_prim.BITWISE
cv_prim	cv_prim.BITWISE_ADD
cv_prim	cv_prim.cv_Num
cv_prim	cv_prim.cv_chr_thm
cv_prim	cv_prim.cv_gcd_def
cv_prim	cv_prim.cv_gcd_ind
cv_prim	cv_prim.cv_gcd_thm
cv_prim	cv_prim.cv_inline_imp
cv_prim	cv_prim.cv_inline_v2n
cv_prim	cv_prim.cv_inline_v2w
cv_prim	cv_prim.cv_inline_w2i
cv_prim	cv_prim.cv_inline_w2v
cv_prim	cv_prim.cv_inline_word_log2
cv_prim	cv_prim.cv_inline_word_ror
cv_prim	cv_prim.cv_inline_word_sw2sw
cv_prim	cv_prim.cv_int_add
cv_prim	cv_prim.cv_int_div
cv_prim	cv_prim.cv_int_ge
cv_prim	cv_prim.cv_int_gt
cv_prim	cv_prim.cv_int_le
cv_prim	cv_prim.cv_int_lt
cv_prim	cv_prim.cv_int_mod
cv_prim	cv_prim.cv_int_mul
cv_prim	cv_prim.cv_int_of_num
cv_prim	cv_prim.cv_int_sub
cv_prim	cv_prim.cv_log2_def
cv_prim	cv_prim.cv_log2_ind
cv_prim	cv_prim.cv_max_thm
cv_prim	cv_prim.cv_min_thm
cv_prim	cv_prim.cv_neg_int
cv_prim	cv_prim.cv_ord_thm
cv_prim	cv_prim.cv_rat_add
cv_prim	cv_prim.cv_rat_div
cv_prim	cv_prim.cv_rat_ge
cv_prim	cv_prim.cv_rat_gt
cv_prim	cv_prim.cv_rat_le
cv_prim	cv_prim.cv_rat_lt
cv_prim	cv_prim.cv_rat_mul
cv_prim	cv_prim.cv_rat_neg
cv_prim	cv_prim.cv_rat_norm_div_gcd
cv_prim	cv_prim.cv_rat_of_int
cv_prim	cv_prim.cv_rat_reciprocal
cv_prim	cv_prim.cv_rat_sub
cv_prim	cv_prim.cv_rep_F
cv_prim	cv_prim.cv_rep_LOG2
cv_prim	cv_prim.cv_rep_T
cv_prim	cv_prim.cv_rep_add
cv_prim	cv_prim.cv_rep_and
cv_prim	cv_prim.cv_rep_arb
cv_prim	cv_prim.cv_rep_char_ge
cv_prim	cv_prim.cv_rep_char_gt
cv_prim	cv_prim.cv_rep_char_le
cv_prim	cv_prim.cv_rep_char_lt
cv_prim	cv_prim.cv_rep_dimindex
cv_prim	cv_prim.cv_rep_div
cv_prim	cv_prim.cv_rep_eq
cv_prim	cv_prim.cv_rep_even
cv_prim	cv_prim.cv_rep_exp
cv_prim	cv_prim.cv_rep_ge
cv_prim	cv_prim.cv_rep_gt
cv_prim	cv_prim.cv_rep_if
cv_prim	cv_prim.cv_rep_le
cv_prim	cv_prim.cv_rep_let
cv_prim	cv_prim.cv_rep_lt
cv_prim	cv_prim.cv_rep_mod
cv_prim	cv_prim.cv_rep_mul
cv_prim	cv_prim.cv_rep_not
cv_prim	cv_prim.cv_rep_num_case
cv_prim	cv_prim.cv_rep_odd
cv_prim	cv_prim.cv_rep_or
cv_prim	cv_prim.cv_rep_sub
cv_prim	cv_prim.cv_rep_sub1
cv_prim	cv_prim.cv_rep_suc
cv_prim	cv_prim.cv_rep_word_add
cv_prim	cv_prim.cv_rep_word_and
cv_prim	cv_prim.cv_rep_word_div
cv_prim	cv_prim.cv_rep_word_lsl
cv_prim	cv_prim.cv_rep_word_lsr
cv_prim	cv_prim.cv_rep_word_mod
cv_prim	cv_prim.cv_rep_word_msb
cv_prim	cv_prim.cv_rep_word_mul
cv_prim	cv_prim.cv_rep_word_n2w
cv_prim	cv_prim.cv_rep_word_neg
cv_prim	cv_prim.cv_rep_word_not
cv_prim	cv_prim.cv_rep_word_or
cv_prim	cv_prim.cv_rep_word_sub
cv_prim	cv_prim.cv_rep_word_uint_max
cv_prim	cv_prim.cv_rep_word_w2n
cv_prim	cv_prim.cv_rep_word_w2w
cv_prim	cv_prim.cv_rep_word_xor
cv_prim	cv_prim.cv_total_int_div
cv_prim	cv_prim.cv_total_int_mod
cv_prim	cv_prim.cv_word_and_loop_def
cv_prim	cv_prim.cv_word_and_loop_ind
cv_prim	cv_prim.cv_word_and_loop_thm
cv_prim	cv_prim.cv_word_bit_thm
cv_prim	cv_prim.cv_word_bits_thm
cv_prim	cv_prim.cv_word_concat_thm
cv_prim	cv_prim.cv_word_extract
cv_prim	cv_prim.cv_word_ge_thm
cv_prim	cv_prim.cv_word_gt_thm
cv_prim	cv_prim.cv_word_hi_thm
cv_prim	cv_prim.cv_word_hs_thm
cv_prim	cv_prim.cv_word_join_thm
cv_prim	cv_prim.cv_word_le_thm
cv_prim	cv_prim.cv_word_lo_thm
cv_prim	cv_prim.cv_word_ls_thm
cv_prim	cv_prim.cv_word_lt_thm
cv_prim	cv_prim.cv_word_or_loop_def
cv_prim	cv_prim.cv_word_or_loop_ind
cv_prim	cv_prim.cv_word_or_loop_thm
cv_prim	cv_prim.cv_word_slice_thm
cv_prim	cv_prim.cv_word_xor_loop_def
cv_prim	cv_prim.cv_word_xor_loop_ind
cv_prim	cv_prim.cv_word_xor_loop_thm
cv_prim	cv_prim.v2n_custom_def
cv_prim	cv_prim.v2n_custom_ind
cv_prim	cv_prim.v2n_custom_thm
cv_prim	cv_prim.word_asr_add
cv_rep	cv_rep.IMP_CANCEL
cv_rep	cv_rep.IMP_COMM
cv_rep	cv_rep.UNCURRY_pair_case
cv_rep	cv_rep.cv_eval
cv_rep	cv_rep.cv_postprocess
cv_rep	cv_rep.cv_proj_def
cv_rep	cv_rep.cv_proj_ind
cv_rep	cv_rep.cv_proj_less_eq
cv_rep	cv_rep.cv_rep_assum
cv_rep	cv_rep.cv_rep_eval
cv_rep	cv_rep.cv_rep_move
cv_rep	cv_rep.cv_rep_trivial
cv_rep	cv_rep.cv_termination_simp
cv_rep	cv_rep.if_eq_zero
cv_rep	cv_rep.lt_zero
cv_rep	cv_rep.to_cv_proj
cv_std	cv_std.EL_pre
cv_std	cv_std.EL_pre_cases
cv_std	cv_std.EL_pre_ind
cv_std	cv_std.EL_pre_rules
cv_std	cv_std.EL_pre_strongind
cv_std	cv_std.FOLDL_lam_lam_pair_CASE_lam_la_ho
cv_std	cv_std.FRONT_pre
cv_std	cv_std.FRONT_pre_cases
cv_std	cv_std.FRONT_pre_ind
cv_std	cv_std.FRONT_pre_rules
cv_std	cv_std.FRONT_pre_strongind
cv_std	cv_std.FUPDATE_LIST_pre
cv_std	cv_std.FUPDATE_LIST_pre_cases
cv_std	cv_std.FUPDATE_LIST_pre_ind
cv_std	cv_std.FUPDATE_LIST_pre_rules
cv_std	cv_std.FUPDATE_LIST_pre_strongind
cv_std	cv_std.INDEX_OF_pre
cv_std	cv_std.INDEX_OF_pre_cases
cv_std	cv_std.INDEX_OF_pre_ind
cv_std	cv_std.INDEX_OF_pre_rules
cv_std	cv_std.INDEX_OF_pre_strongind
cv_std	cv_std.I_THM
cv_std	cv_std.K_THM
cv_std	cv_std.LAST_pre
cv_std	cv_std.LAST_pre_cases
cv_std	cv_std.LAST_pre_ind
cv_std	cv_std.LAST_pre_rules
cv_std	cv_std.LAST_pre_strongind
cv_std	cv_std.MAPi_eq_list_mapi
cv_std	cv_std.OUTL_pre
cv_std	cv_std.OUTL_pre_cases
cv_std	cv_std.OUTL_pre_ind
cv_std	cv_std.OUTL_pre_rules
cv_std	cv_std.OUTL_pre_strongind
cv_std	cv_std.OUTR_pre
cv_std	cv_std.OUTR_pre_cases
cv_std	cv_std.OUTR_pre_ind
cv_std	cv_std.OUTR_pre_rules
cv_std	cv_std.OUTR_pre_strongind
cv_std	cv_std.REPLICATE
cv_std	cv_std.UNZIP_eq
cv_std	cv_std.count_loop_def
cv_std	cv_std.count_loop_ind
cv_std	cv_std.cv_ALL_DISTINCT_thm
cv_std	cv_std.cv_ALOOKUP_thm
cv_std	cv_std.cv_APPEND_def
cv_std	cv_std.cv_APPEND_ind
cv_std	cv_std.cv_APPEND_thm
cv_std	cv_std.cv_COUNT_LIST
cv_std	cv_std.cv_DROP_thm
cv_std	cv_std.cv_EL_thm
cv_std	cv_std.cv_FLAT_def
cv_std	cv_std.cv_FLAT_ind
cv_std	cv_std.cv_FLAT_thm
cv_std	cv_std.cv_FOLDL_lam_lam_pair_CASE_lam_la_thm
cv_std	cv_std.cv_FRONT_def
cv_std	cv_std.cv_FRONT_ind
cv_std	cv_std.cv_FRONT_thm
cv_std	cv_std.cv_FST
cv_std	cv_std.cv_FUPDATE_LIST_thm
cv_std	cv_std.cv_HD
cv_std	cv_std.cv_INDEX_OF_def
cv_std	cv_std.cv_INDEX_OF_ind
cv_std	cv_std.cv_INDEX_OF_thm
cv_std	cv_std.cv_ISL_thm
cv_std	cv_std.cv_ISR_thm
cv_std	cv_std.cv_IS_NONE
cv_std	cv_std.cv_IS_SOME
cv_std	cv_std.cv_LAST_thm
cv_std	cv_std.cv_LENGTH_thm
cv_std	cv_std.cv_LEN_thm
cv_std	cv_std.cv_LUPDATE_def
cv_std	cv_std.cv_LUPDATE_ind
cv_std	cv_std.cv_LUPDATE_thm
cv_std	cv_std.cv_MAP_FST
cv_std	cv_std.cv_MAP_SND
cv_std	cv_std.cv_NULL_thm
cv_std	cv_std.cv_OUTL_thm
cv_std	cv_std.cv_OUTR_thm
cv_std	cv_std.cv_PAD_LEFT_thm
cv_std	cv_std.cv_PAD_RIGHT_thm
cv_std	cv_std.cv_REPLICATE_thm
cv_std	cv_std.cv_REVERSE_thm
cv_std	cv_std.cv_REV_thm
cv_std	cv_std.cv_SND
cv_std	cv_std.cv_SNOC_def
cv_std	cv_std.cv_SNOC_ind
cv_std	cv_std.cv_SNOC_thm
cv_std	cv_std.cv_SUM_ACC_thm
cv_std	cv_std.cv_SUM_thm
cv_std	cv_std.cv_TAKE_def
cv_std	cv_std.cv_TAKE_ind
cv_std	cv_std.cv_TAKE_thm
cv_std	cv_std.cv_THE
cv_std	cv_std.cv_TL
cv_std	cv_std.cv_UNZIP_def
cv_std	cv_std.cv_UNZIP_ind
cv_std	cv_std.cv_UNZIP_thm
cv_std	cv_std.cv_ZIP_def
cv_std	cv_std.cv_ZIP_ind
cv_std	cv_std.cv_ZIP_thm
cv_std	cv_std.cv_alist_insert_def
cv_std	cv_std.cv_alist_insert_ind
cv_std	cv_std.cv_alist_insert_thm
cv_std	cv_std.cv_be_bytes_thm
cv_std	cv_std.cv_bytes_of_num_def
cv_std	cv_std.cv_bytes_of_num_ind
cv_std	cv_std.cv_bytes_of_num_thm
cv_std	cv_std.cv_count_loop_def
cv_std	cv_std.cv_count_loop_ind
cv_std	cv_std.cv_count_loop_thm
cv_std	cv_std.cv_delete_def
cv_std	cv_std.cv_delete_ind
cv_std	cv_std.cv_delete_thm
cv_std	cv_std.cv_difference_def
cv_std	cv_std.cv_difference_ind
cv_std	cv_std.cv_difference_thm
cv_std	cv_std.cv_findi_def
cv_std	cv_std.cv_findi_ind
cv_std	cv_std.cv_findi_thm
cv_std	cv_std.cv_fromList_thm
cv_std	cv_std.cv_insert_def
cv_std	cv_std.cv_insert_ind
cv_std	cv_std.cv_insert_thm
cv_std	cv_std.cv_inter_def
cv_std	cv_std.cv_inter_ind
cv_std	cv_std.cv_inter_thm
cv_std	cv_std.cv_isPREFIX_thm
cv_std	cv_std.cv_lcp2_def
cv_std	cv_std.cv_lcp2_ind
cv_std	cv_std.cv_lcp2_thm
cv_std	cv_std.cv_lcp_thm
cv_std	cv_std.cv_list_insert_thm
cv_std	cv_std.cv_list_mem_thm
cv_std	cv_std.cv_list_to_num_set_def
cv_std	cv_std.cv_list_to_num_set_ind
cv_std	cv_std.cv_list_to_num_set_thm
cv_std	cv_std.cv_lookup_thm
cv_std	cv_std.cv_lrnext_def
cv_std	cv_std.cv_lrnext_ind
cv_std	cv_std.cv_lrnext_thm
cv_std	cv_std.cv_map_fst_def
cv_std	cv_std.cv_map_fst_ind
cv_std	cv_std.cv_map_snd_def
cv_std	cv_std.cv_map_snd_ind
cv_std	cv_std.cv_mk_BN_thm
cv_std	cv_std.cv_mk_BS_thm
cv_std	cv_std.cv_mk_wf_def
cv_std	cv_std.cv_mk_wf_ind
cv_std	cv_std.cv_mk_wf_thm
cv_std	cv_std.cv_nub_def
cv_std	cv_std.cv_nub_ind
cv_std	cv_std.cv_nub_thm
cv_std	cv_std.cv_num_of_bytes_def
cv_std	cv_std.cv_num_of_bytes_ind
cv_std	cv_std.cv_num_of_bytes_thm
cv_std	cv_std.cv_oEL_thm
cv_std	cv_std.cv_oHD_thm
cv_std	cv_std.cv_rep_DOMSUB
cv_std	cv_std.cv_rep_FEMPTY
cv_std	cv_std.cv_rep_FLOOKUP
cv_std	cv_std.cv_rep_FUNION
cv_std	cv_std.cv_rep_FUPDATE
cv_std	cv_std.cv_rep_MEM
cv_std	cv_std.cv_rep_list_datatype
cv_std	cv_std.cv_rep_option_datatype
cv_std	cv_std.cv_rep_pair_datatype
cv_std	cv_std.cv_rep_sptree_sptree_spt_datatype
cv_std	cv_std.cv_rep_sum_datatype
cv_std	cv_std.cv_rep_unit_datatype
cv_std	cv_std.cv_replicate_acc_thm
cv_std	cv_std.cv_size'_Num
cv_std	cv_std.cv_size'_cv_mk_BN
cv_std	cv_std.cv_size'_cv_mk_BS
cv_std	cv_std.cv_size'_def
cv_std	cv_std.cv_size'_ind
cv_std	cv_std.cv_size'_thm
cv_std	cv_std.cv_spt_center_thm
cv_std	cv_std.cv_spt_left_thm
cv_std	cv_std.cv_spt_right_thm
cv_std	cv_std.cv_spts_to_alist_add_pause_thm
cv_std	cv_std.cv_spts_to_alist_aux_thm
cv_std	cv_std.cv_spts_to_alist_thm
cv_std	cv_std.cv_subspt_def
cv_std	cv_std.cv_subspt_ind
cv_std	cv_std.cv_subspt_thm
cv_std	cv_std.cv_toAList_foldi_def
cv_std	cv_std.cv_toAList_foldi_ind
cv_std	cv_std.cv_toAList_foldi_thm
cv_std	cv_std.cv_toAList_thm
cv_std	cv_std.cv_toListA_def
cv_std	cv_std.cv_toListA_ind
cv_std	cv_std.cv_toListA_thm
cv_std	cv_std.cv_toList_thm
cv_std	cv_std.cv_toSortedAList_thm
cv_std	cv_std.cv_union_def
cv_std	cv_std.cv_union_ind
cv_std	cv_std.cv_union_thm
cv_std	cv_std.cv_v2n_custom_thm
cv_std	cv_std.cv_word_of_bytes_be'_thm
cv_std	cv_std.cv_word_of_bytes_be_thm
cv_std	cv_std.cv_word_of_bytes_le'_thm
cv_std	cv_std.cv_word_of_bytes_le_thm
cv_std	cv_std.cv_word_to_bytes_be'_thm
cv_std	cv_std.cv_word_to_bytes_be_thm
cv_std	cv_std.cv_word_to_bytes_le'_thm
cv_std	cv_std.cv_word_to_bytes_le_thm
cv_std	cv_std.fEMPTY_num_cv_rep
cv_std	cv_std.fINSERT_num_cv_rep
cv_std	cv_std.fIN_num_cv_rep
cv_std	cv_std.fUNION_num_cv_rep
cv_std	cv_std.from_sptree_spt_def
cv_std	cv_std.from_sptree_to_sptree_spt_thm
cv_std	cv_std.from_to_fmap
cv_std	cv_std.from_to_num_fset
cv_std	cv_std.fset_ABS_num_cv_rep
cv_std	cv_std.genlist_compute
cv_std	cv_std.genlist_eq_GENLIST
cv_std	cv_std.lcp2_pre
cv_std	cv_std.lcp2_pre_cases
cv_std	cv_std.lcp2_pre_ind
cv_std	cv_std.lcp2_pre_rules
cv_std	cv_std.lcp2_pre_strongind
cv_std	cv_std.lcp_pre
cv_std	cv_std.lcp_pre_cases
cv_std	cv_std.lcp_pre_ind
cv_std	cv_std.lcp_pre_rules
cv_std	cv_std.lcp_pre_strongind
cv_std	cv_std.o_THM
cv_std	cv_std.replicate_acc_def
cv_std	cv_std.replicate_acc_ind
cv_std	cv_std.toAList_foldi_pre
cv_std	cv_std.toAList_foldi_pre_cases
cv_std	cv_std.toAList_foldi_pre_ind
cv_std	cv_std.toAList_foldi_pre_rules
cv_std	cv_std.toAList_foldi_pre_strongind
cv_std	cv_std.to_sptree_spt_def
cv_std	cv_std.word_of_bytes_be_eq_num_of_bytes
cv_std	cv_std.word_of_bytes_le_eq_num_of_bytes
cv_std	cv_std.word_to_bytes_be_eq_bytes_of_num
cv_std	cv_std.word_to_bytes_le_eq_bytes_of_num
cv_string_fmap	cv_string_fmap.ALOOKUP_st_flat
cv_string_fmap	cv_string_fmap.FUPDATE_LIST_pre
cv_string_fmap	cv_string_fmap.FUPDATE_LIST_pre_cases
cv_string_fmap	cv_string_fmap.FUPDATE_LIST_pre_ind
cv_string_fmap	cv_string_fmap.FUPDATE_LIST_pre_rules
cv_string_fmap	cv_string_fmap.FUPDATE_LIST_pre_strongind
cv_string_fmap	cv_string_fmap.cv_finite_map_FUPDATE_LIST_thm
cv_string_fmap	cv_string_fmap.cv_mk_Branch_thm
cv_string_fmap	cv_string_fmap.cv_rep_cv_string_fmap_str_trie_datatype
cv_string_fmap	cv_string_fmap.cv_rep_string_DOMSUB
cv_string_fmap	cv_string_fmap.cv_rep_string_FEMPTY
cv_string_fmap	cv_string_fmap.cv_rep_string_FLOOKUP
cv_string_fmap	cv_string_fmap.cv_rep_string_FUPDATE
cv_string_fmap	cv_string_fmap.cv_st_del_cons_def
cv_string_fmap	cv_string_fmap.cv_st_del_cons_ind
cv_string_fmap	cv_string_fmap.cv_st_del_cons_thm
cv_string_fmap	cv_string_fmap.cv_st_del_nil_def
cv_string_fmap	cv_string_fmap.cv_st_del_nil_ind
cv_string_fmap	cv_string_fmap.cv_st_del_nil_thm
cv_string_fmap	cv_string_fmap.cv_st_del_thm
cv_string_fmap	cv_string_fmap.cv_st_get_nil_thm
cv_string_fmap	cv_string_fmap.cv_st_get_thm
cv_string_fmap	cv_string_fmap.cv_st_make_def
cv_string_fmap	cv_string_fmap.cv_st_make_ind
cv_string_fmap	cv_string_fmap.cv_st_make_thm
cv_string_fmap	cv_string_fmap.cv_st_set_cons_def
cv_string_fmap	cv_string_fmap.cv_st_set_cons_ind
cv_string_fmap	cv_string_fmap.cv_st_set_cons_thm
cv_string_fmap	cv_string_fmap.cv_st_set_nil_def
cv_string_fmap	cv_string_fmap.cv_st_set_nil_ind
cv_string_fmap	cv_string_fmap.cv_st_set_nil_thm
cv_string_fmap	cv_string_fmap.cv_st_set_thm
cv_string_fmap	cv_string_fmap.datatype_str_trie
cv_string_fmap	cv_string_fmap.from_str_trie_def
cv_string_fmap	cv_string_fmap.from_to_str_trie_thm
cv_string_fmap	cv_string_fmap.from_to_string_fmap
cv_string_fmap	cv_string_fmap.st_del_Nothing
cv_string_fmap	cv_string_fmap.st_del_cons_not_Branch_Nothing
cv_string_fmap	cv_string_fmap.st_del_nil_def
cv_string_fmap	cv_string_fmap.st_del_nil_ind
cv_string_fmap	cv_string_fmap.st_del_st_set
cv_string_fmap	cv_string_fmap.st_del_st_sets
cv_string_fmap	cv_string_fmap.st_get_Nothing
cv_string_fmap	cv_string_fmap.st_get_cons_mk_Branch
cv_string_fmap	cv_string_fmap.st_get_cons_sorted_lt
cv_string_fmap	cv_string_fmap.st_get_cons_st_del_cons
cv_string_fmap	cv_string_fmap.st_get_cons_st_del_nil
cv_string_fmap	cv_string_fmap.st_get_cons_st_set_cons
cv_string_fmap	cv_string_fmap.st_get_cons_st_set_nil
cv_string_fmap	cv_string_fmap.st_get_def
cv_string_fmap	cv_string_fmap.st_get_ind
cv_string_fmap	cv_string_fmap.st_get_nil_mk_Branch
cv_string_fmap	cv_string_fmap.st_get_nil_st_del_cons
cv_string_fmap	cv_string_fmap.st_get_nil_st_del_nil
cv_string_fmap	cv_string_fmap.st_get_nil_st_make
cv_string_fmap	cv_string_fmap.st_get_nil_st_set_cons
cv_string_fmap	cv_string_fmap.st_get_nil_st_set_nil
cv_string_fmap	cv_string_fmap.st_get_st_del
cv_string_fmap	cv_string_fmap.st_get_st_make
cv_string_fmap	cv_string_fmap.st_get_st_set
cv_string_fmap	cv_string_fmap.st_get_st_sets
cv_string_fmap	cv_string_fmap.st_make_not_nothing
cv_string_fmap	cv_string_fmap.st_set_cons_not_nothing
cv_string_fmap	cv_string_fmap.st_set_nil_def
cv_string_fmap	cv_string_fmap.st_set_nil_ind
cv_string_fmap	cv_string_fmap.st_set_nil_not_nothing
cv_string_fmap	cv_string_fmap.st_sets_def
cv_string_fmap	cv_string_fmap.st_sets_eq
cv_string_fmap	cv_string_fmap.st_sets_ind
cv_string_fmap	cv_string_fmap.st_sorted_base
cv_string_fmap	cv_string_fmap.st_sorted_mk_Branch
cv_string_fmap	cv_string_fmap.st_sorted_not_Nothing_get
cv_string_fmap	cv_string_fmap.st_sorted_st_del
cv_string_fmap	cv_string_fmap.st_sorted_st_del_cons
cv_string_fmap	cv_string_fmap.st_sorted_st_del_nil
cv_string_fmap	cv_string_fmap.st_sorted_st_get_eq
cv_string_fmap	cv_string_fmap.st_sorted_st_make
cv_string_fmap	cv_string_fmap.st_sorted_st_set
cv_string_fmap	cv_string_fmap.st_sorted_st_set_cons
cv_string_fmap	cv_string_fmap.st_sorted_st_set_nil
cv_string_fmap	cv_string_fmap.st_sorted_st_sets
cv_string_fmap	cv_string_fmap.str_trie_11
cv_string_fmap	cv_string_fmap.str_trie_Axiom
cv_string_fmap	cv_string_fmap.str_trie_case_cong
cv_string_fmap	cv_string_fmap.str_trie_case_eq
cv_string_fmap	cv_string_fmap.str_trie_distinct
cv_string_fmap	cv_string_fmap.str_trie_induction
cv_string_fmap	cv_string_fmap.str_trie_nchotomy
cv_string_fmap	cv_string_fmap.to_str_trie_def
cv_type	cv_type.IMP_from_option_eq
cv_type	cv_type.IMP_from_pair_eq
cv_type	cv_type.IMP_to_option
cv_type	cv_type.IMP_to_pair
cv_type	cv_type.cv_has_shape_def
cv_type	cv_type.cv_has_shape_expand
cv_type	cv_type.cv_has_shape_ind
cv_type	cv_type.from_option_eq_IMP
cv_type	cv_type.from_pair_eq_IMP
cv_type	cv_type.from_to_bool
cv_type	cv_type.from_to_char
cv_type	cv_type.from_to_int
cv_type	cv_type.from_to_list
cv_type	cv_type.from_to_num
cv_type	cv_type.from_to_option
cv_type	cv_type.from_to_pair
cv_type	cv_type.from_to_rat
cv_type	cv_type.from_to_sum
cv_type	cv_type.from_to_unit
cv_type	cv_type.from_to_word
cv_type	cv_type.get_from_option
cv_type	cv_type.get_from_pair
cv_type	cv_type.get_from_sum
cv_type	cv_type.get_to_option
cv_type	cv_type.get_to_pair
cv_type	cv_type.get_to_sum
cv_type	cv_type.to_list_tr_eq
cv_type	cv_type.to_option_IMP
cv_type	cv_type.to_pair_IMP
cv_type	cv_type.to_pair_def
cv_type	cv_type.to_pair_ind
defCNF	defCNF.BIGSTEP
defCNF	defCNF.CONSISTENCY
defCNF	defCNF.DEF_SNOC
defCNF	defCNF.FINAL_DEF
defCNF	defCNF.OKDEF_SNOC
defCNF	defCNF.OK_def
defCNF	defCNF.OK_ind
defCNF	defCNF.UNIQUE_def
defCNF	defCNF.UNIQUE_ind
derivative	derivative.ABS_BOUND_GENERALIZE
derivative	derivative.CONCAVE_ON_DERIVATIVE_SECANT
derivative	derivative.CONCAVE_ON_LEFT_SECANT
derivative	derivative.CONCAVE_ON_MID_SECANT
derivative	derivative.CONCAVE_ON_RIGHT_SECANT
derivative	derivative.CONCAVE_ON_SECANT_DERIVATIVE
derivative	derivative.CONNECTED_COMPACT_INTERVAL_1
derivative	derivative.CONTINUOUS_AT_EXP
derivative	derivative.CONTINUOUS_ON_EXP
derivative	derivative.CONTINUOUS_WITHIN_EXP
derivative	derivative.CONVEX_ADD
derivative	derivative.CONVEX_ADD_EQ
derivative	derivative.CONVEX_ALT
derivative	derivative.CONVEX_BALL
derivative	derivative.CONVEX_CBALL
derivative	derivative.CONVEX_CMUL
derivative	derivative.CONVEX_CONNECTED
derivative	derivative.CONVEX_CONTAINS
derivative	derivative.CONVEX_CONTAINS_OPEN_SEGMENT
derivative	derivative.CONVEX_CONTAINS_SEGMENT
derivative	derivative.CONVEX_CONTAINS_SEGMENT_EQ
derivative	derivative.CONVEX_CONTAINS_SEGMENT_IMP
derivative	derivative.CONVEX_DISTANCE
derivative	derivative.CONVEX_EMPTY
derivative	derivative.CONVEX_INDEXED
derivative	derivative.CONVEX_INTER
derivative	derivative.CONVEX_INTERS
derivative	derivative.CONVEX_INTERVAL
derivative	derivative.CONVEX_MAX
derivative	derivative.CONVEX_ON_CONST
derivative	derivative.CONVEX_ON_DERIVATIVES
derivative	derivative.CONVEX_ON_DERIVATIVES_IMP
derivative	derivative.CONVEX_ON_DERIVATIVE_SECANT
derivative	derivative.CONVEX_ON_DERIVATIVE_SECANT_IMP
derivative	derivative.CONVEX_ON_EMPTY
derivative	derivative.CONVEX_ON_EQ
derivative	derivative.CONVEX_ON_LEFT_SECANT
derivative	derivative.CONVEX_ON_LEFT_SECANT_MUL
derivative	derivative.CONVEX_ON_MID_SECANT
derivative	derivative.CONVEX_ON_MID_SECANT_MUL
derivative	derivative.CONVEX_ON_RIGHT_SECANT
derivative	derivative.CONVEX_ON_RIGHT_SECANT_MUL
derivative	derivative.CONVEX_ON_SECANT_DERIVATIVE
derivative	derivative.CONVEX_ON_SECANT_DERIVATIVE_IMP
derivative	derivative.CONVEX_ON_SING
derivative	derivative.CONVEX_ON_SUBSET
derivative	derivative.CONVEX_SING
derivative	derivative.CONVEX_SUM
derivative	derivative.CONVEX_UNIV
derivative	derivative.DIFFERENTIABLE_AT_IMP_DIFFERENTIABLE_ON
derivative	derivative.DIFFERENTIABLE_AT_WITHIN
derivative	derivative.DIFFERENTIABLE_BOUND
derivative	derivative.DIFFERENTIABLE_IMP_CONTINUOUS_AT
derivative	derivative.DIFFERENTIABLE_IMP_CONTINUOUS_ON
derivative	derivative.DIFFERENTIABLE_IMP_CONTINUOUS_WITHIN
derivative	derivative.DIFFERENTIABLE_ON_EMPTY
derivative	derivative.DIFFERENTIABLE_ON_EQ
derivative	derivative.DIFFERENTIABLE_ON_EQ_DIFFERENTIABLE_AT
derivative	derivative.DIFFERENTIABLE_ON_SUBSET
derivative	derivative.DIFFERENTIABLE_TRANSFORM_AT
derivative	derivative.DIFFERENTIABLE_TRANSFORM_WITHIN
derivative	derivative.DIFFERENTIABLE_WITHIN_OPEN
derivative	derivative.DIFFERENTIABLE_WITHIN_SUBSET
derivative	derivative.DIFFERENTIAL_COMPONENT_NEG_AT_MAXIMUM
derivative	derivative.DIFFERENTIAL_COMPONENT_POS_AT_MINIMUM
derivative	derivative.DIFFERENTIAL_COMPONENT_ZERO_AT_MAXMIN
derivative	derivative.DIFFERENTIAL_ZERO_MAXMIN
derivative	derivative.DIFF_CHAIN_WITHIN
derivative	derivative.EXP_CONVERGES
derivative	derivative.EXP_CONVERGES_UNIFORMLY
derivative	derivative.EXP_CONVERGES_UNIFORMLY_CAUCHY
derivative	derivative.EXP_CONVERGES_UNIQUE
derivative	derivative.FRECHET_DERIVATIVE_WORKS
derivative	derivative.HAS_DERIVATIVE_ADD
derivative	derivative.HAS_DERIVATIVE_AT
derivative	derivative.HAS_DERIVATIVE_AT_ALT
derivative	derivative.HAS_DERIVATIVE_AT_WITHIN
derivative	derivative.HAS_DERIVATIVE_BILINEAR_AT
derivative	derivative.HAS_DERIVATIVE_BILINEAR_WITHIN
derivative	derivative.HAS_DERIVATIVE_CMUL
derivative	derivative.HAS_DERIVATIVE_CONST
derivative	derivative.HAS_DERIVATIVE_EXP
derivative	derivative.HAS_DERIVATIVE_ID
derivative	derivative.HAS_DERIVATIVE_IMP_CONTINUOUS_AT
derivative	derivative.HAS_DERIVATIVE_IMP_DIFFERENTIABLE
derivative	derivative.HAS_DERIVATIVE_LINEAR
derivative	derivative.HAS_DERIVATIVE_MUL_AT
derivative	derivative.HAS_DERIVATIVE_MUL_WITHIN
derivative	derivative.HAS_DERIVATIVE_NEG
derivative	derivative.HAS_DERIVATIVE_POW
derivative	derivative.HAS_DERIVATIVE_SEQUENCE
derivative	derivative.HAS_DERIVATIVE_SEQUENCE_LIPSCHITZ
derivative	derivative.HAS_DERIVATIVE_SERIES
derivative	derivative.HAS_DERIVATIVE_SERIES'
derivative	derivative.HAS_DERIVATIVE_SUB
derivative	derivative.HAS_DERIVATIVE_SUM
derivative	derivative.HAS_DERIVATIVE_TRANSFORM_AT
derivative	derivative.HAS_DERIVATIVE_TRANSFORM_WITHIN
derivative	derivative.HAS_DERIVATIVE_WITHIN
derivative	derivative.HAS_DERIVATIVE_WITHIN_ALT
derivative	derivative.HAS_DERIVATIVE_WITHIN_CONG
derivative	derivative.HAS_DERIVATIVE_WITHIN_OPEN
derivative	derivative.HAS_DERIVATIVE_WITHIN_SUBSET
derivative	derivative.HAS_VECTOR_DERIVATIVE_AT_WITHIN
derivative	derivative.HAS_VECTOR_DERIVATIVE_BILINEAR_AT
derivative	derivative.HAS_VECTOR_DERIVATIVE_BILINEAR_WITHIN
derivative	derivative.HAS_VECTOR_DERIVATIVE_WITHIN
derivative	derivative.HAS_VECTOR_DERIVATIVE_WITHIN_ALT
derivative	derivative.HAS_VECTOR_DERIVATIVE_WITHIN_OPEN
derivative	derivative.HAS_VECTOR_DERIVATIVE_WITHIN_SUBSET
derivative	derivative.IN_CONVEX_SET
derivative	derivative.IS_INTERVAL_CONNECTED
derivative	derivative.IS_INTERVAL_CONNECTED_1
derivative	derivative.IS_INTERVAL_CONVEX
derivative	derivative.IS_INTERVAL_CONVEX_1
derivative	derivative.LIMPT_OF_CONVEX
derivative	derivative.LIM_MUL_ABS_WITHIN
derivative	derivative.LINEAR_FRECHET_DERIVATIVE
derivative	derivative.LINEAR_IMP_CONVEX_ON
derivative	derivative.MVT
derivative	derivative.MVT_ALT
derivative	derivative.MVT_GENERAL
derivative	derivative.MVT_GENERAL_ALT
derivative	derivative.MVT_SIMPLE
derivative	derivative.MVT_VERY_SIMPLE
derivative	derivative.OABS
derivative	derivative.REAL_CONVEX_BOUND2_LT
derivative	derivative.REAL_CONVEX_BOUND_LT
derivative	derivative.REAL_MUL_NZ
derivative	derivative.ROLLE
derivative	derivative.SEGMENT_SUBSET_CONVEX
derivative	derivative.TRIVIAL_LIMIT_WITHIN_CONVEX
derivative	derivative.concave_on
derivative	derivative.differentiable_alt_has_vector_derivative
derivative	derivative.has_derivative_at
derivative	derivative.has_derivative_iff_has_vector_derivative
derivative	derivative.has_derivative_within
derivative	derivative.has_vector_derivative_within
dft	dft.DFT_ALL_DISTINCT
dft	dft.DFT_CONS
dft	dft.DFT_FOLD
dft	dft.DFT_REACH_1
dft	dft.DFT_REACH_2
dft	dft.DFT_REACH_THM
dft	dft.DFT_def
dft	dft.DFT_ind
dft	dft.DFT_ind0
dft	dft.def
dirGraph	dirGraph.EXCLUDE_LEM
dirGraph	dirGraph.REACH_EXCLUDE
dirGraph	dirGraph.REACH_LEM1
dirGraph	dirGraph.REACH_LEM2
divides	divides.ADD_DIV_EQ
divides	divides.ALL_DIVIDES_0
divides	divides.DIVIDES_ADD_1
divides	divides.DIVIDES_ADD_2
divides	divides.DIVIDES_ANTISYM
divides	divides.DIVIDES_COMMON_MULT_I
divides	divides.DIVIDES_DIV
divides	divides.DIVIDES_EQN
divides	divides.DIVIDES_EQN_COMM
divides	divides.DIVIDES_EVEN
divides	divides.DIVIDES_FACT
divides	divides.DIVIDES_LE
divides	divides.DIVIDES_LEQ_OR_ZERO
divides	divides.DIVIDES_MOD_0
divides	divides.DIVIDES_MULT
divides	divides.DIVIDES_MULTIPLE
divides	divides.DIVIDES_MULT_LCANCEL
divides	divides.DIVIDES_MULT_LEFT
divides	divides.DIVIDES_MULT_RCANCEL
divides	divides.DIVIDES_ODD
divides	divides.DIVIDES_ONE
divides	divides.DIVIDES_PROD
divides	divides.DIVIDES_REFL
divides	divides.DIVIDES_SUB
divides	divides.DIVIDES_TRANS
divides	divides.DIV_EQ
divides	divides.DIV_EQUAL_0
divides	divides.DIV_EQ_MULT
divides	divides.DIV_LE
divides	divides.DIV_LE_MONOTONE_REVERSE
divides	divides.DIV_MOD_EQ_0
divides	divides.DIV_MULT_EQ
divides	divides.DIV_MULT_LE
divides	divides.DIV_POS
divides	divides.DIV_SOLVE
divides	divides.DIV_SOLVE_COMM
divides	divides.EUCLID
divides	divides.EUCLID_PRIMES
divides	divides.EVEN_ALT
divides	divides.EXP_DIVIDES
divides	divides.EXP_divides
divides	divides.FACT_0
divides	divides.FACT_1
divides	divides.FACT_2
divides	divides.FACT_DIV
divides	divides.FACT_EQ_1
divides	divides.FACT_EQ_SELF
divides	divides.FACT_GE_SELF
divides	divides.INDEX_LESS_PRIMES
divides	divides.INFINITE_PRIMES
divides	divides.LEQ_DIVIDES_FACT
divides	divides.LE_MULT_LE_DIV
divides	divides.LT_PRIMES
divides	divides.MULT_LT_DIV
divides	divides.NEXT_LARGER_PRIME
divides	divides.NOT_LT_DIVIDES
divides	divides.NOT_PRIME_0
divides	divides.NOT_PRIME_1
divides	divides.ODD_ALT
divides	divides.ONE_DIV
divides	divides.ONE_DIVIDES_ALL
divides	divides.ONE_LT_PRIME
divides	divides.ONE_LT_PRIMES
divides	divides.PRIMES_11
divides	divides.PRIMES_NO_GAP
divides	divides.PRIMES_ONTO
divides	divides.PRIME_2
divides	divides.PRIME_3
divides	divides.PRIME_FACTOR
divides	divides.PRIME_INDEX
divides	divides.PRIME_POS
divides	divides.SUB_DIV
divides	divides.ZERO_DIVIDES
divides	divides.ZERO_LT_PRIMES
divides	divides.compute_divides
divides	divides.divide_by_cofactor
divides	divides.divides_exp
divides	divides.divides_linear
divides	divides.divides_linear_sub
divides	divides.divides_pos
divides	divides.divisor_pos
divides	divides.factor_divides
divides	divides.primePRIMES
divides	divides.prime_MULT
divides	divides.prime_always_bigger
divides	divides.prime_divides_only_self
enumeral	enumeral.EMPTY_OU
enumeral	enumeral.ENUMERAL_set
enumeral	enumeral.IN_bt_to_set
enumeral	enumeral.IN_node
enumeral	enumeral.LESS_ALL_OU
enumeral	enumeral.LESS_ALL_OU_UO_LEM
enumeral	enumeral.LESS_ALL_UO_LEM
enumeral	enumeral.LESS_UO_LEM
enumeral	enumeral.NOT_IN_nt
enumeral	enumeral.OL_DIFF_IMP
enumeral	enumeral.OL_ENUMERAL
enumeral	enumeral.OL_INTER_IMP
enumeral	enumeral.OL_UNION_IMP
enumeral	enumeral.OL_bt_to_ol
enumeral	enumeral.OL_bt_to_ol_lb
enumeral	enumeral.OL_bt_to_ol_lb_ub
enumeral	enumeral.OL_bt_to_ol_ub
enumeral	enumeral.OL_sublists
enumeral	enumeral.OL_sublists_ind
enumeral	enumeral.OU_ASSOC
enumeral	enumeral.OU_EMPTY
enumeral	enumeral.OWL_DIFF_THM
enumeral	enumeral.OWL_INTER_THM
enumeral	enumeral.OWL_UNION_THM
enumeral	enumeral.OWL_bt_to_ol
enumeral	enumeral.better_bt_to_ol
enumeral	enumeral.bl_11
enumeral	enumeral.bl_Axiom
enumeral	enumeral.bl_case_cong
enumeral	enumeral.bl_case_eq
enumeral	enumeral.bl_distinct
enumeral	enumeral.bl_induction
enumeral	enumeral.bl_nchotomy
enumeral	enumeral.bt_11
enumeral	enumeral.bt_Axiom
enumeral	enumeral.bt_case_cong
enumeral	enumeral.bt_case_eq
enumeral	enumeral.bt_distinct
enumeral	enumeral.bt_induction
enumeral	enumeral.bt_nchotomy
enumeral	enumeral.bt_to_list_thm
enumeral	enumeral.bt_to_ol_ID_IMP
enumeral	enumeral.datatype_bl
enumeral	enumeral.datatype_bt
enumeral	enumeral.incr_smerge
enumeral	enumeral.incr_smerge_OL
enumeral	enumeral.incr_smerge_ind
enumeral	enumeral.lol_set
enumeral	enumeral.lol_set_ind
enumeral	enumeral.ol_set
enumeral	enumeral.sdiff
enumeral	enumeral.sdiff_ind
enumeral	enumeral.set_OWL_thm
enumeral	enumeral.sinter
enumeral	enumeral.sinter_ind
enumeral	enumeral.smerge
enumeral	enumeral.smerge_OL
enumeral	enumeral.smerge_ind
enumeral	enumeral.smerge_nil
enumeral	enumeral.smerge_out
enumeral	enumeral.smerge_out_ind
errorLogMonad	errorLogMonad.M_CASES
errorLogMonad	errorLogMonad.bind_EQ_success
errorLogMonad	errorLogMonad.bind_IDL
errorLogMonad	errorLogMonad.bind_IDR
errorLogMonad	errorLogMonad.choice_return
errorMonad	errorMonad.EXISTS_ERROR
errorMonad	errorMonad.FORALL_ERROR
errorMonad	errorMonad.bind_EQ_error
errorMonad	errorMonad.bind_EQ_return
errorMonad	errorMonad.bind_return
errorMonad	errorMonad.datatype_error
errorMonad	errorMonad.error_11
errorMonad	errorMonad.error_Axiom
errorMonad	errorMonad.error_case_cong
errorMonad	errorMonad.error_case_eq
errorMonad	errorMonad.error_distinct
errorMonad	errorMonad.error_induction
errorMonad	errorMonad.error_nchotomy
errorStateMonad	errorStateMonad.APPLY_UNIT
errorStateMonad	errorStateMonad.APPLY_UNIT_UNIT
errorStateMonad	errorStateMonad.BIND_ASSOC
errorStateMonad	errorStateMonad.BIND_ESGUARD
errorStateMonad	errorStateMonad.BIND_FAIL_L
errorStateMonad	errorStateMonad.BIND_LEFT_UNIT
errorStateMonad	errorStateMonad.BIND_RIGHT_UNIT
errorStateMonad	errorStateMonad.ES_CHOICE_ASSOC
errorStateMonad	errorStateMonad.ES_CHOICE_FAIL_LID
errorStateMonad	errorStateMonad.ES_CHOICE_FAIL_RID
errorStateMonad	errorStateMonad.FOREACH_def
errorStateMonad	errorStateMonad.FOREACH_ind
errorStateMonad	errorStateMonad.FOR_def
errorStateMonad	errorStateMonad.FOR_ind
errorStateMonad	errorStateMonad.IGNORE_BIND_ESGUARD
errorStateMonad	errorStateMonad.IGNORE_BIND_FAIL
errorStateMonad	errorStateMonad.JOIN_MAP
errorStateMonad	errorStateMonad.JOIN_MAP_JOIN
errorStateMonad	errorStateMonad.JOIN_MMAP_UNIT
errorStateMonad	errorStateMonad.JOIN_UNIT
errorStateMonad	errorStateMonad.MCOMP_ASSOC
errorStateMonad	errorStateMonad.MCOMP_ID
errorStateMonad	errorStateMonad.MCOMP_THM
errorStateMonad	errorStateMonad.MMAP_COMP
errorStateMonad	errorStateMonad.MMAP_ID
errorStateMonad	errorStateMonad.MMAP_JOIN
errorStateMonad	errorStateMonad.MMAP_UNIT
errorStateMonad	errorStateMonad.UNIT_CURRY
errorStateMonad	errorStateMonad.mapM_cons
errorStateMonad	errorStateMonad.mapM_nil
errorStateMonad	errorStateMonad.mwhile_step_compute
errorStateMonad	errorStateMonad.mwhile_unit_step_compute
errorStateMonad	errorStateMonad.sequence_nil
exclSimps	exclSimps.foo
extended_emit	extended_emit.BAG_DIFF_EQNS
extended_emit	extended_emit.BAG_INTER_EQNS
extended_emit	extended_emit.BAG_MERGE_EQNS
extended_emit	extended_emit.SUB_BAG_EQNS
extreal	extreal.ABS_INDICATOR_FN
extreal	extreal.COUNTABLE_RATIONAL_INTERVALS
extreal	extreal.DROP_INDICATOR_FN
extreal	extreal.EXTREAL_ARCH
extreal	extreal.EXTREAL_ARCH_INV
extreal	extreal.EXTREAL_ARCH_INV'
extreal	extreal.EXTREAL_ARCH_POW2
extreal	extreal.EXTREAL_ARCH_POW2_INV
extreal	extreal.EXTREAL_EQ_LADD
extreal	extreal.EXTREAL_EQ_RADD
extreal	extreal.EXTREAL_LIM
extreal	extreal.EXTREAL_LIM_ADD
extreal	extreal.EXTREAL_LIM_CONST
extreal	extreal.EXTREAL_LIM_EVENTUALLY
extreal	extreal.EXTREAL_LIM_SEQUENTIALLY
extreal	extreal.EXTREAL_PROD_IMAGE_0
extreal	extreal.EXTREAL_PROD_IMAGE_1
extreal	extreal.EXTREAL_PROD_IMAGE_COUNT
extreal	extreal.EXTREAL_PROD_IMAGE_COUNT_ONE
extreal	extreal.EXTREAL_PROD_IMAGE_COUNT_SUC
extreal	extreal.EXTREAL_PROD_IMAGE_COUNT_ZERO
extreal	extreal.EXTREAL_PROD_IMAGE_DISJOINT_UNION
extreal	extreal.EXTREAL_PROD_IMAGE_EMPTY
extreal	extreal.EXTREAL_PROD_IMAGE_EQ
extreal	extreal.EXTREAL_PROD_IMAGE_IMAGE
extreal	extreal.EXTREAL_PROD_IMAGE_MONO
extreal	extreal.EXTREAL_PROD_IMAGE_NORMAL
extreal	extreal.EXTREAL_PROD_IMAGE_NOT_INFTY
extreal	extreal.EXTREAL_PROD_IMAGE_ONE
extreal	extreal.EXTREAL_PROD_IMAGE_PAIR
extreal	extreal.EXTREAL_PROD_IMAGE_POS
extreal	extreal.EXTREAL_PROD_IMAGE_PROPERTY
extreal	extreal.EXTREAL_PROD_IMAGE_SING
extreal	extreal.EXTREAL_PROD_IMAGE_SUPPORT
extreal	extreal.EXTREAL_PROD_IMAGE_SUPPORT'
extreal	extreal.EXTREAL_PROD_IMAGE_THM
extreal	extreal.EXTREAL_SUM_IMAGE_0
extreal	extreal.EXTREAL_SUM_IMAGE_ABS_LE
extreal	extreal.EXTREAL_SUM_IMAGE_ABS_TRIANGLE
extreal	extreal.EXTREAL_SUM_IMAGE_ADD
extreal	extreal.EXTREAL_SUM_IMAGE_ALT_FOLDR
extreal	extreal.EXTREAL_SUM_IMAGE_CDIV
extreal	extreal.EXTREAL_SUM_IMAGE_CMUL
extreal	extreal.EXTREAL_SUM_IMAGE_COUNT
extreal	extreal.EXTREAL_SUM_IMAGE_COUNT_ONE
extreal	extreal.EXTREAL_SUM_IMAGE_COUNT_SUC
extreal	extreal.EXTREAL_SUM_IMAGE_COUNT_ZERO
extreal	extreal.EXTREAL_SUM_IMAGE_CROSS_SYM
extreal	extreal.EXTREAL_SUM_IMAGE_DISJOINT_UNION
extreal	extreal.EXTREAL_SUM_IMAGE_EMPTY
extreal	extreal.EXTREAL_SUM_IMAGE_EQ
extreal	extreal.EXTREAL_SUM_IMAGE_EQ'
extreal	extreal.EXTREAL_SUM_IMAGE_EQ_CARD
extreal	extreal.EXTREAL_SUM_IMAGE_EQ_POSINF
extreal	extreal.EXTREAL_SUM_IMAGE_EQ_SHIFT
extreal	extreal.EXTREAL_SUM_IMAGE_FINITE_CONST
extreal	extreal.EXTREAL_SUM_IMAGE_FINITE_SAME
extreal	extreal.EXTREAL_SUM_IMAGE_IF_ELIM
extreal	extreal.EXTREAL_SUM_IMAGE_IMAGE
extreal	extreal.EXTREAL_SUM_IMAGE_INSERT
extreal	extreal.EXTREAL_SUM_IMAGE_INTER_ELIM
extreal	extreal.EXTREAL_SUM_IMAGE_INTER_NONZERO
extreal	extreal.EXTREAL_SUM_IMAGE_INV_CARD_EQ_1
extreal	extreal.EXTREAL_SUM_IMAGE_IN_IF
extreal	extreal.EXTREAL_SUM_IMAGE_IN_IF_ALT
extreal	extreal.EXTREAL_SUM_IMAGE_MINUS
extreal	extreal.EXTREAL_SUM_IMAGE_MONO
extreal	extreal.EXTREAL_SUM_IMAGE_MONO'
extreal	extreal.EXTREAL_SUM_IMAGE_MONO_LT
extreal	extreal.EXTREAL_SUM_IMAGE_MONO_SET
extreal	extreal.EXTREAL_SUM_IMAGE_NEG
extreal	extreal.EXTREAL_SUM_IMAGE_NORMAL
extreal	extreal.EXTREAL_SUM_IMAGE_NOT_INFTY
extreal	extreal.EXTREAL_SUM_IMAGE_NOT_NEGINF
extreal	extreal.EXTREAL_SUM_IMAGE_NOT_POSINF
extreal	extreal.EXTREAL_SUM_IMAGE_OFFSET
extreal	extreal.EXTREAL_SUM_IMAGE_PERMUTES
extreal	extreal.EXTREAL_SUM_IMAGE_POS
extreal	extreal.EXTREAL_SUM_IMAGE_POS_MEM_LE
extreal	extreal.EXTREAL_SUM_IMAGE_POW
extreal	extreal.EXTREAL_SUM_IMAGE_PROPERTY
extreal	extreal.EXTREAL_SUM_IMAGE_PROPERTY_NEG
extreal	extreal.EXTREAL_SUM_IMAGE_PROPERTY_POS
extreal	extreal.EXTREAL_SUM_IMAGE_REAL
extreal	extreal.EXTREAL_SUM_IMAGE_SING
extreal	extreal.EXTREAL_SUM_IMAGE_SNEG
extreal	extreal.EXTREAL_SUM_IMAGE_SPOS
extreal	extreal.EXTREAL_SUM_IMAGE_SUB
extreal	extreal.EXTREAL_SUM_IMAGE_SUM_IMAGE
extreal	extreal.EXTREAL_SUM_IMAGE_SUM_IMAGE_MONO
extreal	extreal.EXTREAL_SUM_IMAGE_THM
extreal	extreal.EXTREAL_SUM_IMAGE_ZERO
extreal	extreal.EXTREAL_SUM_IMAGE_ZERO_DIFF
extreal	extreal.EXTREAL_SUM_IMAGE_le_suminf
extreal	extreal.EXTREAL_SUP_FUN_SEQ_IMAGE
extreal	extreal.EXTREAL_SUP_FUN_SEQ_MONO_IMAGE
extreal	extreal.EXTREAL_SUP_SEQ
extreal	extreal.FN_ABS
extreal	extreal.FN_ABS'
extreal	extreal.FN_DECOMP
extreal	extreal.FN_DECOMP'
extreal	extreal.FN_MINUS_ABS_ZERO
extreal	extreal.FN_MINUS_ADD_LE
extreal	extreal.FN_MINUS_ALT
extreal	extreal.FN_MINUS_ALT'
extreal	extreal.FN_MINUS_CMUL
extreal	extreal.FN_MINUS_CMUL_full
extreal	extreal.FN_MINUS_FMUL
extreal	extreal.FN_MINUS_INFTY_IMP
extreal	extreal.FN_MINUS_LE_ABS
extreal	extreal.FN_MINUS_MUL
extreal	extreal.FN_MINUS_NOT_INFTY
extreal	extreal.FN_MINUS_POS
extreal	extreal.FN_MINUS_POS_ZERO
extreal	extreal.FN_MINUS_REDUCE
extreal	extreal.FN_MINUS_REDUCE'
extreal	extreal.FN_MINUS_TO_PLUS
extreal	extreal.FN_MINUS_ZERO
extreal	extreal.FN_PLUS_ABS_SELF
extreal	extreal.FN_PLUS_ADD_LE
extreal	extreal.FN_PLUS_ALT
extreal	extreal.FN_PLUS_ALT'
extreal	extreal.FN_PLUS_CMUL
extreal	extreal.FN_PLUS_CMUL_full
extreal	extreal.FN_PLUS_FMUL
extreal	extreal.FN_PLUS_INFTY_IMP
extreal	extreal.FN_PLUS_LE_ABS
extreal	extreal.FN_PLUS_MUL
extreal	extreal.FN_PLUS_NEG_ZERO
extreal	extreal.FN_PLUS_NOT_INFTY
extreal	extreal.FN_PLUS_POS
extreal	extreal.FN_PLUS_POS_ID
extreal	extreal.FN_PLUS_REDUCE
extreal	extreal.FN_PLUS_REDUCE'
extreal	extreal.FN_PLUS_TO_MINUS
extreal	extreal.FN_PLUS_ZERO
extreal	extreal.INDICATOR_FN_ABS
extreal	extreal.INDICATOR_FN_ABS_MUL
extreal	extreal.INDICATOR_FN_CROSS
extreal	extreal.INDICATOR_FN_DIFF
extreal	extreal.INDICATOR_FN_DIFF_SPACE
extreal	extreal.INDICATOR_FN_EMPTY
extreal	extreal.INDICATOR_FN_INTER
extreal	extreal.INDICATOR_FN_INTER_MIN
extreal	extreal.INDICATOR_FN_LE_1
extreal	extreal.INDICATOR_FN_MONO
extreal	extreal.INDICATOR_FN_MUL_INTER
extreal	extreal.INDICATOR_FN_NOT_INFTY
extreal	extreal.INDICATOR_FN_POS
extreal	extreal.INDICATOR_FN_SING_0
extreal	extreal.INDICATOR_FN_SING_1
extreal	extreal.INDICATOR_FN_UNION
extreal	extreal.INDICATOR_FN_UNION_MAX
extreal	extreal.INDICATOR_FN_UNION_MIN
extreal	extreal.INDICATOR_FN_UNIV
extreal	extreal.IN_bounded_continuous
extreal	extreal.IN_flat_values
extreal	extreal.IN_open_interval
extreal	extreal.LIM_SEQUENTIALLY_CESARO
extreal	extreal.LIM_SEQUENTIALLY_real_normal
extreal	extreal.Lipschitz_continuous_map_normal
extreal	extreal.NESTED_EXTREAL_SUM_IMAGE_REVERSE
extreal	extreal.Q_COUNTABLE
extreal	extreal.Q_DENSE_IN_R
extreal	extreal.Q_not_infty
extreal	extreal.SIMP_EXTREAL_ARCH
extreal	extreal.SIMP_EXTREAL_ARCH_NEG
extreal	extreal.abs_0
extreal	extreal.abs_abs
extreal	extreal.abs_bounds
extreal	extreal.abs_bounds_lt
extreal	extreal.abs_div
extreal	extreal.abs_div_normal
extreal	extreal.abs_eq_0
extreal	extreal.abs_gt_0
extreal	extreal.abs_le_0
extreal	extreal.abs_le_half_pow2
extreal	extreal.abs_le_square_plus1
extreal	extreal.abs_max
extreal	extreal.abs_mul
extreal	extreal.abs_neg
extreal	extreal.abs_neg'
extreal	extreal.abs_neg_eq
extreal	extreal.abs_not_infty
extreal	extreal.abs_not_zero
extreal	extreal.abs_pos
extreal	extreal.abs_pow2
extreal	extreal.abs_pow_le_mono
extreal	extreal.abs_real
extreal	extreal.abs_refl
extreal	extreal.abs_sub
extreal	extreal.abs_sub'
extreal	extreal.abs_triangle
extreal	extreal.abs_triangle_full
extreal	extreal.abs_triangle_neg
extreal	extreal.abs_triangle_neg_full
extreal	extreal.abs_triangle_sub
extreal	extreal.abs_triangle_sub'
extreal	extreal.abs_triangle_sub_full
extreal	extreal.abs_triangle_sub_full'
extreal	extreal.abs_unbounds
extreal	extreal.add2_sub2
extreal	extreal.add_assoc
extreal	extreal.add_comm
extreal	extreal.add_comm_normal
extreal	extreal.add_infty
extreal	extreal.add_ldistrib
extreal	extreal.add_ldistrib_neg
extreal	extreal.add_ldistrib_normal
extreal	extreal.add_ldistrib_normal2
extreal	extreal.add_ldistrib_pos
extreal	extreal.add_lzero
extreal	extreal.add_not_infty
extreal	extreal.add_pow2
extreal	extreal.add_pow2_pos
extreal	extreal.add_rdistrib
extreal	extreal.add_rdistrib_normal
extreal	extreal.add_rdistrib_normal2
extreal	extreal.add_rzero
extreal	extreal.add_sub
extreal	extreal.add_sub2
extreal	extreal.add_sub_normal
extreal	extreal.bounded_imp_not_infty
extreal	extreal.conjugate_properties
extreal	extreal.continuous_map_normal
extreal	extreal.continuous_map_real
extreal	extreal.countable_disjoint_interval_lemma
extreal	extreal.countable_disjoint_open_interval_lemma
extreal	extreal.countable_flat_area_of
extreal	extreal.countable_jumping_point_of
extreal	extreal.dist_triangle_add
extreal	extreal.div_add
extreal	extreal.div_add2
extreal	extreal.div_eq_mul_linv
extreal	extreal.div_eq_mul_rinv
extreal	extreal.div_infty
extreal	extreal.div_mul_refl
extreal	extreal.div_not_infty
extreal	extreal.div_one
extreal	extreal.div_refl
extreal	extreal.div_refl_pos
extreal	extreal.div_sub
extreal	extreal.entire
extreal	extreal.eq_add_sub_switch
extreal	extreal.eq_neg
extreal	extreal.eq_sub_ladd
extreal	extreal.eq_sub_ladd_normal
extreal	extreal.eq_sub_radd
extreal	extreal.eq_sub_switch
extreal	extreal.eqle_trans
extreal	extreal.exp_0
extreal	extreal.exp_add
extreal	extreal.exp_le_x
extreal	extreal.exp_le_x'
extreal	extreal.exp_mono_le
extreal	extreal.exp_neg
extreal	extreal.exp_pos
extreal	extreal.exp_pos_lt
extreal	extreal.ext_bounded_alt
extreal	extreal.ext_liminf_add
extreal	extreal.ext_liminf_alt_limsup
extreal	extreal.ext_liminf_bounded
extreal	extreal.ext_liminf_cmul
extreal	extreal.ext_liminf_const
extreal	extreal.ext_liminf_imp_subseq
extreal	extreal.ext_liminf_le_limsup
extreal	extreal.ext_liminf_le_subseq
extreal	extreal.ext_liminf_lowerbound
extreal	extreal.ext_liminf_mono
extreal	extreal.ext_liminf_pos
extreal	extreal.ext_liminf_upperbound
extreal	extreal.ext_limsup_add
extreal	extreal.ext_limsup_alt_liminf
extreal	extreal.ext_limsup_bounded
extreal	extreal.ext_limsup_cmul
extreal	extreal.ext_limsup_const
extreal	extreal.ext_limsup_imp_subseq
extreal	extreal.ext_limsup_le_subseq
extreal	extreal.ext_limsup_lowerbound
extreal	extreal.ext_limsup_mono
extreal	extreal.ext_limsup_pos
extreal	extreal.ext_limsup_sup_lemma
extreal	extreal.ext_limsup_thm
extreal	extreal.ext_limsup_thm'
extreal	extreal.ext_limsup_triangle
extreal	extreal.ext_limsup_upperbound
extreal	extreal.ext_mono_decreasing_suc
extreal	extreal.ext_mono_increasing_suc
extreal	extreal.ext_suminf_0
extreal	extreal.ext_suminf_2d
extreal	extreal.ext_suminf_2d_full
extreal	extreal.ext_suminf_add
extreal	extreal.ext_suminf_add'
extreal	extreal.ext_suminf_alt
extreal	extreal.ext_suminf_alt'
extreal	extreal.ext_suminf_cmul
extreal	extreal.ext_suminf_cmul_alt
extreal	extreal.ext_suminf_eq
extreal	extreal.ext_suminf_eq_infty
extreal	extreal.ext_suminf_eq_infty_imp
extreal	extreal.ext_suminf_eq_shift
extreal	extreal.ext_suminf_lt_infty
extreal	extreal.ext_suminf_mono
extreal	extreal.ext_suminf_nested
extreal	extreal.ext_suminf_offset
extreal	extreal.ext_suminf_pos
extreal	extreal.ext_suminf_posinf
extreal	extreal.ext_suminf_real_suminf
extreal	extreal.ext_suminf_sigma
extreal	extreal.ext_suminf_sigma'
extreal	extreal.ext_suminf_sing
extreal	extreal.ext_suminf_sing_general
extreal	extreal.ext_suminf_sub
extreal	extreal.ext_suminf_sum
extreal	extreal.ext_suminf_suminf
extreal	extreal.ext_suminf_suminf'
extreal	extreal.ext_suminf_summable
extreal	extreal.ext_suminf_sup_eq
extreal	extreal.ext_suminf_zero
extreal	extreal.ext_tendsto_def
extreal	extreal.extreal_0_simps
extreal	extreal.extreal_11
extreal	extreal.extreal_1_simps
extreal	extreal.extreal_abs_def
extreal	extreal.extreal_add_def
extreal	extreal.extreal_add_eq
extreal	extreal.extreal_ainv_def
extreal	extreal.extreal_cases
extreal	extreal.extreal_dist_def
extreal	extreal.extreal_dist_ind
extreal	extreal.extreal_dist_ismet
extreal	extreal.extreal_dist_normal
extreal	extreal.extreal_dist_normal'
extreal	extreal.extreal_distinct
extreal	extreal.extreal_div_def
extreal	extreal.extreal_div_eq
extreal	extreal.extreal_double
extreal	extreal.extreal_eq_zero
extreal	extreal.extreal_inv_def
extreal	extreal.extreal_inv_eq
extreal	extreal.extreal_le_def
extreal	extreal.extreal_le_eq
extreal	extreal.extreal_le_simps
extreal	extreal.extreal_lim_sequentially_eq
extreal	extreal.extreal_lim_sequentially_eq'
extreal	extreal.extreal_lt_def
extreal	extreal.extreal_lt_eq
extreal	extreal.extreal_lt_simps
extreal	extreal.extreal_max_def
extreal	extreal.extreal_mean
extreal	extreal.extreal_min_def
extreal	extreal.extreal_mr1_eq_1
extreal	extreal.extreal_mr1_le_1
extreal	extreal.extreal_mr1_lt_1
extreal	extreal.extreal_mr1_normal
extreal	extreal.extreal_mr1_normal'
extreal	extreal.extreal_mr1_thm
extreal	extreal.extreal_mul_def
extreal	extreal.extreal_mul_eq
extreal	extreal.extreal_not_infty
extreal	extreal.extreal_not_lt
extreal	extreal.extreal_of_num_def
extreal	extreal.extreal_pow
extreal	extreal.extreal_pow_alt
extreal	extreal.extreal_pow_def
extreal	extreal.extreal_sqrt_def
extreal	extreal.extreal_sub
extreal	extreal.extreal_sub_add
extreal	extreal.extreal_sub_def
extreal	extreal.extreal_sub_eq
extreal	extreal.flat_areas_countable
extreal	extreal.flat_values_alt
extreal	extreal.flat_values_countable
extreal	extreal.fn_minus
extreal	extreal.fn_minus_abs
extreal	extreal.fn_minus_cmul
extreal	extreal.fn_minus_fmul
extreal	extreal.fn_minus_mul_indicator
extreal	extreal.fn_plus
extreal	extreal.fn_plus_abs
extreal	extreal.fn_plus_alt
extreal	extreal.fn_plus_cmul
extreal	extreal.fn_plus_fmul
extreal	extreal.fn_plus_mul_indicator
extreal	extreal.fourth_cancel
extreal	extreal.fourths_between
extreal	extreal.gen_powr
extreal	extreal.geometric_series_pow
extreal	extreal.half_between
extreal	extreal.half_cancel
extreal	extreal.half_double
extreal	extreal.half_not_infty
extreal	extreal.harmonic_series_pow_2
extreal	extreal.indicator_fn_def
extreal	extreal.indicator_fn_normal
extreal	extreal.indicator_fn_split
extreal	extreal.indicator_fn_suminf
extreal	extreal.ineq_imp
extreal	extreal.inf_add_mono_bounded
extreal	extreal.inf_bounded
extreal	extreal.inf_bounded'
extreal	extreal.inf_bounded_alt
extreal	extreal.inf_cminus
extreal	extreal.inf_cmul
extreal	extreal.inf_cmul'
extreal	extreal.inf_cmul_general
extreal	extreal.inf_const
extreal	extreal.inf_const_alt
extreal	extreal.inf_const_alt'
extreal	extreal.inf_const_over_set
extreal	extreal.inf_countable_seq
extreal	extreal.inf_empty
extreal	extreal.inf_eq
extreal	extreal.inf_eq'
extreal	extreal.inf_le
extreal	extreal.inf_le'
extreal	extreal.inf_le_imp
extreal	extreal.inf_le_imp'
extreal	extreal.inf_lt
extreal	extreal.inf_lt'
extreal	extreal.inf_lt_infty
extreal	extreal.inf_min
extreal	extreal.inf_minimal
extreal	extreal.inf_mono
extreal	extreal.inf_mono_subset
extreal	extreal.inf_normal
extreal	extreal.inf_num
extreal	extreal.inf_open_interval
extreal	extreal.inf_pos
extreal	extreal.inf_pos'
extreal	extreal.inf_seq
extreal	extreal.inf_seq'
extreal	extreal.inf_seq_countable_inf
extreal	extreal.inf_sing
extreal	extreal.inf_suc
extreal	extreal.inf_univ
extreal	extreal.infty_div
extreal	extreal.infty_pow2
extreal	extreal.infty_powr
extreal	extreal.inv_1over
extreal	extreal.inv_infty
extreal	extreal.inv_inj
extreal	extreal.inv_inv
extreal	extreal.inv_le_antimono
extreal	extreal.inv_le_antimono_imp
extreal	extreal.inv_lt_antimono
extreal	extreal.inv_mul
extreal	extreal.inv_not_infty
extreal	extreal.inv_one
extreal	extreal.inv_pos
extreal	extreal.inv_pos'
extreal	extreal.inv_pos_eq
extreal	extreal.inv_powr
extreal	extreal.jumping_area_countable
extreal	extreal.jumping_point_of_jumping
extreal	extreal.ldiv_eq
extreal	extreal.ldiv_le_imp
extreal	extreal.le_01
extreal	extreal.le_02
extreal	extreal.le_abs
extreal	extreal.le_abs_bounds
extreal	extreal.le_add
extreal	extreal.le_add2
extreal	extreal.le_add_neg
extreal	extreal.le_addl
extreal	extreal.le_addl_imp
extreal	extreal.le_addr
extreal	extreal.le_addr_imp
extreal	extreal.le_antisym
extreal	extreal.le_div
extreal	extreal.le_epsilon
extreal	extreal.le_inf
extreal	extreal.le_inf'
extreal	extreal.le_inf_epsilon_set
extreal	extreal.le_infty
extreal	extreal.le_inv
extreal	extreal.le_ladd
extreal	extreal.le_ladd_imp
extreal	extreal.le_ldiv
extreal	extreal.le_lmul
extreal	extreal.le_lmul_imp
extreal	extreal.le_lneg
extreal	extreal.le_lsub_imp
extreal	extreal.le_lt
extreal	extreal.le_max
extreal	extreal.le_max1
extreal	extreal.le_max2
extreal	extreal.le_min
extreal	extreal.le_mul
extreal	extreal.le_mul2
extreal	extreal.le_mul_epsilon
extreal	extreal.le_mul_neg
extreal	extreal.le_neg
extreal	extreal.le_negl
extreal	extreal.le_negr
extreal	extreal.le_not_infty
extreal	extreal.le_num
extreal	extreal.le_pow2
extreal	extreal.le_radd
extreal	extreal.le_radd_imp
extreal	extreal.le_rdiv
extreal	extreal.le_refl
extreal	extreal.le_rmul
extreal	extreal.le_rmul_imp
extreal	extreal.le_rsub_imp
extreal	extreal.le_sub_eq
extreal	extreal.le_sub_eq2
extreal	extreal.le_sub_imp
extreal	extreal.le_sub_imp2
extreal	extreal.le_sup
extreal	extreal.le_sup'
extreal	extreal.le_sup_imp
extreal	extreal.le_sup_imp'
extreal	extreal.le_sup_imp2
extreal	extreal.le_total
extreal	extreal.le_trans
extreal	extreal.leeq_trans
extreal	extreal.let_add
extreal	extreal.let_add2
extreal	extreal.let_add2_alt
extreal	extreal.let_antisym
extreal	extreal.let_mul
extreal	extreal.let_total
extreal	extreal.let_trans
extreal	extreal.lim_sequentially_add
extreal	extreal.lim_sequentially_cmul
extreal	extreal.lim_sequentially_imp_extreal_lim
extreal	extreal.lim_sequentially_sum
extreal	extreal.linv_uniq
extreal	extreal.ln_1
extreal	extreal.ln_inv
extreal	extreal.ln_mul
extreal	extreal.ln_neg
extreal	extreal.ln_neg_lt
extreal	extreal.ln_not_neginf
extreal	extreal.ln_pos
extreal	extreal.ln_pos_lt
extreal	extreal.logr_not_infty
extreal	extreal.lt_01
extreal	extreal.lt_02
extreal	extreal.lt_10
extreal	extreal.lt_abs_bounds
extreal	extreal.lt_add
extreal	extreal.lt_add2
extreal	extreal.lt_add_neg
extreal	extreal.lt_addl
extreal	extreal.lt_addr
extreal	extreal.lt_addr_imp
extreal	extreal.lt_antisym
extreal	extreal.lt_div
extreal	extreal.lt_imp_le
extreal	extreal.lt_imp_ne
extreal	extreal.lt_inf_epsilon
extreal	extreal.lt_inf_epsilon'
extreal	extreal.lt_inf_epsilon_set
extreal	extreal.lt_infty
extreal	extreal.lt_ladd
extreal	extreal.lt_ldiv
extreal	extreal.lt_le
extreal	extreal.lt_lmul
extreal	extreal.lt_lmul_imp
extreal	extreal.lt_lsub_imp
extreal	extreal.lt_max
extreal	extreal.lt_max_between
extreal	extreal.lt_max_fn_seq
extreal	extreal.lt_mul
extreal	extreal.lt_mul2
extreal	extreal.lt_mul_neg
extreal	extreal.lt_neg
extreal	extreal.lt_radd
extreal	extreal.lt_rdiv
extreal	extreal.lt_rdiv_neg
extreal	extreal.lt_refl
extreal	extreal.lt_rmul
extreal	extreal.lt_rmul_imp
extreal	extreal.lt_rsub_imp
extreal	extreal.lt_sub
extreal	extreal.lt_sub'
extreal	extreal.lt_sub_imp
extreal	extreal.lt_sub_imp'
extreal	extreal.lt_sub_imp2
extreal	extreal.lt_sup
extreal	extreal.lt_total
extreal	extreal.lt_trans
extreal	extreal.lte_add
extreal	extreal.lte_mul
extreal	extreal.lte_total
extreal	extreal.lte_trans
extreal	extreal.max_comm
extreal	extreal.max_fn_seq_0
extreal	extreal.max_fn_seq_alt_sup
extreal	extreal.max_fn_seq_compute
extreal	extreal.max_fn_seq_cong
extreal	extreal.max_fn_seq_le
extreal	extreal.max_fn_seq_mono
extreal	extreal.max_infty
extreal	extreal.max_le
extreal	extreal.max_le2_imp
extreal	extreal.max_reduce
extreal	extreal.max_refl
extreal	extreal.min_comm
extreal	extreal.min_infty
extreal	extreal.min_le
extreal	extreal.min_le1
extreal	extreal.min_le2
extreal	extreal.min_le2_imp
extreal	extreal.min_le_between
extreal	extreal.min_reduce
extreal	extreal.min_refl
extreal	extreal.mono_decreasing_ext
extreal	extreal.mono_decreasing_imp_ext
extreal	extreal.mono_increasing_ext
extreal	extreal.mono_increasing_imp_ext
extreal	extreal.mono_increasing_lemma
extreal	extreal.monoidal_mul
extreal	extreal.mspace_extreal_mr1
extreal	extreal.mul_assoc
extreal	extreal.mul_comm
extreal	extreal.mul_div_refl
extreal	extreal.mul_infty
extreal	extreal.mul_infty'
extreal	extreal.mul_lcancel
extreal	extreal.mul_le
extreal	extreal.mul_le2
extreal	extreal.mul_let
extreal	extreal.mul_linv
extreal	extreal.mul_linv_pos
extreal	extreal.mul_lneg
extreal	extreal.mul_lone
extreal	extreal.mul_lposinf
extreal	extreal.mul_lt
extreal	extreal.mul_lt2
extreal	extreal.mul_lte
extreal	extreal.mul_lzero
extreal	extreal.mul_not_infty
extreal	extreal.mul_not_infty2
extreal	extreal.mul_powr
extreal	extreal.mul_rcancel
extreal	extreal.mul_rneg
extreal	extreal.mul_rone
extreal	extreal.mul_rposinf
extreal	extreal.mul_rzero
extreal	extreal.ne_01
extreal	extreal.ne_02
extreal	extreal.neg_0
extreal	extreal.neg_add
extreal	extreal.neg_eq0
extreal	extreal.neg_minus1
extreal	extreal.neg_mul2
extreal	extreal.neg_neg
extreal	extreal.neg_not_posinf
extreal	extreal.neg_sub
extreal	extreal.neutral_mul
extreal	extreal.nonneg_abs
extreal	extreal.nonneg_fn_abs
extreal	extreal.nonneg_fn_minus
extreal	extreal.nonneg_fn_plus
extreal	extreal.normal_0
extreal	extreal.normal_1
extreal	extreal.normal_exp
extreal	extreal.normal_indicator
extreal	extreal.normal_inv_eq
extreal	extreal.normal_minus1
extreal	extreal.normal_mul_indicator
extreal	extreal.normal_powr
extreal	extreal.normal_real
extreal	extreal.normal_real_set
extreal	extreal.num_lt_infty
extreal	extreal.num_not_infty
extreal	extreal.one_pow
extreal	extreal.one_powr
extreal	extreal.open_interval_11
extreal	extreal.pos_not_neginf
extreal	extreal.pos_summable
extreal	extreal.pow2_le_eq
extreal	extreal.pow2_sqrt
extreal	extreal.pow_0
extreal	extreal.pow_1
extreal	extreal.pow_2
extreal	extreal.pow_2_abs
extreal	extreal.pow_abs
extreal	extreal.pow_add
extreal	extreal.pow_ainv_even
extreal	extreal.pow_ainv_odd
extreal	extreal.pow_div
extreal	extreal.pow_eq
extreal	extreal.pow_even_le
extreal	extreal.pow_half_pos_le
extreal	extreal.pow_half_pos_lt
extreal	extreal.pow_half_ser
extreal	extreal.pow_half_ser'
extreal	extreal.pow_half_ser_by_e
extreal	extreal.pow_inv
extreal	extreal.pow_le
extreal	extreal.pow_le_full
extreal	extreal.pow_le_mono
extreal	extreal.pow_lt
extreal	extreal.pow_lt2
extreal	extreal.pow_minus1
extreal	extreal.pow_mul
extreal	extreal.pow_neg_odd
extreal	extreal.pow_not_infty
extreal	extreal.pow_pos_even
extreal	extreal.pow_pos_le
extreal	extreal.pow_pos_lt
extreal	extreal.pow_pow
extreal	extreal.pow_zero
extreal	extreal.pow_zero_imp
extreal	extreal.powr_0
extreal	extreal.powr_1
extreal	extreal.powr_add
extreal	extreal.powr_eq_0
extreal	extreal.powr_ge_1
extreal	extreal.powr_infty
extreal	extreal.powr_le_eq
extreal	extreal.powr_mono_eq
extreal	extreal.powr_pos
extreal	extreal.powr_pos_lt
extreal	extreal.powr_powr
extreal	extreal.quotient_normal
extreal	extreal.rdiv_eq
extreal	extreal.real_0
extreal	extreal.real_def
extreal	extreal.real_normal
extreal	extreal.real_set_def
extreal	extreal.real_set_empty
extreal	extreal.right_continuous_at_thm
extreal	extreal.right_continuous_def
extreal	extreal.rinv_uniq
extreal	extreal.seq_le_imp_lim_le
extreal	extreal.seq_mono_le
extreal	extreal.seq_sup_compute
extreal	extreal.sqrt_0
extreal	extreal.sqrt_1
extreal	extreal.sqrt_le_n
extreal	extreal.sqrt_le_x
extreal	extreal.sqrt_mono_le
extreal	extreal.sqrt_mul
extreal	extreal.sqrt_pos_le
extreal	extreal.sqrt_pos_lt
extreal	extreal.sqrt_pos_ne
extreal	extreal.sqrt_pow2
extreal	extreal.sqrt_powr
extreal	extreal.sqrt_real
extreal	extreal.sub_0
extreal	extreal.sub_add
extreal	extreal.sub_add2
extreal	extreal.sub_add_normal
extreal	extreal.sub_eq_0
extreal	extreal.sub_infty
extreal	extreal.sub_ldistrib
extreal	extreal.sub_le_eq
extreal	extreal.sub_le_eq2
extreal	extreal.sub_le_imp
extreal	extreal.sub_le_imp2
extreal	extreal.sub_le_sub_imp
extreal	extreal.sub_le_switch
extreal	extreal.sub_le_switch2
extreal	extreal.sub_le_zero
extreal	extreal.sub_lneg
extreal	extreal.sub_lt_eq
extreal	extreal.sub_lt_imp
extreal	extreal.sub_lt_imp2
extreal	extreal.sub_lt_zero
extreal	extreal.sub_lt_zero2
extreal	extreal.sub_lzero
extreal	extreal.sub_not_infty
extreal	extreal.sub_pow2
extreal	extreal.sub_rdistrib
extreal	extreal.sub_refl
extreal	extreal.sub_rneg
extreal	extreal.sub_rzero
extreal	extreal.sub_zero_le
extreal	extreal.sub_zero_lt
extreal	extreal.sub_zero_lt2
extreal	extreal.summable_ext_suminf
extreal	extreal.summable_ext_suminf_suminf
extreal	extreal.sup_add_mono
extreal	extreal.sup_add_mono_bounded
extreal	extreal.sup_bounded
extreal	extreal.sup_bounded'
extreal	extreal.sup_bounded_alt
extreal	extreal.sup_close
extreal	extreal.sup_cmul
extreal	extreal.sup_cmul_general
extreal	extreal.sup_cmult
extreal	extreal.sup_comm
extreal	extreal.sup_comm_ext
extreal	extreal.sup_const
extreal	extreal.sup_const_alt
extreal	extreal.sup_const_alt'
extreal	extreal.sup_const_over_set
extreal	extreal.sup_const_over_univ
extreal	extreal.sup_countable_seq
extreal	extreal.sup_empty
extreal	extreal.sup_eq
extreal	extreal.sup_eq'
extreal	extreal.sup_image_normal
extreal	extreal.sup_insert
extreal	extreal.sup_le
extreal	extreal.sup_le'
extreal	extreal.sup_le_mono
extreal	extreal.sup_le_sup_imp
extreal	extreal.sup_le_sup_imp'
extreal	extreal.sup_lt
extreal	extreal.sup_lt'
extreal	extreal.sup_lt_epsilon
extreal	extreal.sup_lt_epsilon'
extreal	extreal.sup_lt_infty
extreal	extreal.sup_max
extreal	extreal.sup_maximal
extreal	extreal.sup_mono
extreal	extreal.sup_mono_ext
extreal	extreal.sup_mono_subset
extreal	extreal.sup_normal
extreal	extreal.sup_normal'
extreal	extreal.sup_num
extreal	extreal.sup_open_interval
extreal	extreal.sup_pos
extreal	extreal.sup_pos'
extreal	extreal.sup_seq
extreal	extreal.sup_seq'
extreal	extreal.sup_seq_countable_seq
extreal	extreal.sup_shift
extreal	extreal.sup_sing
extreal	extreal.sup_suc
extreal	extreal.sup_sum_mono
extreal	extreal.sup_univ
extreal	extreal.third_cancel
extreal	extreal.thirds_between
extreal	extreal.topspace_ext_euclidean
extreal	extreal.x_half_half
extreal	extreal.young_inequality
extreal	extreal.zero_div
extreal	extreal.zero_pow
extreal	extreal.zero_rpow
extreal_base	extreal_base.ADD_IN_Q
extreal_base	extreal_base.CEILING_LBOUND
extreal_base	extreal_base.CEILING_UBOUND
extreal_base	extreal_base.CMUL_IN_Q
extreal_base	extreal_base.COUNTABLE_ENUM_Q
extreal_base	extreal_base.DIV_IN_Q
extreal_base	extreal_base.EXTREAL_ARCH
extreal_base	extreal_base.EXTREAL_ARCH_INV
extreal_base	extreal_base.EXTREAL_ARCH_INV'
extreal_base	extreal_base.EXTREAL_EQ_LADD
extreal_base	extreal_base.EXTREAL_EQ_RADD
extreal_base	extreal_base.INV_IN_Q
extreal_base	extreal_base.MUL_IN_Q
extreal_base	extreal_base.NUM_IN_Q
extreal_base	extreal_base.OPP_IN_Q
extreal_base	extreal_base.Q_COUNTABLE
extreal_base	extreal_base.Q_DENSE_IN_R
extreal_base	extreal_base.Q_DENSE_IN_R'
extreal_base	extreal_base.Q_DENSE_IN_R_LEMMA
extreal_base	extreal_base.Q_INFINITE
extreal_base	extreal_base.Q_not_infty
extreal_base	extreal_base.Q_set_def
extreal_base	extreal_base.SIMP_EXTREAL_ARCH
extreal_base	extreal_base.SIMP_EXTREAL_ARCH_NEG
extreal_base	extreal_base.SUB_IN_Q
extreal_base	extreal_base.abs_0
extreal_base	extreal_base.abs_abs
extreal_base	extreal_base.abs_bounds
extreal_base	extreal_base.abs_bounds_lt
extreal_base	extreal_base.abs_contract_le_1
extreal_base	extreal_base.abs_contract_lt_1
extreal_base	extreal_base.abs_div
extreal_base	extreal_base.abs_div_normal
extreal_base	extreal_base.abs_eq_0
extreal_base	extreal_base.abs_gt_0
extreal_base	extreal_base.abs_le_0
extreal_base	extreal_base.abs_le_half_pow2
extreal_base	extreal_base.abs_le_square_plus1
extreal_base	extreal_base.abs_max
extreal_base	extreal_base.abs_mul
extreal_base	extreal_base.abs_neg
extreal_base	extreal_base.abs_neg'
extreal_base	extreal_base.abs_neg_eq
extreal_base	extreal_base.abs_not_infty
extreal_base	extreal_base.abs_not_zero
extreal_base	extreal_base.abs_pos
extreal_base	extreal_base.abs_pow2
extreal_base	extreal_base.abs_pow_le_mono
extreal_base	extreal_base.abs_real
extreal_base	extreal_base.abs_refl
extreal_base	extreal_base.abs_sub
extreal_base	extreal_base.abs_sub'
extreal_base	extreal_base.abs_triangle
extreal_base	extreal_base.abs_triangle_full
extreal_base	extreal_base.abs_triangle_neg
extreal_base	extreal_base.abs_triangle_neg_full
extreal_base	extreal_base.abs_triangle_sub
extreal_base	extreal_base.abs_triangle_sub'
extreal_base	extreal_base.abs_triangle_sub_full
extreal_base	extreal_base.abs_triangle_sub_full'
extreal_base	extreal_base.abs_unbounds
extreal_base	extreal_base.add2_assoc
extreal_base	extreal_base.add2_sub2
extreal_base	extreal_base.add_assoc
extreal_base	extreal_base.add_comm
extreal_base	extreal_base.add_comm_normal
extreal_base	extreal_base.add_infty
extreal_base	extreal_base.add_ldistrib
extreal_base	extreal_base.add_ldistrib_neg
extreal_base	extreal_base.add_ldistrib_normal
extreal_base	extreal_base.add_ldistrib_normal2
extreal_base	extreal_base.add_ldistrib_pos
extreal_base	extreal_base.add_lzero
extreal_base	extreal_base.add_not_infty
extreal_base	extreal_base.add_pow2
extreal_base	extreal_base.add_pow2_pos
extreal_base	extreal_base.add_rdistrib
extreal_base	extreal_base.add_rdistrib_normal
extreal_base	extreal_base.add_rdistrib_normal2
extreal_base	extreal_base.add_real
extreal_base	extreal_base.add_rzero
extreal_base	extreal_base.add_sub
extreal_base	extreal_base.add_sub2
extreal_base	extreal_base.add_sub_normal
extreal_base	extreal_base.contract_11
extreal_base	extreal_base.contract_le_eq
extreal_base	extreal_base.contract_neg
extreal_base	extreal_base.datatype_extreal
extreal_base	extreal_base.div_add
extreal_base	extreal_base.div_add2
extreal_base	extreal_base.div_eq_mul_linv
extreal_base	extreal_base.div_eq_mul_rinv
extreal_base	extreal_base.div_infty
extreal_base	extreal_base.div_mul_refl
extreal_base	extreal_base.div_not_infty
extreal_base	extreal_base.div_one
extreal_base	extreal_base.div_refl
extreal_base	extreal_base.div_refl_pos
extreal_base	extreal_base.div_sub
extreal_base	extreal_base.entire
extreal_base	extreal_base.eq_add_sub_switch
extreal_base	extreal_base.eq_neg
extreal_base	extreal_base.eq_rdiv
extreal_base	extreal_base.eq_sub_ladd
extreal_base	extreal_base.eq_sub_ladd_normal
extreal_base	extreal_base.eq_sub_radd
extreal_base	extreal_base.eq_sub_switch
extreal_base	extreal_base.expand_contract
extreal_base	extreal_base.extreal_11
extreal_base	extreal_base.extreal_Axiom
extreal_base	extreal_base.extreal_abs_def
extreal_base	extreal_base.extreal_abs_ind
extreal_base	extreal_base.extreal_add_def
extreal_base	extreal_base.extreal_add_eq
extreal_base	extreal_base.extreal_add_ind
extreal_base	extreal_base.extreal_case_cong
extreal_base	extreal_base.extreal_case_eq
extreal_base	extreal_base.extreal_cases
extreal_base	extreal_base.extreal_distinct
extreal_base	extreal_base.extreal_div_eq
extreal_base	extreal_base.extreal_double
extreal_base	extreal_base.extreal_eq_zero
extreal_base	extreal_base.extreal_induction
extreal_base	extreal_base.extreal_inv_eq
extreal_base	extreal_base.extreal_le_def
extreal_base	extreal_base.extreal_le_eq
extreal_base	extreal_base.extreal_le_ind
extreal_base	extreal_base.extreal_lt_eq
extreal_base	extreal_base.extreal_max_eq
extreal_base	extreal_base.extreal_mean
extreal_base	extreal_base.extreal_min_eq
extreal_base	extreal_base.extreal_mul_def
extreal_base	extreal_base.extreal_mul_eq
extreal_base	extreal_base.extreal_mul_ind
extreal_base	extreal_base.extreal_nchotomy
extreal_base	extreal_base.extreal_not_infty
extreal_base	extreal_base.extreal_not_le
extreal_base	extreal_base.extreal_not_lt
extreal_base	extreal_base.extreal_pow
extreal_base	extreal_base.extreal_pow_eq
extreal_base	extreal_base.extreal_sub_add
extreal_base	extreal_base.extreal_sub_def
extreal_base	extreal_base.extreal_sub_eq
extreal_base	extreal_base.fourth_cancel
extreal_base	extreal_base.fourths_between
extreal_base	extreal_base.half_between
extreal_base	extreal_base.half_cancel
extreal_base	extreal_base.half_double
extreal_base	extreal_base.half_not_infty
extreal_base	extreal_base.infty_div
extreal_base	extreal_base.infty_pow2
extreal_base	extreal_base.inv_1over
extreal_base	extreal_base.inv_infty
extreal_base	extreal_base.inv_inj
extreal_base	extreal_base.inv_inv
extreal_base	extreal_base.inv_le_antimono
extreal_base	extreal_base.inv_le_antimono_imp
extreal_base	extreal_base.inv_lt_antimono
extreal_base	extreal_base.inv_mul
extreal_base	extreal_base.inv_not_infty
extreal_base	extreal_base.inv_one
extreal_base	extreal_base.inv_pos
extreal_base	extreal_base.inv_pos'
extreal_base	extreal_base.inv_pos_eq
extreal_base	extreal_base.ldiv_eq
extreal_base	extreal_base.ldiv_le_imp
extreal_base	extreal_base.le_01
extreal_base	extreal_base.le_02
extreal_base	extreal_base.le_abs
extreal_base	extreal_base.le_abs_bounds
extreal_base	extreal_base.le_add
extreal_base	extreal_base.le_add2
extreal_base	extreal_base.le_add_neg
extreal_base	extreal_base.le_addl
extreal_base	extreal_base.le_addl_imp
extreal_base	extreal_base.le_addr
extreal_base	extreal_base.le_addr_imp
extreal_base	extreal_base.le_antisym
extreal_base	extreal_base.le_div
extreal_base	extreal_base.le_infty
extreal_base	extreal_base.le_inv
extreal_base	extreal_base.le_ladd
extreal_base	extreal_base.le_ladd_imp
extreal_base	extreal_base.le_ldiv
extreal_base	extreal_base.le_lmul
extreal_base	extreal_base.le_lmul_imp
extreal_base	extreal_base.le_lneg
extreal_base	extreal_base.le_lsub_imp
extreal_base	extreal_base.le_lt
extreal_base	extreal_base.le_max
extreal_base	extreal_base.le_max1
extreal_base	extreal_base.le_max2
extreal_base	extreal_base.le_min
extreal_base	extreal_base.le_mul
extreal_base	extreal_base.le_mul2
extreal_base	extreal_base.le_mul_neg
extreal_base	extreal_base.le_neg
extreal_base	extreal_base.le_not_infty
extreal_base	extreal_base.le_num
extreal_base	extreal_base.le_pow2
extreal_base	extreal_base.le_radd
extreal_base	extreal_base.le_radd_imp
extreal_base	extreal_base.le_rdiv
extreal_base	extreal_base.le_real_imp
extreal_base	extreal_base.le_refl
extreal_base	extreal_base.le_rmul
extreal_base	extreal_base.le_rmul_imp
extreal_base	extreal_base.le_rsub
extreal_base	extreal_base.le_rsub_imp
extreal_base	extreal_base.le_sub_eq
extreal_base	extreal_base.le_sub_eq2
extreal_base	extreal_base.le_sub_imp
extreal_base	extreal_base.le_sub_imp2
extreal_base	extreal_base.le_total
extreal_base	extreal_base.le_trans
extreal_base	extreal_base.let_add
extreal_base	extreal_base.let_add2
extreal_base	extreal_base.let_add2_alt
extreal_base	extreal_base.let_antisym
extreal_base	extreal_base.let_mul
extreal_base	extreal_base.let_total
extreal_base	extreal_base.let_trans
extreal_base	extreal_base.linv_uniq
extreal_base	extreal_base.lt_01
extreal_base	extreal_base.lt_02
extreal_base	extreal_base.lt_10
extreal_base	extreal_base.lt_abs_bounds
extreal_base	extreal_base.lt_add
extreal_base	extreal_base.lt_add2
extreal_base	extreal_base.lt_add_neg
extreal_base	extreal_base.lt_addl
extreal_base	extreal_base.lt_addr
extreal_base	extreal_base.lt_addr_imp
extreal_base	extreal_base.lt_antisym
extreal_base	extreal_base.lt_div
extreal_base	extreal_base.lt_imp_le
extreal_base	extreal_base.lt_imp_ne
extreal_base	extreal_base.lt_infty
extreal_base	extreal_base.lt_ladd
extreal_base	extreal_base.lt_ldiv
extreal_base	extreal_base.lt_le
extreal_base	extreal_base.lt_lmul
extreal_base	extreal_base.lt_lmul_imp
extreal_base	extreal_base.lt_lsub
extreal_base	extreal_base.lt_lsub_imp
extreal_base	extreal_base.lt_max
extreal_base	extreal_base.lt_max_between
extreal_base	extreal_base.lt_min
extreal_base	extreal_base.lt_mul
extreal_base	extreal_base.lt_mul2
extreal_base	extreal_base.lt_mul_neg
extreal_base	extreal_base.lt_neg
extreal_base	extreal_base.lt_radd
extreal_base	extreal_base.lt_rdiv
extreal_base	extreal_base.lt_rdiv_neg
extreal_base	extreal_base.lt_refl
extreal_base	extreal_base.lt_rmul
extreal_base	extreal_base.lt_rmul_imp
extreal_base	extreal_base.lt_rsub
extreal_base	extreal_base.lt_rsub_imp
extreal_base	extreal_base.lt_sub
extreal_base	extreal_base.lt_sub'
extreal_base	extreal_base.lt_sub_imp
extreal_base	extreal_base.lt_sub_imp'
extreal_base	extreal_base.lt_sub_imp2
extreal_base	extreal_base.lt_total
extreal_base	extreal_base.lt_trans
extreal_base	extreal_base.lte_add
extreal_base	extreal_base.lte_mul
extreal_base	extreal_base.lte_total
extreal_base	extreal_base.lte_trans
extreal_base	extreal_base.max_0_reduce
extreal_base	extreal_base.max_comm
extreal_base	extreal_base.max_infty
extreal_base	extreal_base.max_le
extreal_base	extreal_base.max_le2_imp
extreal_base	extreal_base.max_lt
extreal_base	extreal_base.max_reduce
extreal_base	extreal_base.max_refl
extreal_base	extreal_base.min_comm
extreal_base	extreal_base.min_infty
extreal_base	extreal_base.min_le
extreal_base	extreal_base.min_le1
extreal_base	extreal_base.min_le2
extreal_base	extreal_base.min_le2_imp
extreal_base	extreal_base.min_le_between
extreal_base	extreal_base.min_reduce
extreal_base	extreal_base.min_refl
extreal_base	extreal_base.mul_assoc
extreal_base	extreal_base.mul_comm
extreal_base	extreal_base.mul_div_refl
extreal_base	extreal_base.mul_infty
extreal_base	extreal_base.mul_infty'
extreal_base	extreal_base.mul_lcancel
extreal_base	extreal_base.mul_le
extreal_base	extreal_base.mul_le2
extreal_base	extreal_base.mul_let
extreal_base	extreal_base.mul_linv
extreal_base	extreal_base.mul_linv_pos
extreal_base	extreal_base.mul_lneg
extreal_base	extreal_base.mul_lone
extreal_base	extreal_base.mul_lposinf
extreal_base	extreal_base.mul_lt
extreal_base	extreal_base.mul_lt2
extreal_base	extreal_base.mul_lte
extreal_base	extreal_base.mul_lzero
extreal_base	extreal_base.mul_not_infty
extreal_base	extreal_base.mul_not_infty2
extreal_base	extreal_base.mul_rcancel
extreal_base	extreal_base.mul_real
extreal_base	extreal_base.mul_rneg
extreal_base	extreal_base.mul_rone
extreal_base	extreal_base.mul_rposinf
extreal_base	extreal_base.mul_rzero
extreal_base	extreal_base.ne_01
extreal_base	extreal_base.ne_02
extreal_base	extreal_base.neg_0
extreal_base	extreal_base.neg_add
extreal_base	extreal_base.neg_eq0
extreal_base	extreal_base.neg_minus1
extreal_base	extreal_base.neg_minus1'
extreal_base	extreal_base.neg_mul2
extreal_base	extreal_base.neg_neg
extreal_base	extreal_base.neg_not_posinf
extreal_base	extreal_base.neg_sub
extreal_base	extreal_base.normal_0
extreal_base	extreal_base.normal_1
extreal_base	extreal_base.normal_inv_eq
extreal_base	extreal_base.normal_real
extreal_base	extreal_base.normal_real_set
extreal_base	extreal_base.num_lt_infty
extreal_base	extreal_base.num_not_infty
extreal_base	extreal_base.one_pow
extreal_base	extreal_base.pos_not_neginf
extreal_base	extreal_base.pow2_le_eq
extreal_base	extreal_base.pow2_sqrt
extreal_base	extreal_base.pow_0
extreal_base	extreal_base.pow_1
extreal_base	extreal_base.pow_2
extreal_base	extreal_base.pow_2_abs
extreal_base	extreal_base.pow_add
extreal_base	extreal_base.pow_div
extreal_base	extreal_base.pow_eq
extreal_base	extreal_base.pow_inv
extreal_base	extreal_base.pow_le
extreal_base	extreal_base.pow_le_full
extreal_base	extreal_base.pow_le_mono
extreal_base	extreal_base.pow_lt
extreal_base	extreal_base.pow_lt2
extreal_base	extreal_base.pow_minus1
extreal_base	extreal_base.pow_mul
extreal_base	extreal_base.pow_neg_odd
extreal_base	extreal_base.pow_not_infty
extreal_base	extreal_base.pow_pos_even
extreal_base	extreal_base.pow_pos_le
extreal_base	extreal_base.pow_pos_lt
extreal_base	extreal_base.pow_pow
extreal_base	extreal_base.pow_real
extreal_base	extreal_base.pow_zero
extreal_base	extreal_base.pow_zero_imp
extreal_base	extreal_base.quotient_normal
extreal_base	extreal_base.rat_not_infty
extreal_base	extreal_base.rdiv_eq
extreal_base	extreal_base.real_0
extreal_base	extreal_base.real_11
extreal_base	extreal_base.real_infty
extreal_base	extreal_base.real_le_eq
extreal_base	extreal_base.real_lt_eq
extreal_base	extreal_base.real_normal
extreal_base	extreal_base.real_positive
extreal_base	extreal_base.real_set_INTER
extreal_base	extreal_base.real_set_UNION
extreal_base	extreal_base.real_set_empty
extreal_base	extreal_base.real_set_infty
extreal_base	extreal_base.rinv_uniq
extreal_base	extreal_base.sqrt_0
extreal_base	extreal_base.sqrt_1
extreal_base	extreal_base.sqrt_le_n
extreal_base	extreal_base.sqrt_le_x
extreal_base	extreal_base.sqrt_mono_le
extreal_base	extreal_base.sqrt_mul
extreal_base	extreal_base.sqrt_pos_le
extreal_base	extreal_base.sqrt_pos_lt
extreal_base	extreal_base.sqrt_pos_ne
extreal_base	extreal_base.sqrt_pow2
extreal_base	extreal_base.sub_0
extreal_base	extreal_base.sub_add
extreal_base	extreal_base.sub_add2
extreal_base	extreal_base.sub_add_normal
extreal_base	extreal_base.sub_eq_0
extreal_base	extreal_base.sub_infty
extreal_base	extreal_base.sub_ldistrib
extreal_base	extreal_base.sub_le_eq
extreal_base	extreal_base.sub_le_eq2
extreal_base	extreal_base.sub_le_imp
extreal_base	extreal_base.sub_le_imp2
extreal_base	extreal_base.sub_le_switch
extreal_base	extreal_base.sub_le_switch2
extreal_base	extreal_base.sub_le_zero
extreal_base	extreal_base.sub_lneg
extreal_base	extreal_base.sub_lt_eq
extreal_base	extreal_base.sub_lt_imp
extreal_base	extreal_base.sub_lt_imp2
extreal_base	extreal_base.sub_lt_zero
extreal_base	extreal_base.sub_lt_zero2
extreal_base	extreal_base.sub_lzero
extreal_base	extreal_base.sub_not_infty
extreal_base	extreal_base.sub_pow2
extreal_base	extreal_base.sub_rdistrib
extreal_base	extreal_base.sub_real
extreal_base	extreal_base.sub_refl
extreal_base	extreal_base.sub_rneg
extreal_base	extreal_base.sub_rzero
extreal_base	extreal_base.sub_zero_le
extreal_base	extreal_base.sub_zero_lt
extreal_base	extreal_base.sub_zero_lt2
extreal_base	extreal_base.third_cancel
extreal_base	extreal_base.thirds_between
extreal_base	extreal_base.x_half_half
extreal_base	extreal_base.zero_div
extreal_base	extreal_base.zero_pow
fcp	fcp.APPLY_FCP_UPDATE_ID
fcp	fcp.CARD_CART
fcp	fcp.CARD_CART_UNIV
fcp	fcp.CART_EQ
fcp	fcp.COND_COMPONENT
fcp	fcp.DIMINDEX_GE_1
fcp	fcp.DIMINDEX_GT_0
fcp	fcp.DIMINDEX_NONZERO
fcp	fcp.EL_V2L
fcp	fcp.FCP_APPLY_UPDATE_THM
fcp	fcp.FCP_BETA
fcp	fcp.FCP_CONCAT_11
fcp	fcp.FCP_CONCAT_REDUCE
fcp	fcp.FCP_CONCAT_THM
fcp	fcp.FCP_CONS
fcp	fcp.FCP_ETA
fcp	fcp.FCP_EVERY
fcp	fcp.FCP_EXISTS
fcp	fcp.FCP_HD
fcp	fcp.FCP_MAP
fcp	fcp.FCP_TL
fcp	fcp.FCP_UNIQUE
fcp	fcp.FCP_UPDATE_COMMUTES
fcp	fcp.FCP_UPDATE_EQ
fcp	fcp.FCP_UPDATE_IMP_ID
fcp	fcp.FINITE_CART_UNIV
fcp	fcp.HAS_SIZE_CART
fcp	fcp.HAS_SIZE_CART_UNIV
fcp	fcp.LENGTH_V2L
fcp	fcp.NOT_FINITE_IMP_dimindex_1
fcp	fcp.NULL_V2L
fcp	fcp.READ_L2V
fcp	fcp.READ_TL
fcp	fcp.V2L_L2V
fcp	fcp.bit0_11
fcp	fcp.bit0_Axiom
fcp	fcp.bit0_case_cong
fcp	fcp.bit0_case_eq
fcp	fcp.bit0_distinct
fcp	fcp.bit0_induction
fcp	fcp.bit0_nchotomy
fcp	fcp.bit1_11
fcp	fcp.bit1_Axiom
fcp	fcp.bit1_case_cong
fcp	fcp.bit1_case_eq
fcp	fcp.bit1_distinct
fcp	fcp.bit1_induction
fcp	fcp.bit1_nchotomy
fcp	fcp.card_dimindex
fcp	fcp.datatype_bit0
fcp	fcp.datatype_bit1
fcp	fcp.fcp_Axiom
fcp	fcp.fcp_ind
fcp	fcp.fcp_subst_comp
fcp	fcp.finite_bit0
fcp	fcp.finite_bit1
fcp	fcp.finite_one
fcp	fcp.finite_sum
fcp	fcp.index_bit0
fcp	fcp.index_bit1
fcp	fcp.index_comp
fcp	fcp.index_one
fcp	fcp.index_sum
finite_map	finite_map.DISJOINT_FEVERY_FUNION
finite_map	finite_map.DOMSUB_COMMUTES
finite_map	finite_map.DOMSUB_FAPPLY
finite_map	finite_map.DOMSUB_FAPPLY_NEQ
finite_map	finite_map.DOMSUB_FAPPLY_THM
finite_map	finite_map.DOMSUB_FEMPTY
finite_map	finite_map.DOMSUB_FLOOKUP
finite_map	finite_map.DOMSUB_FLOOKUP_NEQ
finite_map	finite_map.DOMSUB_FLOOKUP_THM
finite_map	finite_map.DOMSUB_FMAP_MAP2
finite_map	finite_map.DOMSUB_FUNION
finite_map	finite_map.DOMSUB_FUPDATE
finite_map	finite_map.DOMSUB_FUPDATE_LIST
finite_map	finite_map.DOMSUB_FUPDATE_NEQ
finite_map	finite_map.DOMSUB_FUPDATE_THM
finite_map	finite_map.DOMSUB_IDEM
finite_map	finite_map.DOMSUB_MAP_KEYS
finite_map	finite_map.DOMSUB_NOT_IN_DOM
finite_map	finite_map.DOMSUB_SUBMAP
finite_map	finite_map.DRESTRICTED_FUNION
finite_map	finite_map.DRESTRICT_DOMSUB
finite_map	finite_map.DRESTRICT_DRESTRICT
finite_map	finite_map.DRESTRICT_EQ_DRESTRICT
finite_map	finite_map.DRESTRICT_EQ_DRESTRICT_SAME
finite_map	finite_map.DRESTRICT_EQ_FEMPTY
finite_map	finite_map.DRESTRICT_EQ_FUNION
finite_map	finite_map.DRESTRICT_FDOM
finite_map	finite_map.DRESTRICT_FEMPTY
finite_map	finite_map.DRESTRICT_FUNION
finite_map	finite_map.DRESTRICT_FUNION_DRESTRICT_COMPL
finite_map	finite_map.DRESTRICT_FUNION_SAME
finite_map	finite_map.DRESTRICT_FUNION_SUBSET
finite_map	finite_map.DRESTRICT_FUPDATE
finite_map	finite_map.DRESTRICT_IDEMPOT
finite_map	finite_map.DRESTRICT_IS_FEMPTY
finite_map	finite_map.DRESTRICT_MAP_KEYS_IMAGE
finite_map	finite_map.DRESTRICT_SUBMAP
finite_map	finite_map.DRESTRICT_SUBMAP_gen
finite_map	finite_map.DRESTRICT_SUBSET
finite_map	finite_map.DRESTRICT_SUBSET_SUBMAP
finite_map	finite_map.DRESTRICT_SUBSET_SUBMAP_gen
finite_map	finite_map.DRESTRICT_UNIV
finite_map	finite_map.EQ_FDOM_SUBMAP
finite_map	finite_map.FAPPLY_FUPDATE
finite_map	finite_map.FAPPLY_FUPDATE_THM
finite_map	finite_map.FAPPLY_f_o
finite_map	finite_map.FCARD_0_FEMPTY
finite_map	finite_map.FCARD_FEMPTY
finite_map	finite_map.FCARD_FUPDATE
finite_map	finite_map.FCARD_SUC
finite_map	finite_map.FDIFF_BOUND
finite_map	finite_map.FDIFF_EMPTY
finite_map	finite_map.FDIFF_FDIFF
finite_map	finite_map.FDIFF_FDOMSUB
finite_map	finite_map.FDIFF_FDOMSUB_INSERT
finite_map	finite_map.FDIFF_FEMPTY
finite_map	finite_map.FDIFF_FMAP_MAP2
finite_map	finite_map.FDIFF_FUNION
finite_map	finite_map.FDIFF_FUPDATE
finite_map	finite_map.FDOM_DOMSUB
finite_map	finite_map.FDOM_DRESTRICT
finite_map	finite_map.FDOM_EQ_EMPTY
finite_map	finite_map.FDOM_EQ_EMPTY_SYM
finite_map	finite_map.FDOM_EQ_FDOM_FUPDATE
finite_map	finite_map.FDOM_FDIFF
finite_map	finite_map.FDOM_FEMPTY
finite_map	finite_map.FDOM_FINITE
finite_map	finite_map.FDOM_FMAP
finite_map	finite_map.FDOM_FMERGE
finite_map	finite_map.FDOM_FOLDR_DOMSUB
finite_map	finite_map.FDOM_FUNION
finite_map	finite_map.FDOM_FUPDATE
finite_map	finite_map.FDOM_FUPDATE_LIST
finite_map	finite_map.FDOM_F_COMP_G_SUBSET_FDOM_G
finite_map	finite_map.FDOM_F_FEMPTY1
finite_map	finite_map.FDOM_f_o
finite_map	finite_map.FDOM_o_f
finite_map	finite_map.FEMPTY_FUPDATE_EQ
finite_map	finite_map.FEMPTY_SUBMAP
finite_map	finite_map.FEVERY_ALL_FLOOKUP
finite_map	finite_map.FEVERY_DRESTRICT_COMPL
finite_map	finite_map.FEVERY_FEMPTY
finite_map	finite_map.FEVERY_FLOOKUP
finite_map	finite_map.FEVERY_FUPDATE
finite_map	finite_map.FEVERY_FUPDATE_LIST
finite_map	finite_map.FEVERY_STRENGTHEN_THM
finite_map	finite_map.FEVERY_SUBMAP
finite_map	finite_map.FEVERY_o_f
finite_map	finite_map.FINITE_FRANGE
finite_map	finite_map.FINITE_MAP_LOOKUP_RANGE
finite_map	finite_map.FINITE_PRED_11
finite_map	finite_map.FLOOKUP_DRESTRICT
finite_map	finite_map.FLOOKUP_EMPTY
finite_map	finite_map.FLOOKUP_EXT
finite_map	finite_map.FLOOKUP_FDIFF
finite_map	finite_map.FLOOKUP_FMAP_MAP2
finite_map	finite_map.FLOOKUP_FMERGE
finite_map	finite_map.FLOOKUP_FMERGE_WITH_KEY
finite_map	finite_map.FLOOKUP_FMERGE_WITH_KEY_ASSOC
finite_map	finite_map.FLOOKUP_FMERGE_WITH_KEY_COMM
finite_map	finite_map.FLOOKUP_FOLDR_UPDATE
finite_map	finite_map.FLOOKUP_FUNION
finite_map	finite_map.FLOOKUP_FUN_FMAP
finite_map	finite_map.FLOOKUP_MAP_KEYS
finite_map	finite_map.FLOOKUP_MAP_KEYS_MAPPED
finite_map	finite_map.FLOOKUP_SIMP
finite_map	finite_map.FLOOKUP_SUBMAP
finite_map	finite_map.FLOOKUP_UPDATE
finite_map	finite_map.FLOOKUP_o_f
finite_map	finite_map.FMAP_MAP2_FEMPTY
finite_map	finite_map.FMAP_MAP2_FUPDATE
finite_map	finite_map.FMAP_MAP2_FUPDATE_LIST
finite_map	finite_map.FMAP_MAP2_THM
finite_map	finite_map.FMEQ_ENUMERATE_CASES
finite_map	finite_map.FMEQ_SINGLE_SIMPLE_DISJ_ELIM
finite_map	finite_map.FMEQ_SINGLE_SIMPLE_ELIM
finite_map	finite_map.FMERGE_ASSOC
finite_map	finite_map.FMERGE_COMM
finite_map	finite_map.FMERGE_DOMSUB
finite_map	finite_map.FMERGE_DRESTRICT
finite_map	finite_map.FMERGE_EQ_FEMPTY
finite_map	finite_map.FMERGE_FEMPTY
finite_map	finite_map.FMERGE_FUNION
finite_map	finite_map.FMERGE_NO_CHANGE
finite_map	finite_map.FMERGE_WITH_KEY_DRESTRICT
finite_map	finite_map.FMERGE_WITH_KEY_EQ_EMPTY
finite_map	finite_map.FMERGE_WITH_KEY_FEMPTY
finite_map	finite_map.FMERGE_WITH_KEY_FMERGE
finite_map	finite_map.FMERGE_WITH_KEY_FUNION
finite_map	finite_map.FMERGE_WITH_KEY_FUNION_ALT
finite_map	finite_map.FMERGE_WITH_KEY_FUPDATE
finite_map	finite_map.FMERGE_WITH_KEY_NO_CHANGE
finite_map	finite_map.FM_PULL_APART
finite_map	finite_map.FOLDL2_FUPDATE_LIST
finite_map	finite_map.FOLDL2_FUPDATE_LIST_paired
finite_map	finite_map.FOLDL_FUPDATE_LIST
finite_map	finite_map.FRANGE_DOMSUB_SUBSET
finite_map	finite_map.FRANGE_DRESTRICT_SUBSET
finite_map	finite_map.FRANGE_FEMPTY
finite_map	finite_map.FRANGE_FLOOKUP
finite_map	finite_map.FRANGE_FMAP
finite_map	finite_map.FRANGE_FUNION
finite_map	finite_map.FRANGE_FUNION_SUBSET
finite_map	finite_map.FRANGE_FUPDATE
finite_map	finite_map.FRANGE_FUPDATE_DOMSUB
finite_map	finite_map.FRANGE_FUPDATE_LIST_SUBSET
finite_map	finite_map.FRANGE_FUPDATE_SUBSET
finite_map	finite_map.FRANGE_SUBSET_FDOM_COMP_FDOM_EQUALITY
finite_map	finite_map.FUNION_ASSOC
finite_map	finite_map.FUNION_COMM
finite_map	finite_map.FUNION_EQ
finite_map	finite_map.FUNION_EQ_FEMPTY
finite_map	finite_map.FUNION_EQ_IMPL
finite_map	finite_map.FUNION_FEMPTY_1
finite_map	finite_map.FUNION_FEMPTY_2
finite_map	finite_map.FUNION_FMERGE
finite_map	finite_map.FUNION_FMERGE_WITH_KEY
finite_map	finite_map.FUNION_FUPDATE_1
finite_map	finite_map.FUNION_FUPDATE_2
finite_map	finite_map.FUNION_IDEMPOT
finite_map	finite_map.FUN_FMAP_EMPTY
finite_map	finite_map.FUN_FMAP_INSERT
finite_map	finite_map.FUPD11_SAME_BASE
finite_map	finite_map.FUPD11_SAME_KEY_AND_BASE
finite_map	finite_map.FUPD11_SAME_NEW_KEY
finite_map	finite_map.FUPD11_SAME_UPDATE
finite_map	finite_map.FUPDATE_COMMUTES
finite_map	finite_map.FUPDATE_DRESTRICT
finite_map	finite_map.FUPDATE_ELIM
finite_map	finite_map.FUPDATE_EQ
finite_map	finite_map.FUPDATE_EQ_FUNION
finite_map	finite_map.FUPDATE_EQ_FUPDATE_LIST
finite_map	finite_map.FUPDATE_FUPDATE_LIST_COMMUTES
finite_map	finite_map.FUPDATE_FUPDATE_LIST_MEM
finite_map	finite_map.FUPDATE_LIST_ALL_DISTINCT_APPLY_MEM
finite_map	finite_map.FUPDATE_LIST_ALL_DISTINCT_PERM
finite_map	finite_map.FUPDATE_LIST_ALL_DISTINCT_REVERSE
finite_map	finite_map.FUPDATE_LIST_APPEND
finite_map	finite_map.FUPDATE_LIST_APPEND_COMMUTES
finite_map	finite_map.FUPDATE_LIST_APPLY_HO_THM
finite_map	finite_map.FUPDATE_LIST_APPLY_MEM
finite_map	finite_map.FUPDATE_LIST_APPLY_NOT_MEM
finite_map	finite_map.FUPDATE_LIST_APPLY_NOT_MEM_matchable
finite_map	finite_map.FUPDATE_LIST_CANCEL
finite_map	finite_map.FUPDATE_LIST_EQ_FEMPTY
finite_map	finite_map.FUPDATE_LIST_SAME_KEYS_UNWIND
finite_map	finite_map.FUPDATE_LIST_SAME_UPDATE
finite_map	finite_map.FUPDATE_LIST_SNOC
finite_map	finite_map.FUPDATE_LIST_THM
finite_map	finite_map.FUPDATE_PURGE
finite_map	finite_map.FUPDATE_PURGE'
finite_map	finite_map.FUPDATE_SAME_APPLY
finite_map	finite_map.FUPDATE_SAME_LIST_APPLY
finite_map	finite_map.FUPD_SAME_KEY_UNWIND
finite_map	finite_map.IMAGE_FRANGE
finite_map	finite_map.IN_FDOM_FOLDR_UNION
finite_map	finite_map.IN_FRANGE
finite_map	finite_map.IN_FRANGE_DOMSUB_suff
finite_map	finite_map.IN_FRANGE_DRESTRICT_suff
finite_map	finite_map.IN_FRANGE_FLOOKUP
finite_map	finite_map.IN_FRANGE_FUNION_suff
finite_map	finite_map.IN_FRANGE_FUPDATE_LIST_suff
finite_map	finite_map.IN_FRANGE_FUPDATE_suff
finite_map	finite_map.IN_FRANGE_o_f_suff
finite_map	finite_map.ITFMAPR_FEMPTY
finite_map	finite_map.ITFMAPR_cases
finite_map	finite_map.ITFMAPR_ind
finite_map	finite_map.ITFMAPR_rules
finite_map	finite_map.ITFMAPR_strongind
finite_map	finite_map.ITFMAPR_total
finite_map	finite_map.ITFMAPR_unique
finite_map	finite_map.ITFMAP_FEMPTY
finite_map	finite_map.ITFMAP_thm
finite_map	finite_map.LEAST_NOTIN_FDOM
finite_map	finite_map.MAP_KEYS_BIJ_LINV
finite_map	finite_map.MAP_KEYS_FEMPTY
finite_map	finite_map.MAP_KEYS_FUPDATE
finite_map	finite_map.MAP_KEYS_using_LINV
finite_map	finite_map.MAP_KEYS_witness
finite_map	finite_map.NOT_EQ_FAPPLY
finite_map	finite_map.NOT_EQ_FEMPTY_FUPDATE
finite_map	finite_map.NOT_FDOM_DRESTRICT
finite_map	finite_map.NOT_FDOM_FAPPLY_FEMPTY
finite_map	finite_map.NUM_NOT_IN_FDOM
finite_map	finite_map.RRESTRICT_FEMPTY
finite_map	finite_map.RRESTRICT_FUPDATE
finite_map	finite_map.SAME_KEY_UPDATES_DIFFER
finite_map	finite_map.STRONG_DRESTRICT_FUPDATE
finite_map	finite_map.STRONG_DRESTRICT_FUPDATE_THM
finite_map	finite_map.SUBMAP_ANTISYM
finite_map	finite_map.SUBMAP_DOMSUB
finite_map	finite_map.SUBMAP_DOMSUB_gen
finite_map	finite_map.SUBMAP_DRESTRICT
finite_map	finite_map.SUBMAP_DRESTRICT_MONOTONE
finite_map	finite_map.SUBMAP_FDOM_SUBSET
finite_map	finite_map.SUBMAP_FEMPTY
finite_map	finite_map.SUBMAP_FLOOKUP_EQN
finite_map	finite_map.SUBMAP_FRANGE
finite_map	finite_map.SUBMAP_FUNION
finite_map	finite_map.SUBMAP_FUNION_ABSORPTION
finite_map	finite_map.SUBMAP_FUNION_EQ
finite_map	finite_map.SUBMAP_FUNION_ID
finite_map	finite_map.SUBMAP_FUPDATE
finite_map	finite_map.SUBMAP_FUPDATE_EQN
finite_map	finite_map.SUBMAP_FUPDATE_EXTENDED
finite_map	finite_map.SUBMAP_FUPDATE_FLOOKUP
finite_map	finite_map.SUBMAP_REFL
finite_map	finite_map.SUBMAP_TRANS
finite_map	finite_map.SUBMAP_mono_FUPDATE
finite_map	finite_map.TO_FLOOKUP
finite_map	finite_map.WF_lbound_inv_SUBSET
finite_map	finite_map.disjoint_drestrict
finite_map	finite_map.drestrict_iter_list
finite_map	finite_map.f_o_ASSOC
finite_map	finite_map.f_o_FEMPTY
finite_map	finite_map.f_o_FUPDATE
finite_map	finite_map.f_o_f_FEMPTY_1
finite_map	finite_map.f_o_f_FEMPTY_2
finite_map	finite_map.f_o_f_FUPDATE_compose
finite_map	finite_map.fdom_fupdate_list2
finite_map	finite_map.fevery_funion
finite_map	finite_map.flookup_thm
finite_map	finite_map.fmap_CASES
finite_map	finite_map.fmap_EQ
finite_map	finite_map.fmap_EQ_THM
finite_map	finite_map.fmap_EQ_UPTO___EMPTY
finite_map	finite_map.fmap_EQ_UPTO___EQ
finite_map	finite_map.fmap_EQ_UPTO___FUPDATE_BOTH
finite_map	finite_map.fmap_EQ_UPTO___FUPDATE_BOTH___NO_DELETE
finite_map	finite_map.fmap_EQ_UPTO___FUPDATE_SING
finite_map	finite_map.fmap_EXT
finite_map	finite_map.fmap_INDUCT
finite_map	finite_map.fmap_SIMPLE_INDUCT
finite_map	finite_map.fmap_cases_NOTIN
finite_map	finite_map.fmap_eq_flookup
finite_map	finite_map.fmap_rel_FEMPTY
finite_map	finite_map.fmap_rel_FLOOKUP_imp
finite_map	finite_map.fmap_rel_FUNION_rels
finite_map	finite_map.fmap_rel_FUPDATE_EQN
finite_map	finite_map.fmap_rel_FUPDATE_I
finite_map	finite_map.fmap_rel_FUPDATE_LIST_same
finite_map	finite_map.fmap_rel_FUPDATE_same
finite_map	finite_map.fmap_rel_OPTREL_FLOOKUP
finite_map	finite_map.fmap_rel_ind
finite_map	finite_map.fmap_rel_mono
finite_map	finite_map.fmap_rel_refl
finite_map	finite_map.fmap_rel_sym
finite_map	finite_map.fmap_rel_trans
finite_map	finite_map.fmap_to_list
finite_map	finite_map.fmlfpR_cases
finite_map	finite_map.fmlfpR_ind
finite_map	finite_map.fmlfpR_lastpass
finite_map	finite_map.fmlfpR_rules
finite_map	finite_map.fmlfpR_strongind
finite_map	finite_map.fmlfpR_total
finite_map	finite_map.fmlfpR_total_lemma
finite_map	finite_map.fp_soluble_FOLDR1
finite_map	finite_map.fupdate_list_foldl
finite_map	finite_map.fupdate_list_foldr
finite_map	finite_map.fupdate_list_map
finite_map	finite_map.is_fmap_cases
finite_map	finite_map.is_fmap_ind
finite_map	finite_map.is_fmap_rules
finite_map	finite_map.is_fmap_strongind
finite_map	finite_map.o_f_DOMSUB
finite_map	finite_map.o_f_FAPPLY
finite_map	finite_map.o_f_FDOM
finite_map	finite_map.o_f_FEMPTY
finite_map	finite_map.o_f_FRANGE
finite_map	finite_map.o_f_FUNION
finite_map	finite_map.o_f_FUPDATE
finite_map	finite_map.o_f_cong
finite_map	finite_map.o_f_id
finite_map	finite_map.o_f_o_f
finite_set	finite_set.ABS_CLASS_onto
finite_set	finite_set.BIGUNION_relates
finite_set	finite_set.CARD_toSet
finite_set	finite_set.DECOMPOSITION
finite_set	finite_set.DELETE_EMPTY
finite_set	finite_set.EXTENSION
finite_set	finite_set.FINITE_toSet
finite_set	finite_set.FLAT_relates
finite_set	finite_set.FSETEQ
finite_set	finite_set.FSET_AB_eqn
finite_set	finite_set.FSET_right_unique
finite_set	finite_set.FSET_surj
finite_set	finite_set.FUN_REL_O
finite_set	finite_set.FUN_REL_RSUBSET
finite_set	finite_set.INSERT_DELETE
finite_set	finite_set.IN_BIGUNION
finite_set	finite_set.IN_DELETE
finite_set	finite_set.IN_DIFF
finite_set	finite_set.IN_IMAGE
finite_set	finite_set.IN_INSERT
finite_set	finite_set.IN_INTER
finite_set	finite_set.IN_UNION
finite_set	finite_set.IN_fromSet
finite_set	finite_set.IN_toSet_fINSERT
finite_set	finite_set.LIST_REL_FSET0
finite_set	finite_set.LIST_REL_FSET0_Abs
finite_set	finite_set.LIST_TO_SET_rel_set
finite_set	finite_set.LIST_TO_SET_transfer
finite_set	finite_set.MAP_relates
finite_set	finite_set.MEM_FSET0
finite_set	finite_set.MEM_fset_REP
finite_set	finite_set.MEM_transfers
finite_set	finite_set.NOT_EMPTY_INSERT
finite_set	finite_set.NOT_IN_EMPTY
finite_set	finite_set.Qt_composes
finite_set	finite_set.RDOM_FSET0
finite_set	finite_set.RDOM_FSET0set
finite_set	finite_set.REP_ABS_equiv
finite_set	finite_set.REP_CLASS_11
finite_set	finite_set.REP_CLASS_NONEMPTY
finite_set	finite_set.RSUBSET_I
finite_set	finite_set.RSUBSET_REFL
finite_set	finite_set.RSUBSET_rel_set
finite_set	finite_set.bijection2
finite_set	finite_set.equalityp_relset
finite_set	finite_set.fABSORPTION
finite_set	finite_set.fBIGUNION_fset_ABS_FOLDL
finite_set	finite_set.fBIGUNION_relates
finite_set	finite_set.fCARD_EQ0
finite_set	finite_set.fCARD_THM
finite_set	finite_set.fCARD_relates
finite_set	finite_set.fDELETE_INSERT
finite_set	finite_set.fDELETE_UNION
finite_set	finite_set.fDELETE_nonelement
finite_set	finite_set.fDELETE_relates
finite_set	finite_set.fDIFF_relates
finite_set	finite_set.fEMPTY_relates
finite_set	finite_set.fIMAGE_11
finite_set	finite_set.fIMAGE_COMPOSE
finite_set	finite_set.fIMAGE_ID
finite_set	finite_set.fIMAGE_fUNION
finite_set	finite_set.fIMAGE_relates
finite_set	finite_set.fIMAGE_thm
finite_set	finite_set.fINSERT_commutes
finite_set	finite_set.fINSERT_duplicates
finite_set	finite_set.fINSERT_relates
finite_set	finite_set.fINSERT_sfSETREL
finite_set	finite_set.fINTER_COMM
finite_set	finite_set.fINTER_EMPTY
finite_set	finite_set.fINTER_IDEMPOT
finite_set	finite_set.fINTER_INSERT
finite_set	finite_set.fINTER_relates
finite_set	finite_set.fIN_IN
finite_set	finite_set.fIN_fMAX_SET
finite_set	finite_set.fIN_fset_ABS
finite_set	finite_set.fIN_relates
finite_set	finite_set.fIN_sfSETREL
finite_set	finite_set.fITSET_EMPTY
finite_set	finite_set.fITSET_INSERT
finite_set	finite_set.fITSET_INSERT_tail
finite_set	finite_set.fITSETr_cases
finite_set	finite_set.fITSETr_functional
finite_set	finite_set.fITSETr_ind
finite_set	finite_set.fITSETr_rules
finite_set	finite_set.fITSETr_strongind
finite_set	finite_set.fITSETr_total
finite_set	finite_set.fMAX_SET_SUBSET
finite_set	finite_set.fMAX_SET_THM
finite_set	finite_set.fMAX_SET_fIN
finite_set	finite_set.fSUM_IMAGE_SUBSET
finite_set	finite_set.fSUM_IMAGE_THM
finite_set	finite_set.fSUM_IMAGE_UNION
finite_set	finite_set.fUNION_ASSOC
finite_set	finite_set.fUNION_COMM
finite_set	finite_set.fUNION_EMPTY
finite_set	finite_set.fUNION_EQ_EMPTY
finite_set	finite_set.fUNION_IDEMPOT
finite_set	finite_set.fUNION_INSERT
finite_set	finite_set.fUNION_relates
finite_set	finite_set.fUNION_sfSETREL
finite_set	finite_set.fromSet_EMPTY
finite_set	finite_set.fromSet_INSERT
finite_set	finite_set.fromSet_set
finite_set	finite_set.fromSet_toSet
finite_set	finite_set.fsequiv_equiv
finite_set	finite_set.fsequiv_refl
finite_set	finite_set.fset0Q
finite_set	finite_set.fset_ABS_11
finite_set	finite_set.fset_ABS_MAP
finite_set	finite_set.fset_ABS_REP
finite_set	finite_set.fset_ABS_REP_CLASS
finite_set	finite_set.fset_ABS_onto
finite_set	finite_set.fset_QUOTIENT
finite_set	finite_set.fset_REP_11
finite_set	finite_set.fset_REP_fEMPTY
finite_set	finite_set.fset_cases
finite_set	finite_set.fset_induction
finite_set	finite_set.left_unique_rel_set
finite_set	finite_set.rel_setEQ
finite_set	finite_set.rel_set_RSUBSET
finite_set	finite_set.rel_set_empty
finite_set	finite_set.right_unique_FSET0
finite_set	finite_set.right_unique_rel_set
finite_set	finite_set.set_BIGUNION
finite_set	finite_set.set_IMAGE
finite_set	finite_set.surj_FSET0
finite_set	finite_set.surjfns
finite_set	finite_set.toSet_11
finite_set	finite_set.toSet_Qt
finite_set	finite_set.toSet_fEMPTY
finite_set	finite_set.toSet_fIMAGE
finite_set	finite_set.toSet_fINSERT
finite_set	finite_set.toSet_fUNION
finite_set	finite_set.toSet_fromSet
finite_set	finite_set.toSet_fset_ABS
finite_set	finite_set.toSet_rel_set_relates
finite_set	finite_set.toSet_relates
finite_set	finite_set.total_FSET
fixedPoint	fixedPoint.SUBSET_complete
fixedPoint	fixedPoint.SUBSET_poset
fixedPoint	fixedPoint.empty_monotone
fixedPoint	fixedPoint.fnsum_ASSOC
fixedPoint	fixedPoint.fnsum_COMM
fixedPoint	fixedPoint.fnsum_SUBSET
fixedPoint	fixedPoint.fnsum_empty
fixedPoint	fixedPoint.fnsum_monotone
fixedPoint	fixedPoint.gfp_coinduction
fixedPoint	fixedPoint.gfp_greatest_dense
fixedPoint	fixedPoint.gfp_greatest_fixedpoint
fixedPoint	fixedPoint.gfp_poset_gfp
fixedPoint	fixedPoint.gfp_strong_coinduction
fixedPoint	fixedPoint.lfp_empty
fixedPoint	fixedPoint.lfp_fixedpoint
fixedPoint	fixedPoint.lfp_fnsum
fixedPoint	fixedPoint.lfp_induction
fixedPoint	fixedPoint.lfp_least_closed
fixedPoint	fixedPoint.lfp_poset_lfp
fixedPoint	fixedPoint.lfp_rule_applied
fixedPoint	fixedPoint.lfp_strong_induction
fixedPoint	fixedPoint.monotonic_monotone
float	float.CLOSEST_IN_SET
float	float.CLOSEST_IS_CLOSEST
float	float.CLOSEST_IS_EVERYTHING
float	float.DEFLOAT_FLOAT_ROUND
float	float.DEFLOAT_FLOAT_ZEROSIGN_ROUND
float	float.DEFLOAT_FLOAT_ZEROSIGN_ROUND_FINITE
float	float.ERROR_BOUND_NORM_STRONG
float	float.ERROR_BOUND_NORM_STRONG_NORMALIZE
float	float.ERROR_IS_ZERO
float	float.EXPONENT
float	float.FLOAT_ADD
float	float.FLOAT_ADD_FINITE
float	float.FLOAT_ADD_RELATIVE
float	float.FLOAT_CASES
float	float.FLOAT_CASES_FINITE
float	float.FLOAT_DISTINCT
float	float.FLOAT_DISTINCT_FINITE
float	float.FLOAT_DIV
float	float.FLOAT_DIV_RELATIVE
float	float.FLOAT_EQ
float	float.FLOAT_EQ_REFL
float	float.FLOAT_GE
float	float.FLOAT_GT
float	float.FLOAT_INFINITES_DISTINCT
float	float.FLOAT_INFINITIES
float	float.FLOAT_INFINITIES_SIGNED
float	float.FLOAT_LARGEST_EXPLICIT
float	float.FLOAT_LE
float	float.FLOAT_LT
float	float.FLOAT_MUL
float	float.FLOAT_MUL_FINITE
float	float.FLOAT_MUL_RELATIVE
float	float.FLOAT_SUB
float	float.FLOAT_SUB_FINITE
float	float.FLOAT_SUB_RELATIVE
float	float.FLOAT_THRESHOLD_EXPLICIT
float	float.FRACTION
float	float.INFINITY_IS_INFINITY
float	float.INFINITY_NOT_NAN
float	float.ISFINITE
float	float.IS_CLOSEST_EXISTS
float	float.IS_FINITE_CLOSEST
float	float.IS_FINITE_EXPLICIT
float	float.IS_FINITE_FINITE
float	float.IS_FINITE_NONEMPTY
float	float.IS_VALID
float	float.IS_VALID_CLOSEST
float	float.IS_VALID_DEFLOAT
float	float.IS_VALID_FINITE
float	float.IS_VALID_NONEMPTY
float	float.IS_VALID_ROUND
float	float.IS_VALID_SPECIAL
float	float.REAL_IN_BINADE
float	float.RELATIVE_ERROR
float	float.SIGN
float	float.VALOF
float	float.VALOF_DEFLOAT_FLOAT_ZEROSIGN_ROUND
float	float.VAL_FINITE
float	float.VAL_THRESHOLD
float	float.ZERO_IS_ZERO
float	float.ZERO_NOT_NAN
fmapal	fmapal.FAPPLY_fmap_CONS
fmapal	fmapal.FAPPLY_fmap_NIL
fmapal	fmapal.FAPPLY_node
fmapal	fmapal.FAPPLY_nt
fmapal	fmapal.FMAPAL_FDOM_THM
fmapal	fmapal.FMAPAL_fmap
fmapal	fmapal.FUN_fmap_thm
fmapal	fmapal.F_OR
fmapal	fmapal.NOT_CONS_NIL_EQN
fmapal	fmapal.NOT_node_nt_EQN
fmapal	fmapal.OPTION_FLAT
fmapal	fmapal.OPTION_FLAT_ind
fmapal	fmapal.ORL
fmapal	fmapal.ORL_DRESTRICT_COMPL_IMP
fmapal	fmapal.ORL_DRESTRICT_IMP
fmapal	fmapal.ORL_FMAPAL
fmapal	fmapal.ORL_FUNION_IMP
fmapal	fmapal.ORL_bt
fmapal	fmapal.ORL_bt_ind
fmapal	fmapal.ORL_bt_lb
fmapal	fmapal.ORL_bt_lb_ind
fmapal	fmapal.ORL_bt_lb_ub
fmapal	fmapal.ORL_bt_lb_ub_ind
fmapal	fmapal.ORL_bt_ub
fmapal	fmapal.ORL_bt_ub_ind
fmapal	fmapal.ORL_ind
fmapal	fmapal.ORL_sublists
fmapal	fmapal.ORL_sublists_ind
fmapal	fmapal.ORWL_DRESTRICT_COMPL_THM
fmapal	fmapal.ORWL_DRESTRICT_THM
fmapal	fmapal.ORWL_FUNION_THM
fmapal	fmapal.ORWL_bt_to_orl
fmapal	fmapal.T_OR
fmapal	fmapal.assocv
fmapal	fmapal.assocv_ind
fmapal	fmapal.better_bt_to_orl
fmapal	fmapal.bl_to_fmap
fmapal	fmapal.bl_to_fmap_ind
fmapal	fmapal.bt_FST_FDOM
fmapal	fmapal.bt_rplacv_cn
fmapal	fmapal.bt_rplacv_cn_ind
fmapal	fmapal.bt_rplacv_thm
fmapal	fmapal.bt_to_fmap
fmapal	fmapal.bt_to_fmap_ind
fmapal	fmapal.bt_to_orl
fmapal	fmapal.bt_to_orl_ID_IMP
fmapal	fmapal.bt_to_orl_ac
fmapal	fmapal.bt_to_orl_ac_ind
fmapal	fmapal.bt_to_orl_ind
fmapal	fmapal.bt_to_orl_lb
fmapal	fmapal.bt_to_orl_lb_ac
fmapal	fmapal.bt_to_orl_lb_ac_ind
fmapal	fmapal.bt_to_orl_lb_ind
fmapal	fmapal.bt_to_orl_lb_ub
fmapal	fmapal.bt_to_orl_lb_ub_ac
fmapal	fmapal.bt_to_orl_lb_ub_ac_ind
fmapal	fmapal.bt_to_orl_lb_ub_ind
fmapal	fmapal.bt_to_orl_ub
fmapal	fmapal.bt_to_orl_ub_ac
fmapal	fmapal.bt_to_orl_ub_ac_ind
fmapal	fmapal.bt_to_orl_ub_ind
fmapal	fmapal.diff_merge
fmapal	fmapal.diff_merge_ind
fmapal	fmapal.fmap_FDOM
fmapal	fmapal.fmap_FDOM_rec
fmapal	fmapal.fmap_ORWL_thm
fmapal	fmapal.incr_merge
fmapal	fmapal.incr_merge_ind
fmapal	fmapal.inter_merge
fmapal	fmapal.inter_merge_ind
fmapal	fmapal.list_rplacv_cn
fmapal	fmapal.list_rplacv_cn_ind
fmapal	fmapal.list_rplacv_thm
fmapal	fmapal.merge
fmapal	fmapal.merge_ind
fmapal	fmapal.merge_out
fmapal	fmapal.merge_out_ind
fmapal	fmapal.o_f_bt_map
fmapal	fmapal.o_f_fmap
fmapal	fmapal.optry_list
fmapal	fmapal.optry_list_ind
fmaptree	fmaptree.FTNode_11
fmaptree	fmaptree.applicable_paths_FINITE
fmaptree	fmaptree.apply_path_SNOC
fmaptree	fmaptree.fmaptree_nchotomy
fmaptree	fmaptree.fmtree_Axiom
fmaptree	fmaptree.fmtreerec_thm
fmaptree	fmaptree.ft_ind
fmaptree	fmaptree.item_thm
fmaptree	fmaptree.map_thm
fmaptree	fmaptree.relrec_cases
fmaptree	fmaptree.relrec_ind
fmaptree	fmaptree.relrec_rules
fmaptree	fmaptree.relrec_strongind
fmaptree	fmaptree.wf_cases
fmaptree	fmaptree.wf_ind
fmaptree	fmaptree.wf_rules
fmaptree	fmaptree.wf_strongind
foo	foo.datatype_foo
foo	foo.foo2num_11
foo	foo.foo2num_ONTO
foo	foo.foo2num_num2foo
foo	foo.foo2num_thm
foo	foo.foo_Axiom
foo	foo.foo_EQ_foo
foo	foo.foo_case_cong
foo	foo.foo_case_def
foo	foo.foo_case_eq
foo	foo.foo_distinct
foo	foo.foo_induction
foo	foo.foo_nchotomy
foo	foo.num2foo_11
foo	foo.num2foo_ONTO
foo	foo.num2foo_foo2num
foo	foo.num2foo_thm
foo260	foo260.EXISTS_foo
foo260	foo260.FORALL_foo
foo260	foo260.datatype_foo
foo260	foo260.foo_11
foo260	foo260.foo_Axiom
foo260	foo260.foo_accessors
foo260	foo260.foo_accfupds
foo260	foo260.foo_case_cong
foo260	foo260.foo_case_eq
foo260	foo260.foo_component_equality
foo260	foo260.foo_fn_updates
foo260	foo260.foo_fupdfupds
foo260	foo260.foo_fupdfupds_comp
foo260	foo260.foo_induction
foo260	foo260.foo_literal_11
foo260	foo260.foo_literal_nchotomy
foo260	foo260.foo_nchotomy
foo260	foo260.foo_updates_eq_literal
frac	frac.DNM
frac	frac.FRAC
frac	frac.FRAC_0_SAVE
frac	frac.FRAC_1_0
frac	frac.FRAC_1_SAVE
frac	frac.FRAC_ABS_SGN
frac	frac.FRAC_ADD_ASSOC
frac	frac.FRAC_ADD_CALCULATE
frac	frac.FRAC_ADD_COMM
frac	frac.FRAC_ADD_RID
frac	frac.FRAC_ADD_SAVE
frac	frac.FRAC_AINV_0
frac	frac.FRAC_AINV_ADD
frac	frac.FRAC_AINV_AINV
frac	frac.FRAC_AINV_CALCULATE
frac	frac.FRAC_AINV_LMUL
frac	frac.FRAC_AINV_ONEONE
frac	frac.FRAC_AINV_ONTO
frac	frac.FRAC_AINV_RMUL
frac	frac.FRAC_AINV_SAVE
frac	frac.FRAC_AINV_SUB
frac	frac.FRAC_DIV_CALCULATE
frac	frac.FRAC_DNMPOS
frac	frac.FRAC_DNM_SAVE
frac	frac.FRAC_EQ
frac	frac.FRAC_EQ_ALT
frac	frac.FRAC_MINV_1
frac	frac.FRAC_MINV_CALCULATE
frac	frac.FRAC_MINV_SAVE
frac	frac.FRAC_MULT_CALCULATE
frac	frac.FRAC_MUL_ASSOC
frac	frac.FRAC_MUL_COMM
frac	frac.FRAC_MUL_RID
frac	frac.FRAC_MUL_SAVE
frac	frac.FRAC_NMR_SAVE
frac	frac.FRAC_NOT_EQ
frac	frac.FRAC_NOT_EQ_IMP
frac	frac.FRAC_SGN_AINV
frac	frac.FRAC_SGN_CALCULATE
frac	frac.FRAC_SGN_CASES
frac	frac.FRAC_SGN_IMP_EQGT
frac	frac.FRAC_SGN_MUL
frac	frac.FRAC_SGN_MUL2
frac	frac.FRAC_SGN_NEG
frac	frac.FRAC_SGN_NOT_NEG
frac	frac.FRAC_SGN_POS
frac	frac.FRAC_SGN_TOTAL
frac	frac.FRAC_SUB_ADD
frac	frac.FRAC_SUB_CALCULATE
frac	frac.FRAC_SUB_SUB
frac	frac.NMR
frac	frac.frac_bij
gcd	gcd.BINARY_GCD
gcd	gcd.DIVIDES_EXP_BASE
gcd	gcd.EUCLID_LEMMA
gcd	gcd.FACTOR_OUT_GCD
gcd	gcd.FACT_MOD_PRIME
gcd	gcd.GCD_0
gcd	gcd.GCD_0L
gcd	gcd.GCD_0R
gcd	gcd.GCD_1
gcd	gcd.GCD_ADD_L
gcd	gcd.GCD_ADD_L_THM
gcd	gcd.GCD_ADD_R
gcd	gcd.GCD_ADD_R_THM
gcd	gcd.GCD_ASSOC
gcd	gcd.GCD_ASSOC_COMM
gcd	gcd.GCD_CANCEL_MULT
gcd	gcd.GCD_COMM
gcd	gcd.GCD_COMMON_FACTOR
gcd	gcd.GCD_DIVIDES
gcd	gcd.GCD_EFFICIENTLY
gcd	gcd.GCD_EQ_0
gcd	gcd.GCD_EUCLID
gcd	gcd.GCD_GCD
gcd	gcd.GCD_IS_GCD
gcd	gcd.GCD_IS_GREATEST_COMMON_DIVISOR
gcd	gcd.GCD_LCM
gcd	gcd.GCD_LINEAR
gcd	gcd.GCD_MOD
gcd	gcd.GCD_MOD_COMM
gcd	gcd.GCD_MULTIPLE
gcd	gcd.GCD_MULTIPLE_ALT
gcd	gcd.GCD_ONE_PROPERTY
gcd	gcd.GCD_POS
gcd	gcd.GCD_PROPERTY
gcd	gcd.GCD_REDUCE
gcd	gcd.GCD_REDUCE_BY_COPRIME
gcd	gcd.GCD_REF
gcd	gcd.GCD_SUB_L
gcd	gcd.GCD_SUB_R
gcd	gcd.GCD_SUCfree_ind
gcd	gcd.GCD_SYM
gcd	gcd.IS_GCD_0L
gcd	gcd.IS_GCD_0R
gcd	gcd.IS_GCD_MINUS_L
gcd	gcd.IS_GCD_MINUS_R
gcd	gcd.IS_GCD_REF
gcd	gcd.IS_GCD_SYM
gcd	gcd.IS_GCD_UNIQUE
gcd	gcd.LCM_0
gcd	gcd.LCM_1
gcd	gcd.LCM_ASSOC
gcd	gcd.LCM_ASSOC_COMM
gcd	gcd.LCM_COMM
gcd	gcd.LCM_COMMON_COPRIME
gcd	gcd.LCM_COMMON_FACTOR
gcd	gcd.LCM_COPRIME
gcd	gcd.LCM_DIVIDES
gcd	gcd.LCM_DIVISORS
gcd	gcd.LCM_EQ_0
gcd	gcd.LCM_IS_LCM
gcd	gcd.LCM_IS_LEAST_COMMON_MULTIPLE
gcd	gcd.LCM_LE
gcd	gcd.LCM_LEAST
gcd	gcd.LCM_POS
gcd	gcd.LCM_PROPERTY
gcd	gcd.LCM_REF
gcd	gcd.LCM_SYM
gcd	gcd.LINEAR_GCD
gcd	gcd.L_EUCLIDES
gcd	gcd.MOD_EQ
gcd	gcd.MOD_EQ_DIFF
gcd	gcd.MOD_MOD_EQN
gcd	gcd.MOD_NONZERO_WHEN_GCD_ONE
gcd	gcd.MOD_PLUS2
gcd	gcd.MOD_WITH_GCD_ONE
gcd	gcd.PRIME_BIG_NOT_DIVIDES_FACT
gcd	gcd.PRIME_GCD
gcd	gcd.PRIME_IS_GCD
gcd	gcd.PRODUCT_WITH_GCD_ONE
gcd	gcd.P_EUCLIDES
gcd	gcd.coprime_0
gcd	gcd.coprime_0L
gcd	gcd.coprime_0R
gcd	gcd.coprime_PRE
gcd	gcd.coprime_SUC
gcd	gcd.coprime_by_prime_factor
gcd	gcd.coprime_by_prime_factor_le
gcd	gcd.coprime_common_factor
gcd	gcd.coprime_exp
gcd	gcd.coprime_exp_comm
gcd	gcd.coprime_factor_coprime
gcd	gcd.coprime_factor_not_divides
gcd	gcd.coprime_gt_1
gcd	gcd.coprime_mod
gcd	gcd.coprime_mod_iff
gcd	gcd.coprime_neq_1
gcd	gcd.coprime_prime_factor_coprime
gcd	gcd.coprime_product_coprime
gcd	gcd.coprime_product_coprime_iff
gcd	gcd.coprime_product_coprime_sym
gcd	gcd.coprime_product_divides
gcd	gcd.coprime_sym
gcd	gcd.divides_coprime_mul
gcd	gcd.divides_iff_gcd_fix
gcd	gcd.divides_iff_lcm_fix
gcd	gcd.divides_imp_coprime_with_predecessor
gcd	gcd.divides_imp_coprime_with_successor
gcd	gcd.gcd_LESS_EQ
gcd	gcd.gcd_compute
gcd	gcd.gcd_coprime_cancel
gcd	gcd.gcd_def
gcd	gcd.gcd_ind
gcd	gcd.prime_not_coprime_divides
gcd	gcd.prime_not_divides_coprime
gcd	gcd.primes_coprime
gcdset	gcdset.big_gcd_empty
gcdset	gcdset.big_gcd_insert
gcdset	gcdset.big_gcd_is_common_divisor
gcdset	gcdset.big_gcd_is_greatest_common_divisor
gcdset	gcdset.big_gcd_map_times
gcdset	gcdset.big_gcd_positive
gcdset	gcdset.big_gcd_reduction
gcdset	gcdset.big_gcd_sing
gcdset	gcdset.big_gcd_two
gcdset	gcdset.big_lcm_empty
gcdset	gcdset.big_lcm_insert
gcdset	gcdset.big_lcm_is_common_multiple
gcdset	gcdset.big_lcm_is_least_common_multiple
gcdset	gcdset.big_lcm_map_times
gcdset	gcdset.big_lcm_positive
gcdset	gcdset.big_lcm_reduction
gcdset	gcdset.big_lcm_sing
gcdset	gcdset.big_lcm_two
gcdset	gcdset.coprimes_0
gcdset	gcdset.coprimes_1
gcdset	gcdset.coprimes_alt
gcdset	gcdset.coprimes_element
gcdset	gcdset.coprimes_element_alt
gcdset	gcdset.coprimes_element_less
gcdset	gcdset.coprimes_eq_empty
gcdset	gcdset.coprimes_finite
gcdset	gcdset.coprimes_has_1
gcdset	gcdset.coprimes_has_last_but_1
gcdset	gcdset.coprimes_max
gcdset	gcdset.coprimes_no_0
gcdset	gcdset.coprimes_subset
gcdset	gcdset.coprimes_with_last
gcdset	gcdset.coprimes_without_last
gcdset	gcdset.gcdset_EMPTY
gcdset	gcdset.gcdset_INSERT
gcdset	gcdset.gcdset_divides
gcdset	gcdset.gcdset_greatest
gcdset	gcdset.natural_0
gcdset	gcdset.natural_1
gcdset	gcdset.natural_card
gcdset	gcdset.natural_cofactor_natural
gcdset	gcdset.natural_cofactor_natural_reduced
gcdset	gcdset.natural_divisor_natural
gcdset	gcdset.natural_element
gcdset	gcdset.natural_finite
gcdset	gcdset.natural_has_1
gcdset	gcdset.natural_has_last
gcdset	gcdset.natural_not_0
gcdset	gcdset.natural_property
gcdset	gcdset.natural_suc
gh179a	gh179a.tyexists
gh224a	gh224a.A_11
gh224a	gh224a.A_Axiom
gh224a	gh224a.A_accessors
gh224a	gh224a.A_accfupds
gh224a	gh224a.A_case_cong
gh224a	gh224a.A_case_eq
gh224a	gh224a.A_component_equality
gh224a	gh224a.A_fn_updates
gh224a	gh224a.A_fupdfupds
gh224a	gh224a.A_fupdfupds_comp
gh224a	gh224a.A_induction
gh224a	gh224a.A_literal_11
gh224a	gh224a.A_literal_nchotomy
gh224a	gh224a.A_nchotomy
gh224a	gh224a.A_updates_eq_literal
gh224a	gh224a.A_x_11
gh224a	gh224a.A_x_Axiom
gh224a	gh224a.A_x_accessors
gh224a	gh224a.A_x_accfupds
gh224a	gh224a.A_x_case_cong
gh224a	gh224a.A_x_case_eq
gh224a	gh224a.A_x_component_equality
gh224a	gh224a.A_x_fn_updates
gh224a	gh224a.A_x_fupdfupds
gh224a	gh224a.A_x_fupdfupds_comp
gh224a	gh224a.A_x_induction
gh224a	gh224a.A_x_literal_11
gh224a	gh224a.A_x_literal_nchotomy
gh224a	gh224a.A_x_nchotomy
gh224a	gh224a.A_x_updates_eq_literal
gh224a	gh224a.EXISTS_A
gh224a	gh224a.EXISTS_A_x
gh224a	gh224a.EXISTS_bar
gh224a	gh224a.FORALL_A
gh224a	gh224a.FORALL_A_x
gh224a	gh224a.FORALL_bar
gh224a	gh224a.bar_11
gh224a	gh224a.bar_Axiom
gh224a	gh224a.bar_accessors
gh224a	gh224a.bar_accfupds
gh224a	gh224a.bar_case_cong
gh224a	gh224a.bar_case_eq
gh224a	gh224a.bar_component_equality
gh224a	gh224a.bar_fn_updates
gh224a	gh224a.bar_fupdfupds
gh224a	gh224a.bar_fupdfupds_comp
gh224a	gh224a.bar_induction
gh224a	gh224a.bar_literal_11
gh224a	gh224a.bar_literal_nchotomy
gh224a	gh224a.bar_nchotomy
gh224a	gh224a.bar_updates_eq_literal
gh224a	gh224a.datatype_A
gh224a	gh224a.datatype_A_x
gh224a	gh224a.datatype_bar
gh224b	gh224b.size_works
gh225a	gh225a.Empty
gh225a	gh225a.GREATER
gh225b	gh225b.TRUTH
gh403a	gh403a.print
gh403b	gh403b.foo
gh725	gh725.th1
gh725	gh725.th2
github115a	github115a.th
github115b	github115b.sample2
github130b	github130b.gh130b
github234b	github234b.T
group	group.ElGamal_correctness
group	group.Estar_alt
group	group.Estar_card
group	group.Estar_card_alt
group	group.Estar_carrier
group	group.Estar_carrier_alt
group	group.Estar_element
group	group.Estar_eval
group	group.Estar_exp
group	group.Estar_finite
group	group.Estar_finite_abelian_group
group	group.Estar_finite_group
group	group.Estar_group
group	group.Estar_id
group	group.Estar_inv
group	group.Estar_inv_compute
group	group.Estar_property
group	group.Euler_Fermat_alt
group	group.Euler_Fermat_eqn
group	group.Euler_Fermat_thm
group	group.Fermat_little_eqn
group	group.Fermat_little_thm
group	group.FiniteAbelianGroup_def_alt
group	group.GFACT_element
group	group.GFACT_identity
group	group.GITSET_AS_ITSET
group	group.GPROD_SET_AS_GROUP_IMAGE
group	group.GPROD_SET_IMAGE
group	group.GPROD_SET_REDUCTION
group	group.GPROD_SET_REDUCTION_INSERT
group	group.Generated_subset_exp
group	group.Generated_subset_gen
group	group.Generated_subset_group
group	group.Generated_subset_has_set
group	group.Generated_subset_property
group	group.Generated_subset_subgroup
group	group.Generated_subset_subset
group	group.Invertibles_inv
group	group.Lagrange_identity
group	group.Lagrange_identity_alt
group	group.Lagrange_thm
group	group.OP_IMAGE_EMPTY
group	group.OP_IMAGE_SING
group	group.OP_IMAGE_THM
group	group.PRIME_2
group	group.PRIME_3
group	group.PRIME_5
group	group.PRIME_7
group	group.SURJ_IMAGE_PREIMAGE
group	group.Subgroup_homo_homo
group	group.Subgroup_subgroup
group	group.Zadd_card
group	group.Zadd_carrier
group	group.Zadd_carrier_alt
group	group.Zadd_element
group	group.Zadd_eval
group	group.Zadd_exp
group	group.Zadd_finite
group	group.Zadd_finite_abelian_group
group	group.Zadd_finite_group
group	group.Zadd_group
group	group.Zadd_id
group	group.Zadd_inv
group	group.Zadd_inv_compute
group	group.Zadd_property
group	group.Zstar_card
group	group.Zstar_carrier
group	group.Zstar_carrier_alt
group	group.Zstar_element
group	group.Zstar_eval
group	group.Zstar_exp
group	group.Zstar_finite
group	group.Zstar_finite_abelian_group
group	group.Zstar_finite_group
group	group.Zstar_group
group	group.Zstar_id
group	group.Zstar_inv
group	group.Zstar_inv_compute
group	group.Zstar_inverse
group	group.Zstar_inverse_compute
group	group.Zstar_property
group	group.abelian_group_is_abelian_monoid
group	group.abelian_group_order_common
group	group.abelian_group_order_common_coprime
group	group.abelian_monoid_invertible_excluding
group	group.abelian_subgroup_abelian
group	group.abelian_subgroup_cross_finite
group	group.abelian_subgroup_cross_subgroup
group	group.action_closure
group	group.action_compose
group	group.action_id
group	group.action_match_condition
group	group.action_match_condition_alt
group	group.action_reachable_coset
group	group.action_reachable_coset_alt
group	group.action_reverse
group	group.action_to_orbit_surj
group	group.action_trans
group	group.add_mod_abelian_group
group	group.add_mod_card
group	group.add_mod_carrier
group	group.add_mod_carrier_alt
group	group.add_mod_cylic
group	group.add_mod_element
group	group.add_mod_eval
group	group.add_mod_exp
group	group.add_mod_finite
group	group.add_mod_finite_abelian_group
group	group.add_mod_finite_group
group	group.add_mod_group
group	group.add_mod_id
group	group.add_mod_inv
group	group.add_mod_inv_compute
group	group.add_mod_order_1
group	group.add_mod_property
group	group.all_subgroups_element
group	group.all_subgroups_finite
group	group.all_subgroups_has_gen_id
group	group.all_subgroups_subset
group	group.bij_corres
group	group.carrier_card_by_coset_partition
group	group.carrier_card_by_subgroup_coset_partition
group	group.cogen_coset_element
group	group.cogen_element
group	group.cogen_of_subgroup
group	group.conjugate_subgroup_group
group	group.conjugate_subgroup_subgroup
group	group.corres_thm
group	group.coset_alt
group	group.coset_cogen_property
group	group.coset_element
group	group.coset_empty
group	group.coset_homo_group_iso_quotient_group
group	group.coset_id_eq_subgroup
group	group.coset_partition_card
group	group.coset_partition_element
group	group.coset_partition_element_card
group	group.coset_partition_eq_coset_image
group	group.coset_property
group	group.count_formula
group	group.cyclic_element
group	group.cyclic_element_by_gen
group	group.cyclic_element_in_generated
group	group.cyclic_eq_order_partition
group	group.cyclic_eq_order_partition_alt
group	group.cyclic_eq_order_partition_by_card
group	group.cyclic_finite_alt
group	group.cyclic_finite_has_order_divisor
group	group.cyclic_gen_element
group	group.cyclic_gen_order
group	group.cyclic_gen_power_order
group	group.cyclic_generated_by_gen
group	group.cyclic_generated_group
group	group.cyclic_generators_card
group	group.cyclic_generators_coprimes_bij
group	group.cyclic_generators_element
group	group.cyclic_generators_finite
group	group.cyclic_generators_gen_cofactor_eq_orders
group	group.cyclic_generators_nonempty
group	group.cyclic_generators_subset
group	group.cyclic_group
group	group.cyclic_group_abelian
group	group.cyclic_group_comm
group	group.cyclic_image_ord_is_divisors
group	group.cyclic_index_exists
group	group.cyclic_iso_gen
group	group.cyclic_orders_card
group	group.cyclic_orders_nonempty
group	group.cyclic_orders_partition
group	group.cyclic_subgroup_condition
group	group.cyclic_subgroup_cyclic
group	group.cyclic_uroots_cyclic
group	group.cyclic_uroots_has_primitive
group	group.element_coset_property
group	group.eq_order_equiv
group	group.eq_order_is_feq_order
group	group.fermat_little
group	group.fermat_little_alt
group	group.fermat_little_thm
group	group.fermat_roots
group	group.finite_abelian_Fermat
group	group.finite_abelian_group_is_finite_abelian_monoid
group	group.finite_cyclic_group_add_mod_bij
group	group.finite_cyclic_group_add_mod_homo
group	group.finite_cyclic_group_add_mod_iso
group	group.finite_cyclic_group_bij
group	group.finite_cyclic_group_existence
group	group.finite_cyclic_group_homo
group	group.finite_cyclic_group_iso
group	group.finite_cyclic_group_uniqueness
group	group.finite_cyclic_index_add
group	group.finite_cyclic_index_property
group	group.finite_cyclic_index_unique
group	group.finite_group_Fermat
group	group.finite_group_card_pos
group	group.finite_group_exp_not_distinct
group	group.finite_group_exp_period_exists
group	group.finite_group_is_finite_monoid
group	group.finite_group_is_group
group	group.finite_group_is_monoid
group	group.finite_group_order
group	group.finite_group_primitive_property
group	group.finite_homo_image
group	group.finite_monoid_invertibles_is_finite_group
group	group.finite_subgroup_carrier_finite
group	group.finite_subgroup_finite_group
group	group.fixed_points_element
group	group.fixed_points_element_element
group	group.fixed_points_finite
group	group.fixed_points_orbit_iff_sing
group	group.fixed_points_orbit_sing
group	group.fixed_points_subset
group	group.fn_cyclic_group_alt
group	group.fn_cyclic_group_carrier
group	group.fn_cyclic_group_finite_abelian_group
group	group.fn_cyclic_group_finite_group
group	group.fn_cyclic_group_group
group	group.fn_cyclic_group_id
group	group.generated_Fermat
group	group.generated_carrier
group	group.generated_carrier_as_image
group	group.generated_carrier_has_id
group	group.generated_element
group	group.generated_exp
group	group.generated_finite_group
group	group.generated_gen_element
group	group.generated_group
group	group.generated_group_card
group	group.generated_group_finite
group	group.generated_id_carrier
group	group.generated_id_subgroup
group	group.generated_image_subset_all_subgroups
group	group.generated_image_subset_power_set
group	group.generated_property
group	group.generated_subgroup
group	group.generated_subset
group	group.group_all_invertible
group	group.group_alt
group	group.group_assoc
group	group.group_auto_I
group	group.group_auto_bij
group	group.group_auto_compose
group	group.group_auto_element
group	group.group_auto_exp
group	group.group_auto_id
group	group.group_auto_is_monoid_auto
group	group.group_auto_linv_auto
group	group.group_auto_order
group	group.group_carrier_nonempty
group	group.group_comm_exp
group	group.group_comm_exp_exp
group	group.group_comm_op_exp
group	group.group_coset_eq_itself
group	group.group_coset_is_permutation
group	group.group_def_alt
group	group.group_def_by_inverse
group	group.group_div_cancel
group	group.group_div_element
group	group.group_div_lsame
group	group.group_div_pair
group	group.group_div_rsame
group	group.group_excluding_exp
group	group.group_excluding_op
group	group.group_excluding_property
group	group.group_exp_0
group	group.group_exp_1
group	group.group_exp_SUC
group	group.group_exp_add
group	group.group_exp_comm
group	group.group_exp_element
group	group.group_exp_eq
group	group.group_exp_eq_condition
group	group.group_exp_equal
group	group.group_exp_inv
group	group.group_exp_mod
group	group.group_exp_mod_order
group	group.group_exp_mult
group	group.group_exp_mult_comm
group	group.group_exp_suc
group	group.group_first_isomorphism_thm
group	group.group_homo_I_refl
group	group.group_homo_compose
group	group.group_homo_cong
group	group.group_homo_element
group	group.group_homo_exp
group	group.group_homo_homo_image_group
group	group.group_homo_id
group	group.group_homo_image_surj_property
group	group.group_homo_inv
group	group.group_homo_is_monoid_homo
group	group.group_homo_monoid_homo
group	group.group_homo_sym
group	group.group_homo_sym_any
group	group.group_homo_trans
group	group.group_id
group	group.group_id_element
group	group.group_id_exp
group	group.group_id_fix
group	group.group_id_id
group	group.group_id_unique
group	group.group_image_as_op_image
group	group.group_image_empty
group	group.group_image_sing
group	group.group_including_excluding_abelian
group	group.group_including_excluding_eqn
group	group.group_including_excluding_group
group	group.group_including_excluding_property
group	group.group_including_property
group	group.group_inj_image_abelian_group
group	group.group_inj_image_excluding_abelian_group
group	group.group_inj_image_excluding_group
group	group.group_inj_image_group
group	group.group_inj_image_group_homo
group	group.group_inv_element
group	group.group_inv_eq
group	group.group_inv_eq_id
group	group.group_inv_eq_swap
group	group.group_inv_exp
group	group.group_inv_id
group	group.group_inv_inv
group	group.group_inv_op
group	group.group_inv_order
group	group.group_inv_thm
group	group.group_is_monoid
group	group.group_iso_I_refl
group	group.group_iso_bij
group	group.group_iso_card_eq
group	group.group_iso_compose
group	group.group_iso_element
group	group.group_iso_exp
group	group.group_iso_group
group	group.group_iso_id
group	group.group_iso_is_monoid_iso
group	group.group_iso_linv_iso
group	group.group_iso_monoid_iso
group	group.group_iso_order
group	group.group_iso_property
group	group.group_iso_sym
group	group.group_iso_trans
group	group.group_lcancel
group	group.group_lid
group	group.group_lid_unique
group	group.group_linv
group	group.group_linv_assoc
group	group.group_linv_unique
group	group.group_lsolve
group	group.group_normal_equiv
group	group.group_normal_equiv_property
group	group.group_normal_equiv_reflexive
group	group.group_normal_equiv_symmetric
group	group.group_normal_equiv_transitive
group	group.group_op_element
group	group.group_op_linv_eq_id
group	group.group_op_linv_eqn
group	group.group_op_rinv_eq_id
group	group.group_op_rinv_eqn
group	group.group_order_cofactor
group	group.group_order_common
group	group.group_order_common_coprime
group	group.group_order_condition
group	group.group_order_divides
group	group.group_order_divides_exp
group	group.group_order_divides_maximal
group	group.group_order_divisor
group	group.group_order_eq_1
group	group.group_order_exp_cofactor
group	group.group_order_id
group	group.group_order_inv
group	group.group_order_nonzero
group	group.group_order_pos
group	group.group_order_power
group	group.group_order_power_coprime
group	group.group_order_power_eq_0
group	group.group_order_power_eq_order
group	group.group_order_power_eqn
group	group.group_order_property
group	group.group_order_thm
group	group.group_order_to_generated_bij
group	group.group_order_unique
group	group.group_orders_eq_1
group	group.group_pair_reduce
group	group.group_rcancel
group	group.group_rid
group	group.group_rid_unique
group	group.group_rinv
group	group.group_rinv_assoc
group	group.group_rinv_unique
group	group.group_rsolve
group	group.group_uroots_group
group	group.group_uroots_has_id
group	group.group_uroots_subgroup
group	group.homo_count_formula
group	group.homo_group_abelian_group
group	group.homo_group_assoc
group	group.homo_group_by_inj
group	group.homo_group_closure
group	group.homo_group_comm
group	group.homo_group_group
group	group.homo_group_id
group	group.homo_group_inv
group	group.homo_image_group
group	group.homo_image_homo_quotient_kernel
group	group.homo_image_iso_quotient_kernel
group	group.homo_image_monoid
group	group.homo_image_subgroup
group	group.homo_image_to_quotient_kernel_bij
group	group.homo_restrict_same_kernel
group	group.image_iso_preimage_quotient
group	group.image_preimage_group
group	group.image_preimage_quotient_same_card
group	group.image_subgroup_subgroup
group	group.inCoset_equiv_on_carrier
group	group.inCoset_refl
group	group.inCoset_sym
group	group.inCoset_trans
group	group.in_coset
group	group.independent_generated_eq
group	group.independent_generator_2_card
group	group.independent_sym
group	group.iso_group_same_card
group	group.kernel_element
group	group.kernel_group_group
group	group.kernel_group_normal
group	group.kernel_group_subgroup
group	group.kernel_property
group	group.kernel_quotient_group
group	group.left_coset_alt
group	group.make_group_property
group	group.monoid_homo_homo_image_monoid
group	group.monoid_inv_id
group	group.monoid_inv_order
group	group.monoid_inv_order_property
group	group.monoid_invertibles_is_group
group	group.mult_mod_abelian_group
group	group.mult_mod_card
group	group.mult_mod_carrier
group	group.mult_mod_carrier_alt
group	group.mult_mod_element
group	group.mult_mod_element_alt
group	group.mult_mod_eval
group	group.mult_mod_exp
group	group.mult_mod_finite
group	group.mult_mod_finite_abelian_group
group	group.mult_mod_finite_group
group	group.mult_mod_group
group	group.mult_mod_id
group	group.mult_mod_inv
group	group.mult_mod_inv_compute
group	group.mult_mod_inverse
group	group.mult_mod_inverse_compute
group	group.mult_mod_property
group	group.multi_orbits_element
group	group.multi_orbits_element_finite
group	group.multi_orbits_element_subset
group	group.multi_orbits_finite
group	group.multi_orbits_subset
group	group.non_fixed_points_card
group	group.non_fixed_points_orbit_not_sing
group	group.normal_cogen_property
group	group.normal_coset_op_property
group	group.normal_coset_property
group	group.normal_coset_property1
group	group.normal_coset_property2
group	group.normal_iff_preimage_normal
group	group.normal_preimage_normal
group	group.normal_subgroup_alt
group	group.normal_subgroup_antisym
group	group.normal_subgroup_coset_eq
group	group.normal_subgroup_coset_homo
group	group.normal_subgroup_groups
group	group.normal_subgroup_property
group	group.normal_subgroup_refl
group	group.normal_subgroup_subgroup
group	group.normal_surj_normal
group	group.orbit_alt
group	group.orbit_card_divides_target_card
group	group.orbit_element
group	group.orbit_element_in_target
group	group.orbit_eq_equiv_class
group	group.orbit_eq_orbit
group	group.orbit_finite
group	group.orbit_finite_by_target
group	group.orbit_finite_inj_card_eq
group	group.orbit_has_action_element
group	group.orbit_has_self
group	group.orbit_is_orbits_element
group	group.orbit_sing_fixed_points
group	group.orbit_stabilizer_cosets_bij
group	group.orbit_stabilizer_cosets_bij_alt
group	group.orbit_stabilizer_map_good
group	group.orbit_stabilizer_map_inj
group	group.orbit_stabilizer_thm
group	group.orbit_subset_target
group	group.orbits_alt
group	group.orbits_element
group	group.orbits_element_element
group	group.orbits_element_finite
group	group.orbits_element_is_orbit
group	group.orbits_element_nonempty
group	group.orbits_element_subset
group	group.orbits_eq_partition
group	group.orbits_equal_size_partition_equal_size
group	group.orbits_equal_size_property
group	group.orbits_finite
group	group.orbits_size_factor_partition_factor
group	group.orbits_size_factor_property
group	group.orders_is_feq_class_order
group	group.preimage_cardinality
group	group.preimage_group_group
group	group.preimage_group_property
group	group.preimage_image_subset
group	group.preimage_subgroup_kernel
group	group.preimage_subgroup_subgroup
group	group.prod_image_as_op_image
group	group.quotient_group_assoc
group	group.quotient_group_closure
group	group.quotient_group_group
group	group.quotient_group_id
group	group.quotient_group_inv
group	group.reach_equiv
group	group.reach_refl
group	group.reach_sym
group	group.reach_trans
group	group.right_coset_alt
group	group.roots_of_unity_0
group	group.roots_of_unity_element
group	group.roots_of_unity_subset
group	group.sing_orbits_card_eqn
group	group.sing_orbits_element
group	group.sing_orbits_element_card
group	group.sing_orbits_element_choice
group	group.sing_orbits_element_finite
group	group.sing_orbits_element_subset
group	group.sing_orbits_finite
group	group.sing_orbits_subset
group	group.sing_orbits_to_fixed_points_bij
group	group.sing_orbits_to_fixed_points_inj
group	group.sing_orbits_to_fixed_points_surj
group	group.stabilizer_as_image
group	group.stabilizer_conjugate
group	group.stabilizer_element
group	group.stabilizer_group_card_divides
group	group.stabilizer_group_carrier
group	group.stabilizer_group_finite_group
group	group.stabilizer_group_group
group	group.stabilizer_group_id
group	group.stabilizer_group_property
group	group.stabilizer_group_subgroup
group	group.stabilizer_has_id
group	group.stabilizer_nonempty
group	group.stabilizer_subset
group	group.subgroup_I_antisym
group	group.subgroup_alt
group	group.subgroup_antisym
group	group.subgroup_big_cross_empty
group	group.subgroup_big_cross_insert
group	group.subgroup_big_cross_thm
group	group.subgroup_big_intersect_element
group	group.subgroup_big_intersect_group
group	group.subgroup_big_intersect_has_id
group	group.subgroup_big_intersect_has_inv
group	group.subgroup_big_intersect_op_element
group	group.subgroup_big_intersect_property
group	group.subgroup_big_intersect_subgroup
group	group.subgroup_big_intersect_subset
group	group.subgroup_carrier_antisym
group	group.subgroup_carrier_nonempty
group	group.subgroup_carrier_subset
group	group.subgroup_conjugate_subgroup_bij
group	group.subgroup_coset_card
group	group.subgroup_coset_card_partition_element
group	group.subgroup_coset_eq
group	group.subgroup_coset_in_partition
group	group.subgroup_coset_nonempty
group	group.subgroup_coset_partition_element
group	group.subgroup_coset_subset
group	group.subgroup_coset_sym
group	group.subgroup_coset_trans
group	group.subgroup_cross_assoc
group	group.subgroup_cross_card
group	group.subgroup_cross_card_eqn
group	group.subgroup_cross_closure_comm_assoc_fun
group	group.subgroup_cross_comm
group	group.subgroup_cross_finite
group	group.subgroup_cross_group
group	group.subgroup_cross_property
group	group.subgroup_cross_self
group	group.subgroup_cross_subgroup
group	group.subgroup_element
group	group.subgroup_eq
group	group.subgroup_eq_carrier
group	group.subgroup_eqn
group	group.subgroup_exp
group	group.subgroup_groups
group	group.subgroup_has_groups
group	group.subgroup_homo_homo
group	group.subgroup_homomorphism
group	group.subgroup_id
group	group.subgroup_incoset_equiv
group	group.subgroup_intersect_group
group	group.subgroup_intersect_has_inv
group	group.subgroup_intersect_inv
group	group.subgroup_intersect_property
group	group.subgroup_intersect_subgroup
group	group.subgroup_inv
group	group.subgroup_inv_closure
group	group.subgroup_is_group
group	group.subgroup_is_submonoid
group	group.subgroup_is_submonoid0
group	group.subgroup_op
group	group.subgroup_order
group	group.subgroup_order_eqn
group	group.subgroup_property
group	group.subgroup_property_all
group	group.subgroup_refl
group	group.subgroup_reflexive
group	group.subgroup_subset
group	group.subgroup_test_by_cross
group	group.subgroup_thm
group	group.subgroup_to_coset_bij
group	group.subgroup_trans
group	group.subgroup_transitive
group	group.subset_big_cross_empty
group	group.subset_big_cross_insert
group	group.subset_big_cross_thm
group	group.subset_cross_alt
group	group.subset_cross_assoc
group	group.subset_cross_closure_comm_assoc_fun
group	group.subset_cross_comm
group	group.subset_cross_element
group	group.subset_cross_element_iff
group	group.subset_cross_element_preimage_card
group	group.subset_cross_finite
group	group.subset_cross_inv
group	group.subset_cross_partition_property
group	group.subset_cross_preimage_inj
group	group.subset_cross_self
group	group.subset_cross_subset
group	group.subset_cross_to_preimage_cross_bij
group	group.subset_group_exp
group	group.subset_group_order
group	group.subset_group_property
group	group.subset_group_subgroup
group	group.subset_group_submonoid
group	group.subset_preimage_image
group	group.sum_image_as_op_image
group	group.symdiff_set_abelian_group
group	group.symdiff_set_group
group	group.target_card_and_fixed_points_congruence
group	group.target_card_by_fixed_points
group	group.target_card_by_orbit_types
group	group.target_card_by_partition
group	group.target_orbits_disjoint
group	group.target_orbits_union
group	group.trivial_group
group	group.trivial_group_carrier
group	group.trivial_group_id
hrat	hrat.HRAT_ADD_ASSOC
hrat	hrat.HRAT_ADD_SYM
hrat	hrat.HRAT_ADD_TOTAL
hrat	hrat.HRAT_ARCH
hrat	hrat.HRAT_LDISTRIB
hrat	hrat.HRAT_MUL_ASSOC
hrat	hrat.HRAT_MUL_LID
hrat	hrat.HRAT_MUL_LINV
hrat	hrat.HRAT_MUL_SYM
hrat	hrat.HRAT_NOZERO
hrat	hrat.HRAT_SUCINT
hrat	hrat.TRAT_ADD_ASSOC
hrat	hrat.TRAT_ADD_SYM
hrat	hrat.TRAT_ADD_SYM_EQ
hrat	hrat.TRAT_ADD_TOTAL
hrat	hrat.TRAT_ADD_WELLDEFINED
hrat	hrat.TRAT_ADD_WELLDEFINED2
hrat	hrat.TRAT_ARCH
hrat	hrat.TRAT_EQ_AP
hrat	hrat.TRAT_EQ_EQUIV
hrat	hrat.TRAT_EQ_REFL
hrat	hrat.TRAT_EQ_SYM
hrat	hrat.TRAT_EQ_TRANS
hrat	hrat.TRAT_INV_WELLDEFINED
hrat	hrat.TRAT_LDISTRIB
hrat	hrat.TRAT_MUL_ASSOC
hrat	hrat.TRAT_MUL_LID
hrat	hrat.TRAT_MUL_LINV
hrat	hrat.TRAT_MUL_SYM
hrat	hrat.TRAT_MUL_SYM_EQ
hrat	hrat.TRAT_MUL_WELLDEFINED
hrat	hrat.TRAT_MUL_WELLDEFINED2
hrat	hrat.TRAT_NOZERO
hrat	hrat.TRAT_SUCINT
hrat	hrat.TRAT_SUCINT_0
hrat	hrat.hrat_ABS_REP_CLASS
hrat	hrat.hrat_QUOTIENT
hreal	hreal.CUT_BOUNDED
hreal	hreal.CUT_DOWN
hreal	hreal.CUT_ISACUT
hreal	hreal.CUT_NEARTOP_ADD
hreal	hreal.CUT_NEARTOP_MUL
hreal	hreal.CUT_NONEMPTY
hreal	hreal.CUT_STRADDLE
hreal	hreal.CUT_UBOUND
hreal	hreal.CUT_UP
hreal	hreal.EQUAL_CUTS
hreal	hreal.HRAT_DOWN
hreal	hreal.HRAT_DOWN2
hreal	hreal.HRAT_EQ_LADD
hreal	hreal.HRAT_EQ_LMUL
hreal	hreal.HRAT_GT_L1
hreal	hreal.HRAT_GT_LMUL1
hreal	hreal.HRAT_INV_MUL
hreal	hreal.HRAT_LT_ADD2
hreal	hreal.HRAT_LT_ADDL
hreal	hreal.HRAT_LT_ADDR
hreal	hreal.HRAT_LT_ANTISYM
hreal	hreal.HRAT_LT_GT
hreal	hreal.HRAT_LT_L1
hreal	hreal.HRAT_LT_LADD
hreal	hreal.HRAT_LT_LMUL
hreal	hreal.HRAT_LT_LMUL1
hreal	hreal.HRAT_LT_MUL2
hreal	hreal.HRAT_LT_NE
hreal	hreal.HRAT_LT_R1
hreal	hreal.HRAT_LT_RADD
hreal	hreal.HRAT_LT_REFL
hreal	hreal.HRAT_LT_RMUL
hreal	hreal.HRAT_LT_RMUL1
hreal	hreal.HRAT_LT_TOTAL
hreal	hreal.HRAT_LT_TRANS
hreal	hreal.HRAT_MEAN
hreal	hreal.HRAT_MUL_RID
hreal	hreal.HRAT_MUL_RINV
hreal	hreal.HRAT_RDISTRIB
hreal	hreal.HRAT_UP
hreal	hreal.HREAL_ADD_ASSOC
hreal	hreal.HREAL_ADD_ISACUT
hreal	hreal.HREAL_ADD_SYM
hreal	hreal.HREAL_ADD_TOTAL
hreal	hreal.HREAL_EQ_ADDL
hreal	hreal.HREAL_EQ_ADDR
hreal	hreal.HREAL_EQ_LADD
hreal	hreal.HREAL_INV_ISACUT
hreal	hreal.HREAL_LDISTRIB
hreal	hreal.HREAL_LT
hreal	hreal.HREAL_LT_ADD2
hreal	hreal.HREAL_LT_ADDL
hreal	hreal.HREAL_LT_ADDR
hreal	hreal.HREAL_LT_GT
hreal	hreal.HREAL_LT_LADD
hreal	hreal.HREAL_LT_LEMMA
hreal	hreal.HREAL_LT_NE
hreal	hreal.HREAL_LT_REFL
hreal	hreal.HREAL_LT_TOTAL
hreal	hreal.HREAL_MUL_ASSOC
hreal	hreal.HREAL_MUL_ISACUT
hreal	hreal.HREAL_MUL_LID
hreal	hreal.HREAL_MUL_LINV
hreal	hreal.HREAL_MUL_SYM
hreal	hreal.HREAL_NOZERO
hreal	hreal.HREAL_RDISTRIB
hreal	hreal.HREAL_SUB_ADD
hreal	hreal.HREAL_SUB_ISACUT
hreal	hreal.HREAL_SUP
hreal	hreal.HREAL_SUP_ISACUT
hreal	hreal.ISACUT_HRAT
hreal	hreal.TREAL_10
hreal	hreal.TREAL_ADD_ASSOC
hreal	hreal.TREAL_ADD_LID
hreal	hreal.TREAL_ADD_LINV
hreal	hreal.TREAL_ADD_SYM
hreal	hreal.TREAL_ADD_WELLDEF
hreal	hreal.TREAL_ADD_WELLDEFR
hreal	hreal.TREAL_BIJ
hreal	hreal.TREAL_BIJ_WELLDEF
hreal	hreal.TREAL_EQ_AP
hreal	hreal.TREAL_EQ_EQUIV
hreal	hreal.TREAL_EQ_REFL
hreal	hreal.TREAL_EQ_SYM
hreal	hreal.TREAL_EQ_TRANS
hreal	hreal.TREAL_INV_0
hreal	hreal.TREAL_INV_WELLDEF
hreal	hreal.TREAL_ISO
hreal	hreal.TREAL_LDISTRIB
hreal	hreal.TREAL_LT_ADD
hreal	hreal.TREAL_LT_MUL
hreal	hreal.TREAL_LT_REFL
hreal	hreal.TREAL_LT_TOTAL
hreal	hreal.TREAL_LT_TRANS
hreal	hreal.TREAL_LT_WELLDEF
hreal	hreal.TREAL_LT_WELLDEFL
hreal	hreal.TREAL_LT_WELLDEFR
hreal	hreal.TREAL_MUL_ASSOC
hreal	hreal.TREAL_MUL_LID
hreal	hreal.TREAL_MUL_LINV
hreal	hreal.TREAL_MUL_SYM
hreal	hreal.TREAL_MUL_WELLDEF
hreal	hreal.TREAL_MUL_WELLDEFR
hreal	hreal.TREAL_NEG_WELLDEF
ieee	ieee.ccode2num_11
ieee	ieee.ccode2num_ONTO
ieee	ieee.ccode2num_num2ccode
ieee	ieee.ccode2num_thm
ieee	ieee.ccode_Axiom
ieee	ieee.ccode_EQ_ccode
ieee	ieee.ccode_case_cong
ieee	ieee.ccode_case_def
ieee	ieee.ccode_case_eq
ieee	ieee.ccode_distinct
ieee	ieee.ccode_induction
ieee	ieee.ccode_nchotomy
ieee	ieee.datatype_ccode
ieee	ieee.datatype_roundmode
ieee	ieee.num2ccode_11
ieee	ieee.num2ccode_ONTO
ieee	ieee.num2ccode_ccode2num
ieee	ieee.num2ccode_thm
ieee	ieee.num2roundmode_11
ieee	ieee.num2roundmode_ONTO
ieee	ieee.num2roundmode_roundmode2num
ieee	ieee.num2roundmode_thm
ieee	ieee.roundmode2num_11
ieee	ieee.roundmode2num_ONTO
ieee	ieee.roundmode2num_num2roundmode
ieee	ieee.roundmode2num_thm
ieee	ieee.roundmode_Axiom
ieee	ieee.roundmode_EQ_roundmode
ieee	ieee.roundmode_case_cong
ieee	ieee.roundmode_case_def
ieee	ieee.roundmode_case_eq
ieee	ieee.roundmode_distinct
ieee	ieee.roundmode_induction
ieee	ieee.roundmode_nchotomy
ind_type	ind_type.CONSTR_BOT
ind_type	ind_type.CONSTR_IND
ind_type	ind_type.CONSTR_INJ
ind_type	ind_type.CONSTR_REC
ind_type	ind_type.DEST_REC_INJ
ind_type	ind_type.FCONS_DEST
ind_type	ind_type.INJA_INJ
ind_type	ind_type.INJF_INJ
ind_type	ind_type.INJN_INJ
ind_type	ind_type.INJP_INJ
ind_type	ind_type.INJ_INVERSE2
ind_type	ind_type.ISO_FUN
ind_type	ind_type.ISO_REFL
ind_type	ind_type.ISO_USAGE
ind_type	ind_type.MK_REC_INJ
ind_type	ind_type.NUMSUM_INJ
ind_type	ind_type.ZCONSTR_ZBOT
ind_type	ind_type.ZRECSPACE_cases
ind_type	ind_type.ZRECSPACE_ind
ind_type	ind_type.ZRECSPACE_rules
ind_type	ind_type.ZRECSPACE_strongind
indexedLists	indexedLists.EL_MAP2i
indexedLists	indexedLists.EL_MAPi
indexedLists	indexedLists.EL_delN_AFTER
indexedLists	indexedLists.EL_delN_BEFORE
indexedLists	indexedLists.EL_findi
indexedLists	indexedLists.FOLDR_MAPi
indexedLists	indexedLists.FOLDRi_APPEND
indexedLists	indexedLists.FOLDRi_CONG
indexedLists	indexedLists.FOLDRi_CONG'
indexedLists	indexedLists.LENGTH_MAP2i
indexedLists	indexedLists.LENGTH_MAPi
indexedLists	indexedLists.LIST_RELi_APPEND_I
indexedLists	indexedLists.LIST_RELi_EL_EQN
indexedLists	indexedLists.LIST_RELi_LENGTH
indexedLists	indexedLists.LIST_RELi_cases
indexedLists	indexedLists.LIST_RELi_ind
indexedLists	indexedLists.LIST_RELi_rules
indexedLists	indexedLists.LIST_RELi_strongind
indexedLists	indexedLists.LIST_RELi_thm
indexedLists	indexedLists.MAP2i_NIL2
indexedLists	indexedLists.MAP2i_compute
indexedLists	indexedLists.MAP2i_def
indexedLists	indexedLists.MAP2i_ind
indexedLists	indexedLists.MAP2ia_NIL2
indexedLists	indexedLists.MAP2ia_def
indexedLists	indexedLists.MAP2ia_ind
indexedLists	indexedLists.MAP_MAPi
indexedLists	indexedLists.MAPi_ACC_MAPi
indexedLists	indexedLists.MAPi_APPEND
indexedLists	indexedLists.MAPi_CONG
indexedLists	indexedLists.MAPi_CONG'
indexedLists	indexedLists.MAPi_EQ_MAP
indexedLists	indexedLists.MAPi_GENLIST
indexedLists	indexedLists.MAPi_compute
indexedLists	indexedLists.MEM_MAPi
indexedLists	indexedLists.MEM_findi
indexedLists	indexedLists.delN_shortens
indexedLists	indexedLists.findi_APPEND
indexedLists	indexedLists.findi_EL
indexedLists	indexedLists.findi_EL_iff
indexedLists	indexedLists.findi_cons
indexedLists	indexedLists.findi_nil
indexedLists	indexedLists.findi_none
indexedLists	indexedLists.fupdLast_EQ_NIL
indexedLists	indexedLists.fupdLast_FRONT_LAST
indexedLists	indexedLists.fupdLast_def
indexedLists	indexedLists.fupdLast_ind
inftree	inftree.iNd_is_tree
inftree	inftree.inftree_11
inftree	inftree.inftree_Axiom
inftree	inftree.inftree_distinct
inftree	inftree.inftree_ind
inftree	inftree.inftree_nchotomy
inftree	inftree.is_tree_cases
inftree	inftree.is_tree_ind
inftree	inftree.is_tree_rules
inftree	inftree.is_tree_strongind
inftree	inftree.relrec_cases
inftree	inftree.relrec_ind
inftree	inftree.relrec_rules
inftree	inftree.relrec_strongind
inheritCase1	inheritCase1.datatype_list
inheritCase1	inheritCase1.list_11
inheritCase1	inheritCase1.list_Axiom
inheritCase1	inheritCase1.list_case_cong
inheritCase1	inheritCase1.list_case_eq
inheritCase1	inheritCase1.list_distinct
inheritCase1	inheritCase1.list_induction
inheritCase1	inheritCase1.list_nchotomy
intExtension	intExtension.ABS_EQ_MUL_SGN
intExtension	intExtension.ABS_SGN
intExtension	intExtension.INT_ABS_CALCULATE_0
intExtension	intExtension.INT_ABS_CALCULATE_NEG
intExtension	intExtension.INT_ABS_CALCULATE_POS
intExtension	intExtension.INT_ABS_NOT0POS
intExtension	intExtension.INT_EQ_RMUL_EXP
intExtension	intExtension.INT_GT0_IMP_NOT0
intExtension	intExtension.INT_GT_RMUL_EXP
intExtension	intExtension.INT_LT_ADD_NEG
intExtension	intExtension.INT_LT_RMUL_EXP
intExtension	intExtension.INT_MUL_POS_SIGN
intExtension	intExtension.INT_NE_IMP_LTGT
intExtension	intExtension.INT_NOT0_MUL
intExtension	intExtension.INT_NOT0_SGNNOT0
intExtension	intExtension.INT_NOTGT_IMP_EQLT
intExtension	intExtension.INT_NOTLTEQ_GT
intExtension	intExtension.INT_NOTPOS0_NEG
intExtension	intExtension.INT_SGN_CASES
intExtension	intExtension.INT_SGN_CLAUSES
intExtension	intExtension.INT_SGN_MUL2
intExtension	intExtension.INT_SGN_NOTPOSNEG
intExtension	intExtension.INT_SGN_TOTAL
intExtension	intExtension.LESS_IMP_NOT_0
intExtension	intExtension.MUL_ABS_SGN
intExtension	intExtension.SGN_MUL_Num
intReduce	intReduce.INT_ADD_CONV_pth0
intReduce	intReduce.INT_ADD_CONV_pth1
intReduce	intReduce.INT_EQ_CONV_pth
intReduce	intReduce.INT_GE_CONV_pth
intReduce	intReduce.INT_GT_CONV_pth
intReduce	intReduce.INT_LE_CONV_nth
intReduce	intReduce.INT_LE_CONV_pth
intReduce	intReduce.INT_LE_CONV_tth
intReduce	intReduce.INT_LT_CONV_pth
intReduce	intReduce.INT_MUL_CONV_pth0
intReduce	intReduce.INT_MUL_CONV_pth1
intReduce	intReduce.INT_NEG_CONV_pth
intReduce	intReduce.INT_POW_CONV_pth
intReduce	intReduce.INT_POW_CONV_tth
int_arith	int_arith.CONJ_EQ_ELIM
int_arith	int_arith.HO_SUB_ELIM
int_arith	int_arith.INT_DIVIDES_LRMUL
int_arith	int_arith.INT_DIVIDES_RELPRIME_MUL
int_arith	int_arith.INT_LINEAR_GCD
int_arith	int_arith.INT_LT_ADD_NUMERAL
int_arith	int_arith.INT_NUM_COND
int_arith	int_arith.INT_NUM_DIVIDES
int_arith	int_arith.INT_NUM_EVEN
int_arith	int_arith.INT_NUM_EXISTS
int_arith	int_arith.INT_NUM_FORALL
int_arith	int_arith.INT_NUM_ODD
int_arith	int_arith.INT_NUM_SUB
int_arith	int_arith.INT_NUM_UEXISTS
int_arith	int_arith.INT_SUB_SUB3
int_arith	int_arith.NOT_INT_DIVIDES
int_arith	int_arith.NOT_INT_DIVIDES_POS
int_arith	int_arith.add_to_greater
int_arith	int_arith.bmarker_rewrites
int_arith	int_arith.bot_and_greaters
int_arith	int_arith.can_get_big
int_arith	int_arith.can_get_small
int_arith	int_arith.cooper_lemma_1
int_arith	int_arith.elim_eq
int_arith	int_arith.elim_eq_coeffs
int_arith	int_arith.elim_le_coeffs
int_arith	int_arith.elim_lt_coeffs1
int_arith	int_arith.elim_lt_coeffs2
int_arith	int_arith.elim_minus_ones
int_arith	int_arith.elim_neg_ones
int_arith	int_arith.eq_context_rwt1
int_arith	int_arith.eq_context_rwt2
int_arith	int_arith.eq_justify_multiplication
int_arith	int_arith.eq_move_all_left
int_arith	int_arith.eq_move_all_right
int_arith	int_arith.eq_move_left_left
int_arith	int_arith.eq_move_left_right
int_arith	int_arith.eq_move_right_left
int_arith	int_arith.gcd1thm
int_arith	int_arith.gcd21_thm
int_arith	int_arith.gcdthm2
int_arith	int_arith.in_additive_range
int_arith	int_arith.in_subtractive_range
int_arith	int_arith.justify_divides
int_arith	int_arith.justify_divides2
int_arith	int_arith.justify_divides3
int_arith	int_arith.lcm_eliminate
int_arith	int_arith.le_context_rwt1
int_arith	int_arith.le_context_rwt2
int_arith	int_arith.le_context_rwt3
int_arith	int_arith.le_context_rwt4
int_arith	int_arith.le_context_rwt5
int_arith	int_arith.le_move_all_right
int_arith	int_arith.le_move_right_left
int_arith	int_arith.less_to_leq_samel
int_arith	int_arith.less_to_leq_samer
int_arith	int_arith.lt_justify_multiplication
int_arith	int_arith.lt_move_all_left
int_arith	int_arith.lt_move_all_right
int_arith	int_arith.lt_move_left_left
int_arith	int_arith.lt_move_left_right
int_arith	int_arith.move_sub
int_arith	int_arith.not_less
int_arith	int_arith.positive_product_implication
int_arith	int_arith.restricted_quantification_simp
int_arith	int_arith.subtract_to_small
int_arith	int_arith.top_and_lessers
int_bitwise	int_bitwise.bits_bitwise_def
int_bitwise	int_bitwise.bits_bitwise_ind
int_bitwise	int_bitwise.bits_of_num_def
int_bitwise	int_bitwise.bits_of_num_ind
int_bitwise	int_bitwise.int_bit_and
int_bitwise	int_bitwise.int_bit_bitwise
int_bitwise	int_bitwise.int_bit_equiv
int_bitwise	int_bitwise.int_bit_int_of_bits
int_bitwise	int_bitwise.int_bit_not
int_bitwise	int_bitwise.int_bit_or
int_bitwise	int_bitwise.int_bit_shift_left
int_bitwise	int_bitwise.int_bit_shift_right
int_bitwise	int_bitwise.int_bit_xor
int_bitwise	int_bitwise.int_not
int_bitwise	int_bitwise.int_not_not
int_bitwise	int_bitwise.int_of_bits_bits_of_int
int_bitwise	int_bitwise.num_of_bits_def
int_bitwise	int_bitwise.num_of_bits_ind
integer	integer.EQ_ADDL
integer	integer.EQ_LADD
integer	integer.FORALL_INT_CASES
integer	integer.INFINITE_INT_UNIV
integer	integer.INT
integer	integer.INT_0
integer	integer.INT_1
integer	integer.INT_10
integer	integer.INT_ABS_0LT
integer	integer.INT_ABS_ABS
integer	integer.INT_ABS_EQ
integer	integer.INT_ABS_EQ0
integer	integer.INT_ABS_EQ_ABS
integer	integer.INT_ABS_EQ_ID
integer	integer.INT_ABS_LE
integer	integer.INT_ABS_LE0
integer	integer.INT_ABS_LT
integer	integer.INT_ABS_LT0
integer	integer.INT_ABS_MUL
integer	integer.INT_ABS_NEG
integer	integer.INT_ABS_NUM
integer	integer.INT_ABS_POS
integer	integer.INT_ABS_QUOT
integer	integer.INT_ABS_SUB
integer	integer.INT_ABS_TRIANGLE
integer	integer.INT_ADD
integer	integer.INT_ADD2_SUB2
integer	integer.INT_ADD_ASSOC
integer	integer.INT_ADD_CALCULATE
integer	integer.INT_ADD_COMM
integer	integer.INT_ADD_DIV
integer	integer.INT_ADD_LID
integer	integer.INT_ADD_LID_UNIQ
integer	integer.INT_ADD_LINV
integer	integer.INT_ADD_REDUCE
integer	integer.INT_ADD_RID
integer	integer.INT_ADD_RID_UNIQ
integer	integer.INT_ADD_RINV
integer	integer.INT_ADD_SUB
integer	integer.INT_ADD_SUB2
integer	integer.INT_ADD_SYM
integer	integer.INT_DIFFSQ
integer	integer.INT_DISCRETE
integer	integer.INT_DIV
integer	integer.INT_DIVIDES_0
integer	integer.INT_DIVIDES_1
integer	integer.INT_DIVIDES_LADD
integer	integer.INT_DIVIDES_LMUL
integer	integer.INT_DIVIDES_LSUB
integer	integer.INT_DIVIDES_MOD0
integer	integer.INT_DIVIDES_MUL
integer	integer.INT_DIVIDES_MUL_BOTH
integer	integer.INT_DIVIDES_NEG
integer	integer.INT_DIVIDES_RADD
integer	integer.INT_DIVIDES_REDUCE
integer	integer.INT_DIVIDES_REFL
integer	integer.INT_DIVIDES_RMUL
integer	integer.INT_DIVIDES_RSUB
integer	integer.INT_DIVIDES_TRANS
integer	integer.INT_DIVISION
integer	integer.INT_DIV_0
integer	integer.INT_DIV_1
integer	integer.INT_DIV_CALCULATE
integer	integer.INT_DIV_EDIV
integer	integer.INT_DIV_FORALL_P
integer	integer.INT_DIV_ID
integer	integer.INT_DIV_LMUL
integer	integer.INT_DIV_MUL_ID
integer	integer.INT_DIV_NEG
integer	integer.INT_DIV_P
integer	integer.INT_DIV_REDUCE
integer	integer.INT_DIV_RMUL
integer	integer.INT_DIV_UNIQUE
integer	integer.INT_DOUBLE
integer	integer.INT_ENTIRE
integer	integer.INT_EQ_CALCULATE
integer	integer.INT_EQ_IMP_LE
integer	integer.INT_EQ_LADD
integer	integer.INT_EQ_LMUL
integer	integer.INT_EQ_LMUL2
integer	integer.INT_EQ_LMUL_IMP
integer	integer.INT_EQ_NEG
integer	integer.INT_EQ_RADD
integer	integer.INT_EQ_REDUCE
integer	integer.INT_EQ_RMUL
integer	integer.INT_EQ_RMUL_IMP
integer	integer.INT_EQ_SUB_LADD
integer	integer.INT_EQ_SUB_RADD
integer	integer.INT_EXP
integer	integer.INT_EXP_ADD_EXPONENTS
integer	integer.INT_EXP_CALCULATE
integer	integer.INT_EXP_EQ0
integer	integer.INT_EXP_MOD
integer	integer.INT_EXP_MULTIPLY_EXPONENTS
integer	integer.INT_EXP_NEG
integer	integer.INT_EXP_REDUCE
integer	integer.INT_EXP_SUBTRACT_EXPONENTS
integer	integer.INT_GE
integer	integer.INT_GE_CALCULATE
integer	integer.INT_GE_REDUCE
integer	integer.INT_GT
integer	integer.INT_GT_CALCULATE
integer	integer.INT_GT_REDUCE
integer	integer.INT_INJ
integer	integer.INT_INTEGRAL
integer	integer.INT_LDISTRIB
integer	integer.INT_LE
integer	integer.INT_LESS_MOD
integer	integer.INT_LET_ADD
integer	integer.INT_LET_ADD2
integer	integer.INT_LET_ANTISYM
integer	integer.INT_LET_TOTAL
integer	integer.INT_LET_TRANS
integer	integer.INT_LE_01
integer	integer.INT_LE_ADD
integer	integer.INT_LE_ADD2
integer	integer.INT_LE_ADDL
integer	integer.INT_LE_ADDR
integer	integer.INT_LE_ANTISYM
integer	integer.INT_LE_CALCULATE
integer	integer.INT_LE_DOUBLE
integer	integer.INT_LE_LADD
integer	integer.INT_LE_LNEG
integer	integer.INT_LE_LT
integer	integer.INT_LE_LT1
integer	integer.INT_LE_MONO
integer	integer.INT_LE_MUL
integer	integer.INT_LE_NEG
integer	integer.INT_LE_NEGL
integer	integer.INT_LE_NEGR
integer	integer.INT_LE_NEGTOTAL
integer	integer.INT_LE_RADD
integer	integer.INT_LE_REDUCE
integer	integer.INT_LE_REFL
integer	integer.INT_LE_RNEG
integer	integer.INT_LE_SQUARE
integer	integer.INT_LE_SUB_LADD
integer	integer.INT_LE_SUB_RADD
integer	integer.INT_LE_TOTAL
integer	integer.INT_LE_TRANS
integer	integer.INT_LNEG_UNIQ
integer	integer.INT_LT
integer	integer.INT_LT2
integer	integer.INT_LTE_ADD
integer	integer.INT_LTE_ADD2
integer	integer.INT_LTE_ANTSYM
integer	integer.INT_LTE_TOTAL
integer	integer.INT_LTE_TRANS
integer	integer.INT_LT_01
integer	integer.INT_LT_ADD
integer	integer.INT_LT_ADD1
integer	integer.INT_LT_ADD2
integer	integer.INT_LT_ADDL
integer	integer.INT_LT_ADDNEG
integer	integer.INT_LT_ADDNEG2
integer	integer.INT_LT_ADDR
integer	integer.INT_LT_ADD_SUB
integer	integer.INT_LT_ANTISYM
integer	integer.INT_LT_CALCULATE
integer	integer.INT_LT_DISCRETE
integer	integer.INT_LT_GT
integer	integer.INT_LT_IMP_LE
integer	integer.INT_LT_IMP_NE
integer	integer.INT_LT_LADD
integer	integer.INT_LT_LADD_IMP
integer	integer.INT_LT_LE
integer	integer.INT_LT_LE1
integer	integer.INT_LT_MONO
integer	integer.INT_LT_MUL
integer	integer.INT_LT_MUL2
integer	integer.INT_LT_NEG
integer	integer.INT_LT_NEGTOTAL
integer	integer.INT_LT_NZ
integer	integer.INT_LT_RADD
integer	integer.INT_LT_REDUCE
integer	integer.INT_LT_REFL
integer	integer.INT_LT_SUB_LADD
integer	integer.INT_LT_SUB_RADD
integer	integer.INT_LT_TOTAL
integer	integer.INT_LT_TRANS
integer	integer.INT_MAX_LT
integer	integer.INT_MAX_NUM
integer	integer.INT_MIN_LT
integer	integer.INT_MIN_NUM
integer	integer.INT_MOD
integer	integer.INT_MOD0
integer	integer.INT_MOD_1
integer	integer.INT_MOD_ADD_MULTIPLES
integer	integer.INT_MOD_BOUNDS
integer	integer.INT_MOD_CALCULATE
integer	integer.INT_MOD_COMMON_FACTOR
integer	integer.INT_MOD_EMOD
integer	integer.INT_MOD_EQ0
integer	integer.INT_MOD_FORALL_P
integer	integer.INT_MOD_ID
integer	integer.INT_MOD_MINUS1
integer	integer.INT_MOD_MOD
integer	integer.INT_MOD_NEG
integer	integer.INT_MOD_NEG_NUMERATOR
integer	integer.INT_MOD_P
integer	integer.INT_MOD_PLUS
integer	integer.INT_MOD_REDUCE
integer	integer.INT_MOD_SUB
integer	integer.INT_MOD_UNIQUE
integer	integer.INT_MUL
integer	integer.INT_MUL_ASSOC
integer	integer.INT_MUL_CALCULATE
integer	integer.INT_MUL_COMM
integer	integer.INT_MUL_DIV
integer	integer.INT_MUL_EQ_1
integer	integer.INT_MUL_LID
integer	integer.INT_MUL_LNEG
integer	integer.INT_MUL_LZERO
integer	integer.INT_MUL_QUOT
integer	integer.INT_MUL_REDUCE
integer	integer.INT_MUL_RID
integer	integer.INT_MUL_RNEG
integer	integer.INT_MUL_RZERO
integer	integer.INT_MUL_SIGN_CASES
integer	integer.INT_MUL_SYM
integer	integer.INT_NEGNEG
integer	integer.INT_NEG_0
integer	integer.INT_NEG_ADD
integer	integer.INT_NEG_EQ
integer	integer.INT_NEG_EQ0
integer	integer.INT_NEG_GE0
integer	integer.INT_NEG_GT0
integer	integer.INT_NEG_LE0
integer	integer.INT_NEG_LMUL
integer	integer.INT_NEG_LT0
integer	integer.INT_NEG_MINUS1
integer	integer.INT_NEG_MUL2
integer	integer.INT_NEG_NEG
integer	integer.INT_NEG_RMUL
integer	integer.INT_NEG_SAME_EQ
integer	integer.INT_NEG_SUB
integer	integer.INT_NOT_EQ
integer	integer.INT_NOT_LE
integer	integer.INT_NOT_LT
integer	integer.INT_NUM_CASES
integer	integer.INT_NZ_IMP_LT
integer	integer.INT_OF_NUM
integer	integer.INT_OF_NUM_ADD
integer	integer.INT_OF_NUM_EQ
integer	integer.INT_OF_NUM_LE
integer	integer.INT_OF_NUM_LT
integer	integer.INT_OF_NUM_MUL
integer	integer.INT_OF_NUM_POW
integer	integer.INT_POLY_CONV_rth
integer	integer.INT_POLY_CONV_sth
integer	integer.INT_POS
integer	integer.INT_POSSQ
integer	integer.INT_POS_NZ
integer	integer.INT_POW
integer	integer.INT_POW_NEG
integer	integer.INT_QUOT
integer	integer.INT_QUOT_0
integer	integer.INT_QUOT_1
integer	integer.INT_QUOT_CALCULATE
integer	integer.INT_QUOT_EDIV
integer	integer.INT_QUOT_ID
integer	integer.INT_QUOT_NEG
integer	integer.INT_QUOT_REDUCE
integer	integer.INT_QUOT_UNIQUE
integer	integer.INT_RDISTRIB
integer	integer.INT_REM
integer	integer.INT_REM0
integer	integer.INT_REMQUOT
integer	integer.INT_REM_CALCULATE
integer	integer.INT_REM_COMMON_FACTOR
integer	integer.INT_REM_EMOD
integer	integer.INT_REM_EQ0
integer	integer.INT_REM_EQ_MOD
integer	integer.INT_REM_ID
integer	integer.INT_REM_NEG
integer	integer.INT_REM_REDUCE
integer	integer.INT_REM_UNIQUE
integer	integer.INT_RNEG_UNIQ
integer	integer.INT_SUB
integer	integer.INT_SUB_0
integer	integer.INT_SUB_ABS_TRIANGLE
integer	integer.INT_SUB_ADD
integer	integer.INT_SUB_ADD2
integer	integer.INT_SUB_CALCULATE
integer	integer.INT_SUB_LDISTRIB
integer	integer.INT_SUB_LE
integer	integer.INT_SUB_LNEG
integer	integer.INT_SUB_LT
integer	integer.INT_SUB_LZERO
integer	integer.INT_SUB_NEG2
integer	integer.INT_SUB_RDISTRIB
integer	integer.INT_SUB_REDUCE
integer	integer.INT_SUB_REFL
integer	integer.INT_SUB_RNEG
integer	integer.INT_SUB_RZERO
integer	integer.INT_SUB_SUB
integer	integer.INT_SUB_SUB2
integer	integer.INT_SUB_TRIANGLE
integer	integer.INT_SUMSQ
integer	integer.LE_NUM_OF_INT
integer	integer.LT_ADD2
integer	integer.LT_ADDL
integer	integer.LT_ADDR
integer	integer.LT_LADD
integer	integer.NUM_EQ0
integer	integer.NUM_INT_ADD
integer	integer.NUM_INT_EDIV
integer	integer.NUM_INT_EMOD
integer	integer.NUM_INT_MUL
integer	integer.NUM_INT_SUB
integer	integer.NUM_LT
integer	integer.NUM_NEGINT_EXISTS
integer	integer.NUM_OF_INT
integer	integer.NUM_OF_NEG_INT
integer	integer.NUM_POSINT
integer	integer.NUM_POSINT_EX
integer	integer.NUM_POSINT_EXISTS
integer	integer.NUM_POSTINT_EX
integer	integer.Num_EQ
integer	integer.Num_EQ_ABS
integer	integer.Num_neg
integer	integer.TINT_10
integer	integer.TINT_ADD_ASSOC
integer	integer.TINT_ADD_LID
integer	integer.TINT_ADD_LINV
integer	integer.TINT_ADD_SYM
integer	integer.TINT_ADD_WELLDEF
integer	integer.TINT_ADD_WELLDEFR
integer	integer.TINT_EQ_AP
integer	integer.TINT_EQ_EQUIV
integer	integer.TINT_EQ_REFL
integer	integer.TINT_EQ_SYM
integer	integer.TINT_EQ_TRANS
integer	integer.TINT_INJ
integer	integer.TINT_LDISTRIB
integer	integer.TINT_LT_ADD
integer	integer.TINT_LT_MUL
integer	integer.TINT_LT_REFL
integer	integer.TINT_LT_TOTAL
integer	integer.TINT_LT_TRANS
integer	integer.TINT_LT_WELLDEF
integer	integer.TINT_LT_WELLDEFL
integer	integer.TINT_LT_WELLDEFR
integer	integer.TINT_MUL_ASSOC
integer	integer.TINT_MUL_LID
integer	integer.TINT_MUL_SYM
integer	integer.TINT_MUL_WELLDEF
integer	integer.TINT_MUL_WELLDEFR
integer	integer.TINT_NEG_WELLDEF
integer	integer.int_ABS_REP_CLASS
integer	integer.int_QUOTIENT
integer	integer.int_calculate
integer	integer.int_cases
integer	integer.int_divides
integer	integer.int_eq_calculate
integer	integer.num_divides
integer	integer.num_of_int
integer	integer.tint_of_num_eq
integer_word	integer_word.INT_BOUND_ORDER
integer_word	integer_word.INT_MAX
integer_word	integer_word.INT_MAX_MONOTONIC
integer_word	integer_word.INT_MIN
integer_word	integer_word.INT_MIN_MONOTONIC
integer_word	integer_word.INT_ZERO_LE_INT_MAX
integer_word	integer_word.INT_ZERO_LT_INT_MAX
integer_word	integer_word.INT_ZERO_LT_INT_MIN
integer_word	integer_word.INT_ZERO_LT_UINT_MAX
integer_word	integer_word.MULT_MINUS_ONE
integer_word	integer_word.ONE_LE_TWOEXP
integer_word	integer_word.UINT_MAX
integer_word	integer_word.WORD_GEi
integer_word	integer_word.WORD_GTi
integer_word	integer_word.WORD_LEi
integer_word	integer_word.WORD_LTi
integer_word	integer_word.different_sign_then_no_overflow
integer_word	integer_word.fromString_def
integer_word	integer_word.fromString_ind
integer_word	integer_word.i2w_0
integer_word	integer_word.i2w_DIV
integer_word	integer_word.i2w_INT_MAX
integer_word	integer_word.i2w_INT_MIN
integer_word	integer_word.i2w_UINT_MAX
integer_word	integer_word.i2w_minus_1
integer_word	integer_word.i2w_pos
integer_word	integer_word.i2w_w2i
integer_word	integer_word.i2w_w2n
integer_word	integer_word.i2w_w2n_w2w
integer_word	integer_word.int_word_nchotomy
integer_word	integer_word.overflow
integer_word	integer_word.overflow_add
integer_word	integer_word.overflow_sub
integer_word	integer_word.ranged_int_word_nchotomy
integer_word	integer_word.saturate_i2sw
integer_word	integer_word.saturate_i2sw_0
integer_word	integer_word.saturate_i2w_0
integer_word	integer_word.saturate_sw2sw
integer_word	integer_word.saturate_sw2w
integer_word	integer_word.saturate_w2sw
integer_word	integer_word.signed_saturate_add
integer_word	integer_word.signed_saturate_sub
integer_word	integer_word.sub_overflow
integer_word	integer_word.sw2sw_i2w
integer_word	integer_word.w2i_1
integer_word	integer_word.w2i_11
integer_word	integer_word.w2i_11_lift
integer_word	integer_word.w2i_INT_MAXw
integer_word	integer_word.w2i_INT_MINw
integer_word	integer_word.w2i_UINT_MAXw
integer_word	integer_word.w2i_eq_0
integer_word	integer_word.w2i_eq_w2n
integer_word	integer_word.w2i_ge
integer_word	integer_word.w2i_i2w
integer_word	integer_word.w2i_i2w_id
integer_word	integer_word.w2i_i2w_neg
integer_word	integer_word.w2i_i2w_pos
integer_word	integer_word.w2i_le
integer_word	integer_word.w2i_lt_0
integer_word	integer_word.w2i_minus_1
integer_word	integer_word.w2i_n2w_mod
integer_word	integer_word.w2i_n2w_neg
integer_word	integer_word.w2i_n2w_pos
integer_word	integer_word.w2i_neg
integer_word	integer_word.w2i_sw2sw_bounds
integer_word	integer_word.w2i_w2n_pos
integer_word	integer_word.w2n_i2w
integer_word	integer_word.w2w_i2w
integer_word	integer_word.word_0_w2i
integer_word	integer_word.word_abs_i2w
integer_word	integer_word.word_abs_w2i
integer_word	integer_word.word_add_i2w
integer_word	integer_word.word_add_i2w_w2n
integer_word	integer_word.word_i2w_add
integer_word	integer_word.word_i2w_mul
integer_word	integer_word.word_msb_i2w
integer_word	integer_word.word_msb_i2w_lt_0
integer_word	integer_word.word_mul_i2w
integer_word	integer_word.word_mul_i2w_w2n
integer_word	integer_word.word_quot
integer_word	integer_word.word_rem
integer_word	integer_word.word_sub_i2w
integer_word	integer_word.word_sub_i2w_w2n
integral	integral.CONT_UNIFORM
integral	integral.DINT_0
integral	integral.DINT_ADD
integral	integral.DINT_CMUL
integral	integral.DINT_COMBINE
integral	integral.DINT_CONST
integral	integral.DINT_DELTA
integral	integral.DINT_DELTA_LEFT
integral	integral.DINT_DELTA_RIGHT
integral	integral.DINT_EQ
integral	integral.DINT_FINITE_SPIKE
integral	integral.DINT_INTEGRAL
integral	integral.DINT_LE
integral	integral.DINT_LINEAR
integral	integral.DINT_NEG
integral	integral.DINT_POINT_SPIKE
integral	integral.DINT_SUB
integral	integral.DINT_TRIANGLE
integral	integral.DINT_UNIQ
integral	integral.DINT_WRONG
integral	integral.DIVISION_0
integral	integral.DIVISION_1
integral	integral.DIVISION_APPEND
integral	integral.DIVISION_APPEND_STRONG
integral	integral.DIVISION_BOUNDS
integral	integral.DIVISION_DSIZE_EQ
integral	integral.DIVISION_DSIZE_EQ_ALT
integral	integral.DIVISION_DSIZE_GE
integral	integral.DIVISION_DSIZE_LE
integral	integral.DIVISION_EQ
integral	integral.DIVISION_EXISTS
integral	integral.DIVISION_GT
integral	integral.DIVISION_INTERMEDIATE
integral	integral.DIVISION_INTERMEDIATE'
integral	integral.DIVISION_LBOUND
integral	integral.DIVISION_LBOUND_LT
integral	integral.DIVISION_LE
integral	integral.DIVISION_LE_SUC
integral	integral.DIVISION_LHS
integral	integral.DIVISION_LT
integral	integral.DIVISION_LT_GEN
integral	integral.DIVISION_MONO_LE
integral	integral.DIVISION_MONO_LE_SUC
integral	integral.DIVISION_RHS
integral	integral.DIVISION_SINGLE
integral	integral.DIVISION_THM
integral	integral.DIVISION_UBOUND
integral	integral.DIVISION_UBOUND_LT
integral	integral.DSIZE_EQ
integral	integral.Dint_has_integral
integral	integral.FINE_MIN
integral	integral.FTC1
integral	integral.GAUGE_MIN
integral	integral.GAUGE_MIN_FINITE
integral	integral.INTEGRABLE_ADD
integral	integral.INTEGRABLE_CAUCHY
integral	integral.INTEGRABLE_CMUL
integral	integral.INTEGRABLE_COMBINE
integral	integral.INTEGRABLE_CONST
integral	integral.INTEGRABLE_CONTINUOUS
integral	integral.INTEGRABLE_DINT
integral	integral.INTEGRABLE_LIMIT
integral	integral.INTEGRABLE_POINT_SPIKE
integral	integral.INTEGRABLE_SPLIT_SIDES
integral	integral.INTEGRABLE_SUBINTERVAL
integral	integral.INTEGRABLE_SUBINTERVAL_LEFT
integral	integral.INTEGRABLE_SUBINTERVAL_RIGHT
integral	integral.INTEGRAL_0
integral	integral.INTEGRAL_ADD
integral	integral.INTEGRAL_BY_PARTS
integral	integral.INTEGRAL_CMUL
integral	integral.INTEGRAL_COMBINE
integral	integral.INTEGRAL_CONST
integral	integral.INTEGRAL_EQ
integral	integral.INTEGRAL_LE
integral	integral.INTEGRAL_MVT1
integral	integral.INTEGRAL_NULL
integral	integral.INTEGRAL_SUB
integral	integral.INTEGRATION_BY_PARTS
integral	integral.RSUM_BOUND
integral	integral.RSUM_DIFF_BOUND
integral	integral.STRADDLE_LEMMA
integral	integral.SUP_INTERVAL
integral	integral.TDIV_BOUNDS
integral	integral.TDIV_LE
integral	integral.gauge'
integral	integral.gauge_alt
integral	integral.gauge_alt_univ
integral	integral.integrable_eq_integrable_on
integral	integral.integral_new_to_old
integral	integral.integral_old_to_new
integration	integration.ABSOLUTELY_INTEGRABLE_0
integration	integration.ABSOLUTELY_INTEGRABLE_ABS
integration	integration.ABSOLUTELY_INTEGRABLE_ABSOLUTELY_INTEGRABLE_BOUND
integration	integration.ABSOLUTELY_INTEGRABLE_ABSOLUTELY_INTEGRABLE_COMPONENT_LBOUND
integration	integration.ABSOLUTELY_INTEGRABLE_ABSOLUTELY_INTEGRABLE_COMPONENT_UBOUND
integration	integration.ABSOLUTELY_INTEGRABLE_ABSOLUTELY_INTEGRABLE_LBOUND
integration	integration.ABSOLUTELY_INTEGRABLE_ABSOLUTELY_INTEGRABLE_UBOUND
integration	integration.ABSOLUTELY_INTEGRABLE_ABS_EQ
integration	integration.ABSOLUTELY_INTEGRABLE_ADD
integration	integration.ABSOLUTELY_INTEGRABLE_BOUNDED_SETVARIATION
integration	integration.ABSOLUTELY_INTEGRABLE_BOUNDED_SETVARIATION_EQ
integration	integration.ABSOLUTELY_INTEGRABLE_BOUNDED_SETVARIATION_UNIV_EQ
integration	integration.ABSOLUTELY_INTEGRABLE_CMUL
integration	integration.ABSOLUTELY_INTEGRABLE_COMPONENTWISE
integration	integration.ABSOLUTELY_INTEGRABLE_CONST
integration	integration.ABSOLUTELY_INTEGRABLE_CONTINUOUS
integration	integration.ABSOLUTELY_INTEGRABLE_EQ
integration	integration.ABSOLUTELY_INTEGRABLE_EQ_EQ
integration	integration.ABSOLUTELY_INTEGRABLE_IMP_ABS_INTEGRABLE
integration	integration.ABSOLUTELY_INTEGRABLE_IMP_INTEGRABLE
integration	integration.ABSOLUTELY_INTEGRABLE_INF
integration	integration.ABSOLUTELY_INTEGRABLE_INTEGRABLE_BOUND
integration	integration.ABSOLUTELY_INTEGRABLE_LE
integration	integration.ABSOLUTELY_INTEGRABLE_LINEAR
integration	integration.ABSOLUTELY_INTEGRABLE_MAX
integration	integration.ABSOLUTELY_INTEGRABLE_MIN
integration	integration.ABSOLUTELY_INTEGRABLE_MUL_INDICATOR
integration	integration.ABSOLUTELY_INTEGRABLE_NEG
integration	integration.ABSOLUTELY_INTEGRABLE_ON_NULL
integration	integration.ABSOLUTELY_INTEGRABLE_ON_SUBINTERVAL
integration	integration.ABSOLUTELY_INTEGRABLE_RESTRICT_INTER
integration	integration.ABSOLUTELY_INTEGRABLE_RESTRICT_UNIV
integration	integration.ABSOLUTELY_INTEGRABLE_SET_VARIATION
integration	integration.ABSOLUTELY_INTEGRABLE_SPIKE
integration	integration.ABSOLUTELY_INTEGRABLE_SUB
integration	integration.ABSOLUTELY_INTEGRABLE_SUM
integration	integration.ABSOLUTELY_INTEGRABLE_SUP
integration	integration.ADDITIVE_CONTENT_DIVISION
integration	integration.ADDITIVE_CONTENT_TAGGED_DIVISION
integration	integration.ADDITIVE_TAGGED_DIVISION_1
integration	integration.ANTIDERIVATIVE_CONTINUOUS
integration	integration.ANTIDERIVATIVE_INTEGRAL_CONTINUOUS
integration	integration.APPROXIMABLE_ON_DIVISION
integration	integration.BEPPO_LEVI_DECREASING
integration	integration.BEPPO_LEVI_INCREASING
integration	integration.BEPPO_LEVI_MONOTONE_CONVERGENCE_DECREASING
integration	integration.BEPPO_LEVI_MONOTONE_CONVERGENCE_DECREASING_AE
integration	integration.BEPPO_LEVI_MONOTONE_CONVERGENCE_INCREASING
integration	integration.BEPPO_LEVI_MONOTONE_CONVERGENCE_INCREASING_AE
integration	integration.BOUNDED_EQUIINTEGRAL_OVER_THIN_TAGGED_PARTIAL_DIVISION
integration	integration.BOUNDED_SETVARIATION_ABSOLUTELY_INTEGRABLE
integration	integration.BOUNDED_SETVARIATION_ABSOLUTELY_INTEGRABLE_INTERVAL
integration	integration.CONTENT_DOUBLESPLIT
integration	integration.CONTENT_IMAGE_AFFINITY_INTERVAL
integration	integration.CONTENT_IMAGE_STRETCH_INTERVAL
integration	integration.CONTENT_SPLIT
integration	integration.CONTINUOUS_ON_VECTOR_VARIATION
integration	integration.CONVEX_CONTAINS_SEGMENT
integration	integration.DECREASING_BOUNDED_VARIATION
integration	integration.DECREASING_BOUNDED_VARIATION_GEN
integration	integration.DECREASING_LEFT_LIMIT
integration	integration.DECREASING_RIGHT_LIMIT
integration	integration.DECREASING_VECTOR_VARIATION
integration	integration.DIVISION_1_SORT
integration	integration.DIVISION_COMMON_POINT_BOUND
integration	integration.DIVISION_CONTAINS
integration	integration.DIVISION_DISJOINT_UNION
integration	integration.DIVISION_DOUBLESPLIT
integration	integration.DIVISION_INTER
integration	integration.DIVISION_INTER_1
integration	integration.DIVISION_OF
integration	integration.DIVISION_OF_AFFINITY
integration	integration.DIVISION_OF_BIGUNION
integration	integration.DIVISION_OF_CLOSED
integration	integration.DIVISION_OF_CONTENT_0
integration	integration.DIVISION_OF_FINITE
integration	integration.DIVISION_OF_NONTRIVIAL
integration	integration.DIVISION_OF_REFLECT
integration	integration.DIVISION_OF_SELF
integration	integration.DIVISION_OF_SING
integration	integration.DIVISION_OF_SUBSET
integration	integration.DIVISION_OF_TAGGED_DIVISION
integration	integration.DIVISION_OF_TRANSLATION
integration	integration.DIVISION_OF_TRIVIAL
integration	integration.DIVISION_OF_UNION_SELF
integration	integration.DIVISION_POINTS_FINITE
integration	integration.DIVISION_POINTS_PSUBSET
integration	integration.DIVISION_POINTS_SUBSET
integration	integration.DIVISION_SPLIT
integration	integration.DIVISION_SPLIT_LEFT_INJ
integration	integration.DIVISION_SPLIT_LEFT_RIGHT_INJ
integration	integration.DIVISION_SPLIT_RIGHT_INJ
integration	integration.DIVISION_UNION_INTERVALS_EXISTS
integration	integration.DOMINATED_CONVERGENCE
integration	integration.DOMINATED_CONVERGENCE_ABSOLUTELY_INTEGRABLE
integration	integration.DOMINATED_CONVERGENCE_AE
integration	integration.DOMINATED_CONVERGENCE_INTEGRABLE
integration	integration.DSUM_BOUND
integration	integration.ELEMENTARY_BIGINTER
integration	integration.ELEMENTARY_BIGUNION_INTERVALS
integration	integration.ELEMENTARY_BOUNDED
integration	integration.ELEMENTARY_COMPACT
integration	integration.ELEMENTARY_EMPTY
integration	integration.ELEMENTARY_INTER
integration	integration.ELEMENTARY_INTERVAL
integration	integration.ELEMENTARY_SUBSET_INTERVAL
integration	integration.ELEMENTARY_UNION
integration	integration.ELEMENTARY_UNION_INTERVAL
integration	integration.ELEMENTARY_UNION_INTERVAL_STRONG
integration	integration.EMPTY_DIVISION_OF
integration	integration.EQUIINTEGRABLE_ADD
integration	integration.EQUIINTEGRABLE_CLOSED_INTERVAL_RESTRICTIONS
integration	integration.EQUIINTEGRABLE_CMUL
integration	integration.EQUIINTEGRABLE_DIVISION
integration	integration.EQUIINTEGRABLE_EQ
integration	integration.EQUIINTEGRABLE_HALFSPACE_RESTRICTIONS_GE
integration	integration.EQUIINTEGRABLE_HALFSPACE_RESTRICTIONS_GT
integration	integration.EQUIINTEGRABLE_HALFSPACE_RESTRICTIONS_LE
integration	integration.EQUIINTEGRABLE_HALFSPACE_RESTRICTIONS_LT
integration	integration.EQUIINTEGRABLE_LIMIT
integration	integration.EQUIINTEGRABLE_NEG
integration	integration.EQUIINTEGRABLE_ON_NULL
integration	integration.EQUIINTEGRABLE_ON_SING
integration	integration.EQUIINTEGRABLE_ON_SPLIT
integration	integration.EQUIINTEGRABLE_OPEN_INTERVAL_RESTRICTIONS
integration	integration.EQUIINTEGRABLE_REFLECT
integration	integration.EQUIINTEGRABLE_SUB
integration	integration.EQUIINTEGRABLE_SUBSET
integration	integration.EQUIINTEGRABLE_SUM
integration	integration.EQUIINTEGRABLE_UNIFORM_LIMIT
integration	integration.EQUIINTEGRABLE_UNION
integration	integration.FATOU
integration	integration.FINE_BIGINTER
integration	integration.FINE_BIGUNION
integration	integration.FINE_DIVISION_EXISTS
integration	integration.FINE_INTER
integration	integration.FINE_SUBSET
integration	integration.FINE_UNION
integration	integration.FINITE_POWERSET
integration	integration.FLOOR_POS
integration	integration.FORALL_IN_DIVISION
integration	integration.FORALL_IN_DIVISION_NONEMPTY
integration	integration.FUNDAMENTAL_THEOREM_OF_CALCULUS
integration	integration.FUNDAMENTAL_THEOREM_OF_CALCULUS_INTERIOR
integration	integration.FUNDAMENTAL_THEOREM_OF_CALCULUS_INTERIOR_STRONG
integration	integration.FUNDAMENTAL_THEOREM_OF_CALCULUS_STRONG
integration	integration.GAUGE_BALL
integration	integration.GAUGE_BALL_DEPENDENT
integration	integration.GAUGE_BIGINTER
integration	integration.GAUGE_EXISTENCE_LEMMA
integration	integration.GAUGE_INTER
integration	integration.GAUGE_MODIFY
integration	integration.GAUGE_TRIVIAL
integration	integration.HAS_ABSOLUTE_INTEGRAL
integration	integration.HAS_BOUNDED_SETVARIATION_COMPARISON
integration	integration.HAS_BOUNDED_SETVARIATION_ON
integration	integration.HAS_BOUNDED_SETVARIATION_ON_0
integration	integration.HAS_BOUNDED_SETVARIATION_ON_ABS
integration	integration.HAS_BOUNDED_SETVARIATION_ON_ADD
integration	integration.HAS_BOUNDED_SETVARIATION_ON_CMUL
integration	integration.HAS_BOUNDED_SETVARIATION_ON_COMPONENTWISE
integration	integration.HAS_BOUNDED_SETVARIATION_ON_COMPOSE_LINEAR
integration	integration.HAS_BOUNDED_SETVARIATION_ON_DIVISION
integration	integration.HAS_BOUNDED_SETVARIATION_ON_ELEMENTARY
integration	integration.HAS_BOUNDED_SETVARIATION_ON_EQ
integration	integration.HAS_BOUNDED_SETVARIATION_ON_IMP_BOUNDED_ON_SUBINTERVALS
integration	integration.HAS_BOUNDED_SETVARIATION_ON_INTERVAL
integration	integration.HAS_BOUNDED_SETVARIATION_ON_NEG
integration	integration.HAS_BOUNDED_SETVARIATION_ON_NULL
integration	integration.HAS_BOUNDED_SETVARIATION_ON_SUB
integration	integration.HAS_BOUNDED_SETVARIATION_ON_SUBSET
integration	integration.HAS_BOUNDED_SETVARIATION_ON_SUM
integration	integration.HAS_BOUNDED_SETVARIATION_ON_SUM_AND_SET_VARIATION_SUM_LE
integration	integration.HAS_BOUNDED_SETVARIATION_ON_UNIV
integration	integration.HAS_BOUNDED_SETVARIATION_REFLECT2_EQ
integration	integration.HAS_BOUNDED_SETVARIATION_REFLECT2_EQ_AND_SET_VARIATION_REFLECT2
integration	integration.HAS_BOUNDED_SETVARIATION_TRANSLATION
integration	integration.HAS_BOUNDED_SETVARIATION_TRANSLATION2_EQ
integration	integration.HAS_BOUNDED_SETVARIATION_TRANSLATION2_EQ_AND_SET_VARIATION_TRANSLATION2
integration	integration.HAS_BOUNDED_SETVARIATION_WORKS
integration	integration.HAS_BOUNDED_SETVARIATION_WORKS_ON_ELEMENTARY
integration	integration.HAS_BOUNDED_SETVARIATION_WORKS_ON_INTERVAL
integration	integration.HAS_BOUNDED_VARIATION_AFFINITY2_EQ
integration	integration.HAS_BOUNDED_VARIATION_AFFINITY2_EQ_AND_VECTOR_VARIATION_AFFINITY2
integration	integration.HAS_BOUNDED_VARIATION_AFFINITY_EQ
integration	integration.HAS_BOUNDED_VARIATION_AFFINITY_EQ_AND_VECTOR_VARIATION_AFFINITY
integration	integration.HAS_BOUNDED_VARIATION_COMPARISON
integration	integration.HAS_BOUNDED_VARIATION_COMPOSE_DECREASING
integration	integration.HAS_BOUNDED_VARIATION_COMPOSE_INCREASING
integration	integration.HAS_BOUNDED_VARIATION_DARBOUX
integration	integration.HAS_BOUNDED_VARIATION_DARBOUX_STRICT
integration	integration.HAS_BOUNDED_VARIATION_DARBOUX_STRONG
integration	integration.HAS_BOUNDED_VARIATION_NONTRIVIAL
integration	integration.HAS_BOUNDED_VARIATION_ON_ABS
integration	integration.HAS_BOUNDED_VARIATION_ON_ADD
integration	integration.HAS_BOUNDED_VARIATION_ON_CLOSURE
integration	integration.HAS_BOUNDED_VARIATION_ON_CMUL
integration	integration.HAS_BOUNDED_VARIATION_ON_COMBINE
integration	integration.HAS_BOUNDED_VARIATION_ON_COMBINE_GEN
integration	integration.HAS_BOUNDED_VARIATION_ON_COMPONENTWISE
integration	integration.HAS_BOUNDED_VARIATION_ON_COMPOSE_LINEAR
integration	integration.HAS_BOUNDED_VARIATION_ON_CONST
integration	integration.HAS_BOUNDED_VARIATION_ON_DIVISION
integration	integration.HAS_BOUNDED_VARIATION_ON_EMPTY
integration	integration.HAS_BOUNDED_VARIATION_ON_EQ
integration	integration.HAS_BOUNDED_VARIATION_ON_ID
integration	integration.HAS_BOUNDED_VARIATION_ON_IMP_BOUNDED
integration	integration.HAS_BOUNDED_VARIATION_ON_IMP_BOUNDED_ON_INTERVAL
integration	integration.HAS_BOUNDED_VARIATION_ON_IMP_BOUNDED_ON_SUBINTERVALS
integration	integration.HAS_BOUNDED_VARIATION_ON_INDEFINITE_INTEGRAL_LEFT
integration	integration.HAS_BOUNDED_VARIATION_ON_INDEFINITE_INTEGRAL_RIGHT
integration	integration.HAS_BOUNDED_VARIATION_ON_MAX
integration	integration.HAS_BOUNDED_VARIATION_ON_MIN
integration	integration.HAS_BOUNDED_VARIATION_ON_MUL
integration	integration.HAS_BOUNDED_VARIATION_ON_NEG
integration	integration.HAS_BOUNDED_VARIATION_ON_NULL
integration	integration.HAS_BOUNDED_VARIATION_ON_REFLECT
integration	integration.HAS_BOUNDED_VARIATION_ON_REFLECT_INTERVAL
integration	integration.HAS_BOUNDED_VARIATION_ON_SING
integration	integration.HAS_BOUNDED_VARIATION_ON_SUB
integration	integration.HAS_BOUNDED_VARIATION_ON_SUBSET
integration	integration.HAS_BOUNDED_VARIATION_ON_SUM
integration	integration.HAS_BOUNDED_VARIATION_ON_SUM_AND_SUM_LE
integration	integration.HAS_BOUNDED_VARIATION_REFLECT2_EQ
integration	integration.HAS_BOUNDED_VARIATION_REFLECT2_EQ_AND_VECTOR_VARIATION_REFLECT2
integration	integration.HAS_BOUNDED_VARIATION_REFLECT_EQ
integration	integration.HAS_BOUNDED_VARIATION_REFLECT_EQ_AND_VECTOR_VARIATION_REFLECT
integration	integration.HAS_BOUNDED_VARIATION_REFLECT_EQ_INTERVAL
integration	integration.HAS_BOUNDED_VARIATION_REFLECT_EQ_INTERVAL_AND_VECTOR_VARIATION_REFLECT_INTERVAL
integration	integration.HAS_BOUNDED_VARIATION_SUM_LE
integration	integration.HAS_BOUNDED_VARIATION_TRANSLATION
integration	integration.HAS_BOUNDED_VARIATION_TRANSLATION2_EQ
integration	integration.HAS_BOUNDED_VARIATION_TRANSLATION2_EQ_AND_VECTOR_VARIATION_TRANSLATION2
integration	integration.HAS_BOUNDED_VARIATION_TRANSLATION_EQ
integration	integration.HAS_BOUNDED_VARIATION_TRANSLATION_EQ_AND_VECTOR_VARIATION_TRANSLATION
integration	integration.HAS_BOUNDED_VARIATION_TRANSLATION_EQ_INTERVAL
integration	integration.HAS_BOUNDED_VARIATION_TRANSLATION_EQ_INTERVAL_AND_VECTOR_VARIATION_TRANSLATION_INTERVAL
integration	integration.HAS_BOUNDED_VECTOR_VARIATION_LEFT_LIMIT
integration	integration.HAS_BOUNDED_VECTOR_VARIATION_RIGHT_LIMIT
integration	integration.HAS_DERIVATIVE_ZERO_UNIQUE_STRONG_INTERVAL
integration	integration.HAS_INTEGRAL
integration	integration.HAS_INTEGRAL_0
integration	integration.HAS_INTEGRAL_0_EQ
integration	integration.HAS_INTEGRAL_ABS_BOUND_INTEGRAL_COMPONENT
integration	integration.HAS_INTEGRAL_ADD
integration	integration.HAS_INTEGRAL_AFFINITY
integration	integration.HAS_INTEGRAL_ALT
integration	integration.HAS_INTEGRAL_BIGUNION
integration	integration.HAS_INTEGRAL_BOUND
integration	integration.HAS_INTEGRAL_CLOSURE
integration	integration.HAS_INTEGRAL_CMUL
integration	integration.HAS_INTEGRAL_COMBINE
integration	integration.HAS_INTEGRAL_COMBINE_DIVISION
integration	integration.HAS_INTEGRAL_COMBINE_DIVISION_TOPDOWN
integration	integration.HAS_INTEGRAL_COMBINE_TAGGED_DIVISION
integration	integration.HAS_INTEGRAL_COMBINE_TAGGED_DIVISION_TOPDOWN
integration	integration.HAS_INTEGRAL_COMPONENTWISE
integration	integration.HAS_INTEGRAL_COMPONENT_LBOUND
integration	integration.HAS_INTEGRAL_COMPONENT_LE
integration	integration.HAS_INTEGRAL_COMPONENT_LE_AE
integration	integration.HAS_INTEGRAL_COMPONENT_NEG
integration	integration.HAS_INTEGRAL_COMPONENT_POS
integration	integration.HAS_INTEGRAL_COMPONENT_UBOUND
integration	integration.HAS_INTEGRAL_CONST
integration	integration.HAS_INTEGRAL_DIFF
integration	integration.HAS_INTEGRAL_DROP_LE
integration	integration.HAS_INTEGRAL_DROP_NEG
integration	integration.HAS_INTEGRAL_DROP_POS
integration	integration.HAS_INTEGRAL_DROP_POS_AE
integration	integration.HAS_INTEGRAL_EMPTY
integration	integration.HAS_INTEGRAL_EMPTY_EQ
integration	integration.HAS_INTEGRAL_EQ
integration	integration.HAS_INTEGRAL_EQ_EQ
integration	integration.HAS_INTEGRAL_FACTOR_CONTENT
integration	integration.HAS_INTEGRAL_INTEGRABLE
integration	integration.HAS_INTEGRAL_INTEGRABLE_INTEGRAL
integration	integration.HAS_INTEGRAL_INTEGRAL
integration	integration.HAS_INTEGRAL_INTERIOR
integration	integration.HAS_INTEGRAL_IS_0
integration	integration.HAS_INTEGRAL_LE_AE
integration	integration.HAS_INTEGRAL_LIM_AT_POSINFINITY
integration	integration.HAS_INTEGRAL_LIM_SEQUENTIALLY
integration	integration.HAS_INTEGRAL_LINEAR
integration	integration.HAS_INTEGRAL_MUL_INDICATOR
integration	integration.HAS_INTEGRAL_NEG
integration	integration.HAS_INTEGRAL_NEGLIGIBLE
integration	integration.HAS_INTEGRAL_NEGLIGIBLE_EQ
integration	integration.HAS_INTEGRAL_NULL
integration	integration.HAS_INTEGRAL_NULL_EQ
integration	integration.HAS_INTEGRAL_ON_SUPERSET
integration	integration.HAS_INTEGRAL_REFL
integration	integration.HAS_INTEGRAL_REFLECT
integration	integration.HAS_INTEGRAL_REFLECT_GEN
integration	integration.HAS_INTEGRAL_REFLECT_LEMMA
integration	integration.HAS_INTEGRAL_RESTRICT
integration	integration.HAS_INTEGRAL_RESTRICT_CLOSED_SUBINTERVAL
integration	integration.HAS_INTEGRAL_RESTRICT_CLOSED_SUBINTERVALS_EQ
integration	integration.HAS_INTEGRAL_RESTRICT_INTER
integration	integration.HAS_INTEGRAL_RESTRICT_OPEN_SUBINTERVAL
integration	integration.HAS_INTEGRAL_RESTRICT_UNIV
integration	integration.HAS_INTEGRAL_SEPARATE_SIDES
integration	integration.HAS_INTEGRAL_SPIKE
integration	integration.HAS_INTEGRAL_SPIKE_EQ
integration	integration.HAS_INTEGRAL_SPIKE_FINITE
integration	integration.HAS_INTEGRAL_SPIKE_FINITE_EQ
integration	integration.HAS_INTEGRAL_SPIKE_INTERIOR
integration	integration.HAS_INTEGRAL_SPIKE_INTERIOR_EQ
integration	integration.HAS_INTEGRAL_SPIKE_SET
integration	integration.HAS_INTEGRAL_SPIKE_SET_EQ
integration	integration.HAS_INTEGRAL_SPLIT
integration	integration.HAS_INTEGRAL_STRADDLE_NULL
integration	integration.HAS_INTEGRAL_STRETCH
integration	integration.HAS_INTEGRAL_SUB
integration	integration.HAS_INTEGRAL_SUBSET_COMPONENT_LE
integration	integration.HAS_INTEGRAL_SUBSET_DROP_LE
integration	integration.HAS_INTEGRAL_SUM
integration	integration.HAS_INTEGRAL_TWIDDLE
integration	integration.HAS_INTEGRAL_UNION
integration	integration.HAS_INTEGRAL_UNIQUE
integration	integration.HENSTOCK_LEMMA
integration	integration.HENSTOCK_LEMMA_PART1
integration	integration.HENSTOCK_LEMMA_PART2
integration	integration.INCREASING_BOUNDED_VARIATION
integration	integration.INCREASING_BOUNDED_VARIATION_GEN
integration	integration.INCREASING_LEFT_LIMIT
integration	integration.INCREASING_RIGHT_LIMIT
integration	integration.INCREASING_VECTOR_VARIATION
integration	integration.INDEFINITE_INTEGRAL_CONTINUOUS
integration	integration.INDEFINITE_INTEGRAL_CONTINUOUS_LEFT
integration	integration.INDEFINITE_INTEGRAL_CONTINUOUS_RIGHT
integration	integration.INTEGRABLE_0
integration	integration.INTEGRABLE_ADD
integration	integration.INTEGRABLE_AFFINITY
integration	integration.INTEGRABLE_ALT
integration	integration.INTEGRABLE_ALT_SUBSET
integration	integration.INTEGRABLE_BOUNDED_VARIATION
integration	integration.INTEGRABLE_BOUNDED_VARIATION_BILINEAR_LMUL
integration	integration.INTEGRABLE_BOUNDED_VARIATION_BILINEAR_RMUL
integration	integration.INTEGRABLE_BOUNDED_VARIATION_PRODUCT
integration	integration.INTEGRABLE_BOUNDED_VARIATION_PRODUCT_ALT
integration	integration.INTEGRABLE_BY_PARTS
integration	integration.INTEGRABLE_BY_PARTS_EQ
integration	integration.INTEGRABLE_CASES
integration	integration.INTEGRABLE_CAUCHY
integration	integration.INTEGRABLE_CMUL
integration	integration.INTEGRABLE_CMUL_EQ
integration	integration.INTEGRABLE_COMBINE
integration	integration.INTEGRABLE_COMBINE_DIVISION
integration	integration.INTEGRABLE_COMPONENTWISE
integration	integration.INTEGRABLE_CONST
integration	integration.INTEGRABLE_CONTINUOUS
integration	integration.INTEGRABLE_DECREASING
integration	integration.INTEGRABLE_DECREASING_PRODUCT
integration	integration.INTEGRABLE_DECREASING_PRODUCT_UNIV
integration	integration.INTEGRABLE_EQ
integration	integration.INTEGRABLE_EQ_EQ
integration	integration.INTEGRABLE_INCREASING
integration	integration.INTEGRABLE_INCREASING_PRODUCT
integration	integration.INTEGRABLE_INCREASING_PRODUCT_UNIV
integration	integration.INTEGRABLE_INTEGRAL
integration	integration.INTEGRABLE_LINEAR
integration	integration.INTEGRABLE_MIN_CONST
integration	integration.INTEGRABLE_MUL_INDICATOR
integration	integration.INTEGRABLE_NEG
integration	integration.INTEGRABLE_ON_ALL_INTERVALS_INTEGRABLE_BOUND
integration	integration.INTEGRABLE_ON_EMPTY
integration	integration.INTEGRABLE_ON_LITTLE_SUBINTERVALS
integration	integration.INTEGRABLE_ON_NULL
integration	integration.INTEGRABLE_ON_REFL
integration	integration.INTEGRABLE_ON_SUBDIVISION
integration	integration.INTEGRABLE_ON_SUBINTERVAL
integration	integration.INTEGRABLE_ON_SUPERSET
integration	integration.INTEGRABLE_REFLECT
integration	integration.INTEGRABLE_REFLECT_GEN
integration	integration.INTEGRABLE_RESTRICT
integration	integration.INTEGRABLE_RESTRICT_INTER
integration	integration.INTEGRABLE_RESTRICT_UNIV
integration	integration.INTEGRABLE_SPIKE
integration	integration.INTEGRABLE_SPIKE_EQ
integration	integration.INTEGRABLE_SPIKE_FINITE
integration	integration.INTEGRABLE_SPIKE_INTERIOR
integration	integration.INTEGRABLE_SPIKE_SET
integration	integration.INTEGRABLE_SPIKE_SET_EQ
integration	integration.INTEGRABLE_SPLIT
integration	integration.INTEGRABLE_STRADDLE
integration	integration.INTEGRABLE_STRADDLE_INTERVAL
integration	integration.INTEGRABLE_STRETCH
integration	integration.INTEGRABLE_SUB
integration	integration.INTEGRABLE_SUBINTERVAL
integration	integration.INTEGRABLE_SUM
integration	integration.INTEGRABLE_UNIFORM_LIMIT
integration	integration.INTEGRAL_0
integration	integration.INTEGRAL_ABS_BOUND_INTEGRAL
integration	integration.INTEGRAL_ABS_BOUND_INTEGRAL_AE
integration	integration.INTEGRAL_ABS_BOUND_INTEGRAL_COMPONENT
integration	integration.INTEGRAL_ADD
integration	integration.INTEGRAL_CMUL
integration	integration.INTEGRAL_COMBINE
integration	integration.INTEGRAL_COMBINE_DIVISION_BOTTOMUP
integration	integration.INTEGRAL_COMBINE_DIVISION_TOPDOWN
integration	integration.INTEGRAL_COMBINE_TAGGED_DIVISION_BOTTOMUP
integration	integration.INTEGRAL_COMBINE_TAGGED_DIVISION_TOPDOWN
integration	integration.INTEGRAL_COMPONENT
integration	integration.INTEGRAL_COMPONENT_LBOUND
integration	integration.INTEGRAL_COMPONENT_LE
integration	integration.INTEGRAL_COMPONENT_LE_AE
integration	integration.INTEGRAL_COMPONENT_POS
integration	integration.INTEGRAL_COMPONENT_UBOUND
integration	integration.INTEGRAL_CONST
integration	integration.INTEGRAL_DIFF
integration	integration.INTEGRAL_DROP_LE
integration	integration.INTEGRAL_DROP_POS
integration	integration.INTEGRAL_DROP_POS_AE
integration	integration.INTEGRAL_EMPTY
integration	integration.INTEGRAL_EQ
integration	integration.INTEGRAL_EQ_0
integration	integration.INTEGRAL_EQ_HAS_INTEGRAL
integration	integration.INTEGRAL_HAS_VECTOR_DERIVATIVE
integration	integration.INTEGRAL_HAS_VECTOR_DERIVATIVE_NEG
integration	integration.INTEGRAL_HAS_VECTOR_DERIVATIVE_NEG_POINTWISE
integration	integration.INTEGRAL_HAS_VECTOR_DERIVATIVE_POINTWISE
integration	integration.INTEGRAL_LE_AE
integration	integration.INTEGRAL_LINEAR
integration	integration.INTEGRAL_MUL_INDICATOR
integration	integration.INTEGRAL_NEG
integration	integration.INTEGRAL_NULL
integration	integration.INTEGRAL_REFL
integration	integration.INTEGRAL_REFLECT
integration	integration.INTEGRAL_REFLECT_GEN
integration	integration.INTEGRAL_RESTRICT
integration	integration.INTEGRAL_RESTRICT_INTER
integration	integration.INTEGRAL_RESTRICT_UNIV
integration	integration.INTEGRAL_SPIKE
integration	integration.INTEGRAL_SPIKE_SET
integration	integration.INTEGRAL_SPLIT
integration	integration.INTEGRAL_SPLIT_SIGNED
integration	integration.INTEGRAL_SUB
integration	integration.INTEGRAL_SUBSET_COMPONENT_LE
integration	integration.INTEGRAL_SUBSET_DROP_LE
integration	integration.INTEGRAL_SUM
integration	integration.INTEGRAL_UNION
integration	integration.INTEGRAL_UNIQUE
integration	integration.INTEGRATION_BY_PARTS
integration	integration.INTEGRATION_BY_PARTS_SIMPLE
integration	integration.INTERIOR_SUBSET_UNION_INTERVALS
integration	integration.INTERVAL_BISECTION
integration	integration.INTERVAL_BISECTION_STEP
integration	integration.INTERVAL_DOUBLESPLIT
integration	integration.INTERVAL_IMAGE_AFFINITY_INTERVAL
integration	integration.INTERVAL_SPLIT
integration	integration.INTERVAL_SUBDIVISION
integration	integration.INTER_INTERIOR_BIGUNION_INTERVALS
integration	integration.MONOTONE_CONVERGENCE_DECREASING
integration	integration.MONOTONE_CONVERGENCE_DECREASING_AE
integration	integration.MONOTONE_CONVERGENCE_INCREASING
integration	integration.MONOTONE_CONVERGENCE_INCREASING_AE
integration	integration.MONOTONE_CONVERGENCE_INTERVAL
integration	integration.NEGLIGIBLE
integration	integration.NEGLIGIBLE_BIGUNION
integration	integration.NEGLIGIBLE_BOUNDED_SUBSETS
integration	integration.NEGLIGIBLE_COUNTABLE
integration	integration.NEGLIGIBLE_COUNTABLE_BIGUNION
integration	integration.NEGLIGIBLE_DIFF
integration	integration.NEGLIGIBLE_EMPTY
integration	integration.NEGLIGIBLE_FINITE
integration	integration.NEGLIGIBLE_FRONTIER_INTERVAL
integration	integration.NEGLIGIBLE_INSERT
integration	integration.NEGLIGIBLE_INTER
integration	integration.NEGLIGIBLE_ON_COUNTABLE_INTERVALS
integration	integration.NEGLIGIBLE_ON_INTERVALS
integration	integration.NEGLIGIBLE_ON_UNIV
integration	integration.NEGLIGIBLE_SING
integration	integration.NEGLIGIBLE_STANDARD_HYPERPLANE
integration	integration.NEGLIGIBLE_SUBSET
integration	integration.NEGLIGIBLE_UNION
integration	integration.NEGLIGIBLE_UNION_EQ
integration	integration.NONNEGATIVE_ABSOLUTELY_INTEGRABLE
integration	integration.NONNEGATIVE_ABSOLUTELY_INTEGRABLE_AE
integration	integration.OPERATIVE_1_LE
integration	integration.OPERATIVE_1_LT
integration	integration.OPERATIVE_APPROXIMABLE
integration	integration.OPERATIVE_CONTENT
integration	integration.OPERATIVE_DIVISION
integration	integration.OPERATIVE_DIVISION_AND
integration	integration.OPERATIVE_EMPTY
integration	integration.OPERATIVE_FUNCTION_ENDPOINT_DIFF
integration	integration.OPERATIVE_INTEGRABLE
integration	integration.OPERATIVE_INTEGRAL
integration	integration.OPERATIVE_LIFTED_SETVARIATION
integration	integration.OPERATIVE_LIFTED_VECTOR_VARIATION
integration	integration.OPERATIVE_REAL_FUNCTION_ENDPOINT_DIFF
integration	integration.OPERATIVE_TAGGED_DIVISION
integration	integration.OPERATIVE_TRIVIAL
integration	integration.PARTIAL_DIVISION_EXTEND
integration	integration.PARTIAL_DIVISION_EXTEND_1
integration	integration.PARTIAL_DIVISION_EXTEND_INTERVAL
integration	integration.PARTIAL_DIVISION_OF_TAGGED_DIVISION
integration	integration.PROPERTY_EMPTY_INTERVAL
integration	integration.RSUM_BOUND
integration	integration.RSUM_COMPONENT_LE
integration	integration.RSUM_DIFF_BOUND
integration	integration.SECOND_MEAN_VALUE_THEOREM
integration	integration.SECOND_MEAN_VALUE_THEOREM_BONNET
integration	integration.SECOND_MEAN_VALUE_THEOREM_BONNET_FULL
integration	integration.SECOND_MEAN_VALUE_THEOREM_FULL
integration	integration.SECOND_MEAN_VALUE_THEOREM_GEN
integration	integration.SECOND_MEAN_VALUE_THEOREM_GEN_FULL
integration	integration.SETVARIATION_EQUAL_LEMMA
integration	integration.SET_VARIATION
integration	integration.SET_VARIATION_0
integration	integration.SET_VARIATION_COMPARISON
integration	integration.SET_VARIATION_ELEMENTARY_LEMMA
integration	integration.SET_VARIATION_EQ
integration	integration.SET_VARIATION_GE_FUNCTION
integration	integration.SET_VARIATION_LBOUND
integration	integration.SET_VARIATION_LBOUND_ON_INTERVAL
integration	integration.SET_VARIATION_MONOTONE
integration	integration.SET_VARIATION_ON_DIVISION
integration	integration.SET_VARIATION_ON_ELEMENTARY
integration	integration.SET_VARIATION_ON_INTERVAL
integration	integration.SET_VARIATION_ON_NULL
integration	integration.SET_VARIATION_POS_LE
integration	integration.SET_VARIATION_REFLECT2
integration	integration.SET_VARIATION_SUM_LE
integration	integration.SET_VARIATION_TRANSLATION2
integration	integration.SET_VARIATION_TRIANGLE
integration	integration.SET_VARIATION_UBOUND
integration	integration.SET_VARIATION_UBOUND_ON_INTERVAL
integration	integration.SET_VARIATION_WORKS_ON_INTERVAL
integration	integration.SUBADDITIVE_CONTENT_DIVISION
integration	integration.SUM_ABS_ALLSUBSETS_BOUND
integration	integration.SUM_CONTENT_AREA_OVER_THIN_DIVISION
integration	integration.SUM_CONTENT_NULL
integration	integration.SUM_NONZERO_IMAGE_LEMMA
integration	integration.SUM_OVER_TAGGED_DIVISION_LEMMA
integration	integration.SUM_OVER_TAGGED_PARTIAL_DIVISION_LEMMA
integration	integration.TAGGED_DIVISION_BIGUNION
integration	integration.TAGGED_DIVISION_BIGUNION_EXISTS
integration	integration.TAGGED_DIVISION_FINER
integration	integration.TAGGED_DIVISION_OF
integration	integration.TAGGED_DIVISION_OF_ALT
integration	integration.TAGGED_DIVISION_OF_ANOTHER
integration	integration.TAGGED_DIVISION_OF_EMPTY
integration	integration.TAGGED_DIVISION_OF_FINITE
integration	integration.TAGGED_DIVISION_OF_NONTRIVIAL
integration	integration.TAGGED_DIVISION_OF_SELF
integration	integration.TAGGED_DIVISION_OF_TRIVIAL
integration	integration.TAGGED_DIVISION_OF_UNION_SELF
integration	integration.TAGGED_DIVISION_SPLIT_LEFT_INJ
integration	integration.TAGGED_DIVISION_SPLIT_RIGHT_INJ
integration	integration.TAGGED_DIVISION_UNION
integration	integration.TAGGED_DIVISION_UNION_IMAGE_SND
integration	integration.TAGGED_DIVISION_UNION_INTERVAL
integration	integration.TAGGED_PARTIAL_DIVISION_COMMON_POINT_BOUND
integration	integration.TAGGED_PARTIAL_DIVISION_COMMON_TAGS
integration	integration.TAGGED_PARTIAL_DIVISION_OF_SUBSET
integration	integration.TAGGED_PARTIAL_DIVISION_OF_TRIVIAL
integration	integration.TAGGED_PARTIAL_DIVISION_OF_UNION_SELF
integration	integration.TAGGED_PARTIAL_DIVISION_SUBSET
integration	integration.TAG_IN_INTERVAL
integration	integration.VARIATION_EQUAL_LEMMA
integration	integration.VECTOR_VARIATION_ABS
integration	integration.VECTOR_VARIATION_AFFINITY
integration	integration.VECTOR_VARIATION_AFFINITY2
integration	integration.VECTOR_VARIATION_COMBINE
integration	integration.VECTOR_VARIATION_COMPARISON
integration	integration.VECTOR_VARIATION_CONST
integration	integration.VECTOR_VARIATION_CONST_EQ
integration	integration.VECTOR_VARIATION_CONTINUOUS
integration	integration.VECTOR_VARIATION_CONTINUOUS_LEFT
integration	integration.VECTOR_VARIATION_CONTINUOUS_RIGHT
integration	integration.VECTOR_VARIATION_EQ
integration	integration.VECTOR_VARIATION_GE_ABS_FUNCTION
integration	integration.VECTOR_VARIATION_GE_FUNCTION
integration	integration.VECTOR_VARIATION_MINUS_FUNCTION_MONOTONE
integration	integration.VECTOR_VARIATION_MONOTONE
integration	integration.VECTOR_VARIATION_NEG
integration	integration.VECTOR_VARIATION_ON_DIVISION
integration	integration.VECTOR_VARIATION_ON_NULL
integration	integration.VECTOR_VARIATION_POS_LE
integration	integration.VECTOR_VARIATION_REFLECT
integration	integration.VECTOR_VARIATION_REFLECT2
integration	integration.VECTOR_VARIATION_REFLECT_INTERVAL
integration	integration.VECTOR_VARIATION_TRANSLATION
integration	integration.VECTOR_VARIATION_TRANSLATION2
integration	integration.VECTOR_VARIATION_TRANSLATION_INTERVAL
integration	integration.VECTOR_VARIATION_TRIANGLE
integration	integration.has_integral
integration	integration.has_integral_alt
intreal	intreal.INT_CEILING
intreal	intreal.INT_CEILING'
intreal	intreal.INT_CEILING_ADD_NUM
intreal	intreal.INT_CEILING_BOUNDS
intreal	intreal.INT_CEILING_BOUNDS'
intreal	intreal.INT_CEILING_COMPUTE
intreal	intreal.INT_CEILING_INT_FLOOR
intreal	intreal.INT_CEILING_NEG
intreal	intreal.INT_CEILING_SUB_NUM
intreal	intreal.INT_FLOOR
intreal	intreal.INT_FLOOR'
intreal	intreal.INT_FLOOR_ADD_NUM
intreal	intreal.INT_FLOOR_BOUNDS
intreal	intreal.INT_FLOOR_BOUNDS'
intreal	intreal.INT_FLOOR_EQNS
intreal	intreal.INT_FLOOR_MONO
intreal	intreal.INT_FLOOR_NEG
intreal	intreal.INT_FLOOR_SUB1
intreal	intreal.INT_FLOOR_SUB_NUM
intreal	intreal.INT_FLOOR_SUC
intreal	intreal.INT_FLOOR_SUM
intreal	intreal.INT_FLOOR_SUM_NUM
intreal	intreal.INT_FLOOR_compute
intreal	intreal.INT_NUM_CEILING
intreal	intreal.INT_NUM_FLOOR
intreal	intreal.int_floor_1
intreal	intreal.ints_exist_in_gaps
intreal	intreal.is_int_alt
intreal	intreal.is_int_eq_frac_0
intreal	intreal.is_int_thm
intreal	intreal.real_of_int_11
intreal	intreal.real_of_int_EQN
intreal	intreal.real_of_int_add
intreal	intreal.real_of_int_def
intreal	intreal.real_of_int_le
intreal	intreal.real_of_int_lt
intreal	intreal.real_of_int_monotonic
intreal	intreal.real_of_int_mul
intreal	intreal.real_of_int_neg
intreal	intreal.real_of_int_num
intreal	intreal.real_of_int_sub
intto	intto.BIT1_gt_neg_thm
intto	intto.BIT1_nz
intto	intto.BIT2_gt_neg_thm
intto	intto.BIT2_nz
intto	intto.ZERO_eq_neg_ZERO_thm
intto	intto.apintto_thm
intto	intto.gt_neg_BIT1_thm
intto	intto.gt_neg_BIT2_thm
intto	intto.neg_BIT1_lt_thm
intto	intto.neg_BIT2_lt_thm
intto	intto.neg_ZERO_eq_ZERO_thm
intto	intto.neg_lt_BIT1_thm
intto	intto.neg_lt_BIT2_thm
intto	intto.neg_neg_thm
intto	intto.pos_pos_thm
iterate	iterate.ADD_SUB2
iterate	iterate.ADD_SUBR
iterate	iterate.ADD_SUBR2
iterate	iterate.BIGINTER_BIGUNION
iterate	iterate.BIGUNION_BIGINTER
iterate	iterate.BOUNDS_LINEAR
iterate	iterate.BOUNDS_LINEAR_0
iterate	iterate.CARD_BIGUNION
iterate	iterate.CARD_EQ_NSUM
iterate	iterate.CARD_NUMSEG
iterate	iterate.CARD_NUMSEG_1
iterate	iterate.CARD_NUMSEG_LEMMA
iterate	iterate.CARD_UNION_EQ
iterate	iterate.CHOOSE_SUBSET
iterate	iterate.CHOOSE_SUBSET_STRONG
iterate	iterate.COUNT_NUMSEG
iterate	iterate.DIFF_BIGINTER2
iterate	iterate.DISJOINT_NUMSEG
iterate	iterate.EMPTY_BIGUNION
iterate	iterate.EXISTS_FINITE_SUBSET_IMAGE
iterate	iterate.FINITE_INDEX_NUMBERS
iterate	iterate.FINITE_INDEX_NUMSEG
iterate	iterate.FINITE_NUMSEG
iterate	iterate.FINITE_NUMSEG_LE
iterate	iterate.FINITE_NUMSEG_LT
iterate	iterate.FINITE_POWERSET
iterate	iterate.FINITE_RECURSION
iterate	iterate.FINITE_RESTRICT
iterate	iterate.FINITE_SUBSET_IMAGE
iterate	iterate.FINITE_SUPPORT
iterate	iterate.FINITE_SUPPORT_DELTA
iterate	iterate.FINREC_1_LEMMA
iterate	iterate.FINREC_EXISTS_LEMMA
iterate	iterate.FINREC_FUN
iterate	iterate.FINREC_FUN_LEMMA
iterate	iterate.FINREC_SUC_LEMMA
iterate	iterate.FINREC_UNIQUE_LEMMA
iterate	iterate.FINREC_compute
iterate	iterate.FORALL_FINITE_SUBSET_IMAGE
iterate	iterate.FROM_INTER_NUMSEG
iterate	iterate.FROM_INTER_NUMSEG_GEN
iterate	iterate.FROM_INTER_NUMSEG_MAX
iterate	iterate.FUN_IN_IMAGE
iterate	iterate.HAS_SIZE_NUMSEG
iterate	iterate.HAS_SIZE_NUMSEG_1
iterate	iterate.HAS_SIZE_NUMSEG_LE
iterate	iterate.HAS_SIZE_NUMSEG_LT
iterate	iterate.INFINITE_FROM
iterate	iterate.IN_NUMSEG
iterate	iterate.IN_NUMSEG_0
iterate	iterate.IN_SUPPORT
iterate	iterate.ITERATE_AND
iterate	iterate.ITERATE_BIJECTION
iterate	iterate.ITERATE_CASES
iterate	iterate.ITERATE_CLAUSES
iterate	iterate.ITERATE_CLAUSES_GEN
iterate	iterate.ITERATE_CLAUSES_NUMSEG
iterate	iterate.ITERATE_CLOSED
iterate	iterate.ITERATE_DELETE
iterate	iterate.ITERATE_DELTA
iterate	iterate.ITERATE_DIFF
iterate	iterate.ITERATE_DIFF_GEN
iterate	iterate.ITERATE_EQ
iterate	iterate.ITERATE_EQ_GENERAL
iterate	iterate.ITERATE_EQ_GENERAL_INVERSES
iterate	iterate.ITERATE_EQ_NEUTRAL
iterate	iterate.ITERATE_EXPAND_CASES
iterate	iterate.ITERATE_IMAGE
iterate	iterate.ITERATE_IMAGE_NONZERO
iterate	iterate.ITERATE_INCL_EXCL
iterate	iterate.ITERATE_INJECTION
iterate	iterate.ITERATE_ITERATE_PRODUCT
iterate	iterate.ITERATE_OP
iterate	iterate.ITERATE_OP_GEN
iterate	iterate.ITERATE_PAIR
iterate	iterate.ITERATE_PERMUTE
iterate	iterate.ITERATE_PERMUTES
iterate	iterate.ITERATE_RELATED
iterate	iterate.ITERATE_SING
iterate	iterate.ITERATE_SOME
iterate	iterate.ITERATE_SUPERSET
iterate	iterate.ITERATE_SUPPORT
iterate	iterate.ITERATE_UNION
iterate	iterate.ITERATE_UNION_GEN
iterate	iterate.ITERATE_UNION_NONZERO
iterate	iterate.ITSET_alt
iterate	iterate.LAMBDA_PAIR
iterate	iterate.LE_ADD
iterate	iterate.LE_ADDR
iterate	iterate.MOD_NSUM_MOD
iterate	iterate.MOD_NSUM_MOD_NUMSEG
iterate	iterate.MONOIDAL_AC
iterate	iterate.MONOIDAL_ADD
iterate	iterate.MONOIDAL_AND
iterate	iterate.MONOIDAL_LIFTED
iterate	iterate.MONOIDAL_MUL
iterate	iterate.NEUTRAL_ADD
iterate	iterate.NEUTRAL_AND
iterate	iterate.NEUTRAL_LIFTED
iterate	iterate.NEUTRAL_MUL
iterate	iterate.NOT_EQ
iterate	iterate.NPRODUCT_ADD_SPLIT
iterate	iterate.NPRODUCT_CLAUSES
iterate	iterate.NPRODUCT_CLAUSES_LEFT
iterate	iterate.NPRODUCT_CLAUSES_NUMSEG
iterate	iterate.NPRODUCT_CLAUSES_RIGHT
iterate	iterate.NPRODUCT_CLOSED
iterate	iterate.NPRODUCT_CONG
iterate	iterate.NPRODUCT_CONST
iterate	iterate.NPRODUCT_CONST_NUMSEG
iterate	iterate.NPRODUCT_CONST_NUMSEG_1
iterate	iterate.NPRODUCT_DELETE
iterate	iterate.NPRODUCT_DELTA
iterate	iterate.NPRODUCT_EQ
iterate	iterate.NPRODUCT_EQ_0
iterate	iterate.NPRODUCT_EQ_0_NUMSEG
iterate	iterate.NPRODUCT_EQ_1
iterate	iterate.NPRODUCT_EQ_1_NUMSEG
iterate	iterate.NPRODUCT_EQ_NUMSEG
iterate	iterate.NPRODUCT_FACT
iterate	iterate.NPRODUCT_IMAGE
iterate	iterate.NPRODUCT_LE
iterate	iterate.NPRODUCT_LE_NUMSEG
iterate	iterate.NPRODUCT_MUL
iterate	iterate.NPRODUCT_MUL_GEN
iterate	iterate.NPRODUCT_MUL_NUMSEG
iterate	iterate.NPRODUCT_OFFSET
iterate	iterate.NPRODUCT_ONE
iterate	iterate.NPRODUCT_PAIR
iterate	iterate.NPRODUCT_POS_LT
iterate	iterate.NPRODUCT_POS_LT_NUMSEG
iterate	iterate.NPRODUCT_SING
iterate	iterate.NPRODUCT_SING_NUMSEG
iterate	iterate.NPRODUCT_SUPERSET
iterate	iterate.NPRODUCT_SUPPORT
iterate	iterate.NPRODUCT_UNION
iterate	iterate.NSUM_0
iterate	iterate.NSUM_ADD
iterate	iterate.NSUM_ADD_GEN
iterate	iterate.NSUM_ADD_NUMSEG
iterate	iterate.NSUM_ADD_SPLIT
iterate	iterate.NSUM_BIGUNION_NONZERO
iterate	iterate.NSUM_BIJECTION
iterate	iterate.NSUM_BOUND
iterate	iterate.NSUM_BOUND_GEN
iterate	iterate.NSUM_BOUND_LT
iterate	iterate.NSUM_BOUND_LT_ALL
iterate	iterate.NSUM_BOUND_LT_GEN
iterate	iterate.NSUM_CASES
iterate	iterate.NSUM_CLAUSES
iterate	iterate.NSUM_CLAUSES_LEFT
iterate	iterate.NSUM_CLAUSES_NUMSEG
iterate	iterate.NSUM_CLAUSES_RIGHT
iterate	iterate.NSUM_CLOSED
iterate	iterate.NSUM_CONG
iterate	iterate.NSUM_CONST
iterate	iterate.NSUM_CONST_NUMSEG
iterate	iterate.NSUM_DEGENERATE
iterate	iterate.NSUM_DELETE
iterate	iterate.NSUM_DELTA
iterate	iterate.NSUM_DIFF
iterate	iterate.NSUM_EQ
iterate	iterate.NSUM_EQ_0
iterate	iterate.NSUM_EQ_0_IFF
iterate	iterate.NSUM_EQ_0_IFF_NUMSEG
iterate	iterate.NSUM_EQ_0_NUMSEG
iterate	iterate.NSUM_EQ_GENERAL
iterate	iterate.NSUM_EQ_GENERAL_INVERSES
iterate	iterate.NSUM_EQ_NUMSEG
iterate	iterate.NSUM_EQ_SUPERSET
iterate	iterate.NSUM_GROUP
iterate	iterate.NSUM_IMAGE
iterate	iterate.NSUM_IMAGE_GEN
iterate	iterate.NSUM_IMAGE_NONZERO
iterate	iterate.NSUM_INCL_EXCL
iterate	iterate.NSUM_INJECTION
iterate	iterate.NSUM_LE
iterate	iterate.NSUM_LE_GEN
iterate	iterate.NSUM_LE_NUMSEG
iterate	iterate.NSUM_LMUL
iterate	iterate.NSUM_LT
iterate	iterate.NSUM_LT_ALL
iterate	iterate.NSUM_MULTICOUNT
iterate	iterate.NSUM_MULTICOUNT_GEN
iterate	iterate.NSUM_NSUM_PRODUCT
iterate	iterate.NSUM_NSUM_RESTRICT
iterate	iterate.NSUM_OFFSET
iterate	iterate.NSUM_OFFSET_0
iterate	iterate.NSUM_PAIR
iterate	iterate.NSUM_PERMUTE
iterate	iterate.NSUM_PERMUTE_COUNT
iterate	iterate.NSUM_PERMUTE_NUMSEG
iterate	iterate.NSUM_POS_BOUND
iterate	iterate.NSUM_POS_LT
iterate	iterate.NSUM_POS_LT_ALL
iterate	iterate.NSUM_RESTRICT
iterate	iterate.NSUM_RESTRICT_SET
iterate	iterate.NSUM_RMUL
iterate	iterate.NSUM_SING
iterate	iterate.NSUM_SING_NUMSEG
iterate	iterate.NSUM_SUBSET
iterate	iterate.NSUM_SUBSET_SIMPLE
iterate	iterate.NSUM_SUPERSET
iterate	iterate.NSUM_SUPPORT
iterate	iterate.NSUM_SWAP
iterate	iterate.NSUM_SWAP_NUMSEG
iterate	iterate.NSUM_TRIV_NUMSEG
iterate	iterate.NSUM_UNION
iterate	iterate.NSUM_UNION_EQ
iterate	iterate.NSUM_UNION_LZERO
iterate	iterate.NSUM_UNION_NONZERO
iterate	iterate.NSUM_UNION_RZERO
iterate	iterate.NUMSEG_ADD_SPLIT
iterate	iterate.NUMSEG_CLAUSES
iterate	iterate.NUMSEG_COMBINE_L
iterate	iterate.NUMSEG_COMBINE_R
iterate	iterate.NUMSEG_EMPTY
iterate	iterate.NUMSEG_LE
iterate	iterate.NUMSEG_LREC
iterate	iterate.NUMSEG_LT
iterate	iterate.NUMSEG_OFFSET_IMAGE
iterate	iterate.NUMSEG_REC
iterate	iterate.NUMSEG_RREC
iterate	iterate.NUMSEG_SING
iterate	iterate.POWERSET_CLAUSES
iterate	iterate.SET_PROVE_CASES
iterate	iterate.SET_RECURSION_LEMMA
iterate	iterate.SIMPLE_IMAGE_GEN
iterate	iterate.SUBSET_NUMSEG
iterate	iterate.SUBSET_RESTRICT
iterate	iterate.SUPPORT_CLAUSES
iterate	iterate.SUPPORT_DELTA
iterate	iterate.SUPPORT_EMPTY
iterate	iterate.SUPPORT_SUBSET
iterate	iterate.SUPPORT_SUPPORT
iterate	iterate.TOPOLOGICAL_SORT
iterate	iterate.TOPOLOGICAL_SORT'
iterate	iterate.TRANSFORM_2D_NUM
iterate	iterate.TRANSITIVE_STEPWISE_LE
iterate	iterate.TRANSITIVE_STEPWISE_LE_EQ
iterate	iterate.TRANSITIVE_STEPWISE_LT
iterate	iterate.TRANSITIVE_STEPWISE_LT_EQ
iterate	iterate.TRIANGLE_2D_NUM
iterate	iterate.UPPER_BOUND_FINITE_SET
iterate	iterate.lifted
iterate	iterate.lifted_ind
itree	itree.Ret_11
itree	itree.Vis_11
itree	itree.at_path_cases
itree	itree.at_path_implies_iset
itree	itree.at_path_ind
itree	itree.at_path_ret
itree	itree.at_path_rules
itree	itree.at_path_strongind
itree	itree.at_path_thm
itree	itree.at_path_vis
itree	itree.datatype_itree
itree	itree.datatype_itree_el
itree	itree.datatype_itree_next
itree	itree.ibind_assoc
itree	itree.ibind_eq_div
itree	itree.ibind_eq_ret
itree	itree.ibind_eq_vis
itree	itree.ibind_left_id
itree	itree.ibind_right_id
itree	itree.ievery_cases
itree	itree.ievery_coind
itree	itree.ievery_div
itree	itree.ievery_ret
itree	itree.ievery_rules
itree	itree.ievery_set
itree	itree.ievery_thm
itree	itree.ievery_vis
itree	itree.iexists_cases
itree	itree.iexists_ind
itree	itree.iexists_ret
itree	itree.iexists_rules
itree	itree.iexists_set
itree	itree.iexists_strongind
itree	itree.iexists_thm
itree	itree.iexists_vis
itree	itree.ifinite_cases
itree	itree.ifinite_div
itree	itree.ifinite_ind
itree	itree.ifinite_ret
itree	itree.ifinite_rules
itree	itree.ifinite_strongind
itree	itree.ifinite_vis
itree	itree.iflat_div
itree	itree.iflat_eq_div
itree	itree.iflat_eq_ret
itree	itree.iflat_eq_vis
itree	itree.iflat_ret
itree	itree.iflat_vis
itree	itree.imap_composition
itree	itree.imap_div
itree	itree.imap_eq_div
itree	itree.imap_eq_ret
itree	itree.imap_eq_vis
itree	itree.imap_id
itree	itree.imap_ret
itree	itree.imap_vis
itree	itree.iset_cases
itree	itree.iset_flat
itree	itree.iset_flat_1
itree	itree.iset_flat_2
itree	itree.iset_iff_exists_path
itree	itree.iset_ind
itree	itree.iset_map
itree	itree.iset_map_1
itree	itree.iset_map_2
itree	itree.iset_ret
itree	itree.iset_rules
itree	itree.iset_strongind
itree	itree.iset_thm
itree	itree.iset_truncate
itree	itree.iset_vis
itree	itree.itree_11
itree	itree.itree_CASE
itree	itree.itree_CASE_cong
itree	itree.itree_CASE_elim
itree	itree.itree_CASE_eq
itree	itree.itree_bisimulation
itree	itree.itree_cases
itree	itree.itree_distinct
itree	itree.itree_el_11
itree	itree.itree_el_Axiom
itree	itree.itree_el_case_cong
itree	itree.itree_el_case_eq
itree	itree.itree_el_def
itree	itree.itree_el_distinct
itree	itree.itree_el_eqv
itree	itree.itree_el_induction
itree	itree.itree_el_nchotomy
itree	itree.itree_next_11
itree	itree.itree_next_Axiom
itree	itree.itree_next_case_cong
itree	itree.itree_next_case_eq
itree	itree.itree_next_distinct
itree	itree.itree_next_induction
itree	itree.itree_next_nchotomy
itree	itree.itree_unfold
itree	itree.itree_unfold_err
itree	itree.itruncate_compute
itree	itree.itruncate_def
itree	itree.itruncate_implies_ifinite
itree	itree.itruncate_ind
itree	itree.itruncate_ret
itree	itree.not_ievery_exists
itreeTau	itreeTau.FUNPOW_Ret_spin_F
itreeTau	itreeTau.FUNPOW_Tau_Ret_eq
itreeTau	itreeTau.FUNPOW_Tau_SUC_cyclic_spin
itreeTau	itreeTau.FUNPOW_Tau_Vis_eq
itreeTau	itreeTau.FUNPOW_Tau_abs_cyclic_spin
itreeTau	itreeTau.FUNPOW_Tau_bind
itreeTau	itreeTau.FUNPOW_Tau_imp_wbisim
itreeTau	itreeTau.FUNPOW_Tau_neq
itreeTau	itreeTau.FUNPOW_Tau_neq2
itreeTau	itreeTau.FUNPOW_Tau_wbisim
itreeTau	itreeTau.FUNPOW_Tau_wbisim_intro
itreeTau	itreeTau.FUNPOW_Vis_spin_F
itreeTau	itreeTau.Ret_11
itreeTau	itreeTau.Tau_11
itreeTau	itreeTau.Tau_INJ
itreeTau	itreeTau.Vis_11
itreeTau	itreeTau.after_taus_FUNPOW_TauL
itreeTau	itreeTau.after_taus_FUNPOW_TauR
itreeTau	itreeTau.after_taus_cases
itreeTau	itreeTau.after_taus_ind
itreeTau	itreeTau.after_taus_itree_strong_bisim_spin_spin
itreeTau	itreeTau.after_taus_itree_strong_bisim_strip_tau
itreeTau	itreeTau.after_taus_itree_wbisim_itree_wbisim
itreeTau	itreeTau.after_taus_itree_wbisim_spin_spin
itreeTau	itreeTau.after_taus_rel
itreeTau	itreeTau.after_taus_rules
itreeTau	itreeTau.after_taus_strongind
itreeTau	itreeTau.after_taus_tauL
itreeTau	itreeTau.after_taus_tauR
itreeTau	itreeTau.cyclic_strong_bisim_upfrom_abs
itreeTau	itreeTau.cyclic_strong_bisim_upfrom_abs_strong_upfrom
itreeTau	itreeTau.cyclic_weak_bisim_upfrom_abs
itreeTau	itreeTau.cyclic_weak_bisim_upfrom_abs_weak_upfrom
itreeTau	itreeTau.datatype_itree
itreeTau	itreeTau.datatype_itree_el
itreeTau	itreeTau.datatype_itree_next
itreeTau	itreeTau.itree_11
itreeTau	itreeTau.itree_CASE
itreeTau	itreeTau.itree_CASE_cong
itreeTau	itreeTau.itree_CASE_elim
itreeTau	itreeTau.itree_CASE_eq
itreeTau	itreeTau.itree_bind_assoc
itreeTau	itreeTau.itree_bind_resp_k_wbisim
itreeTau	itreeTau.itree_bind_resp_t_wbisim
itreeTau	itreeTau.itree_bind_resp_wbisim
itreeTau	itreeTau.itree_bind_ret_inv
itreeTau	itreeTau.itree_bind_right_identity
itreeTau	itreeTau.itree_bind_strip_tau_wbisim
itreeTau	itreeTau.itree_bind_thm
itreeTau	itreeTau.itree_bind_vis_strip_tau
itreeTau	itreeTau.itree_bisimulation
itreeTau	itreeTau.itree_cases
itreeTau	itreeTau.itree_coind_upto_taus
itreeTau	itreeTau.itree_distinct
itreeTau	itreeTau.itree_el_11
itreeTau	itreeTau.itree_el_Axiom
itreeTau	itreeTau.itree_el_case_cong
itreeTau	itreeTau.itree_el_case_eq
itreeTau	itreeTau.itree_el_distinct
itreeTau	itreeTau.itree_el_induction
itreeTau	itreeTau.itree_el_nchotomy
itreeTau	itreeTau.itree_el_thm
itreeTau	itreeTau.itree_iter_body_seed_wbisim
itreeTau	itreeTau.itree_iter_resp_wbisim
itreeTau	itreeTau.itree_iter_seed_wbisim
itreeTau	itreeTau.itree_iter_thm
itreeTau	itreeTau.itree_next_11
itreeTau	itreeTau.itree_next_Axiom
itreeTau	itreeTau.itree_next_case_cong
itreeTau	itreeTau.itree_next_case_eq
itreeTau	itreeTau.itree_next_distinct
itreeTau	itreeTau.itree_next_induction
itreeTau	itreeTau.itree_next_nchotomy
itreeTau	itreeTau.itree_strong_bisim_upfrom_abs
itreeTau	itreeTau.itree_strong_bisimulation
itreeTau	itreeTau.itree_unfold
itreeTau	itreeTau.itree_wbisim_Ret_FUNPOW
itreeTau	itreeTau.itree_wbisim_Vis_FUNPOW
itreeTau	itreeTau.itree_wbisim_cases
itreeTau	itreeTau.itree_wbisim_coind
itreeTau	itreeTau.itree_wbisim_coind_upto
itreeTau	itreeTau.itree_wbisim_coind_upto'
itreeTau	itreeTau.itree_wbisim_refl
itreeTau	itreeTau.itree_wbisim_rules
itreeTau	itreeTau.itree_wbisim_strip_tau
itreeTau	itreeTau.itree_wbisim_strip_tau_Ret
itreeTau	itreeTau.itree_wbisim_strip_tau_Vis
itreeTau	itreeTau.itree_wbisim_strip_tau_cases
itreeTau	itreeTau.itree_wbisim_strip_tau_sym
itreeTau	itreeTau.itree_wbisim_strong_coind
itreeTau	itreeTau.itree_wbisim_sym
itreeTau	itreeTau.itree_wbisim_tau
itreeTau	itreeTau.itree_wbisim_tau_eq
itreeTau	itreeTau.itree_wbisim_tau_eqn
itreeTau	itreeTau.itree_wbisim_trans
itreeTau	itreeTau.itree_wbisim_vis
itreeTau	itreeTau.itree_wbisim_vis_vis
itreeTau	itreeTau.itree_wbisim_weak_bisim_upfrom_abs
itreeTau	itreeTau.itree_wbisim_weak_upfrom_abs
itreeTau	itreeTau.spin
itreeTau	itreeTau.spin_FUNPOW_Tau
itreeTau	itreeTau.spin_bind
itreeTau	itreeTau.spin_strip_tau
itreeTau	itreeTau.strip_tau_FUNPOW
itreeTau	itreeTau.strip_tau_FUNPOW_cancel
itreeTau	itreeTau.strip_tau_FUNPOW_strip_tau
itreeTau	itreeTau.strip_tau_cases
itreeTau	itreeTau.strip_tau_ind
itreeTau	itreeTau.strip_tau_inj
itreeTau	itreeTau.strip_tau_rules
itreeTau	itreeTau.strip_tau_simps
itreeTau	itreeTau.strip_tau_simps2
itreeTau	itreeTau.strip_tau_simps3
itreeTau	itreeTau.strip_tau_spin
itreeTau	itreeTau.strip_tau_strongind
itreeTau	itreeTau.strip_tau_vis_wbisim
itreeTau	itreeTau.strong_bisim_upfrom_abs_FUNPOW_Tau
itreeTau	itreeTau.strong_bisim_upfrom_abs_FUNPOW_Tau_SUC_abs
itreeTau	itreeTau.strong_bisim_upfrom_abs_cases
itreeTau	itreeTau.strong_bisim_upfrom_abs_coind
itreeTau	itreeTau.strong_bisim_upfrom_abs_rules
itreeTau	itreeTau.strong_bisim_upfrom_abs_strong
itreeTau	itreeTau.strong_bisim_upfrom_abs_strong_bind
itreeTau	itreeTau.untau_IMP_wbisim
itreeTau	itreeTau.untau_spin
itreeTau	itreeTau.upto_taus_compatible
itreeTau	itreeTau.wbisim_FUNPOW_Tau
itreeTau	itreeTau.wbisim_IMP_untau
itreeTau	itreeTau.wbisim_functional_cancel
itreeTau	itreeTau.wbisim_functional_gfp
itreeTau	itreeTau.wbisim_functional_mono
itreeTau	itreeTau.wbisim_spin_eq
itreeTau	itreeTau.weak_bisim_upfrom_abs_cases
itreeTau	itreeTau.weak_bisim_upfrom_abs_coind
itreeTau	itreeTau.weak_bisim_upfrom_abs_rules
itreeTau	itreeTau.weak_bisim_upfrom_abs_spin
itreeTau	itreeTau.weak_bisim_upfrom_abs_tauL
itreeTau	itreeTau.weak_bisim_upfrom_abs_tauR
itreeTau	itreeTau.weak_bisim_upfrom_abs_wbisim_bind
itreeTau	itreeTau.weak_bisim_upfrom_cyclic_abs_FUNPOW_Tau
itreeTau	itreeTau.weak_bisim_upfrom_weak_abs
lbtree	lbtree.EXISTS_FIRST
lbtree	lbtree.Lf_NOT_Nd
lbtree	lbtree.Nd_11
lbtree	lbtree.bf_flatten_append
lbtree	lbtree.bf_flatten_eq_lnil
lbtree	lbtree.depth_cases
lbtree	lbtree.depth_ind
lbtree	lbtree.depth_mem
lbtree	lbtree.depth_rules
lbtree	lbtree.depth_strongind
lbtree	lbtree.exists_bf_flatten
lbtree	lbtree.finite_cases
lbtree	lbtree.finite_ind
lbtree	lbtree.finite_map
lbtree	lbtree.finite_rules
lbtree	lbtree.finite_strongind
lbtree	lbtree.finite_thm
lbtree	lbtree.lbtree_bisimulation
lbtree	lbtree.lbtree_case_thm
lbtree	lbtree.lbtree_cases
lbtree	lbtree.lbtree_strong_bisimulation
lbtree	lbtree.lbtree_ue_Axiom
lbtree	lbtree.map_eq_Lf
lbtree	lbtree.map_eq_Nd
lbtree	lbtree.mem_bf_flatten
lbtree	lbtree.mem_cases
lbtree	lbtree.mem_depth
lbtree	lbtree.mem_ind
lbtree	lbtree.mem_mindepth
lbtree	lbtree.mem_rules
lbtree	lbtree.mem_strongind
lbtree	lbtree.mem_thm
lbtree	lbtree.mindepth_depth
lbtree	lbtree.mindepth_thm
lbtree	lbtree.mmindex_EXISTS
lbtree	lbtree.mmindex_unique
lbtree	lbtree.optmin_def
lbtree	lbtree.optmin_ind
lebesgue	lebesgue.BOREL_INDUCT
lebesgue	lebesgue.IN_MEASURABLE_BOREL_POS_SIMPLE_FN
lebesgue	lebesgue.IN_psfis
lebesgue	lebesgue.IN_psfis_eq
lebesgue	lebesgue.RADON_NIKODYM
lebesgue	lebesgue.Radon_Nikodym
lebesgue	lebesgue.Radon_Nikodym'
lebesgue	lebesgue.Radon_Nikodym_finite
lebesgue	lebesgue.Radon_Nikodym_finite_arbitrary
lebesgue	lebesgue.Radon_Nikodym_sigma_finite
lebesgue	lebesgue.density
lebesgue	lebesgue.density_fn_plus
lebesgue	lebesgue.density_measure
lebesgue	lebesgue.distr_of_alt_distr
lebesgue	lebesgue.finite_integrable_function_exists
lebesgue	lebesgue.finite_space_POW_integral_reduce
lebesgue	lebesgue.finite_space_integral_reduce
lebesgue	lebesgue.finite_support_integral_reduce
lebesgue	lebesgue.integrable_AE_normal
lebesgue	lebesgue.integrable_AE_normal_full
lebesgue	lebesgue.integrable_abs
lebesgue	lebesgue.integrable_abs_alt
lebesgue	lebesgue.integrable_abs_bound_exists
lebesgue	lebesgue.integrable_abs_eq
lebesgue	lebesgue.integrable_add
lebesgue	lebesgue.integrable_add_lemma
lebesgue	lebesgue.integrable_add_pos
lebesgue	lebesgue.integrable_ainv
lebesgue	lebesgue.integrable_bound_exists
lebesgue	lebesgue.integrable_bounded
lebesgue	lebesgue.integrable_cdiv
lebesgue	lebesgue.integrable_cmul
lebesgue	lebesgue.integrable_cong
lebesgue	lebesgue.integrable_const
lebesgue	lebesgue.integrable_eq
lebesgue	lebesgue.integrable_eq_AE
lebesgue	lebesgue.integrable_finite_integral
lebesgue	lebesgue.integrable_fn_minus
lebesgue	lebesgue.integrable_fn_plus
lebesgue	lebesgue.integrable_from_abs
lebesgue	lebesgue.integrable_from_bound_exists
lebesgue	lebesgue.integrable_indicator
lebesgue	lebesgue.integrable_indicator_pow
lebesgue	lebesgue.integrable_infty
lebesgue	lebesgue.integrable_infty'
lebesgue	lebesgue.integrable_infty_null
lebesgue	lebesgue.integrable_infty_null'
lebesgue	lebesgue.integrable_mul_indicator
lebesgue	lebesgue.integrable_normal_integral
lebesgue	lebesgue.integrable_not_infty
lebesgue	lebesgue.integrable_not_infty_alt
lebesgue	lebesgue.integrable_not_infty_alt2
lebesgue	lebesgue.integrable_not_infty_alt3
lebesgue	lebesgue.integrable_plus_minus
lebesgue	lebesgue.integrable_pos
lebesgue	lebesgue.integrable_sub
lebesgue	lebesgue.integrable_sum
lebesgue	lebesgue.integrable_zero
lebesgue	lebesgue.integral_abs_eq_0
lebesgue	lebesgue.integral_abs_imp_integrable
lebesgue	lebesgue.integral_abs_pos_fn
lebesgue	lebesgue.integral_add
lebesgue	lebesgue.integral_add_lemma
lebesgue	lebesgue.integral_add_lemma'
lebesgue	lebesgue.integral_cmul
lebesgue	lebesgue.integral_cmul_indicator
lebesgue	lebesgue.integral_cmul_infty
lebesgue	lebesgue.integral_cmul_infty'
lebesgue	lebesgue.integral_cong
lebesgue	lebesgue.integral_cong_AE
lebesgue	lebesgue.integral_const
lebesgue	lebesgue.integral_eq_0
lebesgue	lebesgue.integral_indicator
lebesgue	lebesgue.integral_indicator_pow
lebesgue	lebesgue.integral_indicator_pow_eq
lebesgue	lebesgue.integral_mono
lebesgue	lebesgue.integral_mspace
lebesgue	lebesgue.integral_neg
lebesgue	lebesgue.integral_neginf
lebesgue	lebesgue.integral_null_set
lebesgue	lebesgue.integral_pos
lebesgue	lebesgue.integral_pos_fn
lebesgue	lebesgue.integral_posinf
lebesgue	lebesgue.integral_sequence
lebesgue	lebesgue.integral_split
lebesgue	lebesgue.integral_split'
lebesgue	lebesgue.integral_sub
lebesgue	lebesgue.integral_sum
lebesgue	lebesgue.integral_triangle_ineq
lebesgue	lebesgue.integral_triangle_ineq'
lebesgue	lebesgue.integral_zero
lebesgue	lebesgue.lebesgue_monotone_convergence
lebesgue	lebesgue.lebesgue_monotone_convergence_AE
lebesgue	lebesgue.lebesgue_monotone_convergence_decreasing
lebesgue	lebesgue.lebesgue_monotone_convergence_decreasing'
lebesgue	lebesgue.lebesgue_monotone_convergence_subset
lebesgue	lebesgue.lemma_fn_seq_measurable
lebesgue	lebesgue.m_space_density
lebesgue	lebesgue.markov_ineq
lebesgue	lebesgue.markov_inequality
lebesgue	lebesgue.measurable_sequence
lebesgue	lebesgue.measurable_sets_density
lebesgue	lebesgue.measurable_space_density
lebesgue	lebesgue.measure_density_indicator
lebesgue	lebesgue.measure_restricted
lebesgue	lebesgue.measure_space_density
lebesgue	lebesgue.measure_space_density'
lebesgue	lebesgue.measure_space_density_of
lebesgue	lebesgue.measure_space_distr
lebesgue	lebesgue.measure_space_distr_of
lebesgue	lebesgue.pos_fn_integral_add
lebesgue	lebesgue.pos_fn_integral_cmul
lebesgue	lebesgue.pos_fn_integral_cmul_general
lebesgue	lebesgue.pos_fn_integral_cmul_indicator
lebesgue	lebesgue.pos_fn_integral_cmul_infty
lebesgue	lebesgue.pos_fn_integral_cmult
lebesgue	lebesgue.pos_fn_integral_cmult'
lebesgue	lebesgue.pos_fn_integral_cong
lebesgue	lebesgue.pos_fn_integral_cong_AE
lebesgue	lebesgue.pos_fn_integral_const
lebesgue	lebesgue.pos_fn_integral_density'
lebesgue	lebesgue.pos_fn_integral_disjoint_sets
lebesgue	lebesgue.pos_fn_integral_disjoint_sets_sum
lebesgue	lebesgue.pos_fn_integral_eq_0
lebesgue	lebesgue.pos_fn_integral_indicator
lebesgue	lebesgue.pos_fn_integral_infty_null
lebesgue	lebesgue.pos_fn_integral_max_0
lebesgue	lebesgue.pos_fn_integral_mono
lebesgue	lebesgue.pos_fn_integral_mono_AE
lebesgue	lebesgue.pos_fn_integral_mspace
lebesgue	lebesgue.pos_fn_integral_null_set
lebesgue	lebesgue.pos_fn_integral_pos
lebesgue	lebesgue.pos_fn_integral_pos_simple_fn
lebesgue	lebesgue.pos_fn_integral_split
lebesgue	lebesgue.pos_fn_integral_sub
lebesgue	lebesgue.pos_fn_integral_sum
lebesgue	lebesgue.pos_fn_integral_sum_cmul_indicator
lebesgue	lebesgue.pos_fn_integral_suminf
lebesgue	lebesgue.pos_fn_integral_zero
lebesgue	lebesgue.pos_simple_fn_add
lebesgue	lebesgue.pos_simple_fn_add_alt
lebesgue	lebesgue.pos_simple_fn_cmul
lebesgue	lebesgue.pos_simple_fn_cmul_alt
lebesgue	lebesgue.pos_simple_fn_indicator
lebesgue	lebesgue.pos_simple_fn_indicator_alt
lebesgue	lebesgue.pos_simple_fn_integral_add
lebesgue	lebesgue.pos_simple_fn_integral_add_alt
lebesgue	lebesgue.pos_simple_fn_integral_cmul
lebesgue	lebesgue.pos_simple_fn_integral_cmul_alt
lebesgue	lebesgue.pos_simple_fn_integral_indicator
lebesgue	lebesgue.pos_simple_fn_integral_mono
lebesgue	lebesgue.pos_simple_fn_integral_not_infty
lebesgue	lebesgue.pos_simple_fn_integral_present
lebesgue	lebesgue.pos_simple_fn_integral_sub
lebesgue	lebesgue.pos_simple_fn_integral_sum
lebesgue	lebesgue.pos_simple_fn_integral_sum_alt
lebesgue	lebesgue.pos_simple_fn_integral_unique
lebesgue	lebesgue.pos_simple_fn_integral_zero
lebesgue	lebesgue.pos_simple_fn_integral_zero_alt
lebesgue	lebesgue.pos_simple_fn_le
lebesgue	lebesgue.pos_simple_fn_max
lebesgue	lebesgue.pos_simple_fn_not_infty
lebesgue	lebesgue.pos_simple_fn_thm1
lebesgue	lebesgue.psfis_add
lebesgue	lebesgue.psfis_cmul
lebesgue	lebesgue.psfis_indicator
lebesgue	lebesgue.psfis_intro
lebesgue	lebesgue.psfis_mono
lebesgue	lebesgue.psfis_not_infty
lebesgue	lebesgue.psfis_pos
lebesgue	lebesgue.psfis_present
lebesgue	lebesgue.psfis_sub
lebesgue	lebesgue.psfis_sum
lebesgue	lebesgue.psfis_unique
lebesgue	lebesgue.psfis_zero
lebesgue_measure	lebesgue_measure.COUNTABLE_INT_UNIV
lebesgue_measure	lebesgue_measure.FTC_integral_lborel
lebesgue_measure	lebesgue_measure.HAS_INTEGRAL_SIGMA
lebesgue_measure	lebesgue_measure.INTEGRAL_BIGUNION
lebesgue_measure	lebesgue_measure.INTEGRAL_HAS_INTEGRAL
lebesgue_measure	lebesgue_measure.INTEGRAL_MONO_LEMMA
lebesgue_measure	lebesgue_measure.INTEGRAL_POS
lebesgue_measure	lebesgue_measure.NEGLIGIBLE_COUNTABLE_BIGUNION'
lebesgue_measure	lebesgue_measure.UNIT_INTERVAL_PARTITION
lebesgue_measure	lebesgue_measure.UNIT_INTERVAL_PARTITION'
lebesgue_measure	lebesgue_measure.absolutely_integrable_on_indicator
lebesgue_measure	lebesgue_measure.approximation_thm
lebesgue_measure	lebesgue_measure.borel_imp_lebesgue_measurable
lebesgue_measure	lebesgue_measure.borel_imp_lebesgue_measurable'
lebesgue_measure	lebesgue_measure.borel_imp_lebesgue_sets
lebesgue_measure	lebesgue_measure.borel_null_set_imp_negligible
lebesgue_measure	lebesgue_measure.borel_null_set_subset_lebesgue
lebesgue_measure	lebesgue_measure.closed_interval_closed
lebesgue_measure	lebesgue_measure.closed_interval_imp_lebesgue
lebesgue_measure	lebesgue_measure.closed_interval_interval
lebesgue_measure	lebesgue_measure.closed_interval_negligible_eq_nonoverlapping
lebesgue_measure	lebesgue_measure.closed_interval_nonoverlapping
lebesgue_measure	lebesgue_measure.countably_additive_lebesgue
lebesgue_measure	lebesgue_measure.dyadic_covering_lemma
lebesgue_measure	lebesgue_measure.dyadic_covering_lemma'
lebesgue_measure	lebesgue_measure.finite_lmeasure_has_integral_indicator
lebesgue_measure	lebesgue_measure.finite_lmeasure_has_integral_indicator_real
lebesgue_measure	lebesgue_measure.finite_lmeasure_imp_integral_indicator
lebesgue_measure	lebesgue_measure.fn_minus_normal
lebesgue_measure	lebesgue_measure.fn_plus_normal
lebesgue_measure	lebesgue_measure.fn_seq_alt_real_fn_seq
lebesgue_measure	lebesgue_measure.fn_seq_integral_alt_real_fn_seq_integral
lebesgue_measure	lebesgue_measure.fn_seq_integral_alt_real_fn_seq_integral_alt
lebesgue_measure	lebesgue_measure.fn_seq_integral_mono_increasing
lebesgue_measure	lebesgue_measure.fn_seq_integral_positive
lebesgue_measure	lebesgue_measure.has_integral_indicator_UNIV
lebesgue_measure	lebesgue_measure.has_integral_indicator_imp_lebesgue
lebesgue_measure	lebesgue_measure.has_integral_indicator_imp_lebesgue'
lebesgue_measure	lebesgue_measure.has_integral_interval_cube
lebesgue_measure	lebesgue_measure.in_sets_lebesgue
lebesgue_measure	lebesgue_measure.in_sets_lebesgue_imp
lebesgue_measure	lebesgue_measure.integrable_indicator_UNIV
lebesgue_measure	lebesgue_measure.integrable_indicator_imp_lmeasure
lebesgue_measure	lebesgue_measure.integrable_indicator_imp_sets_lebesgue
lebesgue_measure	lebesgue_measure.integrable_sets_has_integral_indicator_real
lebesgue_measure	lebesgue_measure.integrable_sets_iff_finite_measure
lebesgue_measure	lebesgue_measure.integrable_sets_subset_lebesgue
lebesgue_measure	lebesgue_measure.integral_indicator_UNIV
lebesgue_measure	lebesgue_measure.integral_indicator_lmeasure
lebesgue_measure	lebesgue_measure.integral_one
lebesgue_measure	lebesgue_measure.lambda_eq_lebesgue
lebesgue_measure	lebesgue_measure.lborel_subset_lebesgue
lebesgue_measure	lebesgue_measure.lebesgue_additive
lebesgue_measure	lebesgue_measure.lebesgue_approximation
lebesgue_measure	lebesgue_measure.lebesgue_approximation_fsigma
lebesgue_measure	lebesgue_measure.lebesgue_closed_interval
lebesgue_measure	lebesgue_measure.lebesgue_closed_interval_content
lebesgue_measure	lebesgue_measure.lebesgue_countably_additive
lebesgue_measure	lebesgue_measure.lebesgue_empty
lebesgue_measure	lebesgue_measure.lebesgue_eq_gauge_integrable
lebesgue_measure	lebesgue_measure.lebesgue_eq_gauge_integral
lebesgue_measure	lebesgue_measure.lebesgue_eq_gauge_integral_alt
lebesgue_measure	lebesgue_measure.lebesgue_eq_gauge_integral_positive
lebesgue_measure	lebesgue_measure.lebesgue_eq_gauge_integral_positive_alt
lebesgue_measure	lebesgue_measure.lebesgue_eq_gauge_integral_positive_bounded
lebesgue_measure	lebesgue_measure.lebesgue_eq_gauge_integral_positive_bounded_alt
lebesgue_measure	lebesgue_measure.lebesgue_eq_lambda
lebesgue_measure	lebesgue_measure.lebesgue_of_negligible
lebesgue_measure	lebesgue_measure.lebesgue_open_interval
lebesgue_measure	lebesgue_measure.lebesgue_sing
lebesgue_measure	lebesgue_measure.limseq_indicator_BIGUNION
lebesgue_measure	lebesgue_measure.lmeasure_eq_0
lebesgue_measure	lebesgue_measure.lmeasure_iff_LIMSEQ
lebesgue_measure	lebesgue_measure.measure_lebesgue
lebesgue_measure	lebesgue_measure.measure_space_lebesgue
lebesgue_measure	lebesgue_measure.negligible_alt_lebesgue_null_set
lebesgue_measure	lebesgue_measure.negligible_approximation
lebesgue_measure	lebesgue_measure.negligible_approximation_null_set
lebesgue_measure	lebesgue_measure.negligible_approximation_null_set'
lebesgue_measure	lebesgue_measure.negligible_iff_lmeasure_zero
lebesgue_measure	lebesgue_measure.negligible_in_lebesgue
lebesgue_measure	lebesgue_measure.nonoverlapping_comm
lebesgue_measure	lebesgue_measure.nonoverlapping_empty
lebesgue_measure	lebesgue_measure.nonoverlapping_subset_inclusive
lebesgue_measure	lebesgue_measure.pos_fn_integral_fn_seq
lebesgue_measure	lebesgue_measure.positive_lebesgue
lebesgue_measure	lebesgue_measure.real_fn_minus_alt_abs
lebesgue_measure	lebesgue_measure.real_fn_plus_alt_abs
lebesgue_measure	lebesgue_measure.real_fn_seq_alt_fn_seq
lebesgue_measure	lebesgue_measure.real_fn_seq_has_integral
lebesgue_measure	lebesgue_measure.real_fn_seq_has_integral_alt
lebesgue_measure	lebesgue_measure.real_fn_seq_integral_alt_fn_seq_integral
lebesgue_measure	lebesgue_measure.real_fn_seq_integral_alt_fn_seq_integral_alt
lebesgue_measure	lebesgue_measure.real_fn_seq_integral_mono_increasing
lebesgue_measure	lebesgue_measure.real_fn_seq_integral_mono_increasing_alt
lebesgue_measure	lebesgue_measure.real_fn_seq_integral_positive
lebesgue_measure	lebesgue_measure.sets_lebesgue
lebesgue_measure	lebesgue_measure.sigma_algebra_lebesgue
lebesgue_measure	lebesgue_measure.space_lebesgue
lift_ieee	lift_ieee.absolute_error_denormal
lift_ieee	lift_ieee.closest_in_set
lift_ieee	lift_ieee.closest_is_closest
lift_ieee	lift_ieee.closest_is_everything
lift_ieee	lift_ieee.error_at_worst_lemma
lift_ieee	lift_ieee.error_bound_lemma1
lift_ieee	lift_ieee.error_bound_lemma2
lift_ieee	lift_ieee.error_bound_lemma3
lift_ieee	lift_ieee.error_is_zero
lift_ieee	lift_ieee.finite_float_within_threshold
lift_ieee	lift_ieee.float_add
lift_ieee	lift_ieee.float_add_finite
lift_ieee	lift_ieee.float_add_relative
lift_ieee	lift_ieee.float_add_relative_denorm
lift_ieee	lift_ieee.float_div
lift_ieee	lift_ieee.float_div_finite
lift_ieee	lift_ieee.float_div_relative
lift_ieee	lift_ieee.float_div_relative_denorm
lift_ieee	lift_ieee.float_eq
lift_ieee	lift_ieee.float_eq_refl
lift_ieee	lift_ieee.float_finite
lift_ieee	lift_ieee.float_ge
lift_ieee	lift_ieee.float_gt
lift_ieee	lift_ieee.float_le
lift_ieee	lift_ieee.float_lt
lift_ieee	lift_ieee.float_mul
lift_ieee	lift_ieee.float_mul_add
lift_ieee	lift_ieee.float_mul_add_finite
lift_ieee	lift_ieee.float_mul_add_relative
lift_ieee	lift_ieee.float_mul_add_relative_denorm
lift_ieee	lift_ieee.float_mul_finite
lift_ieee	lift_ieee.float_mul_relative
lift_ieee	lift_ieee.float_mul_relative_denorm
lift_ieee	lift_ieee.float_mul_sub
lift_ieee	lift_ieee.float_mul_sub_finite
lift_ieee	lift_ieee.float_mul_sub_relative
lift_ieee	lift_ieee.float_mul_sub_relative_denorm
lift_ieee	lift_ieee.float_round_finite
lift_ieee	lift_ieee.float_sqrt
lift_ieee	lift_ieee.float_sqrt_finite
lift_ieee	lift_ieee.float_sqrt_relative
lift_ieee	lift_ieee.float_sqrt_relative_denorm
lift_ieee	lift_ieee.float_sub
lift_ieee	lift_ieee.float_sub_finite
lift_ieee	lift_ieee.float_sub_relative
lift_ieee	lift_ieee.float_sub_relative_denorm
lift_ieee	lift_ieee.float_to_real_finite
lift_ieee	lift_ieee.float_to_real_real_to_float_zero_id
lift_ieee	lift_ieee.float_to_real_threshold
lift_ieee	lift_ieee.is_finite_closest
lift_ieee	lift_ieee.is_finite_finite
lift_ieee	lift_ieee.is_finite_nonempty
lift_ieee	lift_ieee.non_representable_float_is_zero
lift_ieee	lift_ieee.real_to_float_finite_normal_id
lift_ieee	lift_ieee.relative_error
lift_ieee	lift_ieee.round_finite_normal_float_id
lift_machine_ieee	lift_machine_ieee.fp16_float_add_relative
lift_machine_ieee	lift_machine_ieee.fp16_float_div_relative
lift_machine_ieee	lift_machine_ieee.fp16_float_mul_add_relative
lift_machine_ieee	lift_machine_ieee.fp16_float_mul_relative
lift_machine_ieee	lift_machine_ieee.fp16_float_mul_sub_relative
lift_machine_ieee	lift_machine_ieee.fp16_float_sqrt_relative
lift_machine_ieee	lift_machine_ieee.fp16_float_sub_relative
lift_machine_ieee	lift_machine_ieee.fp32_float_add_relative
lift_machine_ieee	lift_machine_ieee.fp32_float_div_relative
lift_machine_ieee	lift_machine_ieee.fp32_float_mul_add_relative
lift_machine_ieee	lift_machine_ieee.fp32_float_mul_relative
lift_machine_ieee	lift_machine_ieee.fp32_float_mul_sub_relative
lift_machine_ieee	lift_machine_ieee.fp32_float_sqrt_relative
lift_machine_ieee	lift_machine_ieee.fp32_float_sub_relative
lift_machine_ieee	lift_machine_ieee.fp64_float_add_relative
lift_machine_ieee	lift_machine_ieee.fp64_float_div_relative
lift_machine_ieee	lift_machine_ieee.fp64_float_mul_add_relative
lift_machine_ieee	lift_machine_ieee.fp64_float_mul_relative
lift_machine_ieee	lift_machine_ieee.fp64_float_mul_sub_relative
lift_machine_ieee	lift_machine_ieee.fp64_float_sqrt_relative
lift_machine_ieee	lift_machine_ieee.fp64_float_sub_relative
lifting	lifting.HK_thm2
lifting	lifting.Qt_EQ
lifting	lifting.Qt_alt
lifting	lifting.Qt_alt_def2
lifting	lifting.Qt_right_unique
lifting	lifting.Qt_surj
lifting	lifting.R_repabs
lifting	lifting.funQ
lifting	lifting.idQ
lifting	lifting.listQ
lifting	lifting.map_fun_I
lifting	lifting.map_fun_id
lifting	lifting.map_fun_o
lifting	lifting.map_fun_thm
lifting	lifting.pairQ
lifting	lifting.setQ
lim	lim.CONTL_LIM
lim	lim.CONT_ADD
lim	lim.CONT_ATTAINS
lim	lim.CONT_ATTAINS2
lim	lim.CONT_ATTAINS_ALL
lim	lim.CONT_BOUNDED
lim	lim.CONT_COMPOSE
lim	lim.CONT_CONST
lim	lim.CONT_DIV
lim	lim.CONT_HASSUP
lim	lim.CONT_INJ_LEMMA
lim	lim.CONT_INJ_LEMMA2
lim	lim.CONT_INJ_RANGE
lim	lim.CONT_INV
lim	lim.CONT_INVERSE
lim	lim.CONT_MUL
lim	lim.CONT_NEG
lim	lim.CONT_SUB
lim	lim.DIFF_ADD
lim	lim.DIFF_CARAT
lim	lim.DIFF_CHAIN
lim	lim.DIFF_CMUL
lim	lim.DIFF_CONG
lim	lim.DIFF_CONG_IMP
lim	lim.DIFF_CONST
lim	lim.DIFF_CONT
lim	lim.DIFF_DIV
lim	lim.DIFF_EQ_FUN_EQ
lim	lim.DIFF_INV
lim	lim.DIFF_INVERSE
lim	lim.DIFF_INVERSE_LT
lim	lim.DIFF_INVERSE_OPEN
lim	lim.DIFF_ISCONST
lim	lim.DIFF_ISCONST_ALL
lim	lim.DIFF_ISCONST_END
lim	lim.DIFF_LCONST
lim	lim.DIFF_LDEC
lim	lim.DIFF_LINC
lim	lim.DIFF_LMAX
lim	lim.DIFF_LMIN
lim	lim.DIFF_MUL
lim	lim.DIFF_NEG
lim	lim.DIFF_NEG_ANTIMONO_LT_CC
lim	lim.DIFF_NEG_ANTIMONO_LT_CO
lim	lim.DIFF_NEG_ANTIMONO_LT_CU
lim	lim.DIFF_NEG_ANTIMONO_LT_INTERVAL
lim	lim.DIFF_NEG_ANTIMONO_LT_OC
lim	lim.DIFF_NEG_ANTIMONO_LT_OO
lim	lim.DIFF_NEG_ANTIMONO_LT_OU
lim	lim.DIFF_NEG_ANTIMONO_LT_UC
lim	lim.DIFF_NEG_ANTIMONO_LT_UO
lim	lim.DIFF_NEG_ANTIMONO_LT_UU
lim	lim.DIFF_POS_MONO_LT_CC
lim	lim.DIFF_POS_MONO_LT_CO
lim	lim.DIFF_POS_MONO_LT_CU
lim	lim.DIFF_POS_MONO_LT_INTERVAL
lim	lim.DIFF_POS_MONO_LT_OC
lim	lim.DIFF_POS_MONO_LT_OO
lim	lim.DIFF_POS_MONO_LT_OU
lim	lim.DIFF_POS_MONO_LT_UC
lim	lim.DIFF_POS_MONO_LT_UO
lim	lim.DIFF_POS_MONO_LT_UU
lim	lim.DIFF_POW
lim	lim.DIFF_SUB
lim	lim.DIFF_SUM
lim	lim.DIFF_UNIQ
lim	lim.DIFF_X
lim	lim.DIFF_XM1
lim	lim.HAS_DERIVATIVE_POW'
lim	lim.HAS_VECTOR_DERIVATIVE_ALT
lim	lim.HAS_VECTOR_DERIVATIVE_POW
lim	lim.INTERVAL_ABS
lim	lim.INTERVAL_CLEMMA
lim	lim.INTERVAL_LEMMA
lim	lim.INTERVAL_LEMMA_LT
lim	lim.IVT
lim	lim.IVT2
lim	lim.IVT_DERIVATIVE_0
lim	lim.IVT_DERIVATIVE_NEG
lim	lim.IVT_DERIVATIVE_POS
lim	lim.LIM
lim	lim.LIM_ADD
lim	lim.LIM_AT_LIM
lim	lim.LIM_CONST
lim	lim.LIM_DIV
lim	lim.LIM_EQUAL
lim	lim.LIM_INV
lim	lim.LIM_MUL
lim	lim.LIM_NEG
lim	lim.LIM_NULL
lim	lim.LIM_SUB
lim	lim.LIM_TRANSFORM
lim	lim.LIM_UNIQ
lim	lim.LIM_X
lim	lim.MVT
lim	lim.MVT_LEMMA
lim	lim.ROLLE
lim	lim.contl_eq_continuous_at
lim	lim.diff1_I
lim	lim.diff1_add
lim	lim.diff1_alt
lim	lim.diff1_cmul
lim	lim.diff1_def
lim	lim.diff1_imp_diffl
lim	lim.diff1_mul
lim	lim.diff1_sub
lim	lim.differentiable_alt
lim	lim.differentiable_has_vector_derivative
lim	lim.diffl_has_derivative
lim	lim.diffl_has_derivative'
lim	lim.diffl_has_vector_derivative
lim	lim.diffl_imp_diff1
lim	lim.diffl_imp_diffn
lim	lim.diffn_0
lim	lim.diffn_1
lim	lim.diffn_ADD
lim	lim.diffn_SUC
lim	lim.diffn_SUC'
lim	lim.diffn_add
lim	lim.diffn_chain
lim	lim.diffn_cmul
lim	lim.diffn_cmul_general
lim	lim.diffn_compute
lim	lim.diffn_cong
lim	lim.diffn_const
lim	lim.diffn_const_0
lim	lim.diffn_imp_diffl
lim	lim.diffn_linear
lim	lim.diffn_linear'
lim	lim.diffn_linear_general
lim	lim.diffn_mul
lim	lim.diffn_neg_sub
lim	lim.diffn_sub
lim	lim.diffn_thm
lim	lim.has_vector_derivative_imp_diff1
lim	lim.higher_differentiable_0
lim	lim.higher_differentiable_1
lim	lim.higher_differentiable_1_eq_differentiable
lim	lim.higher_differentiable_1_eq_differentiable_on
lim	lim.higher_differentiable_1_eq_differentiable_on'
lim	lim.higher_differentiable_I
lim	lim.higher_differentiable_add
lim	lim.higher_differentiable_affine
lim	lim.higher_differentiable_ainv
lim	lim.higher_differentiable_chain
lim	lim.higher_differentiable_cmul
lim	lim.higher_differentiable_cmul_eq
lim	lim.higher_differentiable_compose
lim	lim.higher_differentiable_compute
lim	lim.higher_differentiable_const
lim	lim.higher_differentiable_continuous_on
lim	lim.higher_differentiable_imp_11
lim	lim.higher_differentiable_imp_1n
lim	lim.higher_differentiable_imp_continuous
lim	lim.higher_differentiable_imp_continuous'
lim	lim.higher_differentiable_imp_mn
lim	lim.higher_differentiable_imp_n1
lim	lim.higher_differentiable_linear
lim	lim.higher_differentiable_mono
lim	lim.higher_differentiable_mul
lim	lim.higher_differentiable_neg
lim	lim.higher_differentiable_neg'
lim	lim.higher_differentiable_neg_sub
lim	lim.higher_differentiable_sub
lim	lim.higher_differentiable_sub_linear
lim	lim.higher_differentiable_thm
list	list.ALL_DISTINCT_APPEND
list	list.ALL_DISTINCT_APPEND'
list	list.ALL_DISTINCT_CARD_LIST_TO_SET
list	list.ALL_DISTINCT_DROP
list	list.ALL_DISTINCT_EL_IMP
list	list.ALL_DISTINCT_FILTER
list	list.ALL_DISTINCT_FILTER_EL_IMP
list	list.ALL_DISTINCT_FLAT_REVERSE
list	list.ALL_DISTINCT_GENLIST
list	list.ALL_DISTINCT_INDEX_OF_EL
list	list.ALL_DISTINCT_MAP
list	list.ALL_DISTINCT_MAP_INJ
list	list.ALL_DISTINCT_REVERSE
list	list.ALL_DISTINCT_SET_TO_LIST
list	list.ALL_DISTINCT_SING
list	list.ALL_DISTINCT_SNOC
list	list.ALL_DISTINCT_TAKE
list	list.ALL_DISTINCT_ZIP
list	list.ALL_DISTINCT_ZIP_SWAP
list	list.APPEND
list	list.APPEND_11
list	list.APPEND_11_LENGTH
list	list.APPEND_ASSOC
list	list.APPEND_EQ_APPEND
list	list.APPEND_EQ_APPEND_MID
list	list.APPEND_EQ_CONS
list	list.APPEND_EQ_SELF
list	list.APPEND_EQ_SING
list	list.APPEND_FRONT_LAST
list	list.APPEND_LENGTH_EQ
list	list.APPEND_NIL
list	list.APPEND_SNOC
list	list.APPEND_eq_NIL
list	list.BIGUNION_IMAGE_set_SUBSET
list	list.CARD_LIST_TO_SET
list	list.CARD_LIST_TO_SET_ALL_DISTINCT
list	list.CARD_LIST_TO_SET_EQN
list	list.CONS
list	list.CONS_11
list	list.CONS_ACYCLIC
list	list.CONS_PRS
list	list.CONS_RSP
list	list.DISJOINT_GENLIST_PLUS
list	list.DROP_0
list	list.DROP_APPEND
list	list.DROP_APPEND1
list	list.DROP_APPEND2
list	list.DROP_EQ_NIL
list	list.DROP_GENLIST
list	list.DROP_LENGTH_NIL
list	list.DROP_LENGTH_TOO_LONG
list	list.DROP_TAKE
list	list.DROP_compute
list	list.DROP_cons
list	list.DROP_nil
list	list.DROP_splitAtPki
list	list.EL
list	list.EL_ALL_DISTINCT_EL_EQ
list	list.EL_APPEND_EQN
list	list.EL_DROP
list	list.EL_GENLIST
list	list.EL_LENGTH_SNOC
list	list.EL_LENGTH_dropWhile_REVERSE
list	list.EL_LUPDATE
list	list.EL_MAP
list	list.EL_MAP2
list	list.EL_MAP3
list	list.EL_MEM
list	list.EL_REVERSE
list	list.EL_SNOC
list	list.EL_TAKE
list	list.EL_ZIP
list	list.EL_compute
list	list.EL_restricted
list	list.EL_simp
list	list.EL_simp_restricted
list	list.EQ_LIST
list	list.EVERY2_EVERY
list	list.EVERY2_LENGTH
list	list.EVERY2_LUPDATE_same
list	list.EVERY2_MAP
list	list.EVERY2_MEM_MONO
list	list.EVERY2_REVERSE
list	list.EVERY2_THM
list	list.EVERY2_cong
list	list.EVERY2_mono
list	list.EVERY2_refl
list	list.EVERY2_sym
list	list.EVERY2_trans
list	list.EVERY_APPEND
list	list.EVERY_CONG
list	list.EVERY_CONJ
list	list.EVERY_EL
list	list.EVERY_FILTER
list	list.EVERY_FILTER_IMP
list	list.EVERY_FLAT
list	list.EVERY_GENLIST
list	list.EVERY_MAP
list	list.EVERY_MEM
list	list.EVERY_MEM_MONO
list	list.EVERY_MONOTONIC
list	list.EVERY_NOT_EXISTS
list	list.EVERY_PRS
list	list.EVERY_RSP
list	list.EVERY_SIMP
list	list.EVERY_SNOC
list	list.EXISTS_APPEND
list	list.EXISTS_CONG
list	list.EXISTS_FIRST
list	list.EXISTS_GENLIST
list	list.EXISTS_LIST
list	list.EXISTS_LIST_EQ_MAP
list	list.EXISTS_MAP
list	list.EXISTS_MEM
list	list.EXISTS_NOT_EVERY
list	list.EXISTS_SNOC
list	list.FILTER_ALL_DISTINCT
list	list.FILTER_APPEND_DISTRIB
list	list.FILTER_COND_REWRITE
list	list.FILTER_EQ_APPEND
list	list.FILTER_EQ_CONS
list	list.FILTER_EQ_ID
list	list.FILTER_EQ_NIL
list	list.FILTER_F
list	list.FILTER_NEQ_ID
list	list.FILTER_NEQ_NIL
list	list.FILTER_REVERSE
list	list.FILTER_T
list	list.FIND_thm
list	list.FINITE_ALL_DISTINCT_LISTS
list	list.FINITE_BOUNDED_LISTS
list	list.FINITE_LIST_TO_SET
list	list.FLAT_APPEND
list	list.FLAT_EQ_APPEND
list	list.FLAT_EQ_NIL
list	list.FLAT_EQ_NIL'
list	list.FLAT_EQ_SING
list	list.FLAT_MAP_K_NIL
list	list.FLAT_compute
list	list.FOLDL2_FOLDL
list	list.FOLDL2_cong
list	list.FOLDL2_def
list	list.FOLDL2_ind
list	list.FOLDL_CONG
list	list.FOLDL_EQ_FOLDR
list	list.FOLDL_SNOC
list	list.FOLDL_UNION_BIGUNION
list	list.FOLDL_UNION_BIGUNION_paired
list	list.FOLDL_ZIP_SAME
list	list.FOLDR_CONG
list	list.FOLDR_CONS
list	list.FORALL_LIST
list	list.FRONT_CONS
list	list.FRONT_CONS_EQ_NIL
list	list.FRONT_CONS_NOT_NIL
list	list.FRONT_NIL
list	list.FRONT_SNOC
list	list.FRONT_TAKE
list	list.GENLIST_0
list	list.GENLIST_1
list	list.GENLIST_APPEND
list	list.GENLIST_AUX_compute
list	list.GENLIST_CONG
list	list.GENLIST_CONS
list	list.GENLIST_CONSTANT
list	list.GENLIST_EL
list	list.GENLIST_EL_MAP
list	list.GENLIST_EQ
list	list.GENLIST_EQ_NIL
list	list.GENLIST_FUN_EQ
list	list.GENLIST_GENLIST_AUX
list	list.GENLIST_ID
list	list.GENLIST_LAST
list	list.GENLIST_NUMERALS
list	list.GENLIST_PLUS_APPEND
list	list.GENLIST_compute
list	list.HD_DROP
list	list.HD_GENLIST
list	list.HD_GENLIST_COR
list	list.HD_REVERSE
list	list.HD_TAKE
list	list.HD_dropWhile
list	list.IMAGE_EL_count_LENGTH
list	list.IMP_EVERY_LUPDATE
list	list.INDEX_FIND_add
list	list.INDEX_OF_eq_NONE
list	list.INDEX_OF_eq_SOME
list	list.INFINITE_LIST_UNIV
list	list.INJ_MAP_EQ
list	list.INJ_MAP_EQ_IFF
list	list.IS_SOME_OPT_MMAP
list	list.ITSET_eq_FOLDL_SET_TO_LIST
list	list.LAST_APPEND_CONS
list	list.LAST_CONS
list	list.LAST_CONS_cond
list	list.LAST_EL
list	list.LAST_MAP
list	list.LAST_REVERSE
list	list.LAST_SNOC
list	list.LAST_compute
list	list.LENGTH1
list	list.LENGTH2
list	list.LENGTH_APPEND
list	list.LENGTH_CONS
list	list.LENGTH_DROP
list	list.LENGTH_EQ_0
list	list.LENGTH_EQ_1
list	list.LENGTH_EQ_CONS
list	list.LENGTH_EQ_NIL
list	list.LENGTH_EQ_NUM
list	list.LENGTH_EQ_NUM_compute
list	list.LENGTH_EQ_SUM
list	list.LENGTH_FILTER_LEQ_MONO
list	list.LENGTH_FRONT
list	list.LENGTH_FRONT_CONS
list	list.LENGTH_GENLIST
list	list.LENGTH_LEN
list	list.LENGTH_LT_SHORTLEX
list	list.LENGTH_LUPDATE
list	list.LENGTH_MAP
list	list.LENGTH_MAP2
list	list.LENGTH_MAP3
list	list.LENGTH_NIL
list	list.LENGTH_NIL_SYM
list	list.LENGTH_NON_NIL
list	list.LENGTH_REVERSE
list	list.LENGTH_SNOC
list	list.LENGTH_TAKE
list	list.LENGTH_TAKE_EQ
list	list.LENGTH_TL
list	list.LENGTH_TL_LE
list	list.LENGTH_UNZIP
list	list.LENGTH_ZIP
list	list.LENGTH_ZIP_MIN
list	list.LENGTH_dropWhile_LESS_EQ
list	list.LENGTH_mapPartial
list	list.LENGTH_o_REVERSE
list	list.LEN_LENGTH_LEM
list	list.LIST_APPLY_o
list	list.LIST_BIND_APPEND
list	list.LIST_BIND_ID
list	list.LIST_BIND_LIST_BIND
list	list.LIST_BIND_MAP
list	list.LIST_BIND_THM
list	list.LIST_EQ
list	list.LIST_EQUIV
list	list.LIST_EQ_MAP_PAIR
list	list.LIST_EQ_REWRITE
list	list.LIST_EXISTS_MONO
list	list.LIST_EXISTS_SIMP
list	list.LIST_NOT_EQ
list	list.LIST_NOT_NIL
list	list.LIST_QUOTIENT
list	list.LIST_REL_APPEND
list	list.LIST_REL_APPEND_EQ
list	list.LIST_REL_APPEND_IMP
list	list.LIST_REL_APPEND_suff
list	list.LIST_REL_CONJ
list	list.LIST_REL_CONS1
list	list.LIST_REL_CONS2
list	list.LIST_REL_EL_EQN
list	list.LIST_REL_EVERY
list	list.LIST_REL_EVERY_ZIP
list	list.LIST_REL_LENGTH
list	list.LIST_REL_LUPDATE_same
list	list.LIST_REL_MAP
list	list.LIST_REL_MAP1
list	list.LIST_REL_MAP2
list	list.LIST_REL_MAP_inv_image
list	list.LIST_REL_MEM_IMP
list	list.LIST_REL_MEM_IMP_R
list	list.LIST_REL_MEM_MONO
list	list.LIST_REL_NIL
list	list.LIST_REL_O
list	list.LIST_REL_REVERSE
list	list.LIST_REL_SNOC
list	list.LIST_REL_SPLIT1
list	list.LIST_REL_SPLIT2
list	list.LIST_REL_THM
list	list.LIST_REL_cases
list	list.LIST_REL_cong
list	list.LIST_REL_cons_I
list	list.LIST_REL_def
list	list.LIST_REL_eq
list	list.LIST_REL_equivalence
list	list.LIST_REL_ind
list	list.LIST_REL_mono
list	list.LIST_REL_nil_rule
list	list.LIST_REL_refl
list	list.LIST_REL_rules
list	list.LIST_REL_strongind
list	list.LIST_REL_sym
list	list.LIST_REL_trans
list	list.LIST_REL_trans_same
list	list.LIST_TO_SET
list	list.LIST_TO_SET_APPEND
list	list.LIST_TO_SET_DROP
list	list.LIST_TO_SET_EQ_EMPTY
list	list.LIST_TO_SET_FILTER
list	list.LIST_TO_SET_FLAT
list	list.LIST_TO_SET_GENLIST
list	list.LIST_TO_SET_MAP
list	list.LIST_TO_SET_PRS
list	list.LIST_TO_SET_REVERSE
list	list.LIST_TO_SET_RSP
list	list.LIST_TO_SET_SING
list	list.LIST_TO_SET_SNOC
list	list.LIST_TO_SET_TAKE
list	list.LIST_TO_SET_THM
list	list.LLEX_CONG
list	list.LLEX_EL_THM
list	list.LLEX_MONO
list	list.LLEX_NIL2
list	list.LLEX_THM
list	list.LLEX_not_WF
list	list.LLEX_total
list	list.LLEX_transitive
list	list.LRC_MEM
list	list.LRC_MEM_right
list	list.LUPDATE_GENLIST
list	list.LUPDATE_LENGTH
list	list.LUPDATE_MAP
list	list.LUPDATE_NIL
list	list.LUPDATE_SAME
list	list.LUPDATE_SEM
list	list.LUPDATE_SNOC
list	list.LUPDATE_SOME_MAP
list	list.LUPDATE_compute
list	list.LUPDATE_def
list	list.MAP2
list	list.MAP2_APPEND
list	list.MAP2_CONG
list	list.MAP2_DEF
list	list.MAP2_IND
list	list.MAP2_MAP
list	list.MAP2_NIL
list	list.MAP2_ZIP
list	list.MAP3_CONS3
list	list.MAP3_NIL
list	list.MAP3_def
list	list.MAP3_ind
list	list.MAP_APPEND
list	list.MAP_APPEND_MAP_EQ
list	list.MAP_COMPOSE
list	list.MAP_CONG
list	list.MAP_DROP
list	list.MAP_EQ_APPEND
list	list.MAP_EQ_CONS
list	list.MAP_EQ_EVERY2
list	list.MAP_EQ_LIST_REL
list	list.MAP_EQ_NIL
list	list.MAP_EQ_SING
list	list.MAP_EQ_f
list	list.MAP_FLAT
list	list.MAP_FRONT
list	list.MAP_GENLIST
list	list.MAP_ID
list	list.MAP_ID_I
list	list.MAP_LIST_BIND
list	list.MAP_MAP_o
list	list.MAP_PRS
list	list.MAP_REVERSE
list	list.MAP_RSP
list	list.MAP_SNOC
list	list.MAP_TAKE
list	list.MAP_TL
list	list.MAP_ZIP
list	list.MAP_ZIP_SAME
list	list.MAP_o
list	list.MEM
list	list.MEM_APPEND
list	list.MEM_APPEND_lemma
list	list.MEM_DROP
list	list.MEM_EL
list	list.MEM_FILTER
list	list.MEM_FLAT
list	list.MEM_GENLIST
list	list.MEM_LUPDATE
list	list.MEM_LUPDATE_E
list	list.MEM_MAP
list	list.MEM_MAP_f
list	list.MEM_REVERSE
list	list.MEM_SET_TO_LIST
list	list.MEM_SNOC
list	list.MEM_SPLIT
list	list.MEM_SPLIT_APPEND_first
list	list.MEM_SPLIT_APPEND_last
list	list.MEM_TL
list	list.MEM_ZIP
list	list.MEM_ZIP_MEM_MAP
list	list.MEM_dropWhile_IMP
list	list.MEM_nub
list	list.MONO_EVERY
list	list.NIL_PRS
list	list.NIL_RSP
list	list.NOT_CONS_NIL
list	list.NOT_EQ_LIST
list	list.NOT_EVERY
list	list.NOT_EVERY_EXISTS_FIRST
list	list.NOT_EXISTS
list	list.NOT_NIL_CONS
list	list.NOT_NIL_EQ_LENGTH_NOT_0
list	list.NOT_NULL_MEM
list	list.NRC_LRC
list	list.NULL
list	list.NULL_APPEND
list	list.NULL_EQ
list	list.NULL_FILTER
list	list.NULL_GENLIST
list	list.NULL_LENGTH
list	list.NULL_MAP
list	list.OPT_MMAP_cong
list	list.REVERSE_11
list	list.REVERSE_APPEND
list	list.REVERSE_EQ_NIL
list	list.REVERSE_EQ_SING
list	list.REVERSE_GENLIST
list	list.REVERSE_REV
list	list.REVERSE_REVERSE
list	list.REVERSE_SNOC
list	list.REVERSE_SNOC_DEF
list	list.REVERSE_o_REVERSE
list	list.REV_REVERSE_LEM
list	list.SET_QUOTIENT
list	list.SET_REL_EQ
list	list.SET_REL_THM
list	list.SET_TO_LIST_CARD
list	list.SET_TO_LIST_EMPTY
list	list.SET_TO_LIST_EMPTY_IFF
list	list.SET_TO_LIST_IND
list	list.SET_TO_LIST_INV
list	list.SET_TO_LIST_IN_MEM
list	list.SET_TO_LIST_SING
list	list.SET_TO_LIST_THM
list	list.SHORTLEX_LENGTH_LE
list	list.SHORTLEX_MONO
list	list.SHORTLEX_NIL2
list	list.SHORTLEX_SNOC
list	list.SHORTLEX_THM
list	list.SHORTLEX_antisymmetric
list	list.SHORTLEX_irreflexive
list	list.SHORTLEX_same_lengths
list	list.SHORTLEX_total
list	list.SHORTLEX_transitive
list	list.SINGL_APPLY_MAP
list	list.SINGL_APPLY_PERMUTE
list	list.SINGL_LIST_APPLY_L
list	list.SINGL_LIST_APPLY_R
list	list.SINGL_SINGL_APPLY
list	list.SING_HD
list	list.SNOC_11
list	list.SNOC_APPEND
list	list.SNOC_Axiom
list	list.SNOC_CASES
list	list.SNOC_CONS
list	list.SNOC_INDUCT
list	list.SNOC_LAST_FRONT
list	list.SNOC_NIL
list	list.SUM_ACC_SUM_LEM
list	list.SUM_APPEND
list	list.SUM_IMAGE_LIST_TO_SET_upper_bound
list	list.SUM_IMAGE_eq_SUM_MAP_SET_TO_LIST
list	list.SUM_MAP_FOLDL
list	list.SUM_MAP_MEM_bound
list	list.SUM_MAP_PLUS
list	list.SUM_MAP_PLUS_ZIP
list	list.SUM_SNOC
list	list.SUM_SUM_ACC
list	list.SUM_eq_0
list	list.SWAP_REVERSE
list	list.SWAP_REVERSE_SYM
list	list.TAKE1
list	list.TAKE1_DROP
list	list.TAKE_0
list	list.TAKE_APPEND1
list	list.TAKE_APPEND2
list	list.TAKE_DROP
list	list.TAKE_DROP_SWAP
list	list.TAKE_EQ_NIL
list	list.TAKE_EQ_REWRITE
list	list.TAKE_GENLIST
list	list.TAKE_LENGTH_ID
list	list.TAKE_LENGTH_ID_rwt
list	list.TAKE_LENGTH_ID_rwt2
list	list.TAKE_LENGTH_TOO_LONG
list	list.TAKE_SUM
list	list.TAKE_TAKE_MIN
list	list.TAKE_compute
list	list.TAKE_cons
list	list.TAKE_nil
list	list.TAKE_splitAtPki
list	list.TL
list	list.TL_GENLIST
list	list.UNION_APPEND
list	list.UNIQUE_FILTER
list	list.UNIQUE_LENGTH_FILTER
list	list.UNZIP_MAP
list	list.UNZIP_THM
list	list.UNZIP_ZIP
list	list.WF_LIST_PRED
list	list.WF_SHORTLEX
list	list.WF_SHORTLEX_same_lengths
list	list.ZIP
list	list.ZIP_DROP
list	list.ZIP_EQ_NIL
list	list.ZIP_GENLIST
list	list.ZIP_MAP
list	list.ZIP_UNZIP
list	list.ZIP_ind
list	list.ZIP_ind_alt
list	list.adjacent_EL
list	list.adjacent_MAP
list	list.adjacent_MEM
list	list.adjacent_REVERSE
list	list.adjacent_append1
list	list.adjacent_append2
list	list.adjacent_cases
list	list.adjacent_iff
list	list.adjacent_ind
list	list.adjacent_ps_append
list	list.adjacent_rules
list	list.adjacent_strongind
list	list.adjacent_thm
list	list.all_distinct_nub
list	list.all_distinct_nub_id
list	list.bounded_length_FINITE
list	list.datatype_list
list	list.dropWhile_APPEND_EVERY
list	list.dropWhile_APPEND_EXISTS
list	list.dropWhile_eq_nil
list	list.dropWhile_id
list	list.dropWhile_splitAtPki
list	list.el_append3
list	list.every_zip_fst
list	list.every_zip_snd
list	list.exists_list_GENLIST
list	list.filter_size_less
list	list.isPREFIX_ANTISYM
list	list.isPREFIX_CONSR
list	list.isPREFIX_GENLIST
list	list.isPREFIX_MAP
list	list.isPREFIX_NIL
list	list.isPREFIX_NILR
list	list.isPREFIX_REFL
list	list.isPREFIX_SNOC
list	list.isPREFIX_SNOC_EQ
list	list.isPREFIX_THM
list	list.isPREFIX_TRANS
list	list.last_drop
list	list.lazy_list_case_compute
list	list.length_nub_append
list	list.list_11
list	list.list_Axiom
list	list.list_Axiom_old
list	list.list_CASES
list	list.list_INDUCT
list	list.list_INDUCT0
list	list.list_case_compute
list	list.list_case_cong
list	list.list_case_eq
list	list.list_distinct
list	list.list_induction
list	list.list_nchotomy
list	list.list_size_append
list	list.list_size_cong
list	list.list_size_drop
list	list.list_size_filter
list	list.list_size_map
list	list.list_size_reverse
list	list.list_size_snoc
list	list.list_size_take
list	list.list_size_thm
list	list.list_size_zip
list	list.list_to_set_diff
list	list.lupdate_append
list	list.lupdate_append2
list	list.mapPartial_EQ_CONS
list	list.mapPartial_EQ_NIL
list	list.mem_exists_set
list	list.nub_EQ0
list	list.nub_MAP_INJ
list	list.nub_NIL
list	list.nub_append
list	list.nub_set
list	list.oEL_DROP
list	list.oEL_EQ_EL
list	list.oEL_LUPDATE
list	list.oEL_TAKE_E
list	list.oEL_THM
list	list.oHD_thm
list	list.splitAtPki_APPEND
list	list.splitAtPki_EQN
list	list.splitAtPki_MAP
list	list.splitAtPki_RAND
list	list.splitAtPki_change_predicate
listCardinality	listCardinality.COUNTABLE_LIST_UNIV
listCardinality	listCardinality.COUNTABLE_LIST_UNIV'
listCardinality	listCardinality.INFINITE_A_list_BIJ_A
listCardinality	listCardinality.UNIV_list
listCardinality	listCardinality.list_BIGUNION_EXP
listCardinality	listCardinality.list_EMPTY
listCardinality	listCardinality.list_SING
listCardinality	listCardinality.set_exp_count
listRange	listRange.EL_listRangeLHI
listRange	listRange.LENGTH_listRangeLHI
listRange	listRange.MEM_listRangeINC
listRange	listRange.MEM_listRangeLHI
listRange	listRange.every_range_cons
listRange	listRange.every_range_less_ends
listRange	listRange.every_range_sing
listRange	listRange.every_range_span_max
listRange	listRange.every_range_span_min
listRange	listRange.every_range_split_head
listRange	listRange.every_range_split_last
listRange	listRange.exists_range_cons
listRange	listRange.exists_range_sing
listRange	listRange.isPREFIX_listRangeINC
listRange	listRange.isPREFIX_listRangeINC_EQ
listRange	listRange.isPREFIX_listRangeLHI
listRange	listRange.isPREFIX_listRangeLHI_EQ
listRange	listRange.listRangeINC_11
listRange	listRange.listRangeINC_1_n
listRange	listRange.listRangeINC_ALL_DISTINCT
listRange	listRange.listRangeINC_APPEND
listRange	listRange.listRangeINC_CONS
listRange	listRange.listRangeINC_EL
listRange	listRange.listRangeINC_EMPTY
listRange	listRange.listRangeINC_EVERY
listRange	listRange.listRangeINC_EVERY_EXISTS
listRange	listRange.listRangeINC_EVERY_less_last
listRange	listRange.listRangeINC_EVERY_span_max
listRange	listRange.listRangeINC_EVERY_span_min
listRange	listRange.listRangeINC_EVERY_split_head
listRange	listRange.listRangeINC_EVERY_split_last
listRange	listRange.listRangeINC_EXISTS
listRange	listRange.listRangeINC_EXISTS_EVERY
listRange	listRange.listRangeINC_FRONT
listRange	listRange.listRangeINC_LAST
listRange	listRange.listRangeINC_LEN
listRange	listRange.listRangeINC_MAP
listRange	listRange.listRangeINC_MAP_SUC
listRange	listRange.listRangeINC_MEM
listRange	listRange.listRangeINC_NIL
listRange	listRange.listRangeINC_REVERSE
listRange	listRange.listRangeINC_REVERSE_MAP
listRange	listRange.listRangeINC_SET
listRange	listRange.listRangeINC_SING
listRange	listRange.listRangeINC_SNOC
listRange	listRange.listRangeINC_SPLIT
listRange	listRange.listRangeINC_SUM
listRange	listRange.listRangeINC_SUM_MAP
listRange	listRange.listRangeINC_has_divisors
listRange	listRange.listRangeINC_to_LHI
listRange	listRange.listRangeLHI_0_n
listRange	listRange.listRangeLHI_11
listRange	listRange.listRangeLHI_ALL_DISTINCT
listRange	listRange.listRangeLHI_APPEND
listRange	listRange.listRangeLHI_CONS
listRange	listRange.listRangeLHI_EL
listRange	listRange.listRangeLHI_EMPTY
listRange	listRange.listRangeLHI_EQ
listRange	listRange.listRangeLHI_EVERY
listRange	listRange.listRangeLHI_FRONT
listRange	listRange.listRangeLHI_LAST
listRange	listRange.listRangeLHI_LEN
listRange	listRange.listRangeLHI_MAP
listRange	listRange.listRangeLHI_MAP_SUC
listRange	listRange.listRangeLHI_MEM
listRange	listRange.listRangeLHI_NIL
listRange	listRange.listRangeLHI_REVERSE
listRange	listRange.listRangeLHI_REVERSE_MAP
listRange	listRange.listRangeLHI_SET
listRange	listRange.listRangeLHI_SNOC
listRange	listRange.listRangeLHI_SPLIT
listRange	listRange.listRangeLHI_SUM
listRange	listRange.listRangeLHI_SUM_MAP
listRange	listRange.listRangeLHI_has_divisors
listRange	listRange.listRangeLHI_to_INC
llist	llist.GENLIST_EQ_CONS
llist	llist.IN_LSET
llist	llist.LAPPEND11_FINITE1
llist	llist.LAPPEND_ASSOC
llist	llist.LAPPEND_EQ_LNIL
llist	llist.LAPPEND_NIL_2ND
llist	llist.LAPPEND_fromList
llist	llist.LAPPEND_fromSeq
llist	llist.LCONS_11
llist	llist.LCONS_NOT_NIL
llist	llist.LDROP1_THM
llist	llist.LDROP_1
llist	llist.LDROP_ADD
llist	llist.LDROP_APPEND1
llist	llist.LDROP_EQ_LNIL
llist	llist.LDROP_FUNPOW
llist	llist.LDROP_LCONS_LNTH
llist	llist.LDROP_LDROP
llist	llist.LDROP_NONE_LFINITE
llist	llist.LDROP_SOME_LLENGTH
llist	llist.LDROP_SUC
llist	llist.LDROP_THM
llist	llist.LDROP_fromList
llist	llist.LDROP_fromSeq
llist	llist.LFILTER_APPEND
llist	llist.LFILTER_EQ_CONS
llist	llist.LFILTER_EQ_NIL
llist	llist.LFILTER_NIL
llist	llist.LFILTER_THM
llist	llist.LFILTER_fromList
llist	llist.LFILTER_fromSeq
llist	llist.LFINITE
llist	llist.LFINITE_APPEND
llist	llist.LFINITE_DROP
llist	llist.LFINITE_HAS_LENGTH
llist	llist.LFINITE_IMP_fromList
llist	llist.LFINITE_INDUCTION
llist	llist.LFINITE_LAPPEND_IMP_NIL
llist	llist.LFINITE_LFILTER
llist	llist.LFINITE_LFLATTEN
llist	llist.LFINITE_LFLATTEN_EQN
llist	llist.LFINITE_LGENLIST
llist	llist.LFINITE_LLENGTH
llist	llist.LFINITE_LNTH_IS_SOME
llist	llist.LFINITE_LNTH_NONE
llist	llist.LFINITE_MAP
llist	llist.LFINITE_STRONG_INDUCTION
llist	llist.LFINITE_TAKE
llist	llist.LFINITE_THM
llist	llist.LFINITE_cases
llist	llist.LFINITE_fromList
llist	llist.LFINITE_fromSeq
llist	llist.LFINITE_ind
llist	llist.LFINITE_rules
llist	llist.LFINITE_strongind
llist	llist.LFINITE_toList
llist	llist.LFINITE_toList_SOME
llist	llist.LFLATTEN_APPEND
llist	llist.LFLATTEN_APPEND_FINITE1
llist	llist.LFLATTEN_EQ_CONS
llist	llist.LFLATTEN_EQ_NIL
llist	llist.LFLATTEN_SINGLETON
llist	llist.LFLATTEN_THM
llist	llist.LFLATTEN_fromList
llist	llist.LFLATTEN_fromList_of_NILs
llist	llist.LGENLIST_CHUNK_GENLIST
llist	llist.LGENLIST_EQ_CONS
llist	llist.LGENLIST_EQ_LNIL
llist	llist.LGENLIST_EQ_fromList
llist	llist.LGENLIST_EQ_fromSeq
llist	llist.LGENLIST_SOME
llist	llist.LGENLIST_SOME_EQ_CONS
llist	llist.LGENLIST_SOME_compute
llist	llist.LHDTL_CONS_THM
llist	llist.LHDTL_EQ_SOME
llist	llist.LHD_EQ_NONE
llist	llist.LHD_LAPPEND
llist	llist.LHD_LCONS
llist	llist.LHD_LGENLIST
llist	llist.LHD_LREPEAT
llist	llist.LHD_LUNFOLD
llist	llist.LHD_THM
llist	llist.LHD_fromList
llist	llist.LHD_fromSeq
llist	llist.LLENGTH_0
llist	llist.LLENGTH_APPEND
llist	llist.LLENGTH_LGENLIST
llist	llist.LLENGTH_LREPEAT
llist	llist.LLENGTH_MAP
llist	llist.LLENGTH_THM
llist	llist.LLENGTH_fromList
llist	llist.LLENGTH_fromSeq
llist	llist.LLIST_BISIMULATION
llist	llist.LLIST_BISIMULATION0
llist	llist.LLIST_BISIMULATION_I
llist	llist.LLIST_BISIM_UPTO
llist	llist.LLIST_CASE_CONG
llist	llist.LLIST_CASE_ELIM
llist	llist.LLIST_CASE_EQ
llist	llist.LLIST_DISTINCT
llist	llist.LLIST_EQ
llist	llist.LLIST_STRONG_BISIMULATION
llist	llist.LL_ALL_THM
llist	llist.LMAP_APPEND
llist	llist.LMAP_EQ_APPEND_FINITE1
llist	llist.LMAP_EQ_CONS
llist	llist.LMAP_EQ_NIL
llist	llist.LMAP_LGENLIST
llist	llist.LMAP_LUNFOLD
llist	llist.LMAP_MAP
llist	llist.LMAP_fromList
llist	llist.LMAP_fromSeq
llist	llist.LNTH_ADD
llist	llist.LNTH_EQ
llist	llist.LNTH_HD_LDROP
llist	llist.LNTH_IS_SOME
llist	llist.LNTH_IS_SOME_MONO
llist	llist.LNTH_LAPPEND
llist	llist.LNTH_LDROP
llist	llist.LNTH_LGENLIST
llist	llist.LNTH_LLENGTH_NONE
llist	llist.LNTH_LMAP
llist	llist.LNTH_LUNFOLD
llist	llist.LNTH_LUNFOLD_compute
llist	llist.LNTH_NONE_MONO
llist	llist.LNTH_THM
llist	llist.LNTH_fromList
llist	llist.LNTH_fromSeq
llist	llist.LNTH_rep
llist	llist.LPREFIX_ANTISYM
llist	llist.LPREFIX_APPEND
llist	llist.LPREFIX_LAPPEND_fromList
llist	llist.LPREFIX_LCONS
llist	llist.LPREFIX_LNIL
llist	llist.LPREFIX_LUNFOLD
llist	llist.LPREFIX_NTH
llist	llist.LPREFIX_REFL
llist	llist.LPREFIX_TRANS
llist	llist.LPREFIX_fromList
llist	llist.LREPEAT_EQ_LNIL
llist	llist.LREPEAT_NIL
llist	llist.LREPEAT_thm
llist	llist.LSET
llist	llist.LSET_APPEND
llist	llist.LSET_FINITE_pfx
llist	llist.LSET_FLATTEN
llist	llist.LSET_exists
llist	llist.LSET_fromList
llist	llist.LSET_lbind
llist	llist.LSUFFIX
llist	llist.LSUFFIX_ANTISYM
llist	llist.LSUFFIX_REFL
llist	llist.LSUFFIX_TRANS
llist	llist.LSUFFIX_fromList
llist	llist.LTAKE_CONS_EQ_NONE
llist	llist.LTAKE_CONS_EQ_SOME
llist	llist.LTAKE_DROP
llist	llist.LTAKE_EQ
llist	llist.LTAKE_EQ_NONE_LNTH
llist	llist.LTAKE_EQ_SOME_CONS
llist	llist.LTAKE_IMP_LDROP
llist	llist.LTAKE_LAPPEND1
llist	llist.LTAKE_LAPPEND2
llist	llist.LTAKE_LAPPEND_fromList
llist	llist.LTAKE_LENGTH
llist	llist.LTAKE_LLENGTH_NONE
llist	llist.LTAKE_LLENGTH_SOME
llist	llist.LTAKE_LMAP
llist	llist.LTAKE_LNTH_EL
llist	llist.LTAKE_LPREFIX
llist	llist.LTAKE_LUNFOLD
llist	llist.LTAKE_NIL_EQ_NONE
llist	llist.LTAKE_NIL_EQ_SOME
llist	llist.LTAKE_SNOC_LNTH
llist	llist.LTAKE_TAKE_LESS
llist	llist.LTAKE_THM
llist	llist.LTAKE_WHILE_LDROP_WHILE
llist	llist.LTAKE_fromList
llist	llist.LTAKE_fromSeq
llist	llist.LTL_EQ_NONE
llist	llist.LTL_HD_11
llist	llist.LTL_HD_HD
llist	llist.LTL_HD_LCONS
llist	llist.LTL_HD_LNIL
llist	llist.LTL_HD_LTL_LHD
llist	llist.LTL_HD_LUNFOLD
llist	llist.LTL_HD_TL
llist	llist.LTL_HD_iff
llist	llist.LTL_LAPPEND
llist	llist.LTL_LCONS
llist	llist.LTL_LGENLIST
llist	llist.LTL_LREPEAT
llist	llist.LTL_LUNFOLD
llist	llist.LTL_THM
llist	llist.LTL_fromList
llist	llist.LTL_fromSeq
llist	llist.LUNFOLD
llist	llist.LUNFOLD_BISIMULATION
llist	llist.LUNFOLD_EQ
llist	llist.LUNFOLD_LTL_HD
llist	llist.LUNFOLD_THM
llist	llist.LUNFOLD_UNIQUE
llist	llist.LZIP_LUNZIP
llist	llist.MAP_toList
llist	llist.MONO_every
llist	llist.MONO_exists
llist	llist.NOT_LFINITE_APPEND
llist	llist.NOT_LFINITE_DROP
llist	llist.NOT_LFINITE_DROP_LFINITE
llist	llist.NOT_LFINITE_IMP_fromSeq
llist	llist.NOT_LFINITE_NO_LENGTH
llist	llist.NOT_LFINITE_TAKE
llist	llist.always_DROP
llist	llist.always_cases
llist	llist.always_coind
llist	llist.always_conj_l
llist	llist.always_eventually_ind
llist	llist.always_rules
llist	llist.always_thm
llist	llist.eventually_cases
llist	llist.eventually_ind
llist	llist.eventually_rules
llist	llist.eventually_strongind
llist	llist.eventually_thm
llist	llist.eventually_until_EQN
llist	llist.every_APPEND_EQN
llist	llist.every_LAPPEND1
llist	llist.every_LAPPEND2_LFINITE
llist	llist.every_LDROP
llist	llist.every_LFILTER
llist	llist.every_LFILTER_imp
llist	llist.every_LGENLIST
llist	llist.every_LMAP
llist	llist.every_LNTH
llist	llist.every_coind
llist	llist.every_fromList_EVERY
llist	llist.every_fromSeq
llist	llist.every_strong_coind
llist	llist.every_thm
llist	llist.exists_APPEND
llist	llist.exists_FLATTEN
llist	llist.exists_LDROP
llist	llist.exists_LNTH
llist	llist.exists_cases
llist	llist.exists_fromSeq
llist	llist.exists_ind
llist	llist.exists_rules
llist	llist.exists_strong_ind
llist	llist.exists_strongind
llist	llist.exists_thm
llist	llist.exists_thm_strong
llist	llist.fromList_11
llist	llist.fromList_EQ_CONS
llist	llist.fromList_EQ_LNIL
llist	llist.fromList_NEQ_fromSeq
llist	llist.fromList_fromSeq
llist	llist.fromSeq_11
llist	llist.fromSeq_LCONS
llist	llist.from_toList
llist	llist.infinite_lnth_some
llist	llist.lbind_APPEND
llist	llist.lbind_CONS
llist	llist.lbind_EQ_CONS
llist	llist.lbind_EQ_NIL
llist	llist.lbind_notASSOC
llist	llist.lbind_thm
llist	llist.linear_order_to_llist
llist	llist.linear_order_to_llist_eq
llist	llist.llength_rel_cases
llist	llist.llength_rel_ind
llist	llist.llength_rel_rules
llist	llist.llength_rel_strongind
llist	llist.llist_Axiom
llist	llist.llist_Axiom_1
llist	llist.llist_Axiom_1ue
llist	llist.llist_CASES
llist	llist.llist_CASE_compute
llist	llist.llist_forall_split
llist	llist.llist_rep_LCONS
llist	llist.llist_rep_LNIL
llist	llist.llist_ue_Axiom
llist	llist.llist_upto_cases
llist	llist.llist_upto_context
llist	llist.llist_upto_eq
llist	llist.llist_upto_ind
llist	llist.llist_upto_rel
llist	llist.llist_upto_rules
llist	llist.llist_upto_strongind
llist	llist.llist_upto_trans
llist	llist.lnth_fromList_some
llist	llist.lnth_some_down_closed
llist	llist.lrep_ok_FUNPOW_BIND
llist	llist.lrep_ok_MAP
llist	llist.lrep_ok_alt
llist	llist.lrep_ok_cases
llist	llist.lrep_ok_coind
llist	llist.lrep_ok_rules
llist	llist.not_compose
llist	llist.numopt_BISIMULATION
llist	llist.prefixes_lprefix_total
llist	llist.rpt_el_CONS'
llist	llist.rpt_el_EQ_APPEND
llist	llist.toList_LAPPEND_APPEND
llist	llist.toList_THM
llist	llist.to_fromList
llist	llist.until_cases
llist	llist.until_ind
llist	llist.until_rules
llist	llist.until_strongind
loadBNFPrelims	loadBNFPrelims.foo
loadDatatypeA	loadDatatypeA.datatype_enum
loadDatatypeA	loadDatatypeA.datatype_mut1
loadDatatypeA	loadDatatypeA.datatype_polyrec
loadDatatypeA	loadDatatypeA.datatype_polysimple
loadDatatypeA	loadDatatypeA.datatype_recursive
loadDatatypeA	loadDatatypeA.datatype_simple
loadDatatypeA	loadDatatypeA.datatype_simplenest
loadDatatypeA	loadDatatypeA.datatype_simpleref
loadDatatypeA	loadDatatypeA.enum2num_11
loadDatatypeA	loadDatatypeA.enum2num_ONTO
loadDatatypeA	loadDatatypeA.enum2num_num2enum
loadDatatypeA	loadDatatypeA.enum2num_thm
loadDatatypeA	loadDatatypeA.enum_Axiom
loadDatatypeA	loadDatatypeA.enum_EQ_enum
loadDatatypeA	loadDatatypeA.enum_case_cong
loadDatatypeA	loadDatatypeA.enum_case_def
loadDatatypeA	loadDatatypeA.enum_case_eq
loadDatatypeA	loadDatatypeA.enum_distinct
loadDatatypeA	loadDatatypeA.enum_induction
loadDatatypeA	loadDatatypeA.enum_nchotomy
loadDatatypeA	loadDatatypeA.mut1_11
loadDatatypeA	loadDatatypeA.mut1_Axiom
loadDatatypeA	loadDatatypeA.mut1_case_cong
loadDatatypeA	loadDatatypeA.mut1_case_eq
loadDatatypeA	loadDatatypeA.mut1_distinct
loadDatatypeA	loadDatatypeA.mut1_induction
loadDatatypeA	loadDatatypeA.mut1_nchotomy
loadDatatypeA	loadDatatypeA.mut2_11
loadDatatypeA	loadDatatypeA.mut2_Axiom
loadDatatypeA	loadDatatypeA.mut2_case_cong
loadDatatypeA	loadDatatypeA.mut2_case_eq
loadDatatypeA	loadDatatypeA.mut2_distinct
loadDatatypeA	loadDatatypeA.mut2_induction
loadDatatypeA	loadDatatypeA.mut2_nchotomy
loadDatatypeA	loadDatatypeA.num2enum_11
loadDatatypeA	loadDatatypeA.num2enum_ONTO
loadDatatypeA	loadDatatypeA.num2enum_enum2num
loadDatatypeA	loadDatatypeA.num2enum_thm
loadDatatypeA	loadDatatypeA.polyrec_11
loadDatatypeA	loadDatatypeA.polyrec_Axiom
loadDatatypeA	loadDatatypeA.polyrec_case_cong
loadDatatypeA	loadDatatypeA.polyrec_case_eq
loadDatatypeA	loadDatatypeA.polyrec_distinct
loadDatatypeA	loadDatatypeA.polyrec_induction
loadDatatypeA	loadDatatypeA.polyrec_nchotomy
loadDatatypeA	loadDatatypeA.polysimple_11
loadDatatypeA	loadDatatypeA.polysimple_Axiom
loadDatatypeA	loadDatatypeA.polysimple_case_cong
loadDatatypeA	loadDatatypeA.polysimple_case_eq
loadDatatypeA	loadDatatypeA.polysimple_distinct
loadDatatypeA	loadDatatypeA.polysimple_induction
loadDatatypeA	loadDatatypeA.polysimple_nchotomy
loadDatatypeA	loadDatatypeA.recursive_11
loadDatatypeA	loadDatatypeA.recursive_Axiom
loadDatatypeA	loadDatatypeA.recursive_case_cong
loadDatatypeA	loadDatatypeA.recursive_case_eq
loadDatatypeA	loadDatatypeA.recursive_distinct
loadDatatypeA	loadDatatypeA.recursive_induction
loadDatatypeA	loadDatatypeA.recursive_nchotomy
loadDatatypeA	loadDatatypeA.simple_11
loadDatatypeA	loadDatatypeA.simple_Axiom
loadDatatypeA	loadDatatypeA.simple_case_cong
loadDatatypeA	loadDatatypeA.simple_case_eq
loadDatatypeA	loadDatatypeA.simple_distinct
loadDatatypeA	loadDatatypeA.simple_induction
loadDatatypeA	loadDatatypeA.simple_nchotomy
loadDatatypeA	loadDatatypeA.simplenest_11
loadDatatypeA	loadDatatypeA.simplenest_Axiom
loadDatatypeA	loadDatatypeA.simplenest_case_cong
loadDatatypeA	loadDatatypeA.simplenest_case_eq
loadDatatypeA	loadDatatypeA.simplenest_distinct
loadDatatypeA	loadDatatypeA.simplenest_induction
loadDatatypeA	loadDatatypeA.simplenest_nchotomy
loadDatatypeA	loadDatatypeA.simpleref_11
loadDatatypeA	loadDatatypeA.simpleref_Axiom
loadDatatypeA	loadDatatypeA.simpleref_case_cong
loadDatatypeA	loadDatatypeA.simpleref_case_eq
loadDatatypeA	loadDatatypeA.simpleref_distinct
loadDatatypeA	loadDatatypeA.simpleref_induction
loadDatatypeA	loadDatatypeA.simpleref_nchotomy
loadDatatypeB	loadDatatypeB.T
logroot	logroot.EXP_EQ_SELF
logroot	logroot.EXP_LCANCEL
logroot	logroot.EXP_LE
logroot	logroot.EXP_LE_ISO
logroot	logroot.EXP_LE_LOG_SIMP
logroot	logroot.EXP_LT
logroot	logroot.EXP_LT_ISO
logroot	logroot.EXP_LT_LOG_SIMP
logroot	logroot.EXP_MUL
logroot	logroot.EXP_RCANCEL
logroot	logroot.EXP_TO_LOG
logroot	logroot.LE_EXP_ISO
logroot	logroot.LE_EXP_LOG_SIMP
logroot	logroot.LOG2_1
logroot	logroot.LOG2_2
logroot	logroot.LOG2_2_EXP
logroot	logroot.LOG2_EQ_0
logroot	logroot.LOG2_EQ_1
logroot	logroot.LOG2_EQ_SELF
logroot	logroot.LOG2_EXACT_EXP
logroot	logroot.LOG2_LE
logroot	logroot.LOG2_LE_MONO
logroot	logroot.LOG2_LT
logroot	logroot.LOG2_LT_SELF
logroot	logroot.LOG2_MULT_EXP
logroot	logroot.LOG2_NEQ_SELF
logroot	logroot.LOG2_POS
logroot	logroot.LOG2_PROPERTY
logroot	logroot.LOG2_SUC_SQ
logroot	logroot.LOG2_SUC_TWICE_SQ
logroot	logroot.LOG2_THM
logroot	logroot.LOG2_TWICE
logroot	logroot.LOG2_TWICE_LT
logroot	logroot.LOG2_TWICE_SQ
logroot	logroot.LOG2_UNIQUE
logroot	logroot.LOG_1
logroot	logroot.LOG_ADD
logroot	logroot.LOG_ADD1
logroot	logroot.LOG_BASE
logroot	logroot.LOG_DIV
logroot	logroot.LOG_EQ_0
logroot	logroot.LOG_EVAL
logroot	logroot.LOG_EXACT_EXP
logroot	logroot.LOG_EXP
logroot	logroot.LOG_LE_MONO
logroot	logroot.LOG_LE_REVERSE
logroot	logroot.LOG_MOD
logroot	logroot.LOG_MULT
logroot	logroot.LOG_NUMERAL
logroot	logroot.LOG_POW
logroot	logroot.LOG_POWER
logroot	logroot.LOG_ROOT
logroot	logroot.LOG_RWT
logroot	logroot.LOG_TEST
logroot	logroot.LOG_THM
logroot	logroot.LOG_UNIQUE
logroot	logroot.LOG_add_digit
logroot	logroot.LOG_exists
logroot	logroot.LT_EXP_ISO
logroot	logroot.LT_EXP_LOG
logroot	logroot.LT_EXP_LOG_SIMP
logroot	logroot.LT_SQRT_IMP
logroot	logroot.ONE_LE_EXP
logroot	logroot.ROOT_1
logroot	logroot.ROOT_COMPUTE
logroot	logroot.ROOT_DIV
logroot	logroot.ROOT_EQ_0
logroot	logroot.ROOT_EQ_1
logroot	logroot.ROOT_EQ_SELF
logroot	logroot.ROOT_EVAL
logroot	logroot.ROOT_EXP
logroot	logroot.ROOT_FROM_POWER
logroot	logroot.ROOT_GE_SELF
logroot	logroot.ROOT_LE_MONO
logroot	logroot.ROOT_LE_REVERSE
logroot	logroot.ROOT_LE_SELF
logroot	logroot.ROOT_OF_0
logroot	logroot.ROOT_OF_1
logroot	logroot.ROOT_POWER
logroot	logroot.ROOT_SUC
logroot	logroot.ROOT_THM
logroot	logroot.ROOT_UNIQUE
logroot	logroot.ROOT_exists
logroot	logroot.SQRT_0
logroot	logroot.SQRT_1
logroot	logroot.SQRT_EQ_0
logroot	logroot.SQRT_EQ_1
logroot	logroot.SQRT_EQ_SELF
logroot	logroot.SQRT_EXP_2
logroot	logroot.SQRT_GE_SELF
logroot	logroot.SQRT_LE
logroot	logroot.SQRT_LT
logroot	logroot.SQRT_LT_IMP
logroot	logroot.SQRT_LT_SQRT
logroot	logroot.SQRT_OF_SQ
logroot	logroot.SQRT_PROPERTY
logroot	logroot.SQRT_THM
logroot	logroot.SQRT_UNIQUE
logroot	logroot.TWO_EXP_LOG2_LE
logroot	logroot.numeral_root2
logroot	logroot.numeral_sqrt
ltree	ltree.Branch_11
ltree	ltree.IN_ltree_paths
ltree	ltree.NIL_IN_ltree_paths
ltree	ltree.datatype_ltree
ltree	ltree.datatype_rose_tree
ltree	ltree.finite_branching_cases
ltree	ltree.finite_branching_cases'
ltree	ltree.finite_branching_coind
ltree	ltree.finite_branching_coind'
ltree	ltree.finite_branching_ltree_el_cases
ltree	ltree.finite_branching_rewrite
ltree	ltree.finite_branching_rules
ltree	ltree.finite_branching_rules'
ltree	ltree.from_rose
ltree	ltree.from_rose_11
ltree	ltree.from_rose_def
ltree	ltree.from_rose_ind
ltree	ltree.gen_ltree
ltree	ltree.gen_ltree_LNIL
ltree	ltree.gen_ltree_unchanged
ltree	ltree.gen_ltree_unchanged_extra
ltree	ltree.ltree_CASE
ltree	ltree.ltree_CASE_cong
ltree	ltree.ltree_CASE_elim
ltree	ltree.ltree_CASE_eq
ltree	ltree.ltree_bisimulation
ltree	ltree.ltree_branching_CONS
ltree	ltree.ltree_branching_NIL
ltree	ltree.ltree_branching_alt_ltree_lookup
ltree	ltree.ltree_branching_ltree_paths
ltree	ltree.ltree_cases
ltree	ltree.ltree_children_def
ltree	ltree.ltree_children_ind
ltree	ltree.ltree_delete_CONS
ltree	ltree.ltree_delete_NIL
ltree	ltree.ltree_delete_path_stable
ltree	ltree.ltree_delete_paths
ltree	ltree.ltree_el
ltree	ltree.ltree_el_alt_ltree_lookup
ltree	ltree.ltree_el_def
ltree	ltree.ltree_el_eqv
ltree	ltree.ltree_el_ltree_delete
ltree	ltree.ltree_el_ltree_delete'
ltree	ltree.ltree_el_ltree_insert
ltree	ltree.ltree_el_ltree_insert'
ltree	ltree.ltree_el_valid
ltree	ltree.ltree_el_valid_inclusive
ltree	ltree.ltree_every_cases
ltree	ltree.ltree_every_coind
ltree	ltree.ltree_every_rewrite
ltree	ltree.ltree_every_rules
ltree	ltree.ltree_finite
ltree	ltree.ltree_finite_alt_ltree_paths
ltree	ltree.ltree_finite_by_unfolding
ltree	ltree.ltree_finite_by_unfolding'
ltree	ltree.ltree_finite_cases
ltree	ltree.ltree_finite_from_rose
ltree	ltree.ltree_finite_imp_finite_branching
ltree	ltree.ltree_finite_imp_finite_ltree_paths
ltree	ltree.ltree_finite_ind
ltree	ltree.ltree_finite_ltree_insert
ltree	ltree.ltree_finite_rules
ltree	ltree.ltree_finite_strongind
ltree	ltree.ltree_insert_CONS
ltree	ltree.ltree_insert_NIL
ltree	ltree.ltree_insert_delete
ltree	ltree.ltree_insert_delete'
ltree	ltree.ltree_insert_path_stable
ltree	ltree.ltree_insert_paths
ltree	ltree.ltree_lookup
ltree	ltree.ltree_lookup_SNOC
ltree	ltree.ltree_lookup_append
ltree	ltree.ltree_lookup_def
ltree	ltree.ltree_lookup_valid
ltree	ltree.ltree_lookup_valid_inclusive
ltree	ltree.ltree_map
ltree	ltree.ltree_map_id
ltree	ltree.ltree_map_map
ltree	ltree.ltree_node_children_reduce
ltree	ltree.ltree_node_def
ltree	ltree.ltree_node_ind
ltree	ltree.ltree_path_le_total
ltree	ltree.ltree_path_lt
ltree	ltree.ltree_path_lt_antisymmetric
ltree	ltree.ltree_path_lt_irreflexive
ltree	ltree.ltree_path_lt_sibling
ltree	ltree.ltree_path_lt_sibling'
ltree	ltree.ltree_path_lt_transitive
ltree	ltree.ltree_paths_alt_ltree_el
ltree	ltree.ltree_paths_inclusive
ltree	ltree.ltree_paths_map_cong
ltree	ltree.ltree_rel
ltree	ltree.ltree_rel_O
ltree	ltree.ltree_rel_eq
ltree	ltree.ltree_set
ltree	ltree.ltree_set_map
ltree	ltree.ltree_unfold
ltree	ltree.parent_inclusive_ltree_paths
ltree	ltree.parent_inclusive_union
ltree	ltree.path_index_in_paths
ltree	ltree.path_index_thm
ltree	ltree.rose_children_to_rose
ltree	ltree.rose_children_to_rose'
ltree	ltree.rose_node_to_rose
ltree	ltree.rose_reduce
ltree	ltree.rose_reduce_def
ltree	ltree.rose_reduce_ind
ltree	ltree.rose_tree_11
ltree	ltree.rose_tree_Axiom
ltree	ltree.rose_tree_case_cong
ltree	ltree.rose_tree_case_eq
ltree	ltree.rose_tree_induction
ltree	ltree.rose_tree_nchotomy
ltree	ltree.sibling_inclusive_ltree_paths
ltree	ltree.sibling_inclusive_union
ltree	ltree.subtrees
ltree	ltree.to_rose_thm
machine_ieee	machine_ieee.float_fp16_nchotomy
machine_ieee	machine_ieee.float_fp32_nchotomy
machine_ieee	machine_ieee.float_fp64_nchotomy
machine_ieee	machine_ieee.float_to_fp16_11
machine_ieee	machine_ieee.float_to_fp16_fp16_to_float
machine_ieee	machine_ieee.float_to_fp32_11
machine_ieee	machine_ieee.float_to_fp32_fp32_to_float
machine_ieee	machine_ieee.float_to_fp64_11
machine_ieee	machine_ieee.float_to_fp64_fp64_to_float
machine_ieee	machine_ieee.fp16_abs
machine_ieee	machine_ieee.fp16_add
machine_ieee	machine_ieee.fp16_add_with_flags
machine_ieee	machine_ieee.fp16_compare
machine_ieee	machine_ieee.fp16_div
machine_ieee	machine_ieee.fp16_div_with_flags
machine_ieee	machine_ieee.fp16_equal
machine_ieee	machine_ieee.fp16_greaterEqual
machine_ieee	machine_ieee.fp16_greaterThan
machine_ieee	machine_ieee.fp16_isFinite
machine_ieee	machine_ieee.fp16_isInfinite
machine_ieee	machine_ieee.fp16_isIntegral
machine_ieee	machine_ieee.fp16_isNan
machine_ieee	machine_ieee.fp16_isNormal
machine_ieee	machine_ieee.fp16_isSignallingNan
machine_ieee	machine_ieee.fp16_isSubnormal
machine_ieee	machine_ieee.fp16_isZero
machine_ieee	machine_ieee.fp16_lessEqual
machine_ieee	machine_ieee.fp16_lessThan
machine_ieee	machine_ieee.fp16_mul
machine_ieee	machine_ieee.fp16_mul_add
machine_ieee	machine_ieee.fp16_mul_add_with_flags
machine_ieee	machine_ieee.fp16_mul_sub
machine_ieee	machine_ieee.fp16_mul_sub_with_flags
machine_ieee	machine_ieee.fp16_mul_with_flags
machine_ieee	machine_ieee.fp16_nchotomy
machine_ieee	machine_ieee.fp16_negate
machine_ieee	machine_ieee.fp16_roundToIntegral
machine_ieee	machine_ieee.fp16_sqrt
machine_ieee	machine_ieee.fp16_sqrt_with_flags
machine_ieee	machine_ieee.fp16_sub
machine_ieee	machine_ieee.fp16_sub_with_flags
machine_ieee	machine_ieee.fp16_to_float_11
machine_ieee	machine_ieee.fp16_to_float_float_to_fp16
machine_ieee	machine_ieee.fp16_to_float_n2w
machine_ieee	machine_ieee.fp16_to_int
machine_ieee	machine_ieee.fp16_to_real
machine_ieee	machine_ieee.fp16_to_value
machine_ieee	machine_ieee.fp32_abs
machine_ieee	machine_ieee.fp32_add
machine_ieee	machine_ieee.fp32_add_with_flags
machine_ieee	machine_ieee.fp32_compare
machine_ieee	machine_ieee.fp32_div
machine_ieee	machine_ieee.fp32_div_with_flags
machine_ieee	machine_ieee.fp32_equal
machine_ieee	machine_ieee.fp32_greaterEqual
machine_ieee	machine_ieee.fp32_greaterThan
machine_ieee	machine_ieee.fp32_isFinite
machine_ieee	machine_ieee.fp32_isInfinite
machine_ieee	machine_ieee.fp32_isIntegral
machine_ieee	machine_ieee.fp32_isNan
machine_ieee	machine_ieee.fp32_isNormal
machine_ieee	machine_ieee.fp32_isSignallingNan
machine_ieee	machine_ieee.fp32_isSubnormal
machine_ieee	machine_ieee.fp32_isZero
machine_ieee	machine_ieee.fp32_lessEqual
machine_ieee	machine_ieee.fp32_lessThan
machine_ieee	machine_ieee.fp32_mul
machine_ieee	machine_ieee.fp32_mul_add
machine_ieee	machine_ieee.fp32_mul_add_with_flags
machine_ieee	machine_ieee.fp32_mul_sub
machine_ieee	machine_ieee.fp32_mul_sub_with_flags
machine_ieee	machine_ieee.fp32_mul_with_flags
machine_ieee	machine_ieee.fp32_nchotomy
machine_ieee	machine_ieee.fp32_negate
machine_ieee	machine_ieee.fp32_roundToIntegral
machine_ieee	machine_ieee.fp32_sqrt
machine_ieee	machine_ieee.fp32_sqrt_with_flags
machine_ieee	machine_ieee.fp32_sub
machine_ieee	machine_ieee.fp32_sub_with_flags
machine_ieee	machine_ieee.fp32_to_float_11
machine_ieee	machine_ieee.fp32_to_float_float_to_fp32
machine_ieee	machine_ieee.fp32_to_float_n2w
machine_ieee	machine_ieee.fp32_to_int
machine_ieee	machine_ieee.fp32_to_real
machine_ieee	machine_ieee.fp32_to_value
machine_ieee	machine_ieee.fp64_abs
machine_ieee	machine_ieee.fp64_add
machine_ieee	machine_ieee.fp64_add_with_flags
machine_ieee	machine_ieee.fp64_compare
machine_ieee	machine_ieee.fp64_div
machine_ieee	machine_ieee.fp64_div_with_flags
machine_ieee	machine_ieee.fp64_equal
machine_ieee	machine_ieee.fp64_greaterEqual
machine_ieee	machine_ieee.fp64_greaterThan
machine_ieee	machine_ieee.fp64_isFinite
machine_ieee	machine_ieee.fp64_isInfinite
machine_ieee	machine_ieee.fp64_isIntegral
machine_ieee	machine_ieee.fp64_isNan
machine_ieee	machine_ieee.fp64_isNormal
machine_ieee	machine_ieee.fp64_isSignallingNan
machine_ieee	machine_ieee.fp64_isSubnormal
machine_ieee	machine_ieee.fp64_isZero
machine_ieee	machine_ieee.fp64_lessEqual
machine_ieee	machine_ieee.fp64_lessThan
machine_ieee	machine_ieee.fp64_mul
machine_ieee	machine_ieee.fp64_mul_add
machine_ieee	machine_ieee.fp64_mul_add_with_flags
machine_ieee	machine_ieee.fp64_mul_sub
machine_ieee	machine_ieee.fp64_mul_sub_with_flags
machine_ieee	machine_ieee.fp64_mul_with_flags
machine_ieee	machine_ieee.fp64_nchotomy
machine_ieee	machine_ieee.fp64_negate
machine_ieee	machine_ieee.fp64_roundToIntegral
machine_ieee	machine_ieee.fp64_sqrt
machine_ieee	machine_ieee.fp64_sqrt_with_flags
machine_ieee	machine_ieee.fp64_sub
machine_ieee	machine_ieee.fp64_sub_with_flags
machine_ieee	machine_ieee.fp64_to_float_11
machine_ieee	machine_ieee.fp64_to_float_float_to_fp64
machine_ieee	machine_ieee.fp64_to_float_n2w
machine_ieee	machine_ieee.fp64_to_int
machine_ieee	machine_ieee.fp64_to_real
machine_ieee	machine_ieee.fp64_to_value
marker	marker.Abbrev_CONG
marker	marker.add_Case
marker	marker.elim_Case
marker	marker.hideCONG
marker	marker.move_left_conj
marker	marker.move_left_disj
marker	marker.move_right_conj
marker	marker.move_right_disj
martingale	martingale.CROSS_ALT
martingale	martingale.Cauchy_Schwarz_inequality
martingale	martingale.Cauchy_Schwarz_inequality'
martingale	martingale.EXISTENCE_OF_PROD_MEASURE
martingale	martingale.EXISTENCE_OF_PROD_MEASURE'
martingale	martingale.FCP_BIGUNION_CROSS
martingale	martingale.FCP_CROSS_BIGUNION
martingale	martingale.FCP_CROSS_DIFF
martingale	martingale.FCP_CROSS_DIFF'
martingale	martingale.FCP_INTER_CROSS
martingale	martingale.FCP_SUBSET_CROSS
martingale	martingale.FILTRATION
martingale	martingale.FILTRATION_BOUNDED
martingale	martingale.FILTRATION_MONO
martingale	martingale.FILTRATION_SUBSETS
martingale	martingale.FUBINI
martingale	martingale.FUBINI'
martingale	martingale.Fubini
martingale	martingale.Fubini'
martingale	martingale.Hoelder_inequality
martingale	martingale.Hoelder_inequality'
martingale	martingale.INDICATOR_FN_FCP_CROSS
martingale	martingale.INFTY_SIGMA_ALGEBRA_BOUNDED
martingale	martingale.INFTY_SIGMA_ALGEBRA_MAXIMAL
martingale	martingale.IN_FCP_CROSS
martingale	martingale.IN_FCP_PROD
martingale	martingale.IN_MEASURABLE_BOREL_FROM_PROD_SIGMA
martingale	martingale.IN_RN_deriv_property
martingale	martingale.IN_general_cross
martingale	martingale.IN_general_prod
martingale	martingale.L1_space_alt_integrable
martingale	martingale.L2_space_alt_integrable_square
martingale	martingale.MARTINGALE_EQ_SUB_SUPER
martingale	martingale.MEASURABLE_SPACE_PROD
martingale	martingale.Minkowski_inequality
martingale	martingale.Minkowski_inequality'
martingale	martingale.PROD_MEASURE_CROSS
martingale	martingale.PROD_SIGMA_OF_GENERATOR
martingale	martingale.RN_derivI
martingale	martingale.RN_deriv_1
martingale	martingale.RN_deriv_RN_deriv_property
martingale	martingale.RN_deriv_integral
martingale	martingale.RN_deriv_inv
martingale	martingale.RN_deriv_mul
martingale	martingale.RN_deriv_pos_fn_integral
martingale	martingale.RN_deriv_positive_integral
martingale	martingale.RN_deriv_property_1
martingale	martingale.RN_deriv_property_almost_RN_deriv
martingale	martingale.RN_deriv_property_almost_unique
martingale	martingale.RN_deriv_property_mul
martingale	martingale.RN_deriv_property_pos_fn_integral
martingale	martingale.RN_deriv_thm
martingale	martingale.RN_deriv_thm'
martingale	martingale.SIGMA_FINITE_FILTERED_MEASURE_SPACE
martingale	martingale.SPACE_PROD
martingale	martingale.SUB_SIGMA_ALGEBRA_ANTISYM
martingale	martingale.SUB_SIGMA_ALGEBRA_MEASURE_SPACE
martingale	martingale.SUB_SIGMA_ALGEBRA_ORDER
martingale	martingale.SUB_SIGMA_ALGEBRA_REFL
martingale	martingale.SUB_SIGMA_ALGEBRA_TRANS
martingale	martingale.TONELLI
martingale	martingale.UNIQUENESS_OF_PROD_MEASURE
martingale	martingale.UNIQUENESS_OF_PROD_MEASURE'
martingale	martingale.continuity_lemma
martingale	martingale.continuity_univ_lemma
martingale	martingale.density_RN_deriv
martingale	martingale.density_eq
martingale	martingale.density_of_pos_fn
martingale	martingale.differentiable_lemma
martingale	martingale.differentiable_lemma'
martingale	martingale.differentiable_univ_lemma
martingale	martingale.differentiable_univ_lemma'
martingale	martingale.exhausting_sequence_CROSS
martingale	martingale.exhausting_sequence_cross
martingale	martingale.exhausting_sequence_general_cross
martingale	martingale.existence_of_prod_measure
martingale	martingale.existence_of_prod_measure_general
martingale	martingale.fatou_lemma
martingale	martingale.fatou_lemma'
martingale	martingale.fcp_cross_UNIV
martingale	martingale.fcp_cross_alt
martingale	martingale.fcp_prod_alt
martingale	martingale.fcp_sigma_alt
martingale	martingale.filtration_from_measurable_functions
martingale	martingale.fubini_general
martingale	martingale.general_BIGUNION_CROSS
martingale	martingale.general_CROSS_BIGUNION
martingale	martingale.general_CROSS_DIFF
martingale	martingale.general_CROSS_DIFF'
martingale	martingale.general_INTER_CROSS
martingale	martingale.general_SUBSET_CROSS
martingale	martingale.general_cross_empty
martingale	martingale.general_cross_reduce
martingale	martingale.general_prod_measure_space_def
martingale	martingale.general_sigma_of_generator
martingale	martingale.indicator_fn_general_cross
martingale	martingale.integrable_AE_finite
martingale	martingale.integrable_add'
martingale	martingale.integrable_bounded_exists
martingale	martingale.integrable_cong_AE
martingale	martingale.integrable_cong_AE_alt
martingale	martingale.integrable_cong_measure
martingale	martingale.integrable_cong_measure'
martingale	martingale.integrable_eq_AE_alt
martingale	martingale.integrable_measurable
martingale	martingale.integrable_sub'
martingale	martingale.integrable_sum'
martingale	martingale.integral_add'
martingale	martingale.integral_add3
martingale	martingale.integral_cong_measure
martingale	martingale.integral_cong_measure'
martingale	martingale.integral_density
martingale	martingale.integral_disjoint_sets
martingale	martingale.integral_disjoint_sets_sum
martingale	martingale.integral_distr
martingale	martingale.integral_eq_0_imp_AE_0
martingale	martingale.integral_eq_imp_AE_eq
martingale	martingale.integral_mono_AE
martingale	martingale.integral_sub'
martingale	martingale.integral_sum'
martingale	martingale.lborel_2d_prod_measure
martingale	martingale.lebesgue_dominated_convergence
martingale	martingale.lebesgue_dominated_convergence'
martingale	martingale.lp_space_AE_normal
martingale	martingale.lp_space_add
martingale	martingale.lp_space_add_cmul
martingale	martingale.lp_space_alt_finite
martingale	martingale.lp_space_alt_finite'
martingale	martingale.lp_space_alt_infinite
martingale	martingale.lp_space_alt_seminorm
martingale	martingale.lp_space_cmul
martingale	martingale.lp_space_cong
martingale	martingale.lp_space_cong_AE
martingale	martingale.lp_space_sub
martingale	martingale.martingale_alt
martingale	martingale.martingale_alt_generator
martingale	martingale.measure_space_general_prod_measure
martingale	martingale.measure_space_prod_measure
martingale	martingale.pair_operation_CONS
martingale	martingale.pair_operation_FCP_CONCAT
martingale	martingale.pair_operation_pair
martingale	martingale.pos_fn_integrable_AE_finite
martingale	martingale.pos_fn_integral_add3
martingale	martingale.pos_fn_integral_cong'
martingale	martingale.pos_fn_integral_cong_measure
martingale	martingale.pos_fn_integral_cong_measure'
martingale	martingale.pos_fn_integral_density
martingale	martingale.pos_fn_integral_density_of
martingale	martingale.pos_fn_integral_density_of_reduce
martingale	martingale.pos_fn_integral_density_reduce
martingale	martingale.pos_fn_integral_distr
martingale	martingale.pos_fn_integral_distr_of
martingale	martingale.pos_fn_integral_eq_0_imp_AE_0
martingale	martingale.pos_fn_integral_exchange
martingale	martingale.prod_measure_space_alt
martingale	martingale.prod_measure_space_alt_general
martingale	martingale.prod_sets_alt
martingale	martingale.prod_sigma_alt
martingale	martingale.prod_sigma_of_generator
martingale	martingale.seminorm_cmul
martingale	martingale.seminorm_cong
martingale	martingale.seminorm_cong_AE
martingale	martingale.seminorm_eq_0
martingale	martingale.seminorm_infty
martingale	martingale.seminorm_infty_AE_bound
martingale	martingale.seminorm_infty_alt
martingale	martingale.seminorm_normal
martingale	martingale.seminorm_not_infty
martingale	martingale.seminorm_one
martingale	martingale.seminorm_pos
martingale	martingale.seminorm_powr
martingale	martingale.seminorm_two
martingale	martingale.seminorm_zero
martingale	martingale.sigma_algebra_general_sigma
martingale	martingale.sigma_algebra_prod_sigma
martingale	martingale.sigma_algebra_prod_sigma'
martingale	martingale.sigma_finite_filtered_measure_space_alt
martingale	martingale.sigma_finite_filtered_measure_space_alt_all
martingale	martingale.sub_martingale_alt
martingale	martingale.sub_martingale_alt_generator
martingale	martingale.super_martingale_alt
martingale	martingale.super_martingale_alt_generator
martingale	martingale.tonelli_general
martingale	martingale.uniqueness_of_prod_measure
martingale	martingale.uniqueness_of_prod_measure'
martingale	martingale.uniqueness_of_prod_measure_general
martingale	martingale.uniqueness_of_prod_measure_general'
measure	measure.ADDITIVE
measure	measure.ADDITIVE_INCREASING
measure	measure.ADDITIVE_SUM
measure	measure.ALGEBRA_COUNTABLY_ADDITIVE_ADDITIVE
measure	measure.ALGEBRA_PREMEASURE_ADDITIVE
measure	measure.ALGEBRA_PREMEASURE_COMPL
measure	measure.ALGEBRA_PREMEASURE_COUNTABLE_INCREASING
measure	measure.ALGEBRA_PREMEASURE_COUNTABLY_SUBADDITIVE
measure	measure.ALGEBRA_PREMEASURE_DIFF_SUBSET
measure	measure.ALGEBRA_PREMEASURE_FINITE_ADDITIVE
measure	measure.ALGEBRA_PREMEASURE_FINITE_SUBADDITIVE
measure	measure.ALGEBRA_PREMEASURE_INCREASING
measure	measure.ALGEBRA_PREMEASURE_STRONG_ADDITIVE
measure	measure.ALGEBRA_PREMEASURE_SUBADDITIVE
measure	measure.BIGUNION_IMAGE_Q
measure	measure.CARATHEODORY
measure	measure.CARATHEODORY_RING
measure	measure.CARATHEODORY_SEMIRING
measure	measure.COMPLETE_MEASURE_THM
measure	measure.COMPLETION_STABLE
measure	measure.COMPLETION_STABLE'
measure	measure.COMPLETION_SUBSET_SUBSETS
measure	measure.COUNTABLY_ADDITIVE
measure	measure.COUNTABLY_ADDITIVE_ADDITIVE
measure	measure.COUNTABLY_ADDITIVE_FINITE_ADDITIVE
measure	measure.COUNTABLY_SUBADDITIVE
measure	measure.COUNTABLY_SUBADDITIVE_FINITE_SUBADDITIVE
measure	measure.COUNTABLY_SUBADDITIVE_SUBADDITIVE
measure	measure.DYNKIN_SYSTEM_DIFF_SUBSET
measure	measure.DYNKIN_SYSTEM_PREMEASURE_ADDITIVE
measure	measure.DYNKIN_SYSTEM_PREMEASURE_FINITE_ADDITIVE
measure	measure.DYNKIN_SYSTEM_PREMEASURE_INCREASING
measure	measure.FINITE_ADDITIVE
measure	measure.FINITE_ADDITIVE_ALT
measure	measure.FINITE_IMP_SIGMA_FINITE
measure	measure.FINITE_SUBADDITIVE
measure	measure.FINITE_SUBADDITIVE_ALT
measure	measure.INCREASING
measure	measure.IN_MEASURE_PRESERVING
measure	measure.IN_NULL_SET
measure	measure.MEASURABLE_IF
measure	measure.MEASURABLE_IF_SET
measure	measure.MEASURABLE_POW_TO_POW
measure	measure.MEASURABLE_POW_TO_POW_IMAGE
measure	measure.MEASURABLE_RANGE_REDUCE
measure	measure.MEASURABLE_SETS_SUBSET_SPACE
measure	measure.MEASURE_ADDITIVE
measure	measure.MEASURE_ADD_ABSORB
measure	measure.MEASURE_COMPL
measure	measure.MEASURE_COMPL_SUBSET
measure	measure.MEASURE_COUNTABLE_INCREASING
measure	measure.MEASURE_COUNTABLY_ADDITIVE
measure	measure.MEASURE_COUNTABLY_SUBADDITIVE
measure	measure.MEASURE_DIFF_SUBSET
measure	measure.MEASURE_DOWN
measure	measure.MEASURE_EMPTY
measure	measure.MEASURE_EXTREAL_SUM_IMAGE
measure	measure.MEASURE_FINITE_ADDITIVE
measure	measure.MEASURE_INCREASING
measure	measure.MEASURE_POSITIVE
measure	measure.MEASURE_PRESERVING_LIFT
measure	measure.MEASURE_PRESERVING_SUBSET
measure	measure.MEASURE_PRESERVING_UP_LIFT
measure	measure.MEASURE_PRESERVING_UP_SIGMA
measure	measure.MEASURE_PRESERVING_UP_SUBSET
measure	measure.MEASURE_SPACE_ADDITIVE
measure	measure.MEASURE_SPACE_BIGINTER
measure	measure.MEASURE_SPACE_BIGUNION
measure	measure.MEASURE_SPACE_CMUL
measure	measure.MEASURE_SPACE_COMPL
measure	measure.MEASURE_SPACE_COUNTABLY_ADDITIVE
measure	measure.MEASURE_SPACE_COUNTABLY_SUBADDITIVE
measure	measure.MEASURE_SPACE_DIFF
measure	measure.MEASURE_SPACE_EMPTY_MEASURABLE
measure	measure.MEASURE_SPACE_FINITE_DIFF
measure	measure.MEASURE_SPACE_FINITE_DIFF_SUBSET
measure	measure.MEASURE_SPACE_FINITE_INTER
measure	measure.MEASURE_SPACE_FINITE_MEASURE
measure	measure.MEASURE_SPACE_FINITE_SUBADDITIVE
measure	measure.MEASURE_SPACE_FINITE_UNION
measure	measure.MEASURE_SPACE_INCREASING
measure	measure.MEASURE_SPACE_INTER
measure	measure.MEASURE_SPACE_IN_MSPACE
measure	measure.MEASURE_SPACE_MSPACE_MEASURABLE
measure	measure.MEASURE_SPACE_POSITIVE
measure	measure.MEASURE_SPACE_REDUCE
measure	measure.MEASURE_SPACE_RESTRICTED
measure	measure.MEASURE_SPACE_RESTRICTED_MEASURE
measure	measure.MEASURE_SPACE_RESTRICTION
measure	measure.MEASURE_SPACE_RESTRICTION'
measure	measure.MEASURE_SPACE_SIGMA_ALGEBRA
measure	measure.MEASURE_SPACE_SPACE
measure	measure.MEASURE_SPACE_STRONG_ADDITIVE
measure	measure.MEASURE_SPACE_SUBADDITIVE
measure	measure.MEASURE_SPACE_SUBSET
measure	measure.MEASURE_SPACE_SUBSET_MSPACE
measure	measure.MEASURE_SPACE_UNION
measure	measure.MEASURE_SUBADDITIVE
measure	measure.MEASURE_SUB_ABSORB
measure	measure.MONOTONE_CONVERGENCE
measure	measure.MONOTONE_CONVERGENCE2
measure	measure.MONOTONE_CONVERGENCE_BIGINTER
measure	measure.MONOTONE_CONVERGENCE_BIGINTER2
measure	measure.NULL_SET_BIGUNION
measure	measure.NULL_SET_BIGUNION'
measure	measure.NULL_SET_EMPTY
measure	measure.NULL_SET_INTER
measure	measure.NULL_SET_INTER'
measure	measure.NULL_SET_MONO
measure	measure.NULL_SET_THM
measure	measure.NULL_SET_UNION
measure	measure.NULL_SET_UNION'
measure	measure.OUTER_MEASURE_CONSTRUCTION
measure	measure.OUTER_MEASURE_SPACE_FINITE_SUBADDITIVE
measure	measure.OUTER_MEASURE_SPACE_POSITIVE
measure	measure.OUTER_MEASURE_SPACE_SUBADDITIVE
measure	measure.RING_ADDITIVE_EVERYTHING
measure	measure.RING_ADDITIVE_FINITE_ADDITIVE
measure	measure.RING_ADDITIVE_INCREASING
measure	measure.RING_ADDITIVE_STRONG_ADDITIVE
measure	measure.RING_ADDITIVE_SUBADDITIVE
measure	measure.RING_PREMEASURE_ADDITIVE
measure	measure.RING_PREMEASURE_COUNTABLE_INCREASING
measure	measure.RING_PREMEASURE_COUNTABLY_SUBADDITIVE
measure	measure.RING_PREMEASURE_DIFF_SUBSET
measure	measure.RING_PREMEASURE_FINITE_ADDITIVE
measure	measure.RING_PREMEASURE_FINITE_SUBADDITIVE
measure	measure.RING_PREMEASURE_INCREASING
measure	measure.RING_PREMEASURE_STRONG_ADDITIVE
measure	measure.RING_PREMEASURE_SUBADDITIVE
measure	measure.RING_SUBADDITIVE_FINITE_SUBADDITIVE
measure	measure.SEMIRING_FINITE_ADDITIVE_EXTENSION
measure	measure.SEMIRING_PREMEASURE_ADDITIVE
measure	measure.SEMIRING_PREMEASURE_EXTENSION
measure	measure.SEMIRING_PREMEASURE_FINITE_ADDITIVE
measure	measure.SEMIRING_PREMEASURE_INCREASING
measure	measure.SEMIRING_SIGMA_MONOTONE
measure	measure.SIGMA_ALGEBRA_COMPLETION
measure	measure.SIGMA_FINITE_ALT
measure	measure.SIGMA_FINITE_ALT2
measure	measure.SIGMA_SUBSET_MEASURABLE_SETS
measure	measure.STRONG_MEASURE_SPACE_SUBSET
measure	measure.SUBADDITIVE
measure	measure.UNIQUENESS_OF_MEASURE
measure	measure.UNIQUENESS_OF_MEASURE_FINITE
measure	measure.countable_covers_def
measure	measure.countably_additive_alt_eq
measure	measure.countably_additive_eq
measure	measure.countably_additive_eq_alt
measure	measure.ext_suminf_cmult_indicator
measure	measure.finite_additivity_sufficient_for_finite_spaces
measure	measure.finite_additivity_sufficient_for_finite_spaces2
measure	measure.finite_measure_space
measure	measure.finite_measure_space_thm
measure	measure.lemma_fn_1
measure	measure.lemma_fn_2
measure	measure.lemma_fn_3
measure	measure.lemma_fn_4
measure	measure.lemma_fn_seq_mono_increasing
measure	measure.lemma_fn_seq_positive
measure	measure.lemma_fn_seq_positive'
measure	measure.lemma_fn_seq_sup
measure	measure.lemma_fn_seq_upper_bounded
measure	measure.lemma_fn_seq_upper_bounded'
measure	measure.limsup_suminf_indicator_space
measure	measure.measure_absolutely_continuous_self
measure	measure.measure_absolutely_continuous_trans
measure	measure.measure_liminf
measure	measure.measure_limsup
measure	measure.measure_limsup_finite
measure	measure.measure_of_def
measure	measure.measure_of_eq
measure	measure.measure_of_eq'
measure	measure.measure_of_measure_space
measure	measure.measure_of_reduce
measure	measure.measure_restrict_space
measure	measure.measure_space_add
measure	measure.measure_space_add'
measure	measure.measure_space_alt_eq
measure	measure.measure_space_cmul
measure	measure.measure_space_cong
measure	measure.measure_space_dirac_measure
measure	measure.measure_space_eq
measure	measure.measure_space_eq'
measure	measure.measure_space_eq_comm
measure	measure.measure_space_eq_measure_of
measure	measure.measure_space_eq_measure_of'
measure	measure.measure_space_eq_sym_eq
measure	measure.measure_space_eq_trans
measure	measure.measure_space_measure_eq
measure	measure.measure_space_restrict_space
measure	measure.measure_space_sigma_sets_eq
measure	measure.measure_space_sum
measure	measure.measure_space_suminf
measure	measure.measure_space_trivial
measure	measure.measure_space_trivial'
measure	measure.measure_split
measure	measure.measure_subadditive_finite
measure	measure.null_sets
measure	measure.positive_alt_eq
measure	measure.positive_cong_eq
measure	measure.positive_eq_alt
measure	measure.positive_not_infty
measure	measure.restrict_space_SUBSET
measure	measure.restrict_space_def
measure	measure.sets_eq_imp_space_eq
measure	measure.sets_restrict_space
measure	measure.sigma_finite_alt
measure	measure.sigma_finite_alt_exhausting_sequence
measure	measure.sigma_finite_def
measure	measure.sigma_finite_disjoint
measure	measure.sigma_finite_has_exhausting_sequence
measure	measure.sigma_finite_measure_space_measure_space
measure	measure.sigma_finite_thm
measure	measure.space_restrict_space
measure	measure.space_restrict_space2
measure	measure.split_space_into_finite_sets_and_rest
mergeGrammarsA1	mergeGrammarsA1.a_theorem
mergeGrammarsA2	mergeGrammarsA2.a_theorem
mergeGrammarsB	mergeGrammarsB.my_theorem
mergeGrammarsC	mergeGrammarsC.true_dat
mergesort	mergesort.filter_merge
mergesort	mergesort.merge_def
mergesort	mergesort.merge_empty
mergesort	mergesort.merge_ind
mergesort	mergesort.merge_perm
mergesort	mergesort.merge_sorted
mergesort	mergesort.merge_stable
mergesort	mergesort.merge_tail_correct1
mergesort	mergesort.merge_tail_correct2
mergesort	mergesort.merge_tail_def
mergesort	mergesort.merge_tail_ind
mergesort	mergesort.mergesortN_correct
mergesort	mergesort.mergesortN_def
mergesort	mergesort.mergesortN_ind
mergesort	mergesort.mergesortN_perm
mergesort	mergesort.mergesortN_sorted
mergesort	mergesort.mergesortN_stable
mergesort	mergesort.mergesortN_tail_def
mergesort	mergesort.mergesortN_tail_ind
mergesort	mergesort.mergesort_STABLE_SORT
mergesort	mergesort.mergesort_mem
mergesort	mergesort.mergesort_perm
mergesort	mergesort.mergesort_sorted
mergesort	mergesort.mergesort_stable
mergesort	mergesort.mergesort_tail_correct
mergesort	mergesort.sort2_perm
mergesort	mergesort.sort2_sorted
mergesort	mergesort.sort2_stable
mergesort	mergesort.sort2_tail_correct
mergesort	mergesort.sort3_perm
mergesort	mergesort.sort3_sorted
mergesort	mergesort.sort3_stable
mergesort	mergesort.sort3_tail_correct
mergesort	mergesort.stable_cong
mergesort	mergesort.stable_trans
metric	metric.BALL_NEIGH
metric	metric.BALL_OPEN
metric	metric.CENTRE_IN_MBALL
metric	metric.CENTRE_IN_MBALL_EQ
metric	metric.CENTRE_IN_MCBALL
metric	metric.CENTRE_IN_MCBALL_EQ
metric	metric.CLOSED_IMP_FSIGMA_IN
metric	metric.CLOSED_IMP_GDELTA_IN
metric	metric.CLOSED_IN_MCBALL
metric	metric.CLOSED_IN_METRIC
metric	metric.CONTINUOUS_MAP_FROM_METRIC
metric	metric.CONTINUOUS_MAP_TO_METRIC
metric	metric.DIST_0
metric	metric.DIST_ADD
metric	metric.DIST_EQ
metric	metric.DIST_EQ_0
metric	metric.DIST_LE_0
metric	metric.DIST_MUL
metric	metric.DIST_NZ
metric	metric.DIST_POS_LE
metric	metric.DIST_POS_LT
metric	metric.DIST_REFL
metric	metric.DIST_SYM
metric	metric.DIST_TRIANGLE
metric	metric.DIST_TRIANGLE_ADD
metric	metric.DIST_TRIANGLE_ADD_HALF
metric	metric.DIST_TRIANGLE_ALT
metric	metric.DIST_TRIANGLE_HALF_L
metric	metric.DIST_TRIANGLE_HALF_R
metric	metric.DIST_TRIANGLE_LE
metric	metric.DIST_TRIANGLE_LT
metric	metric.EXISTS_METRIZABLE_SPACE
metric	metric.FORALL_METRIC_TOPOLOGY
metric	metric.FORALL_METRIZABLE_SPACE
metric	metric.FORALL_POS_MONO
metric	metric.FORALL_POS_MONO_1
metric	metric.FORALL_POS_MONO_1_EQ
metric	metric.FORALL_POS_MONO_EQ
metric	metric.FORALL_SUC
metric	metric.FSIGMA_IN_ASCENDING
metric	metric.FSIGMA_IN_DIFF
metric	metric.FSIGMA_IN_EMPTY
metric	metric.FSIGMA_IN_FSIGMA_SUBTOPOLOGY
metric	metric.FSIGMA_IN_GDELTA_IN
metric	metric.FSIGMA_IN_INTER
metric	metric.FSIGMA_IN_RELATIVE_TO
metric	metric.FSIGMA_IN_RELATIVE_TO_TOPSPACE
metric	metric.FSIGMA_IN_SUBSET
metric	metric.FSIGMA_IN_SUBTOPOLOGY
metric	metric.FSIGMA_IN_TOPSPACE
metric	metric.FSIGMA_IN_UNION
metric	metric.FSIGMA_IN_UNIONS
metric	metric.GDELTA_IN_ALT
metric	metric.GDELTA_IN_DESCENDING
metric	metric.GDELTA_IN_DIFF
metric	metric.GDELTA_IN_EMPTY
metric	metric.GDELTA_IN_FSIGMA_IN
metric	metric.GDELTA_IN_GDELTA_SUBTOPOLOGY
metric	metric.GDELTA_IN_INTER
metric	metric.GDELTA_IN_INTERS
metric	metric.GDELTA_IN_RELATIVE_TO
metric	metric.GDELTA_IN_SUBSET
metric	metric.GDELTA_IN_SUBTOPOLOGY
metric	metric.GDELTA_IN_TOPSPACE
metric	metric.GDELTA_IN_UNION
metric	metric.IN_MBALL
metric	metric.IN_MCBALL
metric	metric.ISMET_R1
metric	metric.ISMET_R2
metric	metric.IS_TOPOLOGY_METRIC_TOPOLOGY
metric	metric.Lipschitz_continuous_map_compose
metric	metric.Lipschitz_continuous_map_const
metric	metric.Lipschitz_continuous_map_def
metric	metric.Lipschitz_continuous_map_exists
metric	metric.Lipschitz_continuous_map_imp_continuous_map
metric	metric.Lipschitz_continuous_map_set_dist
metric	metric.MBALL_EMPTY
metric	metric.MBALL_SUBSET_MCBALL
metric	metric.MBALL_SUBSET_MSPACE
metric	metric.MCBALL_EMPTY
metric	metric.MCBALL_EMPTY_ALT
metric	metric.MCBALL_EQ_EMPTY
metric	metric.MCBALL_SING
metric	metric.MCBALL_SUBSET
metric	metric.MCBALL_SUBSET_CONCENTRIC
metric	metric.MCBALL_SUBSET_MSPACE
metric	metric.MCBALL_TRIVIAL
metric	metric.MDIST_EQ_0
metric	metric.MDIST_LE_0
metric	metric.MDIST_POS_EQ
metric	metric.MDIST_POS_LE
metric	metric.MDIST_POS_LT
metric	metric.MDIST_REFL
metric	metric.MDIST_SYM
metric	metric.MDIST_TRIANGLE
metric	metric.MDIST_TRIANGLE_SUB
metric	metric.METRIC_CONTINUOUS_MAP
metric	metric.METRIC_ISMET
metric	metric.METRIC_NZ
metric	metric.METRIC_POS
metric	metric.METRIC_SAME
metric	metric.METRIC_SYM
metric	metric.METRIC_TRIANGLE
metric	metric.METRIC_ZERO
metric	metric.METRIZABLE_SPACE_MTOPOLOGY
metric	metric.MR1_ADD
metric	metric.MR1_ADD_LT
metric	metric.MR1_ADD_POS
metric	metric.MR1_BETWEEN1
metric	metric.MR1_DEF
metric	metric.MR1_LIMPT
metric	metric.MR1_SUB
metric	metric.MR1_SUB_LE
metric	metric.MR1_SUB_LT
metric	metric.MR2_DEF
metric	metric.MR2_MIRROR
metric	metric.MSPACE
metric	metric.MTOP_LIMPT
metric	metric.MTOP_LIMPT'
metric	metric.MTOP_OPEN
metric	metric.MTOP_OPEN'
metric	metric.OPEN_IMP_FSIGMA_IN
metric	metric.OPEN_IMP_GDELTA_IN
metric	metric.OPEN_IN_MBALL
metric	metric.OPEN_IN_MTOPOLOGY
metric	metric.REAL_CHOOSE_DIST
metric	metric.REAL_LE_SET_DIST
metric	metric.REAL_LE_SET_DIST_EQ
metric	metric.REAL_SET_DIST_LT_EXISTS
metric	metric.SET_DIST_EMPTY
metric	metric.SET_DIST_EQ_0_CLOSED
metric	metric.SET_DIST_LE_DIST
metric	metric.SET_DIST_LE_SING
metric	metric.SET_DIST_LIPSCHITZ
metric	metric.SET_DIST_POS_LE
metric	metric.SET_DIST_REFL
metric	metric.SET_DIST_SINGS
metric	metric.SET_DIST_SING_IN_SET
metric	metric.SET_DIST_SUBSETS_EQ
metric	metric.SET_DIST_SUBSET_LEFT
metric	metric.SET_DIST_SUBSET_RIGHT
metric	metric.SET_DIST_SYM
metric	metric.SET_DIST_TRIANGLE
metric	metric.SET_DIST_UNIQUE
metric	metric.SET_DIST_UNIV
metric	metric.SET_DIST_ZERO
metric	metric.TOPSPACE_MTOP
metric	metric.TOPSPACE_MTOPOLOGY
metric	metric.bounded_metric_alt
metric	metric.bounded_metric_ismet
metric	metric.bounded_metric_lt_1
metric	metric.bounded_metric_thm
metric	metric.closed_in_set_mcball
metric	metric.dist
metric	metric.mball
metric	metric.mtop_istopology
metric	metric.mtopology
monofldA	monofldA.EXISTS_rcd
monofldA	monofldA.FORALL_rcd
monofldA	monofldA.datatype_rcd
monofldA	monofldA.rcd_11
monofldA	monofldA.rcd_Axiom
monofldA	monofldA.rcd_accessors
monofldA	monofldA.rcd_accfupds
monofldA	monofldA.rcd_case_cong
monofldA	monofldA.rcd_case_eq
monofldA	monofldA.rcd_component_equality
monofldA	monofldA.rcd_fn_updates
monofldA	monofldA.rcd_fupdcanon
monofldA	monofldA.rcd_fupdcanon_comp
monofldA	monofldA.rcd_fupdfupds
monofldA	monofldA.rcd_fupdfupds_comp
monofldA	monofldA.rcd_induction
monofldA	monofldA.rcd_literal_11
monofldA	monofldA.rcd_literal_nchotomy
monofldA	monofldA.rcd_nchotomy
monofldA	monofldA.rcd_updates_eq_literal
monofldB	monofldB.MFB
monoid	monoid.COMMUTING_GITBAG_INSERT
monoid	monoid.COMMUTING_GITSET_INSERT
monoid	monoid.COMMUTING_GITSET_RECURSES
monoid	monoid.COMMUTING_GITSET_REDUCTION
monoid	monoid.EXISTS_monoid
monoid	monoid.FORALL_monoid
monoid	monoid.FiniteAbelianMonoid_def_alt
monoid	monoid.GBAG_IMAGE_FILTER
monoid	monoid.GBAG_IMAGE_PARTITION
monoid	monoid.GBAG_INSERT
monoid	monoid.GBAG_PARTITION
monoid	monoid.GBAG_UNION
monoid	monoid.GBAG_in_carrier
monoid	monoid.GITBAG_BAG_IMAGE_op
monoid	monoid.GITBAG_CONG
monoid	monoid.GITBAG_EMPTY
monoid	monoid.GITBAG_GBAG
monoid	monoid.GITBAG_INSERT
monoid	monoid.GITBAG_INSERT_THM
monoid	monoid.GITBAG_THM
monoid	monoid.GITBAG_UNION
monoid	monoid.GITBAG_in_carrier
monoid	monoid.GITBAG_same_op
monoid	monoid.GITSET_EMPTY
monoid	monoid.GITSET_INSERT
monoid	monoid.GITSET_PROPERTY
monoid	monoid.GITSET_THM
monoid	monoid.GPROD_SET_EMPTY
monoid	monoid.GPROD_SET_PROPERTY
monoid	monoid.GPROD_SET_SING
monoid	monoid.GPROD_SET_THM
monoid	monoid.IMP_GBAG_EQ_EXP
monoid	monoid.IMP_GBAG_EQ_ID
monoid	monoid.Invertibles_carrier
monoid	monoid.Invertibles_order
monoid	monoid.Invertibles_property
monoid	monoid.Invertibles_subset
monoid	monoid.MonoidHomo_GBAG
monoid	monoid.SUBSET_COMMUTING_ITBAG_INSERT
monoid	monoid.abelian_monoid_op_closure_comm_assoc_fun
monoid	monoid.abelian_monoid_order_common
monoid	monoid.abelian_monoid_order_common_coprime
monoid	monoid.abelian_monoid_order_lcm
monoid	monoid.addition_monoid_abelian_monoid
monoid	monoid.addition_monoid_monoid
monoid	monoid.addition_monoid_property
monoid	monoid.datatype_monoid
monoid	monoid.extend_carrier
monoid	monoid.extend_id
monoid	monoid.extend_is_monoid
monoid	monoid.extend_op
monoid	monoid.finite_monoid_exp_not_distinct
monoid	monoid.homo_monoid_I
monoid	monoid.homo_monoid_abelian_monoid
monoid	monoid.homo_monoid_assoc
monoid	monoid.homo_monoid_by_inj
monoid	monoid.homo_monoid_closure
monoid	monoid.homo_monoid_comm
monoid	monoid.homo_monoid_element
monoid	monoid.homo_monoid_id
monoid	monoid.homo_monoid_id_property
monoid	monoid.homo_monoid_monoid
monoid	monoid.homo_monoid_op_inj
monoid	monoid.homo_monoid_property
monoid	monoid.image_op_inj
monoid	monoid.lists_monoid
monoid	monoid.maximal_order_alt
monoid	monoid.monoid_11
monoid	monoid.monoid_Axiom
monoid	monoid.monoid_accessors
monoid	monoid.monoid_accfupds
monoid	monoid.monoid_assoc
monoid	monoid.monoid_auto_I
monoid	monoid.monoid_auto_bij
monoid	monoid.monoid_auto_compose
monoid	monoid.monoid_auto_element
monoid	monoid.monoid_auto_exp
monoid	monoid.monoid_auto_id
monoid	monoid.monoid_auto_linv_auto
monoid	monoid.monoid_auto_order
monoid	monoid.monoid_carrier_nonempty
monoid	monoid.monoid_case_cong
monoid	monoid.monoid_case_eq
monoid	monoid.monoid_comm_exp
monoid	monoid.monoid_comm_exp_exp
monoid	monoid.monoid_comm_op_exp
monoid	monoid.monoid_component_equality
monoid	monoid.monoid_exp_0
monoid	monoid.monoid_exp_1
monoid	monoid.monoid_exp_SUC
monoid	monoid.monoid_exp_add
monoid	monoid.monoid_exp_comm
monoid	monoid.monoid_exp_element
monoid	monoid.monoid_exp_mod_order
monoid	monoid.monoid_exp_mult
monoid	monoid.monoid_exp_mult_comm
monoid	monoid.monoid_exp_suc
monoid	monoid.monoid_fn_updates
monoid	monoid.monoid_fupdcanon
monoid	monoid.monoid_fupdcanon_comp
monoid	monoid.monoid_fupdfupds
monoid	monoid.monoid_fupdfupds_comp
monoid	monoid.monoid_homo_I_refl
monoid	monoid.monoid_homo_compose
monoid	monoid.monoid_homo_cong
monoid	monoid.monoid_homo_element
monoid	monoid.monoid_homo_exp
monoid	monoid.monoid_homo_id
monoid	monoid.monoid_homo_sym
monoid	monoid.monoid_homo_sym_any
monoid	monoid.monoid_homo_trans
monoid	monoid.monoid_id
monoid	monoid.monoid_id_element
monoid	monoid.monoid_id_exp
monoid	monoid.monoid_id_id
monoid	monoid.monoid_id_invertible
monoid	monoid.monoid_id_unique
monoid	monoid.monoid_induction
monoid	monoid.monoid_inj_image_abelian_monoid
monoid	monoid.monoid_inj_image_monoid
monoid	monoid.monoid_inj_image_monoid_homo
monoid	monoid.monoid_intersect_element
monoid	monoid.monoid_intersect_id
monoid	monoid.monoid_intersect_property
monoid	monoid.monoid_inv_def_alt
monoid	monoid.monoid_inv_element
monoid	monoid.monoid_inv_from_invertibles
monoid	monoid.monoid_inv_invertible
monoid	monoid.monoid_inv_op_invertible
monoid	monoid.monoid_invertibles_element
monoid	monoid.monoid_invertibles_is_monoid
monoid	monoid.monoid_iso_I_refl
monoid	monoid.monoid_iso_bij
monoid	monoid.monoid_iso_card_eq
monoid	monoid.monoid_iso_compose
monoid	monoid.monoid_iso_element
monoid	monoid.monoid_iso_eq_id
monoid	monoid.monoid_iso_exp
monoid	monoid.monoid_iso_id
monoid	monoid.monoid_iso_linv_iso
monoid	monoid.monoid_iso_monoid
monoid	monoid.monoid_iso_order
monoid	monoid.monoid_iso_property
monoid	monoid.monoid_iso_sym
monoid	monoid.monoid_iso_trans
monoid	monoid.monoid_lid
monoid	monoid.monoid_lid_unique
monoid	monoid.monoid_literal_11
monoid	monoid.monoid_literal_nchotomy
monoid	monoid.monoid_nchotomy
monoid	monoid.monoid_op_element
monoid	monoid.monoid_order_cofactor
monoid	monoid.monoid_order_common
monoid	monoid.monoid_order_common_coprime
monoid	monoid.monoid_order_condition
monoid	monoid.monoid_order_divides_exp
monoid	monoid.monoid_order_divides_maximal
monoid	monoid.monoid_order_divisor
monoid	monoid.monoid_order_eq_1
monoid	monoid.monoid_order_id
monoid	monoid.monoid_order_nonzero
monoid	monoid.monoid_order_power
monoid	monoid.monoid_order_power_coprime
monoid	monoid.monoid_order_power_eq_0
monoid	monoid.monoid_order_power_eqn
monoid	monoid.monoid_rid
monoid	monoid.monoid_rid_unique
monoid	monoid.monoid_updates_eq_literal
monoid	monoid.monoid_weak_iso_id
monoid	monoid.multiplication_monoid_abelian_monoid
monoid	monoid.multiplication_monoid_monoid
monoid	monoid.multiplication_monoid_property
monoid	monoid.order_alt
monoid	monoid.order_eq_0
monoid	monoid.order_minimal
monoid	monoid.order_period
monoid	monoid.order_property
monoid	monoid.order_thm
monoid	monoid.orders_element
monoid	monoid.orders_eq_1
monoid	monoid.orders_finite
monoid	monoid.orders_subset
monoid	monoid.plus_mod_abelian_monoid
monoid	monoid.plus_mod_exp
monoid	monoid.plus_mod_finite
monoid	monoid.plus_mod_finite_abelian_monoid
monoid	monoid.plus_mod_finite_monoid
monoid	monoid.plus_mod_monoid
monoid	monoid.plus_mod_property
monoid	monoid.power_monoid_abelian_monoid
monoid	monoid.power_monoid_monoid
monoid	monoid.power_monoid_property
monoid	monoid.power_to_addition_homo
monoid	monoid.power_to_addition_iso
monoid	monoid.set_inter_abelian_monoid
monoid	monoid.set_inter_monoid
monoid	monoid.set_union_abelian_monoid
monoid	monoid.set_union_monoid
monoid	monoid.submonoid_I_antisym
monoid	monoid.submonoid_alt
monoid	monoid.submonoid_antisymmetric
monoid	monoid.submonoid_big_intersect_element
monoid	monoid.submonoid_big_intersect_has_id
monoid	monoid.submonoid_big_intersect_monoid
monoid	monoid.submonoid_big_intersect_op_element
monoid	monoid.submonoid_big_intersect_property
monoid	monoid.submonoid_big_intersect_submonoid
monoid	monoid.submonoid_big_intersect_subset
monoid	monoid.submonoid_carrier_antisym
monoid	monoid.submonoid_carrier_subset
monoid	monoid.submonoid_element
monoid	monoid.submonoid_eqn
monoid	monoid.submonoid_exp
monoid	monoid.submonoid_homo_homo
monoid	monoid.submonoid_homomorphism
monoid	monoid.submonoid_id
monoid	monoid.submonoid_intersect_monoid
monoid	monoid.submonoid_intersect_property
monoid	monoid.submonoid_intersect_submonoid
monoid	monoid.submonoid_monoid
monoid	monoid.submonoid_op
monoid	monoid.submonoid_order
monoid	monoid.submonoid_order_eqn
monoid	monoid.submonoid_property
monoid	monoid.submonoid_refl
monoid	monoid.submonoid_reflexive
monoid	monoid.submonoid_subset
monoid	monoid.submonoid_trans
monoid	monoid.submonoid_transitive
monoid	monoid.times_mod_abelian_monoid
monoid	monoid.times_mod_eval
monoid	monoid.times_mod_exp
monoid	monoid.times_mod_finite
monoid	monoid.times_mod_finite_abelian_monoid
monoid	monoid.times_mod_finite_monoid
monoid	monoid.times_mod_monoid
monoid	monoid.times_mod_property
monoid	monoid.trivial_monoid
ndatatype_ind0	ndatatype_ind0.OK0
ndatatype_ind0	ndatatype_ind0.OK1
ndatatype_ind0	ndatatype_ind0.OK2
ndatatype_ind0	ndatatype_ind0.OK3
nets	nets.ALWAYS_EVENTUALLY
nets	nets.AT
nets	nets.ATPOINTOF
nets	nets.ATPOINTOF_WITHIN_TOPSPACE
nets	nets.AT_INFINITY
nets	nets.AT_NEGINFINITY
nets	nets.AT_POSINFINITY
nets	nets.DORDER_LEMMA
nets	nets.DORDER_NET
nets	nets.DORDER_NGE
nets	nets.DORDER_TENDSTO
nets	nets.EMPTY_NOTIN_NETFILTER
nets	nets.EVENTUALLY_AND
nets	nets.EVENTUALLY_AT_INFINITY
nets	nets.EVENTUALLY_AT_INFINITY_POS
nets	nets.EVENTUALLY_AT_NEGINFINITY
nets	nets.EVENTUALLY_AT_POSINFINITY
nets	nets.EVENTUALLY_FALSE
nets	nets.EVENTUALLY_FORALL
nets	nets.EVENTUALLY_HAPPENS
nets	nets.EVENTUALLY_MONO
nets	nets.EVENTUALLY_MP
nets	nets.EVENTUALLY_SEQUENTIALLY
nets	nets.EVENTUALLY_TRUE
nets	nets.FORALL_EVENTUALLY
nets	nets.IN_DIRECTION
nets	nets.LIM_TENDS
nets	nets.LIM_TENDS2
nets	nets.MONO_FORALL
nets	nets.MR1_BOUNDED
nets	nets.MTOP_TENDS
nets	nets.MTOP_TENDS_UNIQ
nets	nets.NET
nets	nets.NETFILTER
nets	nets.NETFILTER_AT
nets	nets.NETFILTER_ATPOINTOF
nets	nets.NETFILTER_AT_INFINITY
nets	nets.NETFILTER_AT_NEGINFINITY
nets	nets.NETFILTER_AT_POSINFINITY
nets	nets.NETFILTER_SEQUENTIALLY
nets	nets.NETFILTER_WITHIN
nets	nets.NETLIMITS_AT
nets	nets.NETLIMITS_ATPOINTOF
nets	nets.NETLIMITS_ATPOINTOF_WITHIN
nets	nets.NETLIMITS_AT_INFINITY
nets	nets.NETLIMITS_AT_NEGINFINITY
nets	nets.NETLIMITS_AT_POSINFINITY
nets	nets.NETLIMITS_AT_WITHIN
nets	nets.NETLIMITS_SEQUENTIALLY
nets	nets.NETLIMITS_WITHIN
nets	nets.NETLIMIT_AT
nets	nets.NETLIMIT_ATPOINTOF
nets	nets.NETLIMIT_WITHIN
nets	nets.NETLIMIT_WITHIN_NEW
nets	nets.NET_ABS
nets	nets.NET_ADD
nets	nets.NET_CONDITION_AT
nets	nets.NET_CONDITION_ATPOINTOF
nets	nets.NET_CONDITION_MONO
nets	nets.NET_CONDITION_UNION
nets	nets.NET_CONDITION_UNIV
nets	nets.NET_CONV_BOUNDED
nets	nets.NET_CONV_IBOUNDED
nets	nets.NET_CONV_NZ
nets	nets.NET_DILEMMA
nets	nets.NET_DIV
nets	nets.NET_INV
nets	nets.NET_LE
nets	nets.NET_MUL
nets	nets.NET_NEG
nets	nets.NET_NULL
nets	nets.NET_NULL_ADD
nets	nets.NET_NULL_CMUL
nets	nets.NET_NULL_MUL
nets	nets.NET_SUB
nets	nets.NET_WITHIN_UNIV
nets	nets.NONTRIVIAL_LIMIT_WITHIN
nets	nets.NOT_EVENTUALLY
nets	nets.OLDNET
nets	nets.REAL_HALF
nets	nets.SEQUENTIALLY
nets	nets.SEQ_TENDS
nets	nets.TRIVIAL_LIMIT_AT_INFINITY
nets	nets.TRIVIAL_LIMIT_AT_NEGINFINITY
nets	nets.TRIVIAL_LIMIT_AT_POSINFINITY
nets	nets.TRIVIAL_LIMIT_SEQUENTIALLY
nets	nets.WITHIN
nets	nets.WITHIN_UNIV
nets	nets.WITHIN_WITHIN
nets	nets.at
nets	nets.at_def
nets	nets.atpointof
nets	nets.limit_alt_tends
nets	nets.net_tybij
nets	nets.netlimit
nets	nets.tends_imp_limit
nets	nets.tendsto_alt_atpointof
nets	nets.tendsto_mr1
nlist	nlist.LENGTH_nfront
nlist	nlist.MEM_listOfN_LESS
nlist	nlist.listOfN_EQ_CONS
nlist	nlist.listOfN_EQ_NIL
nlist	nlist.listOfN_INJ
nlist	nlist.listOfN_SURJ
nlist	nlist.listOfN_ncons
nlist	nlist.listOfN_nlist
nlist	nlist.listOfN_zero
nlist	nlist.lt_ncons1
nlist	nlist.lt_ncons2
nlist	nlist.napp_ndrop_l1_empty
nlist	nlist.napp_nsnoc_lt
nlist	nlist.napp_sing_eq
nlist	nlist.ncons_11
nlist	nlist.ncons_nhd_ntl
nlist	nlist.ncons_not_nnil
nlist	nlist.ncons_x_0_LENGTH_1
nlist	nlist.ndrop_SUC
nlist	nlist.ndrop_nsingl
nlist	nlist.nel0_ncons
nlist	nlist.nel_SUC_CONS
nlist	nlist.nel_correct
nlist	nlist.nel_eq_nlist
nlist	nlist.nel_napp
nlist	nlist.nel_napp2
nlist	nlist.nel_ncons_nonzero
nlist	nlist.nel_nfront
nlist	nlist.nel_nhd
nlist	nlist.nel_nnil
nlist	nlist.nfront_napp_sing
nlist	nlist.nfront_nnil
nlist	nlist.nfront_nsingl
nlist	nlist.nfront_thm
nlist	nlist.nhd0
nlist	nlist.nhd_napp
nlist	nlist.nhd_nfront
nlist	nlist.nhd_thm
nlist	nlist.nlast_napp
nlist	nlist.nlast_ncons
nlist	nlist.nlast_nel
nlist	nlist.nlast_nnil
nlist	nlist.nlist_cases
nlist	nlist.nlist_ind
nlist	nlist.nlist_listOfN
nlist	nlist.nlist_of_EQ0
nlist	nlist.nlist_of_INJ
nlist	nlist.nlist_of_SURJ
nlist	nlist.nlistrec_def
nlist	nlist.nlistrec_ind
nlist	nlist.nlistrec_thm
nlist	nlist.nsnoc_cases
nlist	nlist.ntl_DROP
nlist	nlist.ntl_LE
nlist	nlist.ntl_LT
nlist	nlist.ntl_ndrop
nlist	nlist.ntl_nonzero_LESS
nlist	nlist.ntl_thm
nlist	nlist.ntl_zero
nlist	nlist.ntl_zero_empty_OR_ncons
normalForms	normalForms.EXT_POINT
normalForms	normalForms.UNIV_POINT
normalizer	normalizer.DIVMOD_ELIM_THM''
normalizer	normalizer.NOT_EVEN
normalizer	normalizer.NOT_ODD
normalizer	normalizer.NUM_INTEGRAL
normalizer	normalizer.NUM_INTEGRAL_LEMMA
normalizer	normalizer.NUM_NORMALIZE_CONV_sth
normalizer	normalizer.NUM_SIMPLIFY_CONV_pth_evenodd
normalizer	normalizer.PRE_ELIM_THM''
normalizer	normalizer.RING_FINAL_pth
normalizer	normalizer.RING_pth_step
normalizer	normalizer.SEMIRING_PTHS
normalizer	normalizer.SUB_ELIM_THM''
num	num.INDUCTION
num	num.INV_SUC
num	num.NOT_SUC
number	number.ADD_EQ_2
number	number.ADD_SUB_SUB
number	number.ALL_PRIME_FACTORS_MOD_EQ_1
number	number.AND_IMP_IMP
number	number.AND_IMP_OR_NEG
number	number.BIGUNION_ELEMENTS_SING
number	number.BIJ_LINV_ELEMENT
number	number.BIJ_LINV_THM
number	number.BIJ_RINV_BIJ
number	number.BIJ_RINV_INV
number	number.BOOL_EQ
number	number.CARD_BIGUNION_PAIR_DISJOINT
number	number.CARD_EQ_1
number	number.CARD_PPOW
number	number.CARD_PPOW_EQN
number	number.CARD_UNION_3_DISJOINT
number	number.CARD_UNION_3_EQN
number	number.COUNT_0
number	number.COUNT_1
number	number.COUNT_NOT_SELF
number	number.COUNT_SUBSET
number	number.COUNT_SUC_BY_SUC
number	number.COUNT_SUC_SUBSET
number	number.DIFF_COUNT_SUC
number	number.DIFF_DELETE
number	number.DIFF_DIFF_EQ_INTER
number	number.DISJOINT_DIFF
number	number.DISJOINT_DIFF_IFF
number	number.DIVIDES_CANCEL
number	number.DIVIDES_CANCEL_COMM
number	number.DIVIDES_COFACTOR
number	number.DIVIDES_FACTORS
number	number.DIVIDES_MOD_MOD
number	number.DIVIDES_MULTIPLE_IFF
number	number.DIV_COMMON_FACTOR
number	number.DIV_DIV_MULT
number	number.DIV_LT_MONOTONE_REVERSE
number	number.DIV_LT_SUC
number	number.DIV_MULT_LESS_EQ
number	number.EQ_IMP2_THM
number	number.EQ_PARITY
number	number.EVEN_0
number	number.EVEN_2
number	number.EVEN_HALF
number	number.EVEN_MOD_EVEN
number	number.EVEN_MOD_ODD
number	number.EVEN_ODD_PRE
number	number.EVEN_ODD_SUC
number	number.EVEN_PARTNERS
number	number.EVEN_PRIME
number	number.EVEN_SQ
number	number.EVEN_SUC_HALF
number	number.EXP_2_EQ_0
number	number.EXP_2_EVEN
number	number.EXP_2_HALF
number	number.EXP_2_PRE_ODD
number	number.EXP_ALT_EQN
number	number.EXP_BY_ADD_SUB_LE
number	number.EXP_BY_ADD_SUB_LT
number	number.EXP_EQN
number	number.EXP_EQN_ALT
number	number.EXP_EVEN
number	number.EXP_EXP_BASE_LE
number	number.EXP_EXP_LE_MONO_IMP
number	number.EXP_EXP_SUC
number	number.EXP_LOWER_LE_HIGH
number	number.EXP_LOWER_LE_LOW
number	number.EXP_LOWER_LT_LOW
number	number.EXP_MOD_ALT
number	number.EXP_MOD_EQN
number	number.EXP_ODD
number	number.EXP_SUC_DIV
number	number.EXP_THM
number	number.Euler_0
number	number.Euler_1
number	number.Euler_card_bounds
number	number.Euler_card_prime
number	number.Euler_card_upper_le
number	number.Euler_card_upper_lt
number	number.Euler_element
number	number.Euler_empty
number	number.Euler_finite
number	number.Euler_has_1
number	number.Euler_nonempty
number	number.Euler_prime
number	number.Euler_thm
number	number.FACTOR_OUT_POWER
number	number.FACTOR_OUT_PRIME
number	number.FACT_EQ_PROD
number	number.FACT_REDUCTION
number	number.FILTER_element_order
number	number.FINITE_BIJ_COUNT_CARD
number	number.FINITE_COUNT_IMAGE
number	number.FINITE_INJ_AS_SURJ
number	number.FINITE_INJ_IS_BIJ
number	number.FINITE_INJ_IS_SURJ
number	number.FINITE_PPOW
number	number.FINITE_SURJ_IS_INJ
number	number.FIVE
number	number.FOUR
number	number.FUNPOW_ADD1
number	number.FUNPOW_DIV
number	number.FUNPOW_EQ_LINV
number	number.FUNPOW_GE_MONO
number	number.FUNPOW_LE_FALLING
number	number.FUNPOW_LE_MONO
number	number.FUNPOW_LE_RISING
number	number.FUNPOW_LINV_EQ
number	number.FUNPOW_LINV_INV
number	number.FUNPOW_LINV_SUB1
number	number.FUNPOW_LINV_SUB2
number	number.FUNPOW_LINV_closure
number	number.FUNPOW_LINV_permutes
number	number.FUNPOW_MAX
number	number.FUNPOW_MIN
number	number.FUNPOW_MOD
number	number.FUNPOW_MUL
number	number.FUNPOW_MULTIPLE
number	number.FUNPOW_PAIR
number	number.FUNPOW_SQ
number	number.FUNPOW_SQ_MOD
number	number.FUNPOW_SUB1
number	number.FUNPOW_SUB_LINV1
number	number.FUNPOW_SUB_LINV2
number	number.FUNPOW_TRIPLE
number	number.FUNPOW_closure
number	number.FUNPOW_permutes
number	number.GCD_MOD_MULT_INV
number	number.GCD_SUB_MULTIPLE
number	number.GCD_SUB_MULTIPLE_COMM
number	number.HALF_ADD1_LE
number	number.HALF_ADD1_LT
number	number.HALF_DIV_TWO_POWER
number	number.HALF_EQ_0
number	number.HALF_EQ_SELF
number	number.HALF_EVEN_LE
number	number.HALF_EXP_5
number	number.HALF_LE
number	number.HALF_LE_MONO
number	number.HALF_LT
number	number.HALF_MULT
number	number.HALF_MULT_EVEN
number	number.HALF_ODD_LT
number	number.HALF_SQ_LE
number	number.HALF_SUC
number	number.HALF_SUC_LE
number	number.HALF_SUC_SUC
number	number.HALF_TWICE
number	number.IMAGE_COUNT_SUC
number	number.IMAGE_COUNT_SUC_BY_SUC
number	number.IMAGE_DIFF
number	number.IMAGE_ELEMENT_CONDITION
number	number.IMAGE_K
number	number.IMAGE_SUBSET_TARGET
number	number.INJ_CARD_IMAGE_EQN
number	number.INJ_IMAGE_BIJ_ALT
number	number.INJ_UNIV
number	number.INSERT_DELETE_COMM
number	number.INSERT_DELETE_NON_ELEMENT
number	number.INSERT_SUBSET_SUBSET
number	number.INTER_DIFF
number	number.IN_PPOW
number	number.IN_SING_OR_EMPTY
number	number.LCM_EXCHANGE
number	number.LESS_HALF_IFF
number	number.LESS_SUC
number	number.LE_IMP_REVERSE_LT
number	number.LE_MONO_ADD2
number	number.LE_MONO_MULT2
number	number.LE_MULT_LCANCEL_IMP
number	number.LE_ONE
number	number.LE_TWICE_ALT
number	number.LINV_SUBSET
number	number.LINV_permutes
number	number.LT_MONO_ADD2
number	number.LT_MONO_MULT2
number	number.MAX_1_EXP
number	number.MAX_1_POS
number	number.MAX_ADD
number	number.MAX_ALT
number	number.MAX_ID
number	number.MAX_IS_MAX
number	number.MAX_LESS
number	number.MAX_LE_PAIR
number	number.MAX_LE_SUM
number	number.MAX_SET_DELETE
number	number.MAX_SET_IMAGE_SUC_COUNT
number	number.MAX_SET_IMAGE_with_DEC
number	number.MAX_SET_IMAGE_with_DIV
number	number.MAX_SET_IMAGE_with_HALF
number	number.MAX_SUC
number	number.MAX_SWAP
number	number.MIN_1_EXP
number	number.MIN_1_POS
number	number.MIN_ADD
number	number.MIN_ALT
number	number.MIN_ID
number	number.MIN_IS_MIN
number	number.MIN_LE_PAIR
number	number.MIN_LE_SUM
number	number.MIN_SUC
number	number.MIN_SWAP
number	number.MOD_MULT_INV_EXISTS
number	number.MOD_MULT_LCANCEL
number	number.MOD_MULT_RCANCEL
number	number.MOD_SUC_EQN
number	number.MONOTONE_MAX
number	number.MORE_HALF_IMP
number	number.MULT3_EQ_0
number	number.MULT3_EQ_1
number	number.MULTIPLE_INTERVAL
number	number.MULTIPLE_SUC_LE
number	number.MULTIPLY_DIV
number	number.MULT_EQ_LESS_TO_MORE
number	number.MULT_EVEN
number	number.MULT_LE_IMP_LE
number	number.MULT_LT_IMP_LT
number	number.MULT_ODD
number	number.NOT_LT_ONE
number	number.NOT_PRIME_4
number	number.NOT_ZERO_GE_ONE
number	number.ODD_1
number	number.ODD_EXP
number	number.ODD_HALF
number	number.ODD_MOD2
number	number.ODD_PRIME
number	number.ODD_SQ
number	number.ODD_SUC_HALF
number	number.ONE_LT_HALF_SQ
number	number.ONE_LT_NONZERO
number	number.ONE_LT_POS
number	number.ONE_NOT_0
number	number.ONE_NOT_ZERO
number	number.OR_IMP_IMP
number	number.POWER_EQ_SELF
number	number.PRE_LESS
number	number.PRIME_EXP_FACTOR
number	number.PRIME_FACTOR_PROPER
number	number.PROD_SET_DIVISORS
number	number.PROD_SET_ELEMENT_DIVIDES
number	number.PROD_SET_EUCLID
number	number.PROD_SET_IMAGE_EQN
number	number.PROD_SET_IMAGE_EXP
number	number.PROD_SET_IMAGE_EXP_NONZERO
number	number.PROD_SET_LESS
number	number.PROD_SET_LESS_EQ
number	number.PROD_SET_LESS_SUC
number	number.PROD_SET_LE_CONSTANT
number	number.PROD_SET_NONZERO
number	number.PROD_SET_PRODUCT_BY_PARTITION
number	number.PROD_SET_PRODUCT_GE_CONSTANT
number	number.PROD_SET_SING
number	number.PUSH_IN_INTO_IF
number	number.SELF_LE_SQ
number	number.SET_EQ_BY_DIFF
number	number.SIGMA_CARD_FACTOR
number	number.SING_SUBSET
number	number.SPLIT_BY_SUBSET
number	number.SPLIT_CARD
number	number.SPLIT_EMPTY
number	number.SPLIT_EQ
number	number.SPLIT_EQ_DIFF
number	number.SPLIT_FINITE
number	number.SPLIT_SING
number	number.SPLIT_SUBSETS
number	number.SPLIT_SYM
number	number.SPLIT_SYM_IMP
number	number.SPLIT_UNION
number	number.SQ_0
number	number.SQ_EQ_0
number	number.SQ_EQ_1
number	number.SQ_EQ_SELF
number	number.SQ_LE
number	number.SUBSET_CARD_EQ
number	number.SUBSET_DIFF_CARD
number	number.SUBSET_DIFF_DIFF
number	number.SUBSET_DIFF_EQ
number	number.SUBSET_INSERT_BOTH
number	number.SUBSET_INTER_SUBSET
number	number.SUBSET_SING_IFF
number	number.SUB_DIV_EQN
number	number.SUB_EQ_ADD
number	number.SUB_MOD_EQN
number	number.SUB_SUB_SUB
number	number.SUC_ADD_SUC
number	number.SUC_EQ
number	number.SUC_EXISTS
number	number.SUC_MAX
number	number.SUC_MIN
number	number.SUC_MULT_SUC
number	number.SUC_SQ
number	number.SUC_X_LT_2_EXP_X
number	number.SUM_IMAGE_AS_SUM_SET
number	number.SUM_IMAGE_DOUBLET
number	number.SUM_IMAGE_PSUBSET_LT
number	number.SUM_IMAGE_TRIPLET
number	number.SUM_LE_PRODUCT
number	number.SUM_SET_COUNT
number	number.SUM_SET_IMAGE_EQN
number	number.SURJ_CARD_IMAGE
number	number.THREE
number	number.TWICE_EQ_0
number	number.TWO_HALF_LE_THM
number	number.TWO_HALF_TIMES_LE
number	number.TWO_LE_PRIME
number	number.UNION_DIFF_EQ_UNION
number	number.ZERO_LE_ALL
number	number.binomial_2
number	number.binomial_add
number	number.binomial_means
number	number.binomial_sub
number	number.binomial_sub_add
number	number.binomial_sub_sum
number	number.card_eq_sigma_card
number	number.card_le_sigma_card
number	number.card_mod_image
number	number.card_mod_image_nonzero
number	number.coprime_all_le_imp_lt
number	number.coprime_by_le_not_divides
number	number.coprime_condition
number	number.coprime_iff_coprime_exp
number	number.coprime_linear_mod_prod
number	number.coprime_linear_mult
number	number.coprime_linear_mult_iff
number	number.coprime_mod_mod_prod_eq
number	number.coprime_mod_mod_prod_eq_iff
number	number.coprime_mod_mod_solve
number	number.coprime_multiple_linear_mod_prod
number	number.coprime_not_divides
number	number.coprime_power_and_power_predecessor
number	number.coprime_power_and_power_successor
number	number.coprime_prime_power
number	number.countFrom_0
number	number.countFrom_SUC
number	number.countFrom_first
number	number.countFrom_less
number	number.count_SUC_by_countFrom
number	number.count_by_countFrom
number	number.difference_of_squares
number	number.difference_of_squares_alt
number	number.disjoint_bigunion_add_fun
number	number.disjoint_bigunion_card
number	number.disjoint_bigunion_mult_fun
number	number.disjoint_bigunion_sigma
number	number.dividend_divides_divisor_multiple
number	number.divides_eq_thm
number	number.divides_iff_equal
number	number.divides_self_power
number	number.equal_partition_card
number	number.equal_partition_factor
number	number.equiv_class_element
number	number.equiv_class_not_empty
number	number.euclid_coprime
number	number.euclid_prime
number	number.every_coprime_prod_set_coprime
number	number.factor_eq_cofactor
number	number.factor_partition_card
number	number.feq_class_element
number	number.feq_class_fun
number	number.feq_class_property
number	number.feq_equiv
number	number.feq_partition
number	number.feq_partition_element
number	number.feq_partition_element_exists
number	number.feq_partition_element_not_empty
number	number.feq_sum_over_partition
number	number.fequiv_equiv_class
number	number.fequiv_refl
number	number.fequiv_sym
number	number.fequiv_trans
number	number.finite_card_by_feq_partition
number	number.finite_card_by_image_preimage
number	number.finite_card_surj_by_image_preimage
number	number.finite_partition_by_predicate
number	number.finite_partition_property
number	number.fit_for_10
number	number.fit_for_100
number	number.gcd_divides_iff
number	number.gcd_le
number	number.gcd_linear_mod_1
number	number.gcd_linear_mod_2
number	number.gcd_linear_mod_prod
number	number.gcd_linear_mod_thm
number	number.gcd_linear_thm
number	number.gcd_multiple_linear_mod_prod
number	number.gcd_multiple_linear_mod_thm
number	number.gcd_powers
number	number.image_mod_subset_count
number	number.in_preimage
number	number.in_prime
number	number.inj_iff_partition_element_card_1
number	number.inj_iff_partition_element_sing
number	number.lcm_powers
number	number.listRangeINC_sublist
number	number.listRangeLHI_sublist
number	number.mod_add_eq_sub
number	number.mod_add_eq_sub_eq
number	number.mod_divides
number	number.mod_divides_divides
number	number.mod_divides_divides_iff
number	number.mod_divides_iff
number	number.mod_eq_divides
number	number.mod_eq_divides_iff
number	number.mod_mod_prod_eq
number	number.mod_mult_eq_mult
number	number.natural_by_upto
number	number.natural_thm
number	number.nines_divisibility
number	number.nines_division_alt
number	number.nines_division_eqn
number	number.nines_divisor
number	number.nines_gcd_identity
number	number.nines_gcd_reduction
number	number.pair_disjoint_subset
number	number.pairwise_coprime_insert
number	number.pairwise_coprime_partition_coprime
number	number.pairwise_coprime_prod_set_partition
number	number.pairwise_coprime_prod_set_subset_divides
number	number.partition_as_image
number	number.partition_by_element
number	number.partition_by_subset
number	number.partition_cong
number	number.partition_element
number	number.partition_element_exists
number	number.partition_element_not_empty
number	number.partition_elements
number	number.partition_on_empty
number	number.power_divides_iff
number	number.power_eq_prime_power
number	number.power_parity
number	number.power_predecessor_divisibility
number	number.power_predecessor_division_alt
number	number.power_predecessor_division_eqn
number	number.power_predecessor_divisor
number	number.power_predecessor_gcd_identity
number	number.power_predecessor_gcd_reduction
number	number.preimage_alt
number	number.preimage_choice_property
number	number.preimage_element
number	number.preimage_finite
number	number.preimage_image_bij
number	number.preimage_image_inj
number	number.preimage_inj
number	number.preimage_inj_choice
number	number.preimage_of_image
number	number.preimage_property
number	number.preimage_subset
number	number.prime_coprime_all_less
number	number.prime_coprime_all_lt
number	number.prime_divides_power
number	number.prime_divides_prime
number	number.prime_divides_prime_power
number	number.prime_divides_self_power
number	number.prime_iff_coprime_all_lt
number	number.prime_iff_no_proper_factor
number	number.prime_power_divides_iff
number	number.prime_power_divisor
number	number.prime_power_factor
number	number.prime_powers_coprime
number	number.prime_powers_divide
number	number.prime_powers_eq
number	number.prod_set_residue
number	number.residue_0
number	number.residue_1
number	number.residue_card
number	number.residue_count
number	number.residue_delete
number	number.residue_element
number	number.residue_finite
number	number.residue_insert
number	number.residue_no_self
number	number.residue_no_zero
number	number.residue_nonempty
number	number.residue_prime_neq
number	number.residue_suc
number	number.residue_thm
number	number.set_add_fun_by_partition
number	number.set_additive_card
number	number.set_additive_sigma
number	number.set_card_by_partition
number	number.set_mult_fun_by_partition
number	number.set_sigma_by_partition
number	number.sigma_geometric_natural
number	number.sigma_geometric_natural_eqn
number	number.sublist_element_order
number	number.sum_image_by_composition
number	number.sum_image_by_composition_with_partial_inj
number	number.sum_image_by_composition_without_inj
number	number.sum_image_by_permutation
number	number.upto_by_count
number	number.upto_by_natural
number	number.upto_card
number	number.upto_delete
number	number.upto_finite
number	number.upto_has_last
number	number.upto_split_first
number	number.upto_split_last
numeral	numeral.DIV2_BIT1
numeral	numeral.DIVMOD_NUMERAL_CALC
numeral	numeral.TWO_EXP_THM
numeral	numeral.bit_induction
numeral	numeral.bit_initiality
numeral	numeral.divmod_POS
numeral	numeral.enumeral_mult
numeral	numeral.exactlog_characterisation
numeral	numeral.iDUB_removal
numeral	numeral.iSUB_THM
numeral	numeral.internal_mult_characterisation
numeral	numeral.numeral_MAX
numeral	numeral.numeral_MIN
numeral	numeral.numeral_add
numeral	numeral.numeral_distrib
numeral	numeral.numeral_div2
numeral	numeral.numeral_eq
numeral	numeral.numeral_evenodd
numeral	numeral.numeral_exp
numeral	numeral.numeral_fact
numeral	numeral.numeral_funpow
numeral	numeral.numeral_iisuc
numeral	numeral.numeral_lt
numeral	numeral.numeral_lte
numeral	numeral.numeral_mult
numeral	numeral.numeral_pre
numeral	numeral.numeral_sub
numeral	numeral.numeral_suc
numeral	numeral.numeral_texp_help
numeral	numeral.onecount_characterisation
numeral	numeral.texp_help0
numeral	numeral.texp_help_thm
numeral_bit	numeral_bit.BIT_MODIFY_EVAL
numeral_bit	numeral_bit.BIT_REVERSE_EVAL
numeral_bit	numeral_bit.DIV_2EXP
numeral_bit	numeral_bit.FDUB_FDUB
numeral_bit	numeral_bit.FDUB_iDIV2
numeral_bit	numeral_bit.FDUB_iDUB
numeral_bit	numeral_bit.LOG_compute
numeral_bit	numeral_bit.LOWEST_SET_BIT
numeral_bit	numeral_bit.LOWEST_SET_BIT_compute
numeral_bit	numeral_bit.MOD_2EXP
numeral_bit	numeral_bit.MOD_2EXP_EQ
numeral_bit	numeral_bit.MOD_2EXP_MAX
numeral_bit	numeral_bit.NUMERAL_BITWISE
numeral_bit	numeral_bit.NUMERAL_BIT_MODF
numeral_bit	numeral_bit.NUMERAL_BIT_MODIFY
numeral_bit	numeral_bit.NUMERAL_BIT_REV
numeral_bit	numeral_bit.NUMERAL_BIT_REVERSE
numeral_bit	numeral_bit.NUMERAL_DIV_2EXP
numeral_bit	numeral_bit.NUMERAL_SFUNPOW_FDUB
numeral_bit	numeral_bit.NUMERAL_SFUNPOW_iDIV2
numeral_bit	numeral_bit.NUMERAL_SFUNPOW_iDUB
numeral_bit	numeral_bit.NUMERAL_TIMES_2EXP
numeral_bit	numeral_bit.NUMERAL_iDIV2
numeral_bit	numeral_bit.iBITWISE
numeral_bit	numeral_bit.iDUB_NUMERAL
numeral_bit	numeral_bit.numeral_ilog2
numeral_bit	numeral_bit.numeral_imod_2exp
numeral_bit	numeral_bit.numeral_log2
numeral_bit	numeral_bit.numeral_mod2
numpair	numpair.SND_invtri0
numpair	numpair.invtri0_def
numpair	numpair.invtri0_ind
numpair	numpair.invtri0_thm
numpair	numpair.invtri_le
numpair	numpair.invtri_linverse
numpair	numpair.invtri_linverse_r
numpair	numpair.invtri_lower
numpair	numpair.invtri_unique
numpair	numpair.invtri_upper
numpair	numpair.nfst0
numpair	numpair.nfst_le
numpair	numpair.nfst_le_npair
numpair	numpair.nfst_npair
numpair	numpair.npair
numpair	numpair.npair00
numpair	numpair.npair2_lt
numpair	numpair.npair2_lt_E
numpair	numpair.npair2_lt_I
numpair	numpair.npair_11
numpair	numpair.npair_EQ_0
numpair	numpair.npair_cases
numpair	numpair.npairs_lt_I
numpair	numpair.nsnd0
numpair	numpair.nsnd_le
numpair	numpair.nsnd_le_npair
numpair	numpair.nsnd_npair
numpair	numpair.tri_11
numpair	numpair.tri_LE
numpair	numpair.tri_LT
numpair	numpair.tri_LT_I
numpair	numpair.tri_eq_0
numpair	numpair.tri_formula
numpair	numpair.tri_le
numpair	numpair.twotri_formula
numposrep	numposrep.BITWISE_l2n_2
numposrep	numposrep.BIT_l2n_2
numposrep	numposrep.BIT_num_from_bin_list
numposrep	numposrep.BOOLIFY_compute
numposrep	numposrep.EL_n2l
numposrep	numposrep.EL_num_to_bin_list
numposrep	numposrep.LENGTH_l2n
numposrep	numposrep.LENGTH_n2l
numposrep	numposrep.LOG_l2n
numposrep	numposrep.LOG_l2n_dropWhile
numposrep	numposrep.l2n_11
numposrep	numposrep.l2n_2_neg
numposrep	numposrep.l2n_2_thms
numposrep	numposrep.l2n_APPEND
numposrep	numposrep.l2n_DIGIT
numposrep	numposrep.l2n_PAD_RIGHT_0
numposrep	numposrep.l2n_SNOC_0
numposrep	numposrep.l2n_dropWhile_0
numposrep	numposrep.l2n_eq_0
numposrep	numposrep.l2n_lt
numposrep	numposrep.l2n_max
numposrep	numposrep.l2n_n2l
numposrep	numposrep.l2n_pow2_compute
numposrep	numposrep.n2lA_10
numposrep	numposrep.n2lA_def
numposrep	numposrep.n2lA_ind
numposrep	numposrep.n2lA_n2l
numposrep	numposrep.n2l_BOUND
numposrep	numposrep.n2l_def
numposrep	numposrep.n2l_ind
numposrep	numposrep.n2l_l2n
numposrep	numposrep.n2l_n2lA
numposrep	numposrep.n2l_pow2_compute
numposrep	numposrep.num_bin_list
numposrep	numposrep.num_dec_list
numposrep	numposrep.num_hex_list
numposrep	numposrep.num_oct_list
one	one.EXISTS_ONE_FN
one	one.FORALL_ONE
one	one.FORALL_ONE_FN
one	one.one
one	one.one_Axiom
one	one.one_axiom
one	one.one_case_thm
one	one.one_induction
one	one.one_prim_rec
option	option.EXISTS_OPTION
option	option.FORALL_OPTION
option	option.IF_EQUALS_OPTION
option	option.IF_NONE_EQUALS_OPTION
option	option.IS_NONE_DEF
option	option.IS_NONE_EQ_NONE
option	option.IS_SOME_BIND
option	option.IS_SOME_DEF
option	option.IS_SOME_EQ_NOT_NONE
option	option.IS_SOME_EXISTS
option	option.IS_SOME_MAP
option	option.NOT_IS_SOME_EQ_NONE
option	option.NOT_NONE_SOME
option	option.NOT_SOME_NONE
option	option.OPTION_ALL_CONG
option	option.OPTION_ALL_MONO
option	option.OPTION_APPLY_MAP2
option	option.OPTION_APPLY_o
option	option.OPTION_BIND_EQUALS_OPTION
option	option.OPTION_BIND_SOME
option	option.OPTION_BIND_cong
option	option.OPTION_BIND_eq_case
option	option.OPTION_CHOICE_EQ_NONE
option	option.OPTION_CHOICE_NONE
option	option.OPTION_GUARD_COND
option	option.OPTION_GUARD_EQ_THM
option	option.OPTION_IGNORE_BIND_EQUALS_OPTION
option	option.OPTION_IGNORE_BIND_cong
option	option.OPTION_IGNORE_BIND_thm
option	option.OPTION_JOIN_DEF
option	option.OPTION_JOIN_EQ_SOME
option	option.OPTION_MAP2_NONE
option	option.OPTION_MAP2_SOME
option	option.OPTION_MAP2_THM
option	option.OPTION_MAP2_cong
option	option.OPTION_MAP_CASE
option	option.OPTION_MAP_COMPOSE
option	option.OPTION_MAP_CONG
option	option.OPTION_MAP_EQ_NONE
option	option.OPTION_MAP_EQ_NONE_both_ways
option	option.OPTION_MAP_EQ_SOME
option	option.OPTION_MAP_id
option	option.OPTION_MCOMP_ASSOC
option	option.OPTION_MCOMP_ID
option	option.OPTREL_CONG
option	option.OPTREL_MONO
option	option.OPTREL_NONE
option	option.OPTREL_O
option	option.OPTREL_SOME
option	option.OPTREL_THM
option	option.OPTREL_eq
option	option.OPTREL_refl
option	option.SOME_11
option	option.SOME_APPLY_PERMUTE
option	option.SOME_SOME_APPLY
option	option.THE_DEF
option	option.datatype_option
option	option.if_option_eq
option	option.if_option_neq
option	option.option_Axiom
option	option.option_CASES
option	option.option_CLAUSES
option	option.option_Induct
option	option.option_case_ID
option	option.option_case_SOME_ID
option	option.option_case_compute
option	option.option_case_cong
option	option.option_case_eq
option	option.option_case_eq'
option	option.option_case_lazily
option	option.option_imp_elim
option	option.option_induction
option	option.option_nchotomy
option	option.some_EQ
option	option.some_F
option	option.some_elim
option	option.some_intro
ordNotationSemantics	ordNotationSemantics.WF_ord_less
ordNotationSemantics	ordNotationSemantics.addL_disappears
ordNotationSemantics	ordNotationSemantics.add_disappears_kexp
ordNotationSemantics	ordNotationSemantics.add_nat1_disappears
ordNotationSemantics	ordNotationSemantics.add_nat1_disappears_kexp
ordNotationSemantics	ordNotationSemantics.better_ord_mult_def
ordNotationSemantics	ordNotationSemantics.better_pmult_def
ordNotationSemantics	ordNotationSemantics.is_ord_expt
ordNotationSemantics	ordNotationSemantics.kexp_lt
ordNotationSemantics	ordNotationSemantics.kexp_mult
ordNotationSemantics	ordNotationSemantics.kexp_sum_times_nat
ordNotationSemantics	ordNotationSemantics.model_expt
ordNotationSemantics	ordNotationSemantics.mvjar_lemma3
ordNotationSemantics	ordNotationSemantics.mvjar_lemma4
ordNotationSemantics	ordNotationSemantics.mvjar_lemma5
ordNotationSemantics	ordNotationSemantics.mvjar_theorem10
ordNotationSemantics	ordNotationSemantics.nat_times_omega
ordNotationSemantics	ordNotationSemantics.notation_exists
ordNotationSemantics	ordNotationSemantics.oless_0
ordNotationSemantics	ordNotationSemantics.oless_0a
ordNotationSemantics	ordNotationSemantics.oless_modelled
ordNotationSemantics	ordNotationSemantics.oless_total
ordNotationSemantics	ordNotationSemantics.oless_x_End
ordNotationSemantics	ordNotationSemantics.ordModel_11
ordNotationSemantics	ordNotationSemantics.ordModel_BIJ
ordNotationSemantics	ordNotationSemantics.ordModel_lt_epsilon0
ordNotationSemantics	ordNotationSemantics.ord_add_correct
ordNotationSemantics	ordNotationSemantics.ord_less_expt_monotone
ordNotationSemantics	ordNotationSemantics.ord_less_modelled
ordNotationSemantics	ordNotationSemantics.ord_less_models_ordlt
ordNotationSemantics	ordNotationSemantics.ord_mult_correct
ordNotationSemantics	ordNotationSemantics.osyntax_EQ_0
ordNotationSemantics	ordNotationSemantics.tail_dominated
ordinal	ordinal.ADD1R
ordinal	ordinal.CARD_FINITE_preds
ordinal	ordinal.CNF_nat
ordinal	ordinal.CNF_thm
ordinal	ordinal.IMAGE_EQ_SING
ordinal	ordinal.Unum_cardle_ucinf
ordinal	ordinal.Unum_cardlt_ucinf
ordinal	ordinal.ZERO_lt_ordEXP
ordinal	ordinal.ZERO_lt_ordEXP_I
ordinal	ordinal.addL_fixpoint_iff
ordinal	ordinal.add_nat_islimit
ordinal	ordinal.add_omega_islimit
ordinal	ordinal.closed_sing
ordinal	ordinal.cord_countable_preds
ordinal	ordinal.countableOrds_dclosed
ordinal	ordinal.countableOrds_uncountable
ordinal	ordinal.csuc_nat
ordinal	ordinal.csuc_omega
ordinal	ordinal.cx_lt_x
ordinal	ordinal.dclose_cardleq_univinf
ordinal	ordinal.epsilon0_fixpoint
ordinal	ordinal.epsilon0_least_fixpoint
ordinal	ordinal.eval_poly_def
ordinal	ordinal.eval_poly_ind
ordinal	ordinal.expbound_add
ordinal	ordinal.fixpoints_exist
ordinal	ordinal.fromNat_lt_epsilon0
ordinal	ordinal.generic_continuity
ordinal	ordinal.is_polyform_CONS_E
ordinal	ordinal.is_polyform_ELthm
ordinal	ordinal.is_polyform_def
ordinal	ordinal.is_polyform_head_dominates_tail
ordinal	ordinal.is_polyform_ind
ordinal	ordinal.islimit_0
ordinal	ordinal.islimit_mul_R
ordinal	ordinal.limpt_islimit
ordinal	ordinal.mul_omega_islimit
ordinal	ordinal.olog_correct
ordinal	ordinal.omax_sup
ordinal	ordinal.omega1_not_countable
ordinal	ordinal.omega_MUL_fromNat
ordinal	ordinal.omega_exp_islimit
ordinal	ordinal.omega_lt_epsilon0
ordinal	ordinal.open_in_ordlt
ordinal	ordinal.open_sing_nonlimit
ordinal	ordinal.ordADD_ASSOC
ordinal	ordinal.ordADD_EQ_0
ordinal	ordinal.ordADD_continuous
ordinal	ordinal.ordADD_le_MONO_L
ordinal	ordinal.ordADD_under_epsilon0
ordinal	ordinal.ordADD_weak_MONO
ordinal	ordinal.ordDIVISION
ordinal	ordinal.ordDIV_UNIQUE
ordinal	ordinal.ordEXP_1L
ordinal	ordinal.ordEXP_1R
ordinal	ordinal.ordEXP_2R
ordinal	ordinal.ordEXP_ADD
ordinal	ordinal.ordEXP_EQ_0
ordinal	ordinal.ordEXP_MUL
ordinal	ordinal.ordEXP_ZERO_limit
ordinal	ordinal.ordEXP_ZERO_nonlimit
ordinal	ordinal.ordEXP_continuous
ordinal	ordinal.ordEXP_fromNat
ordinal	ordinal.ordEXP_le_MONO_L
ordinal	ordinal.ordEXP_le_MONO_R
ordinal	ordinal.ordEXP_lt_IFF
ordinal	ordinal.ordEXP_lt_MONO_R
ordinal	ordinal.ordEXP_under_epsilon0
ordinal	ordinal.ordLOG_correct
ordinal	ordinal.ordMOD_UNIQUE
ordinal	ordinal.ordMULT_0L
ordinal	ordinal.ordMULT_0R
ordinal	ordinal.ordMULT_1L
ordinal	ordinal.ordMULT_1R
ordinal	ordinal.ordMULT_2R
ordinal	ordinal.ordMULT_ASSOC
ordinal	ordinal.ordMULT_CANCEL_R
ordinal	ordinal.ordMULT_EQ_0
ordinal	ordinal.ordMULT_LDISTRIB
ordinal	ordinal.ordMULT_continuous
ordinal	ordinal.ordMULT_fromNat
ordinal	ordinal.ordMULT_le_MONO_L
ordinal	ordinal.ordMULT_le_MONO_R
ordinal	ordinal.ordMULT_lt_MONO_R
ordinal	ordinal.ordMULT_lt_MONO_R_EQN
ordinal	ordinal.ordMUL_under_epsilon0
ordinal	ordinal.order_topology_exists
ordinal	ordinal.ordinal_IVT
ordinal	ordinal.ordle_CANCEL_ADDR
ordinal	ordinal.ordlt_preds_mono
ordinal	ordinal.polyform_0
ordinal	ordinal.polyform_EQ_NIL
ordinal	ordinal.polyform_UNIQUE
ordinal	ordinal.polyform_eval_poly
ordinal	ordinal.polyform_exists
ordinal	ordinal.predimage_suplt_ELIM
ordinal	ordinal.preds_omega_UNIV
ordinal	ordinal.preds_omega_lt_preds_omega1
ordinal	ordinal.rays_open
ordinal	ordinal.strict_continuity_preserves_islimit
ordinal	ordinal.sup_eq_SUC
ordinal	ordinal.sup_eq_sup
ordinal	ordinal.sup_lt_implies
ordinal	ordinal.suppred_suplt_ELIM
ordinal	ordinal.topspace_ordlt_top
ordinal	ordinal.ucinf_uncountable
ordinal	ordinal.ucord_sup_exists_lemma
ordinal	ordinal.unitinf_univnum
ordinal	ordinal.univ_cord_uncountable
ordinal	ordinal.x_le_ordEXP_x
ordinal	ordinal.x_lt_omega1_countable
ordinalBasic	ordinalBasic.FINITE_cardSUC
ordinalBasic	ordinalBasic.FINITE_omax_IS_SOME
ordinalBasic	ordinalBasic.FINITE_preds
ordinalBasic	ordinalBasic.IFF_ZERO_lt
ordinalBasic	ordinalBasic.INFINITE_eqpreds
ordinalBasic	ordinalBasic.IN_preds
ordinalBasic	ordinalBasic.ORD_ONE
ordinalBasic	ordinalBasic.Unum_cle_Uinf
ordinalBasic	ordinalBasic.WIN_allOrds
ordinalBasic	ordinalBasic.ZERO_LT_csuc
ordinalBasic	ordinalBasic.bumpUNIV_cardlt
ordinalBasic	ordinalBasic.cardSUC_EQ0
ordinalBasic	ordinalBasic.cardeq_ordinals_exist
ordinalBasic	ordinalBasic.cardinality_bump_exists
ordinalBasic	ordinalBasic.cardle_preds_EQ_cardeq_preds
ordinalBasic	ordinalBasic.cardleq_preds_csuc
ordinalBasic	ordinalBasic.cardlt_eqpreds
ordinalBasic	ordinalBasic.cardlt_lepreds
ordinalBasic	ordinalBasic.cardlt_preds
ordinalBasic	ordinalBasic.csuc_EQ_N
ordinalBasic	ordinalBasic.csuc_is_nonzero_limit
ordinalBasic	ordinalBasic.csup_lesup
ordinalBasic	ordinalBasic.csup_suple
ordinalBasic	ordinalBasic.csup_thm
ordinalBasic	ordinalBasic.dclose_BIGUNION
ordinalBasic	ordinalBasic.elsOf_allOrds
ordinalBasic	ordinalBasic.fromNat_11
ordinalBasic	ordinalBasic.fromNat_SUC
ordinalBasic	ordinalBasic.fromNat_compute
ordinalBasic	ordinalBasic.fromNat_eq_omega
ordinalBasic	ordinalBasic.fromNat_lt_omega
ordinalBasic	ordinalBasic.fromNat_ordlt
ordinalBasic	ordinalBasic.islimit_SUC
ordinalBasic	ordinalBasic.islimit_SUC_lt
ordinalBasic	ordinalBasic.islimit_fromNat
ordinalBasic	ordinalBasic.le_cardSUC
ordinalBasic	ordinalBasic.leqLEFT_CANCEL
ordinalBasic	ordinalBasic.lt_cardSUC
ordinalBasic	ordinalBasic.lt_csuc
ordinalBasic	ordinalBasic.lt_omega
ordinalBasic	ordinalBasic.lt_suppreds
ordinalBasic	ordinalBasic.mkOrdinal_REP
ordinalBasic	ordinalBasic.no_maximal_ordinal
ordinalBasic	ordinalBasic.oleast_intro
ordinalBasic	ordinalBasic.omax_EMPTY
ordinalBasic	ordinalBasic.omax_INSERT
ordinalBasic	ordinalBasic.omax_NONE
ordinalBasic	ordinalBasic.omax_SOME
ordinalBasic	ordinalBasic.omax_preds_SUC
ordinalBasic	ordinalBasic.omax_preds_omega
ordinalBasic	ordinalBasic.omega_LEQ_INFINITE_preds
ordinalBasic	ordinalBasic.omega_islimit
ordinalBasic	ordinalBasic.ordADD_0L
ordinalBasic	ordinalBasic.ordADD_CANCEL1
ordinalBasic	ordinalBasic.ordADD_MONO
ordinalBasic	ordinalBasic.ordADD_RIGHT_CANCEL
ordinalBasic	ordinalBasic.ordADD_fromNat
ordinalBasic	ordinalBasic.ordADD_fromNat_omega
ordinalBasic	ordinalBasic.ordSUC_11
ordinalBasic	ordinalBasic.ordSUC_MONO
ordinalBasic	ordinalBasic.ordSUC_NUMERAL
ordinalBasic	ordinalBasic.ordSUC_ZERO
ordinalBasic	ordinalBasic.ordZERO_ltSUC
ordinalBasic	ordinalBasic.ord_CASES
ordinalBasic	ordinalBasic.ord_RECURSION
ordinalBasic	ordinalBasic.ord_induction
ordinalBasic	ordinalBasic.orderiso_cardeq_elsOf
ordinalBasic	ordinalBasic.orderiso_mkOrdinal
ordinalBasic	ordinalBasic.orderiso_wobound2
ordinalBasic	ordinalBasic.orderlt_iso_REFL
ordinalBasic	ordinalBasic.ordinal_ABS_REP_CLASS
ordinalBasic	ordinalBasic.ordinal_QUOTIENT
ordinalBasic	ordinalBasic.ordle_ANTISYM
ordinalBasic	ordinalBasic.ordle_EXISTS_ADD
ordinalBasic	ordinalBasic.ordle_TRANS
ordinalBasic	ordinalBasic.ordle_lteq
ordinalBasic	ordinalBasic.ordleq0
ordinalBasic	ordinalBasic.ordlet_TRANS
ordinalBasic	ordinalBasic.ordlt_CANCEL
ordinalBasic	ordinalBasic.ordlt_CANCEL_ADDL
ordinalBasic	ordinalBasic.ordlt_CANCEL_ADDR
ordinalBasic	ordinalBasic.ordlt_DISCRETE1
ordinalBasic	ordinalBasic.ordlt_EXISTS_ADD
ordinalBasic	ordinalBasic.ordlt_REFL
ordinalBasic	ordinalBasic.ordlt_SUC
ordinalBasic	ordinalBasic.ordlt_SUC_DISCRETE
ordinalBasic	ordinalBasic.ordlt_TRANS
ordinalBasic	ordinalBasic.ordlt_WF
ordinalBasic	ordinalBasic.ordlt_WF0
ordinalBasic	ordinalBasic.ordlt_ZERO
ordinalBasic	ordinalBasic.ordlt_fromNat
ordinalBasic	ordinalBasic.ordlt_mkOrdinal
ordinalBasic	ordinalBasic.ordlt_trichotomy
ordinalBasic	ordinalBasic.ordlte_TRANS
ordinalBasic	ordinalBasic.predimage_sup_thm
ordinalBasic	ordinalBasic.preds_0
ordinalBasic	ordinalBasic.preds_11
ordinalBasic	ordinalBasic.preds_EQ_EMPTY
ordinalBasic	ordinalBasic.preds_bij
ordinalBasic	ordinalBasic.preds_csuc_lemma
ordinalBasic	ordinalBasic.preds_downward_closed
ordinalBasic	ordinalBasic.preds_inj_univ
ordinalBasic	ordinalBasic.preds_lesup
ordinalBasic	ordinalBasic.preds_lt_PSUBSET
ordinalBasic	ordinalBasic.preds_nat
ordinalBasic	ordinalBasic.preds_omax_SOME_SUC
ordinalBasic	ordinalBasic.preds_ordSUC
ordinalBasic	ordinalBasic.preds_sup
ordinalBasic	ordinalBasic.preds_sup_thm
ordinalBasic	ordinalBasic.preds_suple
ordinalBasic	ordinalBasic.preds_surj
ordinalBasic	ordinalBasic.preds_wobound
ordinalBasic	ordinalBasic.simple_ord_induction
ordinalBasic	ordinalBasic.sup_EMPTY
ordinalBasic	ordinalBasic.sup_EQ_0
ordinalBasic	ordinalBasic.sup_SING
ordinalBasic	ordinalBasic.sup_eq_max
ordinalBasic	ordinalBasic.sup_preds_SUC
ordinalBasic	ordinalBasic.sup_preds_omax_NONE
ordinalBasic	ordinalBasic.sup_thm
ordinalBasic	ordinalBasic.suple_thm
ordinalBasic	ordinalBasic.transfer_ordinals
ordinalBasic	ordinalBasic.ubsup_thm
ordinalBasic	ordinalBasic.univ_ord_greater_cardinal
ordinalBasic	ordinalBasic.wellorder_allOrds
ordinalBasic	ordinalBasic.wellorder_ordinal_isomorphism
ordinalNotation	ordinalNotation.WF_ord_less
ordinalNotation	ordinalNotation.datatype_osyntax
ordinalNotation	ordinalNotation.decompose_plus
ordinalNotation	ordinalNotation.e0_INDUCTION
ordinalNotation	ordinalNotation.e0_RECURSION
ordinalNotation	ordinalNotation.is_ord_cases
ordinalNotation	ordinalNotation.is_ord_coeff_pos
ordinalNotation	ordinalNotation.is_ord_downclosed
ordinalNotation	ordinalNotation.is_ord_equations
ordinalNotation	ordinalNotation.is_ord_expt_closed
ordinalNotation	ordinalNotation.is_ord_ind
ordinalNotation	ordinalNotation.is_ord_rules
ordinalNotation	ordinalNotation.is_ord_strong_ind
ordinalNotation	ordinalNotation.is_ord_strongind
ordinalNotation	ordinalNotation.is_ord_tail_closed
ordinalNotation	ordinalNotation.lemma
ordinalNotation	ordinalNotation.main_lemma
ordinalNotation	ordinalNotation.oless_End_End
ordinalNotation	ordinalNotation.oless_antirefl
ordinalNotation	ordinalNotation.oless_antisym
ordinalNotation	ordinalNotation.oless_cases
ordinalNotation	ordinalNotation.oless_equations
ordinalNotation	ordinalNotation.oless_expt
ordinalNotation	ordinalNotation.oless_imp_rank_leq
ordinalNotation	ordinalNotation.oless_ind
ordinalNotation	ordinalNotation.oless_rules
ordinalNotation	ordinalNotation.oless_strong_ind
ordinalNotation	ordinalNotation.oless_strongind
ordinalNotation	ordinalNotation.oless_tail
ordinalNotation	ordinalNotation.ord_add_def
ordinalNotation	ordinalNotation.ord_add_ind
ordinalNotation	ordinalNotation.ord_mult_def
ordinalNotation	ordinalNotation.ord_mult_ind
ordinalNotation	ordinalNotation.ord_sub_def
ordinalNotation	ordinalNotation.ord_sub_ind
ordinalNotation	ordinalNotation.osyntax_11
ordinalNotation	ordinalNotation.osyntax_Axiom
ordinalNotation	ordinalNotation.osyntax_case_cong
ordinalNotation	ordinalNotation.osyntax_case_eq
ordinalNotation	ordinalNotation.osyntax_distinct
ordinalNotation	ordinalNotation.osyntax_induction
ordinalNotation	ordinalNotation.osyntax_nchotomy
ordinalNotation	ordinalNotation.padd_compute
ordinalNotation	ordinalNotation.pmult_def
ordinalNotation	ordinalNotation.pmult_ind
ordinalNotation	ordinalNotation.rank_0_End
ordinalNotation	ordinalNotation.rank_expt
ordinalNotation	ordinalNotation.rank_finp
ordinalNotation	ordinalNotation.rank_less_imp_oless
ordinalNotation	ordinalNotation.rank_positive
ordinalNotation	ordinalNotation.rank_positive_exists
ordinalNotation	ordinalNotation.rank_positive_expt
ordinalNotation	ordinalNotation.restn_compute
pair	pair.ABS_PAIR_THM
pair	pair.CLOSED_PAIR_EQ
pair	pair.COMMA_PRS
pair	pair.COMMA_RSP
pair	pair.CURRY_DEF_lazyfied
pair	pair.CURRY_ONE_ONE_THM
pair	pair.CURRY_PRS
pair	pair.CURRY_RSP
pair	pair.CURRY_UNCURRY_THM
pair	pair.C_UNCURRY_L
pair	pair.ELIM_PEXISTS
pair	pair.ELIM_PEXISTS_EVAL
pair	pair.ELIM_PFORALL
pair	pair.ELIM_PFORALL_EVAL
pair	pair.ELIM_UNCURRY
pair	pair.EXISTS_PROD
pair	pair.FORALL_PROD
pair	pair.FORALL_UNCURRY
pair	pair.FST
pair	pair.FST_EQ_EQUIV
pair	pair.FST_PAIR_MAP
pair	pair.FST_PRS
pair	pair.FST_RSP
pair	pair.FST_SWAP
pair	pair.FST_o_PAIR_MAP
pair	pair.FST_o_SWAP
pair	pair.IN_UNCURRY_R
pair	pair.LAMBDA_PROD
pair	pair.LET2_RAND
pair	pair.LET2_RATOR
pair	pair.LEX_CONG
pair	pair.LEX_DEF_THM
pair	pair.LEX_MONO
pair	pair.PAIR_EQ
pair	pair.PAIR_EQUIV
pair	pair.PAIR_FST_SND_EQ
pair	pair.PAIR_FUN_THM
pair	pair.PAIR_MAP_CONG
pair	pair.PAIR_MAP_I
pair	pair.PAIR_MAP_PRS
pair	pair.PAIR_MAP_RSP
pair	pair.PAIR_MAP_SET
pair	pair.PAIR_MAP_THM
pair	pair.PAIR_QUOTIENT
pair	pair.PAIR_REL
pair	pair.PAIR_REL_EQ
pair	pair.PAIR_REL_REFL
pair	pair.PAIR_REL_SYM
pair	pair.PAIR_REL_THM
pair	pair.PAIR_REL_TRANS
pair	pair.PEXISTS_THM
pair	pair.PFORALL_THM
pair	pair.PROD_ALL_CONG
pair	pair.PROD_ALL_MONO
pair	pair.PROD_ALL_THM
pair	pair.SND
pair	pair.SND_EQ_EQUIV
pair	pair.SND_PAIR_MAP
pair	pair.SND_PRS
pair	pair.SND_RSP
pair	pair.SND_SWAP
pair	pair.SND_o_PAIR_MAP
pair	pair.SND_o_SWAP
pair	pair.SWAP_SWAP
pair	pair.SWAP_def_lazyfied
pair	pair.SWAP_o_SWAP
pair	pair.S_UNCURRY_R
pair	pair.UNCURRY_CONG
pair	pair.UNCURRY_CONST
pair	pair.UNCURRY_CURRY_THM
pair	pair.UNCURRY_DEF
pair	pair.UNCURRY_EQ
pair	pair.UNCURRY_ONE_ONE_THM
pair	pair.UNCURRY_PRS
pair	pair.UNCURRY_RAND
pair	pair.UNCURRY_RATOR
pair	pair.UNCURRY_RSP
pair	pair.UNCURRY_SWAP
pair	pair.UNCURRY_VAR
pair	pair.UNCURRY_pair_CASE
pair	pair.WF_LEX
pair	pair.WF_RPROD
pair	pair.datatype_pair
pair	pair.o_UNCURRY_R
pair	pair.pair_Axiom
pair	pair.pair_CASES
pair	pair.pair_CASE_SWAP
pair	pair.pair_CASE_UNCURRY
pair	pair.pair_case_cong
pair	pair.pair_case_def
pair	pair.pair_case_eq
pair	pair.pair_case_ho_elim
pair	pair.pair_case_thm
pair	pair.pair_case_thm_lazyfied
pair	pair.pair_induction
pair	pair.pair_map_eq
pair	pair.reflexive_LEX
pair	pair.setFST_thm
pair	pair.setSND_thm
pair	pair.symmetric_LEX
pair	pair.total_LEX
pair	pair.transitive_LEX
parseUnicodeLambda	parseUnicodeLambda.made_it
path	path.EXISTS_path
path	path.FORALL_path
path	path.IN_PL_drop
path	path.LTAKE_labels
path	path.PL_0
path	path.PL_downward_closed
path	path.PL_drop
path	path.PL_pcons
path	path.PL_pmap
path	path.PL_seg
path	path.PL_stopped_at
path	path.PL_take
path	path.PL_thm
path	path.SN_finite_paths
path	path.SN_finite_paths_EQ
path	path.alt_length_thm
path	path.build_pcomp_trace
path	path.drop_compute
path	path.drop_eq_pcons
path	path.drop_not_stopped
path	path.drop_tail_commute
path	path.el_compute
path	path.el_drop
path	path.el_pgenerate
path	path.el_pmap
path	path.every_coinduction
path	path.every_el
path	path.every_thm
path	path.exists_el
path	path.exists_induction
path	path.exists_thm
path	path.filter_every
path	path.finite_drop
path	path.finite_labels
path	path.finite_last_el
path	path.finite_length
path	path.finite_okpath_ind
path	path.finite_path_end_cases
path	path.finite_path_ind
path	path.finite_paths_SN
path	path.finite_pconcat
path	path.finite_plink
path	path.finite_pmap
path	path.finite_seg
path	path.finite_take
path	path.finite_take_all
path	path.finite_thm
path	path.firstP_at_thm
path	path.firstP_at_unique
path	path.firstP_at_zero
path	path.first_drop
path	path.first_label_drop
path	path.first_plink
path	path.first_pmap
path	path.first_seg
path	path.first_take
path	path.first_thm
path	path.fromPath_11
path	path.fromPath_onto
path	path.infinite_PL
path	path.infinite_path_cases
path	path.is_stopped_thm
path	path.labels_LMAP
path	path.labels_plink
path	path.labels_unfold
path	path.last_plink
path	path.last_pmap
path	path.last_seg
path	path.last_take
path	path.length_cases
path	path.length_drop
path	path.length_never_zero
path	path.length_pmap
path	path.length_take
path	path.length_thm
path	path.mem_thm
path	path.not_every
path	path.not_exists
path	path.nth_label_LNTH
path	path.nth_label_LTAKE
path	path.nth_label_compute
path	path.nth_label_drop
path	path.nth_label_pgenerate
path	path.nth_label_pmap
path	path.nth_label_take
path	path.numeral_drop
path	path.okpath_cases
path	path.okpath_co_ind
path	path.okpath_drop
path	path.okpath_monotone
path	path.okpath_parallel_comp
path	path.okpath_plink
path	path.okpath_pmap
path	path.okpath_seg
path	path.okpath_take
path	path.okpath_thm
path	path.okpath_unfold
path	path.path_Axiom
path	path.path_bisimulation
path	path.path_cases
path	path.path_rep_bijections_thm
path	path.pconcat_eq_pcons
path	path.pconcat_eq_stopped
path	path.pconcat_thm
path	path.pcons_11
path	path.pgenerate_11
path	path.pgenerate_infinite
path	path.pgenerate_not_stopped
path	path.pgenerate_onto
path	path.pmap_thm
path	path.recursive_seg
path	path.simulation_trace_inclusion
path	path.singleton_seg
path	path.stopped_at_11
path	path.stopped_at_not_pcons
path	path.tail_drop
path	path.take_compute
path	path.toPath_11
path	path.toPath_onto
path	path.trace_machine_thm
path	path.trace_machine_thm2
path	path.unfold_thm
path	path.unfold_thm2
patricia	patricia.ADD_ADD
patricia	patricia.ADD_ADD_SYM
patricia	patricia.ADD_INSERT
patricia	patricia.ADD_IS_PTREE
patricia	patricia.ADD_LIST_IS_PTREE
patricia	patricia.ADD_LIST_TO_EMPTY_IS_PTREE
patricia	patricia.ADD_TRANSFORM
patricia	patricia.ADD_def
patricia	patricia.ADD_ind
patricia	patricia.ALL_DISTINCT_TRAVERSE
patricia	patricia.BRANCH
patricia	patricia.BRANCHING_BIT
patricia	patricia.BRANCHING_BIT_SYM
patricia	patricia.BRANCHING_BIT_ZERO
patricia	patricia.BRANCHING_BIT_def
patricia	patricia.BRANCHING_BIT_ind
patricia	patricia.BRANCH_def
patricia	patricia.BRANCH_ind
patricia	patricia.CARD_LIST_TO_SET
patricia	patricia.CARD_NUMSET_OF_PTREE
patricia	patricia.DELETE_UNION
patricia	patricia.EMPTY_IS_PTREE
patricia	patricia.EVERY_LEAF_ADD
patricia	patricia.EVERY_LEAF_BRANCH
patricia	patricia.EVERY_LEAF_PEEK
patricia	patricia.EVERY_LEAF_REMOVE
patricia	patricia.EVERY_LEAF_TRANSFORM
patricia	patricia.FILTER_ALL
patricia	patricia.FILTER_NONE
patricia	patricia.FINITE_NUMSET_OF_PTREE
patricia	patricia.INSERT_PTREE_IS_PTREE
patricia	patricia.IN_NUMSET_OF_PTREE
patricia	patricia.IN_PTREE_EMPTY
patricia	patricia.IN_PTREE_INSERT_PTREE
patricia	patricia.IN_PTREE_OF_NUMSET
patricia	patricia.IN_PTREE_OF_NUMSET_EMPTY
patricia	patricia.IN_PTREE_REMOVE
patricia	patricia.IN_PTREE_UNION_PTREE
patricia	patricia.IS_EMPTY_def
patricia	patricia.IS_EMPTY_ind
patricia	patricia.IS_PTREE_BRANCH
patricia	patricia.IS_PTREE_PEEK
patricia	patricia.KEYS_PEEK
patricia	patricia.MEM_ALL_DISTINCT_IMP_PERM
patricia	patricia.MEM_TRAVERSE
patricia	patricia.MEM_TRAVERSE_INSERT_PTREE
patricia	patricia.MEM_TRAVERSE_PEEK
patricia	patricia.MONO_EVERY_LEAF
patricia	patricia.NOT_ADD_EMPTY
patricia	patricia.NOT_KEY_LEFT_AND_RIGHT
patricia	patricia.NUMSET_OF_PTREE_EMPTY
patricia	patricia.NUMSET_OF_PTREE_PTREE_OF_NUMSET
patricia	patricia.NUMSET_OF_PTREE_PTREE_OF_NUMSET_EMPTY
patricia	patricia.PEEK_ADD
patricia	patricia.PEEK_INSERT_PTREE
patricia	patricia.PEEK_NONE
patricia	patricia.PEEK_REMOVE
patricia	patricia.PEEK_TRANSFORM
patricia	patricia.PEEK_def
patricia	patricia.PEEK_ind
patricia	patricia.PERM_ADD
patricia	patricia.PERM_DELETE_PTREE
patricia	patricia.PERM_INSERT_PTREE
patricia	patricia.PERM_NOT_ADD
patricia	patricia.PERM_NOT_REMOVE
patricia	patricia.PERM_REMOVE
patricia	patricia.PTREE_EQ
patricia	patricia.PTREE_EXTENSION
patricia	patricia.PTREE_OF_NUMSET_DELETE
patricia	patricia.PTREE_OF_NUMSET_EMPTY
patricia	patricia.PTREE_OF_NUMSET_INSERT
patricia	patricia.PTREE_OF_NUMSET_INSERT_EMPTY
patricia	patricia.PTREE_OF_NUMSET_IS_PTREE
patricia	patricia.PTREE_OF_NUMSET_IS_PTREE_EMPTY
patricia	patricia.PTREE_OF_NUMSET_NUMSET_OF_PTREE
patricia	patricia.PTREE_OF_NUMSET_UNION
patricia	patricia.PTREE_TRAVERSE_EQ
patricia	patricia.QSORT_MEM_EQ
patricia	patricia.REMOVE_ADD
patricia	patricia.REMOVE_ADD_EQ
patricia	patricia.REMOVE_IS_PTREE
patricia	patricia.REMOVE_REMOVE
patricia	patricia.REMOVE_TRANSFORM
patricia	patricia.SIZE
patricia	patricia.SIZE_ADD
patricia	patricia.SIZE_PTREE_OF_NUMSET
patricia	patricia.SIZE_PTREE_OF_NUMSET_EMPTY
patricia	patricia.SIZE_REMOVE
patricia	patricia.TRANSFORM_BRANCH
patricia	patricia.TRANSFORM_EMPTY
patricia	patricia.TRANSFORM_IS_PTREE
patricia	patricia.TRAVERSE_AUX
patricia	patricia.TRAVERSE_TRANSFORM
patricia	patricia.UNION_PTREE_ASSOC
patricia	patricia.UNION_PTREE_COMM
patricia	patricia.UNION_PTREE_COMM_EMPTY
patricia	patricia.UNION_PTREE_EMPTY
patricia	patricia.UNION_PTREE_IS_PTREE
patricia	patricia.datatype_ptree
patricia	patricia.ptree_11
patricia	patricia.ptree_Axiom
patricia	patricia.ptree_case_cong
patricia	patricia.ptree_case_eq
patricia	patricia.ptree_distinct
patricia	patricia.ptree_induction
patricia	patricia.ptree_nchotomy
patricia_casts	patricia_casts.ADD_INSERT_STRING
patricia_casts	patricia_casts.ADD_INSERT_WORD
patricia_casts	patricia_casts.EVERY_MAP_ORD
patricia_casts	patricia_casts.IMAGE_string_to_num
patricia_casts	patricia_casts.MAP_11
patricia_casts	patricia_casts.REVERSE_11
patricia_casts	patricia_casts.THE_PTREE_SOME_PTREE
patricia_casts	patricia_casts.datatype_word_ptree
patricia_casts	patricia_casts.num_to_string_string_to_num
patricia_casts	patricia_casts.string_to_num_11
patricia_casts	patricia_casts.string_to_num_num_to_string
patricia_casts	patricia_casts.word_ptree_11
patricia_casts	patricia_casts.word_ptree_Axiom
patricia_casts	patricia_casts.word_ptree_case_cong
patricia_casts	patricia_casts.word_ptree_case_eq
patricia_casts	patricia_casts.word_ptree_induction
patricia_casts	patricia_casts.word_ptree_nchotomy
patternMatches	patternMatches.APPLY_REDUNDANT_ROWS_INFO_THMS
patternMatches	patternMatches.EL1_STRONGEST_REDUNDANT_ROWS_INFO_AUX
patternMatches	patternMatches.EL2_STRONGEST_REDUNDANT_ROWS_INFO_AUX
patternMatches	patternMatches.EL_STRONGEST_REDUNDANT_ROWS_INFO
patternMatches	patternMatches.FST_STRONGEST_REDUNDANT_ROWS_INFO_AUX
patternMatches	patternMatches.GUARDS_ELIM_THM
patternMatches	patternMatches.IS_REDUNDANT_ROWS_INFO_CONS
patternMatches	patternMatches.IS_REDUNDANT_ROWS_INFO_EXTRACT_IS_EXHAUSTIVE
patternMatches	patternMatches.IS_REDUNDANT_ROWS_INFO_NIL
patternMatches	patternMatches.IS_REDUNDANT_ROWS_INFO_SNOC
patternMatches	patternMatches.IS_REDUNDANT_ROWS_INFO_SNOC_PMATCH_ROW
patternMatches	patternMatches.LENGTH_STRONGEST_REDUNDANT_ROWS_INFO
patternMatches	patternMatches.LENGTH_STRONGEST_REDUNDANT_ROWS_INFO_AUX
patternMatches	patternMatches.PMATCH_APPEND_SEM
patternMatches	patternMatches.PMATCH_COND_SELECT_UNIQUE
patternMatches	patternMatches.PMATCH_CONG
patternMatches	patternMatches.PMATCH_EQUIV_APPEND
patternMatches	patternMatches.PMATCH_EQUIV_ROWS_CONS_NONE
patternMatches	patternMatches.PMATCH_EQUIV_ROWS_EQUIV_EXPAND
patternMatches	patternMatches.PMATCH_EQUIV_ROWS_MATCH
patternMatches	patternMatches.PMATCH_EQUIV_ROWS_is_equiv_1
patternMatches	patternMatches.PMATCH_EQUIV_ROWS_is_equiv_2
patternMatches	patternMatches.PMATCH_EQUIV_ROWS_is_equiv_3
patternMatches	patternMatches.PMATCH_EVAL
patternMatches	patternMatches.PMATCH_EVAL_MATCH
patternMatches	patternMatches.PMATCH_EXPAND_PRED_THM
patternMatches	patternMatches.PMATCH_EXPAND_PRED_THM_GEN
patternMatches	patternMatches.PMATCH_EXTEND_BASE
patternMatches	patternMatches.PMATCH_EXTEND_BOTH
patternMatches	patternMatches.PMATCH_EXTEND_BOTH_ID
patternMatches	patternMatches.PMATCH_EXTEND_OLD
patternMatches	patternMatches.PMATCH_FLATTEN_FUN_PMATCH_ROW
patternMatches	patternMatches.PMATCH_FLATTEN_THM
patternMatches	patternMatches.PMATCH_FLATTEN_THM_SINGLE
patternMatches	patternMatches.PMATCH_INTRO_CATCHALL
patternMatches	patternMatches.PMATCH_IS_EXHAUSTIVE_CONTRADICT
patternMatches	patternMatches.PMATCH_IS_EXHAUSTIVE_LIFT
patternMatches	patternMatches.PMATCH_IS_EXHAUSTIVE_REWRITES
patternMatches	patternMatches.PMATCH_LIFT_THM
patternMatches	patternMatches.PMATCH_PRED_UNROLL_CONS
patternMatches	patternMatches.PMATCH_PRED_UNROLL_NIL
patternMatches	patternMatches.PMATCH_REMOVE_ARB
patternMatches	patternMatches.PMATCH_REMOVE_ARB_NO_OVERLAP
patternMatches	patternMatches.PMATCH_ROWS_DROP_REDUNDANT
patternMatches	patternMatches.PMATCH_ROWS_DROP_REDUNDANT_PMATCH_ROWS
patternMatches	patternMatches.PMATCH_ROWS_DROP_REDUNDANT_ROWS_INFO_EQUIV
patternMatches	patternMatches.PMATCH_ROWS_DROP_REDUNDANT_TRIVIAL_SOUNDNESS
patternMatches	patternMatches.PMATCH_ROWS_DROP_REDUNDANT_TRIVIAL_SOUNDNESS_EQUIV
patternMatches	patternMatches.PMATCH_ROWS_DROP_SUBSUMED
patternMatches	patternMatches.PMATCH_ROWS_DROP_SUBSUMED_PMATCH_ROWS
patternMatches	patternMatches.PMATCH_ROW_COND_DEF_GSYM
patternMatches	patternMatches.PMATCH_ROW_COND_EX_FALSE
patternMatches	patternMatches.PMATCH_ROW_COND_EX_FULL_DEF
patternMatches	patternMatches.PMATCH_ROW_COND_EX_IMP_REWRITE
patternMatches	patternMatches.PMATCH_ROW_COND_EX_WEAKEN
patternMatches	patternMatches.PMATCH_ROW_COND_NOT_EX_OR_EQ_FIRST_ROW
patternMatches	patternMatches.PMATCH_ROW_COND_NOT_EX_OR_EQ_NIL
patternMatches	patternMatches.PMATCH_ROW_COND_NOT_EX_OR_EQ_NOT_FIRST_ROW
patternMatches	patternMatches.PMATCH_ROW_CONG
patternMatches	patternMatches.PMATCH_ROW_EQ_AUX
patternMatches	patternMatches.PMATCH_ROW_EQ_NONE
patternMatches	patternMatches.PMATCH_ROW_EQ_SOME
patternMatches	patternMatches.PMATCH_ROW_EVAL_COND_EX
patternMatches	patternMatches.PMATCH_ROW_EXTEND_INPUT
patternMatches	patternMatches.PMATCH_ROW_LIFT_THM
patternMatches	patternMatches.PMATCH_ROW_NEQ_NONE
patternMatches	patternMatches.PMATCH_ROW_REDUNDANT_0
patternMatches	patternMatches.PMATCH_ROW_REDUNDANT_APPEND_GE
patternMatches	patternMatches.PMATCH_ROW_REDUNDANT_APPEND_LT
patternMatches	patternMatches.PMATCH_ROW_REDUNDANT_NIL
patternMatches	patternMatches.PMATCH_ROW_REDUNDANT_SUC
patternMatches	patternMatches.PMATCH_ROW_REMOVE_DOUBLE_BINDS_THM
patternMatches	patternMatches.PMATCH_ROW_REMOVE_FUN
patternMatches	patternMatches.PMATCH_ROW_REMOVE_FUN_VAR
patternMatches	patternMatches.REDUNDANT_ROWS_INFOS_CONJ_REWRITE
patternMatches	patternMatches.REDUNDANT_ROWS_INFOS_CONJ_THM
patternMatches	patternMatches.REDUNDANT_ROWS_INFOS_DISJ_THM
patternMatches	patternMatches.REDUNDANT_ROWS_INFO_TO_PMATCH_EQ
patternMatches	patternMatches.STRONGEST_REDUNDANT_ROWS_INFO_OK
patternMatches	patternMatches.some_var_bool_F
patternMatches	patternMatches.some_var_bool_T
permutes	permutes.CARD_PERMUTATIONS
permutes	permutes.EVENPERM_COMPOSE
permutes	permutes.EVENPERM_I
permutes	permutes.EVENPERM_INVERSE
permutes	permutes.EVENPERM_SWAP
permutes	permutes.EVENPERM_UNIQUE
permutes	permutes.FINITE_PERMUTATIONS
permutes	permutes.FIXING_SWAPSEQ_DECREASE
permutes	permutes.HAS_SIZE_PERMUTATIONS
permutes	permutes.IMAGE_COMPOSE_PERMUTATIONS_L
permutes	permutes.IMAGE_COMPOSE_PERMUTATIONS_R
permutes	permutes.IMAGE_INVERSE_PERMUTATIONS
permutes	permutes.INJECTIVE_INVERSE
permutes	permutes.INJECTIVE_INVERSE_o
permutes	permutes.INVERSE_I
permutes	permutes.INVERSE_SWAP
permutes	permutes.INVERSE_UNIQUE_o
permutes	permutes.PERMUTATION
permutes	permutes.PERMUTATION_BIJECTIVE
permutes	permutes.PERMUTATION_COMPOSE
permutes	permutes.PERMUTATION_COMPOSE_EQ
permutes	permutes.PERMUTATION_COMPOSE_SWAP
permutes	permutes.PERMUTATION_FINITE_SUPPORT
permutes	permutes.PERMUTATION_I
permutes	permutes.PERMUTATION_INVERSE
permutes	permutes.PERMUTATION_INVERSE_COMPOSE
permutes	permutes.PERMUTATION_INVERSE_WORKS
permutes	permutes.PERMUTATION_LEMMA
permutes	permutes.PERMUTATION_PERMUTES
permutes	permutes.PERMUTATION_SWAP
permutes	permutes.PERMUTES_COMPOSE
permutes	permutes.PERMUTES_EMPTY
permutes	permutes.PERMUTES_FINITE_INJECTIVE
permutes	permutes.PERMUTES_FINITE_SURJECTIVE
permutes	permutes.PERMUTES_I
permutes	permutes.PERMUTES_IMAGE
permutes	permutes.PERMUTES_INDUCT
permutes	permutes.PERMUTES_INJECTIVE
permutes	permutes.PERMUTES_INSERT
permutes	permutes.PERMUTES_INSERT_LEMMA
permutes	permutes.PERMUTES_INVERSE
permutes	permutes.PERMUTES_INVERSES
permutes	permutes.PERMUTES_INVERSES_o
permutes	permutes.PERMUTES_INVERSE_EQ
permutes	permutes.PERMUTES_INVERSE_INVERSE
permutes	permutes.PERMUTES_IN_COUNT
permutes	permutes.PERMUTES_IN_IMAGE
permutes	permutes.PERMUTES_NUMSET_GE
permutes	permutes.PERMUTES_NUMSET_LE
permutes	permutes.PERMUTES_SING
permutes	permutes.PERMUTES_SUBSET
permutes	permutes.PERMUTES_SUPERSET
permutes	permutes.PERMUTES_SURJECTIVE
permutes	permutes.PERMUTES_SWAP
permutes	permutes.PERMUTES_UNIV
permutes	permutes.SURJECTIVE_INVERSE
permutes	permutes.SURJECTIVE_INVERSE_o
permutes	permutes.SWAPSEQ_COMPOSE
permutes	permutes.SWAPSEQ_ENDSWAP
permutes	permutes.SWAPSEQ_EVEN_EVEN
permutes	permutes.SWAPSEQ_I
permutes	permutes.SWAPSEQ_IDENTITY_EVEN
permutes	permutes.SWAPSEQ_INVERSE
permutes	permutes.SWAPSEQ_INVERSE_EXISTS
permutes	permutes.SWAPSEQ_SWAP
permutes	permutes.SWAP_COMMON
permutes	permutes.SWAP_COMMON'
permutes	permutes.SWAP_GALOIS
permutes	permutes.SWAP_GENERAL
permutes	permutes.SWAP_IDEMPOTENT
permutes	permutes.SWAP_INDEPENDENT
permutes	permutes.SWAP_REFL
permutes	permutes.SWAP_SYM
permutes	permutes.inverse_alt_LINV
permutes	permutes.permutes_alt
permutes	permutes.permutes_alt_univ
permutes	permutes.permutes_imp
permutes	permutes.swapseq_cases
permutes	permutes.swapseq_ind
permutes	permutes.swapseq_rules
permutes	permutes.swapseq_strongind
poly	poly.DEGREE_ZERO
poly	poly.FINITE_LEMMA
poly	poly.ORDER
poly	poly.ORDER_DECOMP
poly	poly.ORDER_DIFF
poly	poly.ORDER_DIVIDES
poly	poly.ORDER_MUL
poly	poly.ORDER_POLY
poly	poly.ORDER_ROOT
poly	poly.ORDER_THM
poly	poly.ORDER_UNIQUE
poly	poly.POLY_ADD
poly	poly.POLY_ADD_CLAUSES
poly	poly.POLY_ADD_RZERO
poly	poly.POLY_CMUL
poly	poly.POLY_CMUL_CLAUSES
poly	poly.POLY_CONT
poly	poly.POLY_DIFF
poly	poly.POLY_DIFFERENTIABLE
poly	poly.POLY_DIFF_ADD
poly	poly.POLY_DIFF_AUX_ADD
poly	poly.POLY_DIFF_AUX_CMUL
poly	poly.POLY_DIFF_AUX_ISZERO
poly	poly.POLY_DIFF_AUX_MUL_LEMMA
poly	poly.POLY_DIFF_AUX_NEG
poly	poly.POLY_DIFF_CLAUSES
poly	poly.POLY_DIFF_CMUL
poly	poly.POLY_DIFF_EXP
poly	poly.POLY_DIFF_EXP_PRIME
poly	poly.POLY_DIFF_ISZERO
poly	poly.POLY_DIFF_LEMMA
poly	poly.POLY_DIFF_MUL
poly	poly.POLY_DIFF_MUL_LEMMA
poly	poly.POLY_DIFF_NEG
poly	poly.POLY_DIFF_WELLDEF
poly	poly.POLY_DIFF_ZERO
poly	poly.POLY_DIVIDES_ADD
poly	poly.POLY_DIVIDES_EXP
poly	poly.POLY_DIVIDES_REFL
poly	poly.POLY_DIVIDES_SUB
poly	poly.POLY_DIVIDES_SUB2
poly	poly.POLY_DIVIDES_TRANS
poly	poly.POLY_DIVIDES_ZERO
poly	poly.POLY_ENTIRE
poly	poly.POLY_ENTIRE_LEMMA
poly	poly.POLY_EXP
poly	poly.POLY_EXP_ADD
poly	poly.POLY_EXP_DIVIDES
poly	poly.POLY_EXP_EQ_0
poly	poly.POLY_EXP_PRIME_EQ_0
poly	poly.POLY_IVT_NEG
poly	poly.POLY_IVT_POS
poly	poly.POLY_LENGTH_MUL
poly	poly.POLY_LINEAR_DIVIDES
poly	poly.POLY_LINEAR_REM
poly	poly.POLY_MONO
poly	poly.POLY_MUL
poly	poly.POLY_MUL_ASSOC
poly	poly.POLY_MUL_CLAUSES
poly	poly.POLY_MUL_LCANCEL
poly	poly.POLY_MVT
poly	poly.POLY_NEG
poly	poly.POLY_NEG_CLAUSES
poly	poly.POLY_NORMALIZE
poly	poly.POLY_ORDER
poly	poly.POLY_ORDER_EXISTS
poly	poly.POLY_PRIMES
poly	poly.POLY_PRIME_EQ_0
poly	poly.POLY_ROOTS_FINITE
poly	poly.POLY_ROOTS_FINITE_LEMMA
poly	poly.POLY_ROOTS_FINITE_SET
poly	poly.POLY_ROOTS_INDEX_LEMMA
poly	poly.POLY_ROOTS_INDEX_LENGTH
poly	poly.POLY_SQUAREFREE_DECOMP
poly	poly.POLY_SQUAREFREE_DECOMP_ORDER
poly	poly.POLY_ZERO
poly	poly.POLY_ZERO_LEMMA
poly	poly.RSQUAREFREE_DECOMP
poly	poly.RSQUAREFREE_ROOTS
poset	poset.complete_bottom
poset	poset.complete_down
poset	poset.complete_pointwise
poset	poset.complete_top
poset	poset.complete_up
poset	poset.function_in
poset	poset.gfp_coinduct
poset	poset.gfp_unique
poset	poset.glb_pred
poset	poset.glb_unique
poset	poset.knaster_tarski
poset	poset.knaster_tarski_gfp
poset	poset.knaster_tarski_lfp
poset	poset.lfp_induct
poset	poset.lfp_unique
poset	poset.lub_pred
poset	poset.lub_unique
poset	poset.monotonic_comp
poset	poset.poset_antisym
poset	poset.poset_nonempty
poset	poset.poset_refl
poset	poset.poset_trans
powser	powser.DIFFS_EQUIV
powser	powser.DIFFS_LEMMA
powser	powser.DIFFS_LEMMA2
powser	powser.DIFFS_NEG
powser	powser.POWDIFF
powser	powser.POWDIFF_LEMMA
powser	powser.POWREV
powser	powser.POWSER_INSIDE
powser	powser.POWSER_INSIDEA
powser	powser.TERMDIFF
powser	powser.TERMDIFF_LEMMA1
powser	powser.TERMDIFF_LEMMA2
powser	powser.TERMDIFF_LEMMA3
powser	powser.TERMDIFF_LEMMA4
powser	powser.TERMDIFF_LEMMA5
pre_emit	pre_emit.fromNum_def
pre_emit	pre_emit.fromNum_ind
pred_set	pred_set.ABSORPTION
pred_set	pred_set.ABSORPTION_RWT
pred_set	pred_set.ABS_DIFF_SUM_IMAGE
pred_set	pred_set.BIGINTER_2
pred_set	pred_set.BIGINTER_EMPTY
pred_set	pred_set.BIGINTER_GSPEC
pred_set	pred_set.BIGINTER_IMAGE
pred_set	pred_set.BIGINTER_INSERT
pred_set	pred_set.BIGINTER_INTER
pred_set	pred_set.BIGINTER_SING
pred_set	pred_set.BIGINTER_SUBSET
pred_set	pred_set.BIGINTER_UNION
pred_set	pred_set.BIGINTER_applied
pred_set	pred_set.BIGUNION_CROSS
pred_set	pred_set.BIGUNION_EMPTY
pred_set	pred_set.BIGUNION_EQ_EMPTY
pred_set	pred_set.BIGUNION_GSPEC
pred_set	pred_set.BIGUNION_IMAGE
pred_set	pred_set.BIGUNION_IMAGE_SUBSET
pred_set	pred_set.BIGUNION_IMAGE_UNIV
pred_set	pred_set.BIGUNION_INSERT
pred_set	pred_set.BIGUNION_PAIR
pred_set	pred_set.BIGUNION_SING
pred_set	pred_set.BIGUNION_SUBSET
pred_set	pred_set.BIGUNION_UNION
pred_set	pred_set.BIGUNION_applied
pred_set	pred_set.BIGUNION_partition
pred_set	pred_set.BIJ_ALT
pred_set	pred_set.BIJ_COMPOSE
pred_set	pred_set.BIJ_CONG
pred_set	pred_set.BIJ_DELETE
pred_set	pred_set.BIJ_ELEMENT
pred_set	pred_set.BIJ_EMPTY
pred_set	pred_set.BIJ_FINITE
pred_set	pred_set.BIJ_FINITE_IFF
pred_set	pred_set.BIJ_FINITE_SUBSET
pred_set	pred_set.BIJ_ID
pred_set	pred_set.BIJ_IFF_INV
pred_set	pred_set.BIJ_IMAGE
pred_set	pred_set.BIJ_IMAGE_partitions
pred_set	pred_set.BIJ_IMP_11
pred_set	pred_set.BIJ_INJ_SURJ
pred_set	pred_set.BIJ_INSERT
pred_set	pred_set.BIJ_INSERT_IMP
pred_set	pred_set.BIJ_INV
pred_set	pred_set.BIJ_IS_INJ
pred_set	pred_set.BIJ_IS_SURJ
pred_set	pred_set.BIJ_I_SAME
pred_set	pred_set.BIJ_LINV_BIJ
pred_set	pred_set.BIJ_LINV_INV
pred_set	pred_set.BIJ_NUM_COUNTABLE
pred_set	pred_set.BIJ_NUM_TO_PAIR
pred_set	pred_set.BIJ_PAIR_TO_NUM
pred_set	pred_set.BIJ_SWAP
pred_set	pred_set.BIJ_SYM
pred_set	pred_set.BIJ_SYM_IMP
pred_set	pred_set.BIJ_THM
pred_set	pred_set.BIJ_TRANS
pred_set	pred_set.BIJ_support
pred_set	pred_set.CARD_AS_SIGMA
pred_set	pred_set.CARD_BIGUNION_SAME_SIZED_SETS
pred_set	pred_set.CARD_CLAUSES
pred_set	pred_set.CARD_COUNT
pred_set	pred_set.CARD_CROSS
pred_set	pred_set.CARD_DELETE
pred_set	pred_set.CARD_DIFF
pred_set	pred_set.CARD_DIFF_EQN
pred_set	pred_set.CARD_EMPTY
pred_set	pred_set.CARD_EQ_0
pred_set	pred_set.CARD_EQ_SIGMA
pred_set	pred_set.CARD_IMAGE
pred_set	pred_set.CARD_IMAGE_INJ
pred_set	pred_set.CARD_IMAGE_LE
pred_set	pred_set.CARD_IMAGE_SUC
pred_set	pred_set.CARD_INJ_IMAGE
pred_set	pred_set.CARD_INSERT
pred_set	pred_set.CARD_INTER_LESS_EQ
pred_set	pred_set.CARD_LE_MAX_SET
pred_set	pred_set.CARD_POW
pred_set	pred_set.CARD_PRODUCT
pred_set	pred_set.CARD_PSUBSET
pred_set	pred_set.CARD_REST
pred_set	pred_set.CARD_SING
pred_set	pred_set.CARD_SING_CROSS
pred_set	pred_set.CARD_SUBSET
pred_set	pred_set.CARD_UNION
pred_set	pred_set.CARD_UNION_DISJOINT
pred_set	pred_set.CARD_UNION_EQN
pred_set	pred_set.CARD_UNION_LE
pred_set	pred_set.CARD_disjUNION
pred_set	pred_set.CHOICE_INSERT_REST
pred_set	pred_set.CHOICE_INTRO
pred_set	pred_set.CHOICE_NOT_IN_REST
pred_set	pred_set.CHOICE_SING
pred_set	pred_set.COMMUTING_ITSET_INSERT
pred_set	pred_set.COMMUTING_ITSET_RECURSES
pred_set	pred_set.COMPL_CLAUSES
pred_set	pred_set.COMPL_COMPL
pred_set	pred_set.COMPL_EMPTY
pred_set	pred_set.COMPL_INTER
pred_set	pred_set.COMPL_SPLITS
pred_set	pred_set.COMPL_UNION
pred_set	pred_set.COMPL_applied
pred_set	pred_set.COMPONENT
pred_set	pred_set.COUNTABLE_ALT
pred_set	pred_set.COUNTABLE_ALT_BIJ
pred_set	pred_set.COUNTABLE_COUNT
pred_set	pred_set.COUNTABLE_ENUM
pred_set	pred_set.COUNTABLE_FROM
pred_set	pred_set.COUNTABLE_IMAGE_NUM
pred_set	pred_set.COUNTABLE_NUM
pred_set	pred_set.COUNTABLE_SUBSET
pred_set	pred_set.COUNT_11
pred_set	pred_set.COUNT_DELETE
pred_set	pred_set.COUNT_EQ_EMPTY
pred_set	pred_set.COUNT_MONO
pred_set	pred_set.COUNT_NOT_EMPTY
pred_set	pred_set.COUNT_ONE
pred_set	pred_set.COUNT_SUC
pred_set	pred_set.COUNT_ZERO
pred_set	pred_set.COUNT_applied
pred_set	pred_set.CROSS_BIGUNION
pred_set	pred_set.CROSS_EMPTY
pred_set	pred_set.CROSS_EMPTY_EQN
pred_set	pred_set.CROSS_EQNS
pred_set	pred_set.CROSS_INSERT_LEFT
pred_set	pred_set.CROSS_INSERT_RIGHT
pred_set	pred_set.CROSS_SINGS
pred_set	pred_set.CROSS_SUBSET
pred_set	pred_set.CROSS_UNIV
pred_set	pred_set.CROSS_applied
pred_set	pred_set.DECOMPOSITION
pred_set	pred_set.DELETE_COMM
pred_set	pred_set.DELETE_DELETE
pred_set	pred_set.DELETE_EQ_SING
pred_set	pred_set.DELETE_INSERT
pred_set	pred_set.DELETE_INTER
pred_set	pred_set.DELETE_NON_ELEMENT
pred_set	pred_set.DELETE_NON_ELEMENT_RWT
pred_set	pred_set.DELETE_SUBSET
pred_set	pred_set.DELETE_SUBSET_INSERT
pred_set	pred_set.DELETE_applied
pred_set	pred_set.DFUNSET_applied
pred_set	pred_set.DIFF_BIGINTER
pred_set	pred_set.DIFF_BIGINTER1
pred_set	pred_set.DIFF_COMM
pred_set	pred_set.DIFF_DIFF
pred_set	pred_set.DIFF_DIFF_SUBSET
pred_set	pred_set.DIFF_EMPTY
pred_set	pred_set.DIFF_EQ_EMPTY
pred_set	pred_set.DIFF_INSERT
pred_set	pred_set.DIFF_INTER
pred_set	pred_set.DIFF_INTER2
pred_set	pred_set.DIFF_INTER_COMPL
pred_set	pred_set.DIFF_INTER_SUBSET
pred_set	pred_set.DIFF_SAME_UNION
pred_set	pred_set.DIFF_SUBSET
pred_set	pred_set.DIFF_UNION
pred_set	pred_set.DIFF_UNIV
pred_set	pred_set.DIFF_applied
pred_set	pred_set.DISJOINT_ALT
pred_set	pred_set.DISJOINT_ALT'
pred_set	pred_set.DISJOINT_BIGINTER
pred_set	pred_set.DISJOINT_BIGUNION
pred_set	pred_set.DISJOINT_COUNT
pred_set	pred_set.DISJOINT_COUNT_FROM
pred_set	pred_set.DISJOINT_DELETE_SYM
pred_set	pred_set.DISJOINT_DIFF
pred_set	pred_set.DISJOINT_DIFFS
pred_set	pred_set.DISJOINT_EMPTY
pred_set	pred_set.DISJOINT_EMPTY_REFL
pred_set	pred_set.DISJOINT_EMPTY_REFL_RWT
pred_set	pred_set.DISJOINT_FROM_COUNT
pred_set	pred_set.DISJOINT_IMAGE
pred_set	pred_set.DISJOINT_INSERT
pred_set	pred_set.DISJOINT_INSERT'
pred_set	pred_set.DISJOINT_SING_EMPTY
pred_set	pred_set.DISJOINT_SUBSET
pred_set	pred_set.DISJOINT_SUBSET'
pred_set	pred_set.DISJOINT_SYM
pred_set	pred_set.DISJOINT_UNION
pred_set	pred_set.DISJOINT_UNION'
pred_set	pred_set.DISJOINT_UNION_BOTH
pred_set	pred_set.ELT_IN_DELETE
pred_set	pred_set.EMPTY_DELETE
pred_set	pred_set.EMPTY_DIFF
pred_set	pred_set.EMPTY_FUNSET
pred_set	pred_set.EMPTY_IN_POW
pred_set	pred_set.EMPTY_NOT_IN_partition
pred_set	pred_set.EMPTY_NOT_UNIV
pred_set	pred_set.EMPTY_SUBSET
pred_set	pred_set.EMPTY_UNION
pred_set	pred_set.EMPTY_applied
pred_set	pred_set.ENUMERATE
pred_set	pred_set.EQUAL_SING
pred_set	pred_set.EQ_SUBSET_SUBSET
pred_set	pred_set.EQ_UNIV
pred_set	pred_set.EXISTS_IN_IMAGE
pred_set	pred_set.EXISTS_IN_INSERT
pred_set	pred_set.EXPLICIT_ENUMERATE_MONO
pred_set	pred_set.EXPLICIT_ENUMERATE_NOT_EMPTY
pred_set	pred_set.EXTENSION
pred_set	pred_set.EXTENSIONAL
pred_set	pred_set.EXTENSIONAL_EMPTY
pred_set	pred_set.EXTENSIONAL_EQ
pred_set	pred_set.EXTENSIONAL_UNIV
pred_set	pred_set.FINITELY_INJECTIVE_IMAGE_FINITE
pred_set	pred_set.FINITE_BIGINTER
pred_set	pred_set.FINITE_BIGUNION
pred_set	pred_set.FINITE_BIGUNION_EQ
pred_set	pred_set.FINITE_BIJ
pred_set	pred_set.FINITE_BIJ_CARD
pred_set	pred_set.FINITE_BIJ_CARD_EQ
pred_set	pred_set.FINITE_BIJ_COUNT
pred_set	pred_set.FINITE_BIJ_COUNT_EQ
pred_set	pred_set.FINITE_CARD_IMAGE
pred_set	pred_set.FINITE_COMPLETE_INDUCTION
pred_set	pred_set.FINITE_COUNT
pred_set	pred_set.FINITE_CROSS
pred_set	pred_set.FINITE_CROSS_EQ
pred_set	pred_set.FINITE_DELETE
pred_set	pred_set.FINITE_DIFF
pred_set	pred_set.FINITE_DIFF_down
pred_set	pred_set.FINITE_EMPTY
pred_set	pred_set.FINITE_HAS_SIZE
pred_set	pred_set.FINITE_IMAGE_INJ'
pred_set	pred_set.FINITE_IMAGE_INJ_EQ
pred_set	pred_set.FINITE_INDUCT
pred_set	pred_set.FINITE_INDUCT_STRONG
pred_set	pred_set.FINITE_INJ
pred_set	pred_set.FINITE_INSERT
pred_set	pred_set.FINITE_INTER
pred_set	pred_set.FINITE_ISO_NUM
pred_set	pred_set.FINITE_LEAST_MEASURE_INDUCTION
pred_set	pred_set.FINITE_POW
pred_set	pred_set.FINITE_POW_EQN
pred_set	pred_set.FINITE_PREIMAGE
pred_set	pred_set.FINITE_PRODUCT
pred_set	pred_set.FINITE_PRODUCT_DEPENDENT
pred_set	pred_set.FINITE_PSUBSET_INFINITE
pred_set	pred_set.FINITE_PSUBSET_UNIV
pred_set	pred_set.FINITE_REST
pred_set	pred_set.FINITE_REST_EQ
pred_set	pred_set.FINITE_RULES
pred_set	pred_set.FINITE_SING
pred_set	pred_set.FINITE_SURJ
pred_set	pred_set.FINITE_SURJ_BIJ
pred_set	pred_set.FINITE_StrongOrder_WF
pred_set	pred_set.FINITE_UNION
pred_set	pred_set.FINITE_WEAK_ENUMERATE
pred_set	pred_set.FINITE_WF_noloops
pred_set	pred_set.FINITE_is_measure_maximal
pred_set	pred_set.FINITE_partition
pred_set	pred_set.FINITE_partitions
pred_set	pred_set.FORALL_IN_BIGUNION
pred_set	pred_set.FORALL_IN_IMAGE
pred_set	pred_set.FORALL_IN_INSERT
pred_set	pred_set.FORALL_IN_UNION
pred_set	pred_set.FROM_0
pred_set	pred_set.FROM_NOT_EMPTY
pred_set	pred_set.FROM_applied
pred_set	pred_set.FUNPOW_INJ
pred_set	pred_set.FUNPOW_eq_elim
pred_set	pred_set.FUNPOW_min_cancel
pred_set	pred_set.FUNSET_DFUNSET
pred_set	pred_set.FUNSET_EMPTY
pred_set	pred_set.FUNSET_INTER
pred_set	pred_set.FUNSET_THM
pred_set	pred_set.FUNSET_applied
pred_set	pred_set.GSPECIFICATION_applied
pred_set	pred_set.GSPEC_AND
pred_set	pred_set.GSPEC_EQ
pred_set	pred_set.GSPEC_EQ2
pred_set	pred_set.GSPEC_ETA
pred_set	pred_set.GSPEC_F
pred_set	pred_set.GSPEC_F_COND
pred_set	pred_set.GSPEC_ID
pred_set	pred_set.GSPEC_IMAGE
pred_set	pred_set.GSPEC_OR
pred_set	pred_set.GSPEC_PAIR_ETA
pred_set	pred_set.GSPEC_T
pred_set	pred_set.HAS_SIZE_0
pred_set	pred_set.HAS_SIZE_CARD
pred_set	pred_set.HAS_SIZE_IMAGE_INJ
pred_set	pred_set.HAS_SIZE_INDEX
pred_set	pred_set.HAS_SIZE_PRODUCT
pred_set	pred_set.HAS_SIZE_PRODUCT_DEPENDENT
pred_set	pred_set.HAS_SIZE_SUC
pred_set	pred_set.HAS_SIZE_UNION
pred_set	pred_set.IMAGE_11
pred_set	pred_set.IMAGE_11_INFINITE
pred_set	pred_set.IMAGE_BIGUNION
pred_set	pred_set.IMAGE_CLAUSES
pred_set	pred_set.IMAGE_COMPOSE
pred_set	pred_set.IMAGE_CONG
pred_set	pred_set.IMAGE_CONST
pred_set	pred_set.IMAGE_DELETE
pred_set	pred_set.IMAGE_EMPTY
pred_set	pred_set.IMAGE_EQ_EMPTY
pred_set	pred_set.IMAGE_EQ_SING
pred_set	pred_set.IMAGE_FINITE
pred_set	pred_set.IMAGE_FST_CROSS
pred_set	pred_set.IMAGE_I
pred_set	pred_set.IMAGE_ID
pred_set	pred_set.IMAGE_II
pred_set	pred_set.IMAGE_IMAGE
pred_set	pred_set.IMAGE_IMAGE_partition
pred_set	pred_set.IMAGE_IN
pred_set	pred_set.IMAGE_INSERT
pred_set	pred_set.IMAGE_INTER
pred_set	pred_set.IMAGE_PREIMAGE
pred_set	pred_set.IMAGE_RESTRICTION
pred_set	pred_set.IMAGE_SING
pred_set	pred_set.IMAGE_SND_CROSS
pred_set	pred_set.IMAGE_SUBSET
pred_set	pred_set.IMAGE_SUBSET_gen
pred_set	pred_set.IMAGE_SURJ
pred_set	pred_set.IMAGE_UNION
pred_set	pred_set.IMAGE_applied
pred_set	pred_set.IMAGE_o
pred_set	pred_set.INFINITE_DIFF_FINITE
pred_set	pred_set.INFINITE_DIFF_FINITE'
pred_set	pred_set.INFINITE_EXPLICIT_ENUMERATE
pred_set	pred_set.INFINITE_INHAB
pred_set	pred_set.INFINITE_INJ
pred_set	pred_set.INFINITE_INJ_NOT_SURJ
pred_set	pred_set.INFINITE_NUM_UNIV
pred_set	pred_set.INFINITE_PAIR_UNIV
pred_set	pred_set.INFINITE_SUBSET
pred_set	pred_set.INFINITE_UNIV
pred_set	pred_set.INJECTIVE_IMAGE_FINITE
pred_set	pred_set.INJ_BIJ_SUBSET
pred_set	pred_set.INJ_CARD
pred_set	pred_set.INJ_CARD_IMAGE
pred_set	pred_set.INJ_CARD_IMAGE_EQ
pred_set	pred_set.INJ_COMPOSE
pred_set	pred_set.INJ_CONG
pred_set	pred_set.INJ_DELETE
pred_set	pred_set.INJ_ELEMENT
pred_set	pred_set.INJ_EMPTY
pred_set	pred_set.INJ_EQ_11
pred_set	pred_set.INJ_EXTEND
pred_set	pred_set.INJ_I
pred_set	pred_set.INJ_ID
pred_set	pred_set.INJ_IFF
pred_set	pred_set.INJ_IMAGE
pred_set	pred_set.INJ_IMAGE_BIJ
pred_set	pred_set.INJ_IMAGE_DISJOINT
pred_set	pred_set.INJ_IMAGE_EQ
pred_set	pred_set.INJ_IMAGE_INTER
pred_set	pred_set.INJ_IMAGE_SUBSET
pred_set	pred_set.INJ_IMAGE_equiv_class
pred_set	pred_set.INJ_IMP_11
pred_set	pred_set.INJ_INL
pred_set	pred_set.INJ_INR
pred_set	pred_set.INJ_INSERT
pred_set	pred_set.INJ_I_IMAGE
pred_set	pred_set.INJ_LINV_OPT
pred_set	pred_set.INJ_LINV_OPT_IMAGE
pred_set	pred_set.INJ_SUBSET
pred_set	pred_set.INJ_SUBSET_UNIV
pred_set	pred_set.INSERT_COMM
pred_set	pred_set.INSERT_DELETE
pred_set	pred_set.INSERT_DIFF
pred_set	pred_set.INSERT_EQ_SING
pred_set	pred_set.INSERT_INSERT
pred_set	pred_set.INSERT_INTER
pred_set	pred_set.INSERT_SING_UNION
pred_set	pred_set.INSERT_SUBSET
pred_set	pred_set.INSERT_UNION
pred_set	pred_set.INSERT_UNION_EQ
pred_set	pred_set.INSERT_UNIV
pred_set	pred_set.INSERT_applied
pred_set	pred_set.INTER_ASSOC
pred_set	pred_set.INTER_BIGUNION
pred_set	pred_set.INTER_COMM
pred_set	pred_set.INTER_CROSS
pred_set	pred_set.INTER_EMPTY
pred_set	pred_set.INTER_FINITE
pred_set	pred_set.INTER_IDEMPOT
pred_set	pred_set.INTER_OVER_UNION
pred_set	pred_set.INTER_SING
pred_set	pred_set.INTER_SUBSET
pred_set	pred_set.INTER_SUBSET_EQN
pred_set	pred_set.INTER_UNION
pred_set	pred_set.INTER_UNION_COMPL
pred_set	pred_set.INTER_UNIV
pred_set	pred_set.INTER_applied
pred_set	pred_set.IN_ABS
pred_set	pred_set.IN_APP
pred_set	pred_set.IN_BIGINTER
pred_set	pred_set.IN_BIGINTER_IMAGE
pred_set	pred_set.IN_BIGUNION
pred_set	pred_set.IN_BIGUNION_IMAGE
pred_set	pred_set.IN_COMPL
pred_set	pred_set.IN_COUNT
pred_set	pred_set.IN_CROSS
pred_set	pred_set.IN_DELETE
pred_set	pred_set.IN_DELETE_EQ
pred_set	pred_set.IN_DFUNSET
pred_set	pred_set.IN_DIFF
pred_set	pred_set.IN_DISJOINT
pred_set	pred_set.IN_EQ_UNIV_IMP
pred_set	pred_set.IN_FROM
pred_set	pred_set.IN_FUNSET
pred_set	pred_set.IN_GSPEC
pred_set	pred_set.IN_GSPEC_IFF
pred_set	pred_set.IN_IMAGE
pred_set	pred_set.IN_INFINITE_NOT_FINITE
pred_set	pred_set.IN_INSERT
pred_set	pred_set.IN_INSERT_EXPAND
pred_set	pred_set.IN_INTER
pred_set	pred_set.IN_POW
pred_set	pred_set.IN_PREIMAGE
pred_set	pred_set.IN_REST
pred_set	pred_set.IN_SING
pred_set	pred_set.IN_UNION
pred_set	pred_set.IN_UNIV
pred_set	pred_set.IN_disjUNION
pred_set	pred_set.ITSET_CONG
pred_set	pred_set.ITSET_EMPTY
pred_set	pred_set.ITSET_IND
pred_set	pred_set.ITSET_INSERT
pred_set	pred_set.ITSET_PROPERTY
pred_set	pred_set.ITSET_REDUCTION
pred_set	pred_set.ITSET_SING
pred_set	pred_set.ITSET_THM
pred_set	pred_set.ITSET_def
pred_set	pred_set.K_SUBSET
pred_set	pred_set.KoenigsLemma
pred_set	pred_set.KoenigsLemma_WF
pred_set	pred_set.LESS_CARD_DIFF
pred_set	pred_set.LINV_DEF
pred_set	pred_set.LINV_OPT_THM
pred_set	pred_set.MAX_SET_ELIM
pred_set	pred_set.MAX_SET_EMPTY
pred_set	pred_set.MAX_SET_EQ_0
pred_set	pred_set.MAX_SET_INTER
pred_set	pred_set.MAX_SET_IN_SET
pred_set	pred_set.MAX_SET_LESS
pred_set	pred_set.MAX_SET_PROPERTY
pred_set	pred_set.MAX_SET_REWRITES
pred_set	pred_set.MAX_SET_SING
pred_set	pred_set.MAX_SET_TEST
pred_set	pred_set.MAX_SET_TEST_IFF
pred_set	pred_set.MAX_SET_THM
pred_set	pred_set.MAX_SET_UNION
pred_set	pred_set.MEMBER_NOT_EMPTY
pred_set	pred_set.MIN_SET_ELIM
pred_set	pred_set.MIN_SET_EQ_0
pred_set	pred_set.MIN_SET_IN_SET
pred_set	pred_set.MIN_SET_LEM
pred_set	pred_set.MIN_SET_LEQ_MAX_SET
pred_set	pred_set.MIN_SET_PROPERTY
pred_set	pred_set.MIN_SET_SING
pred_set	pred_set.MIN_SET_TEST
pred_set	pred_set.MIN_SET_TEST_IFF
pred_set	pred_set.MIN_SET_THM
pred_set	pred_set.MIN_SET_THM'
pred_set	pred_set.MIN_SET_UNION
pred_set	pred_set.NOT_EMPTY_INSERT
pred_set	pred_set.NOT_EMPTY_SING
pred_set	pred_set.NOT_EQUAL_SETS
pred_set	pred_set.NOT_INSERT_EMPTY
pred_set	pred_set.NOT_IN_EMPTY
pred_set	pred_set.NOT_IN_FINITE
pred_set	pred_set.NOT_PSUBSET_EMPTY
pred_set	pred_set.NOT_SING_EMPTY
pred_set	pred_set.NOT_UNIV_PSUBSET
pred_set	pred_set.NUM_2D_BIJ
pred_set	pred_set.NUM_2D_BIJ_BIG_SQUARE
pred_set	pred_set.NUM_2D_BIJ_INV
pred_set	pred_set.NUM_2D_BIJ_NZ
pred_set	pred_set.NUM_2D_BIJ_NZ_ALT
pred_set	pred_set.NUM_2D_BIJ_NZ_ALT2
pred_set	pred_set.NUM_2D_BIJ_NZ_ALT2_INV
pred_set	pred_set.NUM_2D_BIJ_NZ_ALT_INV
pred_set	pred_set.NUM_2D_BIJ_NZ_INV
pred_set	pred_set.NUM_2D_BIJ_SMALL_SQUARE
pred_set	pred_set.NUM_SET_WOP
pred_set	pred_set.ONE_ELEMENT_SING
pred_set	pred_set.PAIR_IN_GSPEC_1
pred_set	pred_set.PAIR_IN_GSPEC_2
pred_set	pred_set.PAIR_IN_GSPEC_IFF
pred_set	pred_set.PAIR_IN_GSPEC_same
pred_set	pred_set.PHP
pred_set	pred_set.PI_CONSTANT
pred_set	pred_set.POW_EMPTY
pred_set	pred_set.POW_EQNS
pred_set	pred_set.POW_INSERT
pred_set	pred_set.POW_applied
pred_set	pred_set.PREIMAGE_ALT
pred_set	pred_set.PREIMAGE_BIGUNION
pred_set	pred_set.PREIMAGE_COMP
pred_set	pred_set.PREIMAGE_COMPL
pred_set	pred_set.PREIMAGE_COMPL_INTER
pred_set	pred_set.PREIMAGE_CROSS
pred_set	pred_set.PREIMAGE_DIFF
pred_set	pred_set.PREIMAGE_DISJOINT
pred_set	pred_set.PREIMAGE_EMPTY
pred_set	pred_set.PREIMAGE_I
pred_set	pred_set.PREIMAGE_IMAGE
pred_set	pred_set.PREIMAGE_INTER
pred_set	pred_set.PREIMAGE_K
pred_set	pred_set.PREIMAGE_SUBSET
pred_set	pred_set.PREIMAGE_UNION
pred_set	pred_set.PREIMAGE_UNIV
pred_set	pred_set.PREIMAGE_applied
pred_set	pred_set.PREIMAGE_o
pred_set	pred_set.PROD_IMAGE_CONG
pred_set	pred_set.PROD_IMAGE_CONSTANT
pred_set	pred_set.PROD_IMAGE_DELETE
pred_set	pred_set.PROD_IMAGE_EMPTY
pred_set	pred_set.PROD_IMAGE_EQ_0
pred_set	pred_set.PROD_IMAGE_EQ_1
pred_set	pred_set.PROD_IMAGE_INSERT
pred_set	pred_set.PROD_IMAGE_THM
pred_set	pred_set.PROD_SET_EMPTY
pred_set	pred_set.PROD_SET_IMAGE_REDUCTION
pred_set	pred_set.PROD_SET_INSERT
pred_set	pred_set.PROD_SET_THM
pred_set	pred_set.PSUBSET_EQN
pred_set	pred_set.PSUBSET_FINITE
pred_set	pred_set.PSUBSET_INSERT_SUBSET
pred_set	pred_set.PSUBSET_IRREFL
pred_set	pred_set.PSUBSET_MEMBER
pred_set	pred_set.PSUBSET_SING
pred_set	pred_set.PSUBSET_SUBSET_TRANS
pred_set	pred_set.PSUBSET_TRANS
pred_set	pred_set.PSUBSET_UNIV
pred_set	pred_set.RC_PSUBSET
pred_set	pred_set.RC_SUBSET_THM
pred_set	pred_set.REL_RESTRICT_EMPTY
pred_set	pred_set.REL_RESTRICT_SUBSET
pred_set	pred_set.RESTRICTION_COMPOSE
pred_set	pred_set.RESTRICTION_COMPOSE_LEFT
pred_set	pred_set.RESTRICTION_COMPOSE_RIGHT
pred_set	pred_set.RESTRICTION_EXTENSION
pred_set	pred_set.RESTRICTION_FIXPOINT
pred_set	pred_set.RESTRICTION_IDEMP
pred_set	pred_set.RESTRICTION_IN_EXTENSIONAL
pred_set	pred_set.RESTRICTION_RESTRICTION
pred_set	pred_set.RESTRICTION_UNIQUE
pred_set	pred_set.RESTRICTION_UNIQUE_ALT
pred_set	pred_set.REST_PSUBSET
pred_set	pred_set.REST_SING
pred_set	pred_set.REST_SUBSET
pred_set	pred_set.REST_applied
pred_set	pred_set.RINV_DEF
pred_set	pred_set.RTC_PSUBSET
pred_set	pred_set.RTC_SUBSET_THM
pred_set	pred_set.SCHROEDER_BERNSTEIN
pred_set	pred_set.SCHROEDER_BERNSTEIN_AUTO
pred_set	pred_set.SCHROEDER_CLOSE
pred_set	pred_set.SCHROEDER_CLOSED
pred_set	pred_set.SCHROEDER_CLOSE_SET
pred_set	pred_set.SCHROEDER_CLOSE_SUBSET
pred_set	pred_set.SET_CASES
pred_set	pred_set.SET_EQ_SUBSET
pred_set	pred_set.SET_MINIMUM
pred_set	pred_set.SIGMA_CARD_CONSTANT
pred_set	pred_set.SIGMA_CARD_SAME_SIZE_SETS
pred_set	pred_set.SIGMA_CONG
pred_set	pred_set.SIGMA_CONSTANT
pred_set	pred_set.SIGMA_LE_SIGMA
pred_set	pred_set.SIMPLE_FINITE_INDUCT
pred_set	pred_set.SING
pred_set	pred_set.SING_CARD_1
pred_set	pred_set.SING_DELETE
pred_set	pred_set.SING_ELEMENT
pred_set	pred_set.SING_EMPTY
pred_set	pred_set.SING_FINITE
pred_set	pred_set.SING_IFF_CARD1
pred_set	pred_set.SING_IFF_EMPTY_REST
pred_set	pred_set.SING_INSERT
pred_set	pred_set.SING_INTER
pred_set	pred_set.SING_ONE_ELEMENT
pred_set	pred_set.SING_TEST
pred_set	pred_set.SING_UNION
pred_set	pred_set.SING_applied
pred_set	pred_set.SING_partitions
pred_set	pred_set.SPECIFICATION
pred_set	pred_set.SUBSET_ADD
pred_set	pred_set.SUBSET_ANTISYM
pred_set	pred_set.SUBSET_ANTISYM_EQ
pred_set	pred_set.SUBSET_BIGINTER
pred_set	pred_set.SUBSET_BIGUNION
pred_set	pred_set.SUBSET_BIGUNION_I
pred_set	pred_set.SUBSET_BIGUNION_SUBSET_I
pred_set	pred_set.SUBSET_COMMUTING_ITSET_INSERT
pred_set	pred_set.SUBSET_COMMUTING_ITSET_RECURSES
pred_set	pred_set.SUBSET_COMMUTING_ITSET_REDUCTION
pred_set	pred_set.SUBSET_CROSS
pred_set	pred_set.SUBSET_DELETE
pred_set	pred_set.SUBSET_DELETE_BOTH
pred_set	pred_set.SUBSET_DIFF
pred_set	pred_set.SUBSET_DIFF_EMPTY
pred_set	pred_set.SUBSET_DISJOINT
pred_set	pred_set.SUBSET_EMPTY
pred_set	pred_set.SUBSET_EQ_CARD
pred_set	pred_set.SUBSET_FINITE
pred_set	pred_set.SUBSET_FINITE_I
pred_set	pred_set.SUBSET_IMAGE
pred_set	pred_set.SUBSET_INSERT
pred_set	pred_set.SUBSET_INSERT_DELETE
pred_set	pred_set.SUBSET_INSERT_RIGHT
pred_set	pred_set.SUBSET_INTER
pred_set	pred_set.SUBSET_INTER1
pred_set	pred_set.SUBSET_INTER2
pred_set	pred_set.SUBSET_INTER_ABSORPTION
pred_set	pred_set.SUBSET_K
pred_set	pred_set.SUBSET_MAX_SET
pred_set	pred_set.SUBSET_MIN_SET
pred_set	pred_set.SUBSET_OF_INSERT
pred_set	pred_set.SUBSET_POW
pred_set	pred_set.SUBSET_PSUBSET_TRANS
pred_set	pred_set.SUBSET_REFL
pred_set	pred_set.SUBSET_SING
pred_set	pred_set.SUBSET_THM
pred_set	pred_set.SUBSET_TRANS
pred_set	pred_set.SUBSET_UNION
pred_set	pred_set.SUBSET_UNION_ABSORPTION
pred_set	pred_set.SUBSET_UNIV
pred_set	pred_set.SUBSET_applied
pred_set	pred_set.SUBSET_count_MAX_SET
pred_set	pred_set.SUBSET_reflexive
pred_set	pred_set.SUBSET_transitive
pred_set	pred_set.SUM_IMAGE_ADD
pred_set	pred_set.SUM_IMAGE_CONG
pred_set	pred_set.SUM_IMAGE_CONSTANT
pred_set	pred_set.SUM_IMAGE_DELETE
pred_set	pred_set.SUM_IMAGE_DISJOINT
pred_set	pred_set.SUM_IMAGE_EMPTY
pred_set	pred_set.SUM_IMAGE_INJ_o
pred_set	pred_set.SUM_IMAGE_INSERT
pred_set	pred_set.SUM_IMAGE_IN_LE
pred_set	pred_set.SUM_IMAGE_MONO_LESS
pred_set	pred_set.SUM_IMAGE_MONO_LESS_EQ
pred_set	pred_set.SUM_IMAGE_MONO_LT
pred_set	pred_set.SUM_IMAGE_PERMUTES
pred_set	pred_set.SUM_IMAGE_SING
pred_set	pred_set.SUM_IMAGE_SUBSET_LE
pred_set	pred_set.SUM_IMAGE_THM
pred_set	pred_set.SUM_IMAGE_UNION
pred_set	pred_set.SUM_IMAGE_UNION_EQN
pred_set	pred_set.SUM_IMAGE_ZERO
pred_set	pred_set.SUM_IMAGE_lower_bound
pred_set	pred_set.SUM_IMAGE_upper_bound
pred_set	pred_set.SUM_SAME_IMAGE
pred_set	pred_set.SUM_SET_DELETE
pred_set	pred_set.SUM_SET_EMPTY
pred_set	pred_set.SUM_SET_INSERT
pred_set	pred_set.SUM_SET_IN_LE
pred_set	pred_set.SUM_SET_SING
pred_set	pred_set.SUM_SET_SUBSET_LE
pred_set	pred_set.SUM_SET_THM
pred_set	pred_set.SUM_SET_UNION
pred_set	pred_set.SUM_SET_count
pred_set	pred_set.SUM_SET_count_2
pred_set	pred_set.SUM_UNIV
pred_set	pred_set.SURJECTIVE_IFF_INJECTIVE
pred_set	pred_set.SURJECTIVE_IFF_INJECTIVE_GEN
pred_set	pred_set.SURJ_CARD
pred_set	pred_set.SURJ_COMPOSE
pred_set	pred_set.SURJ_CONG
pred_set	pred_set.SURJ_ELEMENT
pred_set	pred_set.SURJ_EMPTY
pred_set	pred_set.SURJ_ID
pred_set	pred_set.SURJ_IMAGE
pred_set	pred_set.SURJ_IMP_INJ
pred_set	pred_set.SURJ_INJ_INV
pred_set	pred_set.TC_PSUBSET
pred_set	pred_set.TC_SUBSET_THM
pred_set	pred_set.UNION_ASSOC
pred_set	pred_set.UNION_COMM
pred_set	pred_set.UNION_COUNT_FROM
pred_set	pred_set.UNION_DELETE
pred_set	pred_set.UNION_DIFF
pred_set	pred_set.UNION_DIFF_2
pred_set	pred_set.UNION_DIFF_EQ
pred_set	pred_set.UNION_EMPTY
pred_set	pred_set.UNION_FROM_COUNT
pred_set	pred_set.UNION_IDEMPOT
pred_set	pred_set.UNION_OVER_INTER
pred_set	pred_set.UNION_SUBSET
pred_set	pred_set.UNION_UNIV
pred_set	pred_set.UNION_applied
pred_set	pred_set.UNIQUE_MEMBER_SING
pred_set	pred_set.UNIV_BOOL
pred_set	pred_set.UNIV_FUNSET_UNIV
pred_set	pred_set.UNIV_FUN_TO_BOOL
pred_set	pred_set.UNIV_NOT_EMPTY
pred_set	pred_set.UNIV_SUBSET
pred_set	pred_set.UNIV_applied
pred_set	pred_set.X_LE_MAX_SET
pred_set	pred_set.bigunion_countable
pred_set	pred_set.chooser_compute
pred_set	pred_set.compl_insert
pred_set	pred_set.count_EQN
pred_set	pred_set.count_add
pred_set	pred_set.count_add1
pred_set	pred_set.countable_EMPTY
pred_set	pred_set.countable_INSERT
pred_set	pred_set.countable_Uprod
pred_set	pred_set.countable_Usum
pred_set	pred_set.countable_image_nats
pred_set	pred_set.countable_surj
pred_set	pred_set.cross_countable
pred_set	pred_set.cross_countable_IFF
pred_set	pred_set.disjUNION_EQ_EMPTY
pred_set	pred_set.disjUNION_UNIV
pred_set	pred_set.disjointD
pred_set	pred_set.disjointI
pred_set	pred_set.disjoint_def
pred_set	pred_set.disjoint_empty
pred_set	pred_set.disjoint_image
pred_set	pred_set.disjoint_insert
pred_set	pred_set.disjoint_insert_imp
pred_set	pred_set.disjoint_insert_notin
pred_set	pred_set.disjoint_restrict
pred_set	pred_set.disjoint_same
pred_set	pred_set.disjoint_sing
pred_set	pred_set.disjoint_two
pred_set	pred_set.disjoint_union
pred_set	pred_set.empty_partitions
pred_set	pred_set.empty_refines
pred_set	pred_set.equiv_class_eq
pred_set	pred_set.equiv_on_subset
pred_set	pred_set.equivalence_same_part
pred_set	pred_set.finite_countable
pred_set	pred_set.image_countable
pred_set	pred_set.in_max_set
pred_set	pred_set.in_part
pred_set	pred_set.infinite_num_inj
pred_set	pred_set.infinite_pow_uncountable
pred_set	pred_set.infinite_rest
pred_set	pred_set.inj_countable
pred_set	pred_set.inj_image_countable_IFF
pred_set	pred_set.inj_surj
pred_set	pred_set.inter_countable
pred_set	pred_set.inv_image_equiv_on
pred_set	pred_set.is_measure_maximal_INSERT
pred_set	pred_set.is_measure_maximal_SING
pred_set	pred_set.num_FINITE
pred_set	pred_set.num_FINITE_AVOID
pred_set	pred_set.num_INFINITE
pred_set	pred_set.num_countable
pred_set	pred_set.pair_to_num_formula
pred_set	pred_set.pair_to_num_inv
pred_set	pred_set.pair_to_num_inv'
pred_set	pred_set.pairwise_EMPTY
pred_set	pred_set.pairwise_SUBSET
pred_set	pred_set.pairwise_UNION
pred_set	pred_set.part_SING
pred_set	pred_set.part_in_partition
pred_set	pred_set.part_partition
pred_set	pred_set.part_unique
pred_set	pred_set.partition_CARD
pred_set	pred_set.partition_SUBSET
pred_set	pred_set.partition_elements_disjoint
pred_set	pred_set.partition_elements_interrelate
pred_set	pred_set.partition_rel_eq
pred_set	pred_set.partitions_DISJOINT
pred_set	pred_set.partitions_FINITE
pred_set	pred_set.partitions_INSERT
pred_set	pred_set.partitions_PAIR_DISJOINT
pred_set	pred_set.partitions_SING
pred_set	pred_set.partitions_covers
pred_set	pred_set.partitions_empty
pred_set	pred_set.partitions_inj
pred_set	pred_set.partitions_thm
pred_set	pred_set.pow_no_surj
pred_set	pred_set.prime_PROD_IMAGE
pred_set	pred_set.refines_antisym
pred_set	pred_set.refines_grows_parts
pred_set	pred_set.refines_refl
pred_set	pred_set.refines_transitive
pred_set	pred_set.subset_countable
pred_set	pred_set.transitive_PSUBSET
pred_set	pred_set.union_countable
pred_set	pred_set.union_countable_IFF
prim_rec	prim_rec.DC
prim_rec	prim_rec.EQ_LESS
prim_rec	prim_rec.INV_SUC_EQ
prim_rec	prim_rec.LESS_0
prim_rec	prim_rec.LESS_0_0
prim_rec	prim_rec.LESS_ALT
prim_rec	prim_rec.LESS_LEMMA1
prim_rec	prim_rec.LESS_LEMMA2
prim_rec	prim_rec.LESS_MONO
prim_rec	prim_rec.LESS_MONO_EQ
prim_rec	prim_rec.LESS_MONO_REV
prim_rec	prim_rec.LESS_NOT_EQ
prim_rec	prim_rec.LESS_REFL
prim_rec	prim_rec.LESS_SUC
prim_rec	prim_rec.LESS_SUC_IMP
prim_rec	prim_rec.LESS_SUC_REFL
prim_rec	prim_rec.LESS_SUC_SUC
prim_rec	prim_rec.LESS_THM
prim_rec	prim_rec.NOT_LESS_0
prim_rec	prim_rec.NOT_LESS_EQ
prim_rec	prim_rec.PRE
prim_rec	prim_rec.PRIM_REC_EQN
prim_rec	prim_rec.PRIM_REC_THM
prim_rec	prim_rec.RTC_IM_TC
prim_rec	prim_rec.SIMP_REC_EXISTS
prim_rec	prim_rec.SIMP_REC_REL_UNIQUE
prim_rec	prim_rec.SIMP_REC_REL_UNIQUE_RESULT
prim_rec	prim_rec.SIMP_REC_THM
prim_rec	prim_rec.SUC_ID
prim_rec	prim_rec.SUC_LESS
prim_rec	prim_rec.TC_IM_RTC_SUC
prim_rec	prim_rec.WF_IFF_WELLFOUNDED
prim_rec	prim_rec.WF_LESS
prim_rec	prim_rec.WF_PRED
prim_rec	prim_rec.WF_measure
prim_rec	prim_rec.measure_thm
prim_rec	prim_rec.num_Axiom
prim_rec	prim_rec.num_Axiom_old
prime	prime.Gauss_little_thm
prime	prime.LOG2_BY_HALF
prime	prime.LOG2_DIV_EXP
prime	prime.LOG2_HALF
prime	prime.LOG2_SUC_TIMES_SQ_DIV_2_POS
prime	prime.LOG2_compute
prime	prime.LOG_SUC
prime	prime.ROOT_EQN
prime	prime.SQRT_LE_IMP
prime	prime.SQRT_LE_SELF
prime	prime.SQRT_MULT_LE
prime	prime.SQRT_SQ
prime	prime.SQ_SQRT_LE
prime	prime.SQ_SQRT_LE_alt
prime	prime.SQ_SQRT_LT
prime	prime.SQ_SQRT_LT_alt
prime	prime.basic_prime_factorisation
prime	prime.common_prime_divisors_element
prime	prime.common_prime_divisors_finite
prime	prime.common_prime_divisors_min_image_pairwise_coprime
prime	prime.common_prime_divisors_pairwise_coprime
prime	prime.coprimes_by_0
prime	prime.coprimes_by_by_0
prime	prime.coprimes_by_by_1
prime	prime.coprimes_by_by_divisor
prime	prime.coprimes_by_by_last
prime	prime.coprimes_by_divisors_card
prime	prime.coprimes_by_element
prime	prime.coprimes_by_eq_empty
prime	prime.coprimes_by_finite
prime	prime.coprimes_by_with_card
prime	prime.coprimes_eq_Euler
prime	prime.coprimes_from_not_1_inj
prime	prime.coprimes_map_cross_inj
prime	prime.coprimes_mult_by_image
prime	prime.coprimes_prime
prime	prime.coprimes_prime_power
prime	prime.coprimes_thm
prime	prime.count_up_def
prime	prime.count_up_exit
prime	prime.count_up_exit_eqn
prime	prime.count_up_ind
prime	prime.count_up_suc
prime	prime.count_up_suc_eqn
prime	prime.divisor_gt_cofactor_le
prime	prime.divisor_le_cofactor_ge
prime	prime.divisor_prime_factorisation
prime	prime.divisors_0
prime	prime.divisors_1
prime	prime.divisors_card_upper
prime	prime.divisors_cofactor_inj
prime	prime.divisors_delete_last
prime	prime.divisors_divisors_bij
prime	prime.divisors_element
prime	prime.divisors_element_alt
prime	prime.divisors_eq_empty
prime	prime.divisors_eq_gcd_image
prime	prime.divisors_eq_image_gcd_count
prime	prime.divisors_eq_image_gcd_natural
prime	prime.divisors_eq_image_gcd_upto
prime	prime.divisors_eqn
prime	prime.divisors_finite
prime	prime.divisors_has_1
prime	prime.divisors_has_cofactor
prime	prime.divisors_has_element
prime	prime.divisors_has_factor
prime	prime.divisors_has_last
prime	prime.divisors_nonzero
prime	prime.divisors_not_empty
prime	prime.divisors_subset_natural
prime	prime.even_sq_free_element
prime	prime.even_sq_free_finite
prime	prime.even_sq_free_subset
prime	prime.exp_to_ulog
prime	prime.factor_seek_bound
prime	prime.factor_seek_def
prime	prime.factor_seek_ind
prime	prime.factor_seek_thm
prime	prime.gcd_eq_count_partition_by_divisors
prime	prime.gcd_eq_equiv_class
prime	prime.gcd_eq_equiv_class_fun
prime	prime.gcd_eq_equiv_on_count
prime	prime.gcd_eq_equiv_on_natural
prime	prime.gcd_eq_equiv_on_upto
prime	prime.gcd_eq_natural_partition_by_divisors
prime	prime.gcd_eq_partition_by_divisors
prime	prime.gcd_eq_upto_partition_by_divisors
prime	prime.gcd_matches_0
prime	prime.gcd_matches_1
prime	prime.gcd_matches_alt
prime	prime.gcd_matches_and_coprimes_by_same_size
prime	prime.gcd_matches_bij_coprimes
prime	prime.gcd_matches_bij_coprimes_by
prime	prime.gcd_matches_divisor_element
prime	prime.gcd_matches_element
prime	prime.gcd_matches_element_divides
prime	prime.gcd_matches_eq_empty
prime	prime.gcd_matches_finite
prime	prime.gcd_matches_from_divisors_inj
prime	prime.gcd_matches_has_divisor
prime	prime.gcd_matches_subset
prime	prime.gcd_matches_with_0
prime	prime.gcd_park_decompose
prime	prime.gcd_park_decomposition
prime	prime.gcd_prime_factorisation
prime	prime.gcd_prime_power_cofactor_coprime
prime	prime.gcd_prime_power_divisibility
prime	prime.gcd_prime_power_factor
prime	prime.gcd_prime_power_factor_divides_gcd
prime	prime.gcd_prime_power_index
prime	prime.halves_0
prime	prime.halves_1
prime	prime.halves_2
prime	prime.halves_alt
prime	prime.halves_by_LOG2
prime	prime.halves_def
prime	prime.halves_eq_0
prime	prime.halves_eq_1
prime	prime.halves_ind
prime	prime.halves_le
prime	prime.halves_pos
prime	prime.lcm_fun_0
prime	prime.lcm_fun_1
prime	prime.lcm_fun_2
prime	prime.lcm_fun_SUC
prime	prime.lcm_fun_compute
prime	prime.lcm_fun_lower_bound
prime	prime.lcm_fun_lower_bound_alt
prime	prime.lcm_fun_suc_none
prime	prime.lcm_fun_suc_some
prime	prime.lcm_gcd_park_decompose
prime	prime.lcm_park_decompose
prime	prime.lcm_park_decomposition
prime	prime.lcm_prime_factorisation
prime	prime.lcm_prime_power_cofactor_coprime
prime	prime.lcm_prime_power_divisibility
prime	prime.lcm_prime_power_factor
prime	prime.lcm_prime_power_factor_divides_lcm
prime	prime.lcm_prime_power_index
prime	prime.lcm_run_eq_prod_set_prime_powers
prime	prime.lcm_run_eq_set_lcm_prime_powers
prime	prime.lcm_run_lower_by_primes_count
prime	prime.lcm_run_lower_by_primes_product
prime	prime.lcm_run_upper_by_primes_count
prime	prime.lcm_special_for_coprime_factors
prime	prime.lcm_special_for_prime_power
prime	prime.less_divisors_0
prime	prime.less_divisors_1
prime	prime.less_divisors_element
prime	prime.less_divisors_finite
prime	prime.less_divisors_has_1
prime	prime.less_divisors_has_cofactor
prime	prime.less_divisors_max
prime	prime.less_divisors_min
prime	prime.less_divisors_nonzero
prime	prime.less_divisors_prime
prime	prime.less_divisors_subset_divisors
prime	prime.less_divisors_subset_natural
prime	prime.list_lcm_by_last_non_prime_power
prime	prime.list_lcm_by_last_prime_power
prime	prime.list_lcm_eq_lcm_fun
prime	prime.list_lcm_option_last_non_prime_power
prime	prime.list_lcm_option_last_prime_power
prime	prime.list_lcm_option_recurrence
prime	prime.list_lcm_prime_power_divisibility
prime	prime.list_lcm_prime_power_factor_divides
prime	prime.list_lcm_prime_power_factor_member
prime	prime.list_lcm_prime_power_index
prime	prime.list_lcm_prime_power_index_lower
prime	prime.list_lcm_recurrence
prime	prime.list_lcm_with_last_non_prime_power
prime	prime.list_lcm_with_last_prime_power
prime	prime.multiples_upto_0_n
prime	prime.multiples_upto_1_n
prime	prime.multiples_upto_alt
prime	prime.multiples_upto_card
prime	prime.multiples_upto_element
prime	prime.multiples_upto_element_alt
prime	prime.multiples_upto_eqn
prime	prime.multiples_upto_finite
prime	prime.multiples_upto_m_0
prime	prime.multiples_upto_m_1
prime	prime.multiples_upto_subset
prime	prime.multiples_upto_thm
prime	prime.non_prime_power_coprime_factors
prime	prime.non_sq_free_element
prime	prime.non_sq_free_finite
prime	prime.non_sq_free_subset
prime	prime.odd_sq_free_element
prime	prime.odd_sq_free_finite
prime	prime.odd_sq_free_subset
prime	prime.odd_square_lt
prime	prime.pairwise_coprime_for_prime_powers
prime	prime.park_off_alt
prime	prime.park_off_element
prime	prime.park_off_image_has_not_1
prime	prime.park_off_subset_common
prime	prime.park_off_subset_total
prime	prime.park_on_element
prime	prime.park_on_off_common_image_partition
prime	prime.park_on_off_partition
prime	prime.park_on_off_total_image_partition
prime	prime.park_on_subset_common
prime	prime.park_on_subset_total
prime	prime.perfect_power_0_m
prime	prime.perfect_power_1_m
prime	prime.perfect_power_2_odd
prime	prime.perfect_power_bound_LOG2
prime	prime.perfect_power_bound_ulog
prime	prime.perfect_power_cofactor
prime	prime.perfect_power_cofactor_alt
prime	prime.perfect_power_condition
prime	prime.perfect_power_half_inequality_1
prime	prime.perfect_power_half_inequality_2
prime	prime.perfect_power_mod_eq_0
prime	prime.perfect_power_mod_ne_0
prime	prime.perfect_power_n_0
prime	prime.perfect_power_n_1
prime	prime.perfect_power_not_suc
prime	prime.perfect_power_self
prime	prime.perfect_power_special_inequality
prime	prime.perfect_power_suc
prime	prime.perfect_power_test
prime	prime.phi_0
prime	prime.phi_1
prime	prime.phi_2
prime	prime.phi_eq_0
prime	prime.phi_eq_totient
prime	prime.phi_fun
prime	prime.phi_gt_1
prime	prime.phi_le
prime	prime.phi_lt
prime	prime.phi_mult
prime	prime.phi_pos
prime	prime.phi_prime
prime	prime.phi_prime_power
prime	prime.phi_prime_sq
prime	prime.phi_primes
prime	prime.phi_primes_distinct
prime	prime.phi_thm
prime	prime.power_free_0
prime	prime.power_free_1
prime	prime.power_free_2
prime	prime.power_free_3
prime	prime.power_free_alt
prime	prime.power_free_by_power_index_LOG2
prime	prime.power_free_by_power_index_ulog
prime	prime.power_free_check_all
prime	prime.power_free_check_upto
prime	prime.power_free_check_upto_LOG2
prime	prime.power_free_check_upto_ulog
prime	prime.power_free_gt_1
prime	prime.power_free_perfect_power
prime	prime.power_free_property
prime	prime.power_free_test_eqn
prime	prime.power_free_test_upto_LOG2
prime	prime.power_free_test_upto_ulog
prime	prime.power_free_upto_0
prime	prime.power_free_upto_1
prime	prime.power_free_upto_suc
prime	prime.power_index_0
prime	prime.power_index_1
prime	prime.power_index_def
prime	prime.power_index_eqn
prime	prime.power_index_equal
prime	prime.power_index_exact_root
prime	prime.power_index_ind
prime	prime.power_index_lower
prime	prime.power_index_no_exact_roots
prime	prime.power_index_not_exact_root
prime	prime.power_index_of_1
prime	prime.power_index_pos
prime	prime.power_index_property
prime	prime.power_index_root
prime	prime.power_index_upper
prime	prime.prime_by_sqrt_factors
prime	prime.prime_divisors_0
prime	prime.prime_divisors_0_not_sing
prime	prime.prime_divisors_1
prime	prime.prime_divisors_common_divisor
prime	prime.prime_divisors_common_multiple
prime	prime.prime_divisors_divisor_subset
prime	prime.prime_divisors_element
prime	prime.prime_divisors_empty_iff
prime	prime.prime_divisors_finite
prime	prime.prime_divisors_nonempty
prime	prime.prime_divisors_prime
prime	prime.prime_divisors_prime_power
prime	prime.prime_divisors_sing
prime	prime.prime_divisors_sing_alt
prime	prime.prime_divisors_sing_property
prime	prime.prime_divisors_subset_natural
prime	prime.prime_divisors_subset_prime
prime	prime.prime_factor_estimate
prime	prime.prime_factorisation
prime	prime.prime_factors_element
prime	prime.prime_factors_finite
prime	prime.prime_factors_subset
prime	prime.prime_is_power_free
prime	prime.prime_non_square
prime	prime.prime_power_cofactor_coprime
prime	prime.prime_power_divisibility
prime	prime.prime_power_divisors_1
prime	prime.prime_power_divisors_element
prime	prime.prime_power_divisors_element_alt
prime	prime.prime_power_divisors_finite
prime	prime.prime_power_divisors_pairwise_coprime
prime	prime.prime_power_eqn
prime	prime.prime_power_factor_divides
prime	prime.prime_power_index_1
prime	prime.prime_power_index_common_divisor
prime	prime.prime_power_index_common_multiple
prime	prime.prime_power_index_eq_0
prime	prime.prime_power_index_eqn
prime	prime.prime_power_index_exists
prime	prime.prime_power_index_le_log_index
prime	prime.prime_power_index_maximal
prime	prime.prime_power_index_of_divisor
prime	prime.prime_power_index_pos
prime	prime.prime_power_index_prime
prime	prime.prime_power_index_prime_power
prime	prime.prime_power_index_suc_property
prime	prime.prime_power_index_suc_special
prime	prime.prime_power_index_test
prime	prime.prime_power_or_coprime_factors
prime	prime.prime_powers_upto_0
prime	prime.prime_powers_upto_1
prime	prime.prime_powers_upto_element
prime	prime.prime_powers_upto_element_alt
prime	prime.prime_powers_upto_finite
prime	prime.prime_powers_upto_lcm_divisor
prime	prime.prime_powers_upto_lcm_prime_divisor
prime	prime.prime_powers_upto_lcm_prime_to_log_divisor
prime	prime.prime_powers_upto_lcm_prime_to_power_divisor
prime	prime.prime_powers_upto_list_mem
prime	prime.prime_powers_upto_pairwise_coprime
prime	prime.prime_powers_upto_prod_set_ge
prime	prime.prime_powers_upto_prod_set_le
prime	prime.prime_powers_upto_prod_set_mix_ge
prime	prime.prime_test_thm
prime	prime.primes_count_0
prime	prime.primes_count_1
prime	prime.primes_count_upper_by_lcm_run
prime	prime.primes_count_upper_by_product
prime	prime.primes_upto_0
prime	prime.primes_upto_1
prime	prime.primes_upto_element
prime	prime.primes_upto_finite
prime	prime.primes_upto_pairwise_coprime
prime	prime.primes_upto_subset_natural
prime	prime.proper_divisors_0
prime	prime.proper_divisors_1
prime	prime.proper_divisors_by_less_divisors
prime	prime.proper_divisors_element
prime	prime.proper_divisors_finite
prime	prime.proper_divisors_has_cofactor
prime	prime.proper_divisors_max_min
prime	prime.proper_divisors_min_gt_1
prime	prime.proper_divisors_not_1
prime	prime.proper_divisors_prime
prime	prime.proper_divisors_subset
prime	prime.rec_phi_0
prime	prime.rec_phi_1
prime	prime.rec_phi_def
prime	prime.rec_phi_eq_phi
prime	prime.rec_phi_ind
prime	prime.self_to_log_index_member
prime	prime.set_lcm_prime_powers_upto_eqn
prime	prime.sigma_eq_perfect_power_bounds_1
prime	prime.sigma_eq_perfect_power_bounds_2
prime	prime.sq_free_disjoint
prime	prime.sq_free_disjoint_even_odd
prime	prime.sq_free_element
prime	prime.sq_free_finite
prime	prime.sq_free_inter
prime	prime.sq_free_inter_even_odd
prime	prime.sq_free_split
prime	prime.sq_free_split_even_odd
prime	prime.sq_free_subset
prime	prime.sq_free_union
prime	prime.sq_free_union_even_odd
prime	prime.sqrt_upper
prime	prime.square_0
prime	prime.square_1
prime	prime.square_alt
prime	prime.square_eqn
prime	prime.square_free_1
prime	prime.square_free_prime
prime	prime.sum_image_divisors_cong
prime	prime.sum_over_count_by_divisors
prime	prime.sum_over_count_by_gcd_partition
prime	prime.sum_over_natural_by_divisors
prime	prime.sum_over_natural_by_gcd_partition
prime	prime.sum_over_natural_by_preimage_divisors
prime	prime.sum_over_upto_by_divisors
prime	prime.sum_over_upto_by_gcd_partition
prime	prime.total_prime_divisors_element
prime	prime.total_prime_divisors_finite
prime	prime.total_prime_divisors_max_image_pairwise_coprime
prime	prime.total_prime_divisors_pairwise_coprime
prime	prime.two_factors_property
prime	prime.two_factors_property_1
prime	prime.two_factors_property_2
prime	prime.ulog_0
prime	prime.ulog_1
prime	prime.ulog_2
prime	prime.ulog_2_exp
prime	prime.ulog_LOG2
prime	prime.ulog_alt
prime	prime.ulog_def_alt
prime	prime.ulog_eq_0
prime	prime.ulog_eq_1
prime	prime.ulog_eq_self
prime	prime.ulog_eqn
prime	prime.ulog_even
prime	prime.ulog_exp
prime	prime.ulog_exp_exact
prime	prime.ulog_exp_not_exact
prime	prime.ulog_ge_1
prime	prime.ulog_half
prime	prime.ulog_le
prime	prime.ulog_le_1
prime	prime.ulog_le_self
prime	prime.ulog_lt
prime	prime.ulog_lt_self
prime	prime.ulog_mult
prime	prime.ulog_odd
prime	prime.ulog_pos
prime	prime.ulog_property
prime	prime.ulog_property_not_exact
prime	prime.ulog_property_odd
prime	prime.ulog_sq_gt_1
prime	prime.ulog_suc
prime	prime.ulog_thm
prime	prime.ulog_twice_sq
prime	prime.ulog_unique
primeFactor	primeFactor.DIVISOR_IN_PRIME_FACTORS
primeFactor	primeFactor.FACTORS_prime
primeFactor	primeFactor.LESS_EQ_BAG_CARD_PRIME_FACTORS_PROD
primeFactor	primeFactor.PRIME_FACTORIZATION
primeFactor	primeFactor.PRIME_FACTORS_1
primeFactor	primeFactor.PRIME_FACTORS_EXIST
primeFactor	primeFactor.PRIME_FACTORS_EXP
primeFactor	primeFactor.PRIME_FACTORS_MULT
primeFactor	primeFactor.PRIME_FACTOR_DIVIDES
primeFactor	primeFactor.UNIQUE_PRIME_FACTORS
probability	probability.ABS_1_MINUS_PROB
probability	probability.ABS_PROB
probability	probability.ADDITIVE_PROB
probability	probability.BAYES_RULE
probability	probability.BAYES_RULE_GENERAL_SIGMA
probability	probability.Borel_0_1_Law
probability	probability.Borel_Cantelli_Lemma1
probability	probability.Borel_Cantelli_Lemma2
probability	probability.Borel_Cantelli_Lemma2p
probability	probability.COND_PROB_ADDITIVE
probability	probability.COND_PROB_BOUNDS
probability	probability.COND_PROB_COMPL
probability	probability.COND_PROB_DIFF
probability	probability.COND_PROB_FINITE
probability	probability.COND_PROB_FINITE_ADDITIVE
probability	probability.COND_PROB_INCREASING
probability	probability.COND_PROB_INTER_SPLIT
probability	probability.COND_PROB_ITSELF
probability	probability.COND_PROB_MUL_EQ
probability	probability.COND_PROB_MUL_RULE
probability	probability.COND_PROB_POS_IMP_PROB_NZ
probability	probability.COND_PROB_SWAP
probability	probability.COND_PROB_UNION
probability	probability.COND_PROB_ZERO
probability	probability.COND_PROB_ZERO_INTER
probability	probability.COUNTABLY_ADDITIVE_PROB
probability	probability.EVENTS
probability	probability.EVENTS_ALGEBRA
probability	probability.EVENTS_BIGINTER_FN
probability	probability.EVENTS_BIGUNION
probability	probability.EVENTS_BIGUNION_ENUM
probability	probability.EVENTS_COMPL
probability	probability.EVENTS_COUNTABLE_INTER
probability	probability.EVENTS_COUNTABLE_UNION
probability	probability.EVENTS_DIFF
probability	probability.EVENTS_EMPTY
probability	probability.EVENTS_INTER
probability	probability.EVENTS_LIMINF
probability	probability.EVENTS_LIMSUP
probability	probability.EVENTS_SIGMA_ALGEBRA
probability	probability.EVENTS_SPACE
probability	probability.EVENTS_UNION
probability	probability.INCREASING_PROB
probability	probability.INDEP
probability	probability.INDEP_COMPL
probability	probability.INDEP_COMPL'
probability	probability.INDEP_COMPL2
probability	probability.INDEP_COUNTABLE_DUNION
probability	probability.INDEP_COUNTABLE_DUNION'
probability	probability.INDEP_DISJOINT_UNION
probability	probability.INDEP_DISJOINT_UNION'
probability	probability.INDEP_EMPTY
probability	probability.INDEP_EMPTY'
probability	probability.INDEP_FAMILIES_SIGMA
probability	probability.INDEP_FAMILIES_SYM
probability	probability.INDEP_REFL
probability	probability.INDEP_SPACE
probability	probability.INDEP_SPACE'
probability	probability.INDEP_SYM
probability	probability.INDEP_SYM_EQ
probability	probability.INDICATOR_FN_REAL_RV
probability	probability.INTER_PSPACE
probability	probability.Kolmogorov_0_1_Law
probability	probability.POSITIVE_PROB
probability	probability.PROB
probability	probability.PROB_ADDITIVE
probability	probability.PROB_COMPL
probability	probability.PROB_COMPL_LE1
probability	probability.PROB_COUNTABLY_ADDITIVE
probability	probability.PROB_COUNTABLY_SUBADDITIVE
probability	probability.PROB_COUNTABLY_ZERO
probability	probability.PROB_DIFF_SUBSET
probability	probability.PROB_DISCRETE_EVENTS
probability	probability.PROB_DISCRETE_EVENTS_COUNTABLE
probability	probability.PROB_EMPTY
probability	probability.PROB_EQUIPROBABLE_FINITE_UNIONS
probability	probability.PROB_EQ_BIGUNION_IMAGE
probability	probability.PROB_EQ_COMPL
probability	probability.PROB_EXTREAL_SUM_IMAGE
probability	probability.PROB_EXTREAL_SUM_IMAGE_FN
probability	probability.PROB_EXTREAL_SUM_IMAGE_SPACE
probability	probability.PROB_FINITE
probability	probability.PROB_FINITE_ADDITIVE
probability	probability.PROB_GSPEC
probability	probability.PROB_INCREASING
probability	probability.PROB_INCREASING_UNION
probability	probability.PROB_INDEP
probability	probability.PROB_INTER_SPLIT
probability	probability.PROB_INTER_ZERO
probability	probability.PROB_LE_1
probability	probability.PROB_LIMINF
probability	probability.PROB_LIMSUP
probability	probability.PROB_LT_POSINF
probability	probability.PROB_ONE_AE
probability	probability.PROB_ONE_AE_EQ
probability	probability.PROB_ONE_INTER
probability	probability.PROB_POSITIVE
probability	probability.PROB_SPACE
probability	probability.PROB_SPACE_ADDITIVE
probability	probability.PROB_SPACE_COUNTABLY_ADDITIVE
probability	probability.PROB_SPACE_INCREASING
probability	probability.PROB_SPACE_IN_PSPACE
probability	probability.PROB_SPACE_NOT_EMPTY
probability	probability.PROB_SPACE_POSITIVE
probability	probability.PROB_SPACE_REDUCE
probability	probability.PROB_SPACE_SIGMA_FINITE
probability	probability.PROB_SPACE_SUBSET_PSPACE
probability	probability.PROB_SUBADDITIVE
probability	probability.PROB_UNDER_UNIV
probability	probability.PROB_UNIV
probability	probability.PROB_ZERO_AE
probability	probability.PROB_ZERO_AE_EQ
probability	probability.PROB_ZERO_INTER
probability	probability.PROB_ZERO_UNION
probability	probability.PSPACE
probability	probability.TOTAL_PROB_SIGMA
probability	probability.bounded_imp_finite_second_moments
probability	probability.bounded_imp_finite_second_moments'
probability	probability.bounded_imp_integrable
probability	probability.chebyshev_ineq
probability	probability.chebyshev_ineq_variance
probability	probability.chebyshev_ineq_variance'
probability	probability.chebyshev_inequality
probability	probability.conditional_distribution_le_1
probability	probability.conditional_distribution_pos
probability	probability.converge_AE
probability	probability.converge_AE_add
probability	probability.converge_AE_add_to_zero
probability	probability.converge_AE_ainv
probability	probability.converge_AE_ainv_to_zero
probability	probability.converge_AE_alt_inf
probability	probability.converge_AE_alt_liminf
probability	probability.converge_AE_alt_limsup
probability	probability.converge_AE_alt_limsup'
probability	probability.converge_AE_alt_shift
probability	probability.converge_AE_alt_sup
probability	probability.converge_AE_cong
probability	probability.converge_AE_cong_full
probability	probability.converge_AE_const
probability	probability.converge_AE_const'
probability	probability.converge_AE_def
probability	probability.converge_AE_imp_PR
probability	probability.converge_AE_imp_PR'
probability	probability.converge_AE_shift
probability	probability.converge_AE_sub
probability	probability.converge_AE_to_limit
probability	probability.converge_AE_to_limit'
probability	probability.converge_AE_to_zero
probability	probability.converge_AE_to_zero'
probability	probability.converge_LP
probability	probability.converge_LP_alt_absolute_moment
probability	probability.converge_LP_alt_pow
probability	probability.converge_LP_cong
probability	probability.converge_LP_def
probability	probability.converge_LP_imp_PR'
probability	probability.converge_PR
probability	probability.converge_PR_add
probability	probability.converge_PR_add_to_zero
probability	probability.converge_PR_ainv
probability	probability.converge_PR_ainv_to_zero
probability	probability.converge_PR_alt_shift
probability	probability.converge_PR_cong
probability	probability.converge_PR_cong_full
probability	probability.converge_PR_def
probability	probability.converge_PR_shift
probability	probability.converge_PR_sub
probability	probability.converge_PR_to_limit
probability	probability.converge_PR_to_limit'
probability	probability.converge_PR_to_zero
probability	probability.converge_PR_to_zero'
probability	probability.converge_in_dist_cong
probability	probability.converge_in_dist_cong_full
probability	probability.converge_in_dist_def
probability	probability.covariance_self
probability	probability.distribution_GSPEC
probability	probability.distribution_distr
probability	probability.distribution_finite
probability	probability.distribution_function
probability	probability.distribution_le_1
probability	probability.distribution_le_one
probability	probability.distribution_lebesgue_thm1
probability	probability.distribution_lebesgue_thm2
probability	probability.distribution_not_infty
probability	probability.distribution_partition
probability	probability.distribution_pos
probability	probability.distribution_positive
probability	probability.distribution_prob_space
probability	probability.distribution_space_eq_1
probability	probability.distribution_x_eq_1_imp_distribution_y_eq_0
probability	probability.existence_of_prod_prob_space
probability	probability.expectation_add
probability	probability.expectation_bounds
probability	probability.expectation_cdiv
probability	probability.expectation_cmul
probability	probability.expectation_cong
probability	probability.expectation_const
probability	probability.expectation_converge
probability	probability.expectation_converge'
probability	probability.expectation_distribution
probability	probability.expectation_finite
probability	probability.expectation_indicator
probability	probability.expectation_mono
probability	probability.expectation_normal
probability	probability.expectation_pdf_1
probability	probability.expectation_pos
probability	probability.expectation_real_affine
probability	probability.expectation_sub
probability	probability.expectation_sum
probability	probability.expectation_zero
probability	probability.finite_expectation
probability	probability.finite_expectation1
probability	probability.finite_expectation2
probability	probability.finite_marginal_product_space_POW
probability	probability.finite_marginal_product_space_POW2
probability	probability.finite_marginal_product_space_POW3
probability	probability.finite_second_moments_add
probability	probability.finite_second_moments_ainv
probability	probability.finite_second_moments_all
probability	probability.finite_second_moments_alt
probability	probability.finite_second_moments_cdiv
probability	probability.finite_second_moments_cmul
probability	probability.finite_second_moments_cong
probability	probability.finite_second_moments_eq_finite_variance
probability	probability.finite_second_moments_eq_integrable_square
probability	probability.finite_second_moments_eq_integrable_squares
probability	probability.finite_second_moments_imp_finite_expectation
probability	probability.finite_second_moments_imp_integrable
probability	probability.finite_second_moments_imp_integrable_mul
probability	probability.finite_second_moments_indicator_fn
probability	probability.finite_second_moments_literally
probability	probability.finite_second_moments_sub
probability	probability.finite_second_moments_sum
probability	probability.finite_support_expectation
probability	probability.fundamental_theorem_of_random_vectors
probability	probability.identical_distribution_alt
probability	probability.identical_distribution_alt'
probability	probability.identical_distribution_alt_prob
probability	probability.identical_distribution_cong
probability	probability.identical_distribution_expectation
probability	probability.identical_distribution_expectation_general
probability	probability.identical_distribution_integrable
probability	probability.identical_distribution_integrable_general
probability	probability.indep_alt_cond_prob
probability	probability.indep_functions_of_four_vars
probability	probability.indep_rv_alt_indep_vars
probability	probability.indep_rv_cong
probability	probability.indep_vars_alt_indep_events
probability	probability.indep_vars_alt_univ
probability	probability.indep_vars_comm
probability	probability.indep_vars_cong
probability	probability.indep_vars_expectation
probability	probability.indep_vars_imp_uncorrelated
probability	probability.indep_vars_subset
probability	probability.integrable_absolute_moments
probability	probability.integrable_absolute_moments_mono
probability	probability.integrable_from_square
probability	probability.integrable_imp_finite_expectation
probability	probability.joint_conditional
probability	probability.joint_distribution3_alt
probability	probability.joint_distribution_alt
probability	probability.joint_distribution_le
probability	probability.joint_distribution_le2
probability	probability.joint_distribution_le_1
probability	probability.joint_distribution_not_infty
probability	probability.joint_distribution_pos
probability	probability.joint_distribution_sum_mul1
probability	probability.joint_distribution_sums_1
probability	probability.joint_distribution_sym
probability	probability.marginal_distribution1
probability	probability.marginal_distribution2
probability	probability.marginal_joint_zero
probability	probability.marginal_joint_zero3
probability	probability.pairwise_indep_events_def
probability	probability.pairwise_indep_sets_def
probability	probability.pairwise_indep_vars_cong
probability	probability.pairwise_indep_vars_def
probability	probability.pairwise_indep_vars_imp_uncorrelated
probability	probability.pairwise_indep_vars_subset
probability	probability.pdf_in_measurable_borel
probability	probability.pdf_le_pos
probability	probability.prob_div_mul_refl
probability	probability.prob_markov_ineq
probability	probability.prob_markov_inequality
probability	probability.prob_normal
probability	probability.prob_on_finite_set
probability	probability.prob_space_cong
probability	probability.prob_space_eq
probability	probability.prob_space_ext_lborel_01
probability	probability.prob_space_ext_lborel_01'
probability	probability.prob_space_lborel_01
probability	probability.prob_space_lborel_01'
probability	probability.prob_space_on_finite_set
probability	probability.prob_space_on_finite_set'
probability	probability.prob_x_eq_1_imp_prob_y_eq_0
probability	probability.random_variable_comp
probability	probability.random_variable_cong
probability	probability.real_random_variable
probability	probability.real_random_variable_abs
probability	probability.real_random_variable_add
probability	probability.real_random_variable_ainv
probability	probability.real_random_variable_cdiv
probability	probability.real_random_variable_cmul
probability	probability.real_random_variable_cong
probability	probability.real_random_variable_const
probability	probability.real_random_variable_equiv
probability	probability.real_random_variable_exp
probability	probability.real_random_variable_exp_normal
probability	probability.real_random_variable_fn_minus
probability	probability.real_random_variable_fn_plus
probability	probability.real_random_variable_mul_indicator
probability	probability.real_random_variable_sub
probability	probability.real_random_variable_sum
probability	probability.real_random_variable_sum_cdiv
probability	probability.real_random_variable_zero
probability	probability.second_moment_alt
probability	probability.second_moment_pos
probability	probability.total_imp_pairwise_indep_events
probability	probability.total_imp_pairwise_indep_sets
probability	probability.total_imp_pairwise_indep_vars
probability	probability.uncorrelated_covariance
probability	probability.uncorrelated_orthogonal
probability	probability.uncorrelated_thm
probability	probability.uniform_distribution_prob_space
probability	probability.variance_alt
probability	probability.variance_cdiv
probability	probability.variance_cmul
probability	probability.variance_cong
probability	probability.variance_const
probability	probability.variance_eq
probability	probability.variance_eq_indicator_fn
probability	probability.variance_le
probability	probability.variance_le_indicator_fn
probability	probability.variance_pos
probability	probability.variance_real_affine
probability	probability.variance_real_affine'
probability	probability.variance_sum
probability	probability.variance_sum'
probability	probability.variance_sum_indicator_fn
probability	probability.variance_zero
quantHeuristics	quantHeuristics.CONJ_NOT_OR_THM
quantHeuristics	quantHeuristics.CONS_EQ_REWRITE
quantHeuristics	quantHeuristics.DISJ_IMP_INTRO
quantHeuristics	quantHeuristics.EXISTS_NOT_FORALL_THM
quantHeuristics	quantHeuristics.FST_PAIR_EQ
quantHeuristics	quantHeuristics.FST_PAIR_EQ_SYM
quantHeuristics	quantHeuristics.GUESSES_NEG_DUALITY
quantHeuristics	quantHeuristics.GUESSES_NEG_REWRITE
quantHeuristics	quantHeuristics.GUESSES_UEXISTS_THM1
quantHeuristics	quantHeuristics.GUESSES_UEXISTS_THM2
quantHeuristics	quantHeuristics.GUESSES_UEXISTS_THM3
quantHeuristics	quantHeuristics.GUESSES_UEXISTS_THM4
quantHeuristics	quantHeuristics.GUESSES_WEAKEN_THM
quantHeuristics	quantHeuristics.GUESS_EXISTS_FORALL_REWRITES
quantHeuristics	quantHeuristics.GUESS_EXISTS_POINT_THM
quantHeuristics	quantHeuristics.GUESS_EXISTS_THM
quantHeuristics	quantHeuristics.GUESS_FORALL_POINT_THM
quantHeuristics	quantHeuristics.GUESS_FORALL_THM
quantHeuristics	quantHeuristics.GUESS_POINT_THM
quantHeuristics	quantHeuristics.GUESS_REWRITES
quantHeuristics	quantHeuristics.GUESS_RULES_BOOL
quantHeuristics	quantHeuristics.GUESS_RULES_COND
quantHeuristics	quantHeuristics.GUESS_RULES_CONJ
quantHeuristics	quantHeuristics.GUESS_RULES_CONSTANT_EXISTS
quantHeuristics	quantHeuristics.GUESS_RULES_CONSTANT_FORALL
quantHeuristics	quantHeuristics.GUESS_RULES_DISJ
quantHeuristics	quantHeuristics.GUESS_RULES_ELIM_UNIT
quantHeuristics	quantHeuristics.GUESS_RULES_EQUATION_EXISTS_GAP
quantHeuristics	quantHeuristics.GUESS_RULES_EQUATION_EXISTS_POINT
quantHeuristics	quantHeuristics.GUESS_RULES_EQUATION_FORALL_POINT
quantHeuristics	quantHeuristics.GUESS_RULES_EQUIV
quantHeuristics	quantHeuristics.GUESS_RULES_EXISTS
quantHeuristics	quantHeuristics.GUESS_RULES_EXISTS_UNIQUE
quantHeuristics	quantHeuristics.GUESS_RULES_EXISTS___NEW_FV
quantHeuristics	quantHeuristics.GUESS_RULES_EXISTS___NEW_FV_1
quantHeuristics	quantHeuristics.GUESS_RULES_FORALL
quantHeuristics	quantHeuristics.GUESS_RULES_FORALL___NEW_FV
quantHeuristics	quantHeuristics.GUESS_RULES_FORALL___NEW_FV_1
quantHeuristics	quantHeuristics.GUESS_RULES_IMP
quantHeuristics	quantHeuristics.GUESS_RULES_NEG
quantHeuristics	quantHeuristics.GUESS_RULES_ONE_CASE___EXISTS_GAP
quantHeuristics	quantHeuristics.GUESS_RULES_ONE_CASE___FORALL_GAP
quantHeuristics	quantHeuristics.GUESS_RULES_STRENGTHEN_EXISTS_POINT
quantHeuristics	quantHeuristics.GUESS_RULES_STRENGTHEN_FORALL_GAP
quantHeuristics	quantHeuristics.GUESS_RULES_TRIVIAL_EXISTS_POINT
quantHeuristics	quantHeuristics.GUESS_RULES_TRIVIAL_FORALL_POINT
quantHeuristics	quantHeuristics.GUESS_RULES_TWO_CASES
quantHeuristics	quantHeuristics.GUESS_RULES_WEAKEN_EXISTS_GAP
quantHeuristics	quantHeuristics.GUESS_RULES_WEAKEN_FORALL_POINT
quantHeuristics	quantHeuristics.HD_TL_EQ_1
quantHeuristics	quantHeuristics.HD_TL_EQ_NIL_1_bothways
quantHeuristics	quantHeuristics.HD_TL_EQ_THMS
quantHeuristics	quantHeuristics.IMP_NEG_CONTRA
quantHeuristics	quantHeuristics.INL_NEQ_ELIM
quantHeuristics	quantHeuristics.INR_NEQ_ELIM
quantHeuristics	quantHeuristics.ISL_exists
quantHeuristics	quantHeuristics.ISR_exists
quantHeuristics	quantHeuristics.IS_REMOVABLE_QUANT_FUN___EXISTS_THM
quantHeuristics	quantHeuristics.IS_REMOVABLE_QUANT_FUN___FORALL_THM
quantHeuristics	quantHeuristics.IS_SOME_EQ_NOT_NONE
quantHeuristics	quantHeuristics.LEFT_IMP_AND_INTRO
quantHeuristics	quantHeuristics.LEFT_IMP_OR_INTRO
quantHeuristics	quantHeuristics.LENGTH_LE_NUM
quantHeuristics	quantHeuristics.LENGTH_LE_PLUS
quantHeuristics	quantHeuristics.LENGTH_NIL_SYM
quantHeuristics	quantHeuristics.LENGTH_TO_EXISTS_CONS
quantHeuristics	quantHeuristics.LIST_LENGTH_0
quantHeuristics	quantHeuristics.LIST_LENGTH_1
quantHeuristics	quantHeuristics.LIST_LENGTH_10
quantHeuristics	quantHeuristics.LIST_LENGTH_15
quantHeuristics	quantHeuristics.LIST_LENGTH_2
quantHeuristics	quantHeuristics.LIST_LENGTH_20
quantHeuristics	quantHeuristics.LIST_LENGTH_25
quantHeuristics	quantHeuristics.LIST_LENGTH_3
quantHeuristics	quantHeuristics.LIST_LENGTH_4
quantHeuristics	quantHeuristics.LIST_LENGTH_5
quantHeuristics	quantHeuristics.LIST_LENGTH_7
quantHeuristics	quantHeuristics.LIST_LENGTH_COMPARE_1
quantHeuristics	quantHeuristics.LIST_LENGTH_COMPARE_SUC
quantHeuristics	quantHeuristics.MOVE_EXISTS_IMP_THM
quantHeuristics	quantHeuristics.PAIR_EQ_EXPAND
quantHeuristics	quantHeuristics.PAIR_EQ_SIMPLE_EXPAND
quantHeuristics	quantHeuristics.RIGHT_IMP_AND_INTRO
quantHeuristics	quantHeuristics.RIGHT_IMP_OR_INTRO
quantHeuristics	quantHeuristics.SIMPLE_GUESS_EXISTS_ALT_DEF
quantHeuristics	quantHeuristics.SIMPLE_GUESS_EXISTS_AND_1
quantHeuristics	quantHeuristics.SIMPLE_GUESS_EXISTS_AND_2
quantHeuristics	quantHeuristics.SIMPLE_GUESS_EXISTS_EQ_1
quantHeuristics	quantHeuristics.SIMPLE_GUESS_EXISTS_EQ_2
quantHeuristics	quantHeuristics.SIMPLE_GUESS_EXISTS_EQ_FUN
quantHeuristics	quantHeuristics.SIMPLE_GUESS_EXISTS_EQ_T
quantHeuristics	quantHeuristics.SIMPLE_GUESS_EXISTS_EXISTS
quantHeuristics	quantHeuristics.SIMPLE_GUESS_EXISTS_FORALL
quantHeuristics	quantHeuristics.SIMPLE_GUESS_EXISTS_NEG
quantHeuristics	quantHeuristics.SIMPLE_GUESS_EXISTS_THM
quantHeuristics	quantHeuristics.SIMPLE_GUESS_FORALL_ALT_DEF
quantHeuristics	quantHeuristics.SIMPLE_GUESS_FORALL_EXISTS
quantHeuristics	quantHeuristics.SIMPLE_GUESS_FORALL_FORALL
quantHeuristics	quantHeuristics.SIMPLE_GUESS_FORALL_IMP_1
quantHeuristics	quantHeuristics.SIMPLE_GUESS_FORALL_IMP_2
quantHeuristics	quantHeuristics.SIMPLE_GUESS_FORALL_NEG
quantHeuristics	quantHeuristics.SIMPLE_GUESS_FORALL_OR_1
quantHeuristics	quantHeuristics.SIMPLE_GUESS_FORALL_OR_2
quantHeuristics	quantHeuristics.SIMPLE_GUESS_FORALL_THM
quantHeuristics	quantHeuristics.SIMPLE_GUESS_SELECT_THM
quantHeuristics	quantHeuristics.SIMPLE_GUESS_SOME_THM
quantHeuristics	quantHeuristics.SIMPLE_GUESS_UEXISTS_THM
quantHeuristics	quantHeuristics.SND_PAIR_EQ
quantHeuristics	quantHeuristics.SND_PAIR_EQ_SYM
quantHeuristics	quantHeuristics.SOME_THE_EQ
quantHeuristics	quantHeuristics.SOME_THE_EQ_SYM
quantHeuristics	quantHeuristics.UNWIND_EXISTS_THM
quotient	quotient.ABSTRACT_PRS
quotient	quotient.ABSTRACT_RES_ABSTRACT
quotient	quotient.APPLY_PRS
quotient	quotient.APPLY_RSP
quotient	quotient.COND_PRS
quotient	quotient.COND_RSP
quotient	quotient.CONJ_IMPLIES
quotient	quotient.C_PRS
quotient	quotient.C_RSP
quotient	quotient.DISJ_IMPLIES
quotient	quotient.EQUALS_EQUIV_IMPLIES
quotient	quotient.EQUALS_IMPLIES
quotient	quotient.EQUALS_PRS
quotient	quotient.EQUALS_RSP
quotient	quotient.EQUIV_IMP_PARTIAL_EQUIV
quotient	quotient.EQUIV_REFL_SYM_TRANS
quotient	quotient.EQUIV_RES_ABSTRACT_LEFT
quotient	quotient.EQUIV_RES_ABSTRACT_RIGHT
quotient	quotient.EQUIV_RES_EXISTS
quotient	quotient.EQUIV_RES_EXISTS_UNIQUE
quotient	quotient.EQUIV_RES_FORALL
quotient	quotient.EQ_IMPLIES
quotient	quotient.EXISTS_PRS
quotient	quotient.EXISTS_REGULAR
quotient	quotient.EXISTS_UNIQUE_PRS
quotient	quotient.EXISTS_UNIQUE_REGULAR
quotient	quotient.FORALL_PRS
quotient	quotient.FORALL_REGULAR
quotient	quotient.FUN_MAP_I
quotient	quotient.FUN_MAP_THM
quotient	quotient.FUN_QUOTIENT
quotient	quotient.FUN_REL_EQ
quotient	quotient.FUN_REL_EQUALS
quotient	quotient.FUN_REL_EQ_REL
quotient	quotient.FUN_REL_IMP
quotient	quotient.FUN_REL_MP
quotient	quotient.IDENTITY_EQUIV
quotient	quotient.IDENTITY_QUOTIENT
quotient	quotient.IMP_IMPLIES
quotient	quotient.IN_FUN
quotient	quotient.IN_RESPECTS
quotient	quotient.I_PRS
quotient	quotient.I_RSP
quotient	quotient.K_PRS
quotient	quotient.K_RSP
quotient	quotient.LAMBDA_PRS
quotient	quotient.LAMBDA_PRS1
quotient	quotient.LAMBDA_REP_ABS_RSP
quotient	quotient.LAMBDA_RSP
quotient	quotient.LEFT_RES_EXISTS_REGULAR
quotient	quotient.LEFT_RES_FORALL_REGULAR
quotient	quotient.LET_PRS
quotient	quotient.LET_RES_ABSTRACT
quotient	quotient.LET_RSP
quotient	quotient.NOT_IMPLIES
quotient	quotient.QT_FUN_REL_IMP
quotient	quotient.QUOTIENT_ABS_REP
quotient	quotient.QUOTIENT_REL
quotient	quotient.QUOTIENT_REL_ABS
quotient	quotient.QUOTIENT_REL_ABS_EQ
quotient	quotient.QUOTIENT_REL_REP
quotient	quotient.QUOTIENT_REP_ABS
quotient	quotient.QUOTIENT_REP_REFL
quotient	quotient.QUOTIENT_SYM
quotient	quotient.QUOTIENT_TRANS
quotient	quotient.REP_ABS_RSP
quotient	quotient.RESPECTS
quotient	quotient.RESPECTS_MP
quotient	quotient.RESPECTS_REP_ABS
quotient	quotient.RESPECTS_THM
quotient	quotient.RESPECTS_o
quotient	quotient.RES_ABSTRACT_ABSTRACT
quotient	quotient.RES_ABSTRACT_RSP
quotient	quotient.RES_EXISTS_EQUIV
quotient	quotient.RES_EXISTS_EQUIV_RSP
quotient	quotient.RES_EXISTS_PRS
quotient	quotient.RES_EXISTS_REGULAR
quotient	quotient.RES_EXISTS_RSP
quotient	quotient.RES_EXISTS_UNIQUE_REGULAR
quotient	quotient.RES_EXISTS_UNIQUE_REGULAR_SAME
quotient	quotient.RES_EXISTS_UNIQUE_RESPECTS_REGULAR
quotient	quotient.RES_FORALL_PRS
quotient	quotient.RES_FORALL_REGULAR
quotient	quotient.RES_FORALL_RSP
quotient	quotient.RIGHT_RES_EXISTS_REGULAR
quotient	quotient.RIGHT_RES_FORALL_REGULAR
quotient	quotient.W_PRS
quotient	quotient.W_RSP
quotient	quotient.literal_case_PRS
quotient	quotient.literal_case_RSP
quotient	quotient.o_PRS
quotient	quotient.o_RSP
rat	rat.ABS_RATFRAC_DIV
rat	rat.ABS_RATFRAC_RATND
rat	rat.FRAC_ADD_EQUIV1
rat	rat.FRAC_MINV_EQUIV
rat	rat.FRAC_MUL_EQUIV1
rat	rat.FRAC_MUL_EQUIV2
rat	rat.INT_MOD_MUL
rat	rat.LDIV_MUL_OUT
rat	rat.LT_MUL
rat	rat.NUM_NZERO
rat	rat.NUM_POSINT_EXISTS_SUC
rat	rat.RAT
rat	rat.RATD_NEG
rat	rat.RATD_NZERO
rat	rat.RATND_RAT_OF_NUM
rat	rat.RATND_of_coprimes
rat	rat.RATND_of_coprimes'
rat	rat.RATND_suff_eq
rat	rat.RATN_DIV_RATD
rat	rat.RATN_EQ0
rat	rat.RATN_LEAST
rat	rat.RATN_NEG
rat	rat.RATN_RATD_EQ_THM
rat	rat.RATN_RATD_MULT
rat	rat.RATN_RATD_RAT_OF_INT
rat	rat.RATN_SIGN
rat	rat.RAT_0
rat	rat.RAT_0LEQ_NMR
rat	rat.RAT_0LES_0LEQ_ADD
rat	rat.RAT_0LES_0LES_ADD
rat	rat.RAT_0LES_NMR
rat	rat.RAT_1
rat	rat.RAT_1_NOT_0
rat	rat.RAT_ABS_EQUIV
rat	rat.RAT_ADD_ASSOC
rat	rat.RAT_ADD_CALCULATE
rat	rat.RAT_ADD_COMM
rat	rat.RAT_ADD_CONG
rat	rat.RAT_ADD_CONG1
rat	rat.RAT_ADD_CONG2
rat	rat.RAT_ADD_LID
rat	rat.RAT_ADD_LINV
rat	rat.RAT_ADD_MONO
rat	rat.RAT_ADD_NUM_CALCULATE
rat	rat.RAT_ADD_ONE_ONE
rat	rat.RAT_ADD_RID
rat	rat.RAT_ADD_RINV
rat	rat.RAT_AINV_0
rat	rat.RAT_AINV_ADD
rat	rat.RAT_AINV_AINV
rat	rat.RAT_AINV_CALCULATE
rat	rat.RAT_AINV_CONG
rat	rat.RAT_AINV_EQ
rat	rat.RAT_AINV_EQ_NUM
rat	rat.RAT_AINV_LES
rat	rat.RAT_AINV_LMUL
rat	rat.RAT_AINV_MINV
rat	rat.RAT_AINV_MUL_AINV
rat	rat.RAT_AINV_ONE_ONE
rat	rat.RAT_AINV_RMUL
rat	rat.RAT_AINV_SGN
rat	rat.RAT_AINV_SUB
rat	rat.RAT_CONS_TO_NUM
rat	rat.RAT_DENSE_THM
rat	rat.RAT_DIVDIV_ADD
rat	rat.RAT_DIVDIV_MUL
rat	rat.RAT_DIVMUL_CANCEL
rat	rat.RAT_DIV_0
rat	rat.RAT_DIV_1
rat	rat.RAT_DIV_AINV
rat	rat.RAT_DIV_CALCULATE
rat	rat.RAT_DIV_CONG
rat	rat.RAT_DIV_CONG1
rat	rat.RAT_DIV_CONG2
rat	rat.RAT_DIV_EQ0
rat	rat.RAT_DIV_INV
rat	rat.RAT_DIV_MINV
rat	rat.RAT_DIV_MULMINV
rat	rat.RAT_DIV_NEG1
rat	rat.RAT_EQ
rat	rat.RAT_EQ0_NMR
rat	rat.RAT_EQUIV
rat	rat.RAT_EQUIV_ALT
rat	rat.RAT_EQUIV_NMR_GTZ_IFF
rat	rat.RAT_EQUIV_NMR_LTZ_IFF
rat	rat.RAT_EQUIV_NMR_Z_IFF
rat	rat.RAT_EQUIV_REF
rat	rat.RAT_EQUIV_SYM
rat	rat.RAT_EQUIV_TRANS
rat	rat.RAT_EQ_0SUB
rat	rat.RAT_EQ_AINV
rat	rat.RAT_EQ_ALT
rat	rat.RAT_EQ_CALCULATE
rat	rat.RAT_EQ_LADD
rat	rat.RAT_EQ_LMUL
rat	rat.RAT_EQ_NUM_CALCULATE
rat	rat.RAT_EQ_RADD
rat	rat.RAT_EQ_RMUL
rat	rat.RAT_EQ_SUB0
rat	rat.RAT_EXPN_0
rat	rat.RAT_EXPN_1
rat	rat.RAT_EXPN_ADD
rat	rat.RAT_EXPN_CALCULATE
rat	rat.RAT_EXPN_DIV
rat	rat.RAT_EXPN_EQ0
rat	rat.RAT_EXPN_EQ_1
rat	rat.RAT_EXPN_EQ_1_NEG
rat	rat.RAT_EXPN_EQ_1_POS
rat	rat.RAT_EXPN_INJ
rat	rat.RAT_EXPN_LT
rat	rat.RAT_EXPN_MINUS1
rat	rat.RAT_EXPN_MUL
rat	rat.RAT_EXPN_NEG
rat	rat.RAT_EXPN_NEG_LT_ZERO
rat	rat.RAT_EXPN_PROD
rat	rat.RAT_EXPN_RAT_MINV
rat	rat.RAT_EXPN_R_NONZERO
rat	rat.RAT_EXPN_R_POS
rat	rat.RAT_EXPN_SUB
rat	rat.RAT_EXPN_TO_0
rat	rat.RAT_EXPN_TO_1
rat	rat.RAT_EXP_0
rat	rat.RAT_EXP_1
rat	rat.RAT_EXP_ADD
rat	rat.RAT_EXP_CALCULATE
rat	rat.RAT_EXP_DIV
rat	rat.RAT_EXP_INJ
rat	rat.RAT_EXP_LE
rat	rat.RAT_EXP_LT
rat	rat.RAT_EXP_LT2
rat	rat.RAT_EXP_MINUS1
rat	rat.RAT_EXP_MUL
rat	rat.RAT_EXP_NEG
rat	rat.RAT_EXP_NEG_INT
rat	rat.RAT_EXP_NUM
rat	rat.RAT_EXP_PROD
rat	rat.RAT_EXP_RAT_MINV
rat	rat.RAT_EXP_R_NONZERO
rat	rat.RAT_EXP_R_POS
rat	rat.RAT_EXP_SUB
rat	rat.RAT_EXP_TO_0
rat	rat.RAT_EXP_TO_NEG
rat	rat.RAT_LDISTRIB
rat	rat.RAT_LDIV_EQ
rat	rat.RAT_LDIV_LEQ_NEG
rat	rat.RAT_LDIV_LEQ_POS
rat	rat.RAT_LDIV_LES_NEG
rat	rat.RAT_LDIV_LES_POS
rat	rat.RAT_LEQ0_NMR
rat	rat.RAT_LEQ_ANTISYM
rat	rat.RAT_LEQ_CALCULATE
rat	rat.RAT_LEQ_LADD
rat	rat.RAT_LEQ_LES
rat	rat.RAT_LEQ_LES_TRANS
rat	rat.RAT_LEQ_MUL
rat	rat.RAT_LEQ_RADD
rat	rat.RAT_LEQ_REF
rat	rat.RAT_LEQ_TRANS
rat	rat.RAT_LES0_LEQ0_ADD
rat	rat.RAT_LES0_LES0_ADD
rat	rat.RAT_LES0_NMR
rat	rat.RAT_LES_01
rat	rat.RAT_LES_0SUB
rat	rat.RAT_LES_AINV
rat	rat.RAT_LES_AINV2
rat	rat.RAT_LES_ANTISYM
rat	rat.RAT_LES_CALCULATE
rat	rat.RAT_LES_IMP_LEQ
rat	rat.RAT_LES_IMP_NEQ
rat	rat.RAT_LES_LADD
rat	rat.RAT_LES_LEQ
rat	rat.RAT_LES_LEQ2
rat	rat.RAT_LES_LEQ_TRANS
rat	rat.RAT_LES_LMUL_NEG
rat	rat.RAT_LES_LMUL_POS
rat	rat.RAT_LES_MUL_GTR_1
rat	rat.RAT_LES_RADD
rat	rat.RAT_LES_REF
rat	rat.RAT_LES_RMUL_NEG
rat	rat.RAT_LES_RMUL_POS
rat	rat.RAT_LES_SUB0
rat	rat.RAT_LES_TOTAL
rat	rat.RAT_LES_TRANS
rat	rat.RAT_LE_NUM_CALCULATE
rat	rat.RAT_LSUB_EQ
rat	rat.RAT_LSUB_LEQ
rat	rat.RAT_LSUB_LES
rat	rat.RAT_LT_LE_NEQ
rat	rat.RAT_LT_MUL
rat	rat.RAT_LT_NUM_CALCULATE
rat	rat.RAT_MINV_1
rat	rat.RAT_MINV_CALCULATE
rat	rat.RAT_MINV_CONG
rat	rat.RAT_MINV_DIV
rat	rat.RAT_MINV_EQ_0
rat	rat.RAT_MINV_ID
rat	rat.RAT_MINV_LES
rat	rat.RAT_MINV_LT_1
rat	rat.RAT_MINV_LT_MINUS1
rat	rat.RAT_MINV_MUL
rat	rat.RAT_MINV_RATND
rat	rat.RAT_MINV_RAT_MINV
rat	rat.RAT_MUL_ASSOC
rat	rat.RAT_MUL_CALCULATE
rat	rat.RAT_MUL_COMM
rat	rat.RAT_MUL_CONG
rat	rat.RAT_MUL_CONG1
rat	rat.RAT_MUL_CONG2
rat	rat.RAT_MUL_LID
rat	rat.RAT_MUL_LINV
rat	rat.RAT_MUL_LZERO
rat	rat.RAT_MUL_NEG
rat	rat.RAT_MUL_NUM_CALCULATE
rat	rat.RAT_MUL_ONE_ONE
rat	rat.RAT_MUL_RID
rat	rat.RAT_MUL_RINV
rat	rat.RAT_MUL_RZERO
rat	rat.RAT_MUL_SIGN_CASES
rat	rat.RAT_NMRDNM_EQ
rat	rat.RAT_NMREQ0_CONG
rat	rat.RAT_NMRGT0_CONG
rat	rat.RAT_NMRLT0_CONG
rat	rat.RAT_NMR_Z_IFF_EQUIV
rat	rat.RAT_NO_IDDIV
rat	rat.RAT_NO_ZERODIV
rat	rat.RAT_NO_ZERODIV_NEG
rat	rat.RAT_NO_ZERODIV_THM
rat	rat.RAT_OF_INT_CALCULATE
rat	rat.RAT_OF_NUM
rat	rat.RAT_OF_NUM_CALCULATE
rat	rat.RAT_OF_NUM_LEQ
rat	rat.RAT_OF_NUM_LES
rat	rat.RAT_RDISTRIB
rat	rat.RAT_RDIV_EQ
rat	rat.RAT_RDIV_LEQ_NEG
rat	rat.RAT_RDIV_LEQ_POS
rat	rat.RAT_RDIV_LES_NEG
rat	rat.RAT_RDIV_LES_POS
rat	rat.RAT_RSUB_EQ
rat	rat.RAT_RSUB_LEQ
rat	rat.RAT_RSUB_LES
rat	rat.RAT_SAVE
rat	rat.RAT_SAVE_MINV
rat	rat.RAT_SAVE_NUM
rat	rat.RAT_SAVE_TO_CONS
rat	rat.RAT_SGN_0
rat	rat.RAT_SGN_AINV
rat	rat.RAT_SGN_AINV'
rat	rat.RAT_SGN_AINV_RWT
rat	rat.RAT_SGN_ALT
rat	rat.RAT_SGN_CALCULATE
rat	rat.RAT_SGN_CLAUSES
rat	rat.RAT_SGN_COMPLEMENT
rat	rat.RAT_SGN_CONG
rat	rat.RAT_SGN_DIV
rat	rat.RAT_SGN_EQ0
rat	rat.RAT_SGN_MINV
rat	rat.RAT_SGN_MUL
rat	rat.RAT_SGN_NEG
rat	rat.RAT_SGN_NUM_BITs
rat	rat.RAT_SGN_NUM_COND
rat	rat.RAT_SGN_POS
rat	rat.RAT_SGN_TOTAL
rat	rat.RAT_SUB_ADDAINV
rat	rat.RAT_SUB_CALCULATE
rat	rat.RAT_SUB_CONG
rat	rat.RAT_SUB_CONG1
rat	rat.RAT_SUB_CONG2
rat	rat.RAT_SUB_ID
rat	rat.RAT_SUB_LDISTRIB
rat	rat.RAT_SUB_LID
rat	rat.RAT_SUB_RDISTRIB
rat	rat.RAT_SUB_RID
rat	rat.RAT_TIMES2
rat	rat.RDIV_MUL_OUT
rat	rat.div_gcd_correct
rat	rat.div_gcd_reduces
rat	rat.frac_dnm_EQ0
rat	rat.gcd_RATND
rat	rat.rat_0
rat	rat.rat_1
rat	rat.rat_ABS_REP_CLASS
rat	rat.rat_QUOTIENT
rat	rat.rat_def
rat	rat.rat_equiv_rep_abs
rat	rat.rat_equiv_reps
rat	rat.rat_expn_compute
rat	rat.rat_of_int_11
rat	rat.rat_of_int_ADD
rat	rat.rat_of_int_EQN
rat	rat.rat_of_int_LE
rat	rat.rat_of_int_LT
rat	rat.rat_of_int_MUL
rat	rat.rat_of_int_ainv
rat	rat.rat_of_int_nmrdnm
rat	rat.rat_of_int_of_num
rat	rat.rat_of_num_compute
rat	rat.rat_of_num_def
rat	rat.rat_of_num_ind
rat	rat.rat_type_thm
rat	rat.rep_rat_of_int
readerMonad	readerMonad.BIND_JOIN
readerMonad	readerMonad.BIND_UNITL
readerMonad	readerMonad.BIND_UNITR
readerMonad	readerMonad.FMAP_BIND
readerMonad	readerMonad.FMAP_ID
readerMonad	readerMonad.FMAP_o
readerMonad	readerMonad.JOIN_BIND
readerMonad	readerMonad.MCOMPOSE_ASSOC
readerMonad	readerMonad.MCOMPOSE_LEFT_ID
readerMonad	readerMonad.MCOMPOSE_RIGHT_ID
readthm1	readthm1.read
readthm2	readthm2.next_thm
real	real.ABS_0
real	real.ABS_1
real	real.ABS_ABS
real	real.ABS_BETWEEN
real	real.ABS_BETWEEN1
real	real.ABS_BETWEEN2
real	real.ABS_BOUND
real	real.ABS_BOUNDS
real	real.ABS_BOUNDS_LT
real	real.ABS_BOUNDS_MIN_MAX
real	real.ABS_CASES
real	real.ABS_CIRCLE
real	real.ABS_DIV
real	real.ABS_EQ_NEG
real	real.ABS_EQ_NEG'
real	real.ABS_INV
real	real.ABS_LE
real	real.ABS_LT_MUL2
real	real.ABS_MUL
real	real.ABS_N
real	real.ABS_NEG
real	real.ABS_NOT_ZERO
real	real.ABS_NZ
real	real.ABS_NZ'
real	real.ABS_POS
real	real.ABS_POW2
real	real.ABS_REDUCE
real	real.ABS_REFL
real	real.ABS_SIGN
real	real.ABS_SIGN2
real	real.ABS_STILLNZ
real	real.ABS_SUB
real	real.ABS_SUB_ABS
real	real.ABS_SUM
real	real.ABS_TRIANGLE
real	real.ABS_TRIANGLE_LT
real	real.ABS_TRIANGLE_NEG
real	real.ABS_TRIANGLE_SUB
real	real.ABS_ZERO
real	real.ADD_POW_2
real	real.CLG_UBOUND
real	real.HALF_CANCEL
real	real.HALF_LT_1
real	real.HALF_POS
real	real.INFINITE_REAL_UNIV
real	real.INF_DEF_ALT
real	real.LE_ABS_BOUNDS
real	real.LE_NUM_CEILING
real	real.NEGATED_POW
real	real.NUM_CEILING_BASE
real	real.NUM_CEILING_LE
real	real.NUM_CEILING_MONO
real	real.NUM_CEILING_NUM
real	real.NUM_CEILING_NUM_FLOOR
real	real.NUM_CEILING_UPPER_BOUND
real	real.NUM_CEILING_def
real	real.NUM_FLOOR_BASE
real	real.NUM_FLOOR_DIV
real	real.NUM_FLOOR_DIV_LOWERBOUND
real	real.NUM_FLOOR_EQNS
real	real.NUM_FLOOR_LE
real	real.NUM_FLOOR_LE2
real	real.NUM_FLOOR_LET
real	real.NUM_FLOOR_LOWER_BOUND
real	real.NUM_FLOOR_LT
real	real.NUM_FLOOR_MONO
real	real.NUM_FLOOR_MUL_LOWERBOUND
real	real.NUM_FLOOR_POS
real	real.NUM_FLOOR_def
real	real.NUM_FLOOR_lower_bound
real	real.NUM_FLOOR_upper_bound
real	real.NUM_FLOOR_upper_bound'
real	real.ONE_MINUS_HALF
real	real.POW_0
real	real.POW_0'
real	real.POW_1
real	real.POW_2
real	real.POW_2_1_LT
real	real.POW_2_LE1
real	real.POW_2_LT
real	real.POW_2_LT_1
real	real.POW_2_SQRT
real	real.POW_ABS
real	real.POW_ADD
real	real.POW_EQ
real	real.POW_HALF_POS
real	real.POW_INV
real	real.POW_LE
real	real.POW_LT
real	real.POW_M1
real	real.POW_MINUS1
real	real.POW_MINUS1_ODD
real	real.POW_MUL
real	real.POW_NZ
real	real.POW_ONE
real	real.POW_PLUS1
real	real.POW_POS
real	real.POW_POS_LT
real	real.POW_ZERO
real	real.POW_ZERO_EQ
real	real.QUADRATIC_FORMULA
real	real.RAT_LEMMA1
real	real.RAT_LEMMA2
real	real.RAT_LEMMA3
real	real.RAT_LEMMA4
real	real.RAT_LEMMA5
real	real.RAT_LEMMA5_BETTER
real	real.REAL
real	real.REAL_0
real	real.REAL_1
real	real.REAL_10
real	real.REAL_ABS_0
real	real.REAL_ABS_DIV
real	real.REAL_ABS_LE0
real	real.REAL_ABS_MUL
real	real.REAL_ABS_POS
real	real.REAL_ABS_SGN
real	real.REAL_ABS_TRIANGLE
real	real.REAL_ADD
real	real.REAL_ADD2_SUB2
real	real.REAL_ADDL_LE
real	real.REAL_ADD_ASSOC
real	real.REAL_ADD_COMM
real	real.REAL_ADD_LDISTRIB
real	real.REAL_ADD_LID
real	real.REAL_ADD_LID_UNIQ
real	real.REAL_ADD_LINV
real	real.REAL_ADD_RAT
real	real.REAL_ADD_RDISTRIB
real	real.REAL_ADD_RID
real	real.REAL_ADD_RID_UNIQ
real	real.REAL_ADD_RINV
real	real.REAL_ADD_SUB
real	real.REAL_ADD_SUB2
real	real.REAL_ADD_SUB_ALT
real	real.REAL_ADD_SYM
real	real.REAL_ARCH
real	real.REAL_ARCH_INV
real	real.REAL_ARCH_LEAST
real	real.REAL_ARCH_POW
real	real.REAL_ARCH_POW2
real	real.REAL_ARCH_POW_INV
real	real.REAL_BIGNUM
real	real.REAL_CHOOSE_SIZE
real	real.REAL_DIFFSQ
real	real.REAL_DIV_ADD
real	real.REAL_DIV_DENOM_CANCEL
real	real.REAL_DIV_DENOM_CANCEL2
real	real.REAL_DIV_DENOM_CANCEL3
real	real.REAL_DIV_INNER_CANCEL
real	real.REAL_DIV_INNER_CANCEL2
real	real.REAL_DIV_INNER_CANCEL3
real	real.REAL_DIV_LMUL
real	real.REAL_DIV_LMUL_CANCEL
real	real.REAL_DIV_LNEG
real	real.REAL_DIV_LT
real	real.REAL_DIV_LZERO
real	real.REAL_DIV_MUL2
real	real.REAL_DIV_OUTER_CANCEL
real	real.REAL_DIV_OUTER_CANCEL2
real	real.REAL_DIV_OUTER_CANCEL3
real	real.REAL_DIV_PROD
real	real.REAL_DIV_REFL
real	real.REAL_DIV_REFL2
real	real.REAL_DIV_REFL3
real	real.REAL_DIV_RMUL
real	real.REAL_DIV_RMUL_CANCEL
real	real.REAL_DIV_RNEG
real	real.REAL_DIV_SUB
real	real.REAL_DIV_ZERO
real	real.REAL_DOUBLE
real	real.REAL_DOWN
real	real.REAL_DOWN2
real	real.REAL_ENTIRE
real	real.REAL_EQ_IMP_LE
real	real.REAL_EQ_LADD
real	real.REAL_EQ_LDIV_EQ
real	real.REAL_EQ_LMUL
real	real.REAL_EQ_LMUL2
real	real.REAL_EQ_LMUL_IMP
real	real.REAL_EQ_MUL_LCANCEL
real	real.REAL_EQ_NEG
real	real.REAL_EQ_RADD
real	real.REAL_EQ_RDIV_EQ
real	real.REAL_EQ_RDIV_EQ'
real	real.REAL_EQ_RMUL
real	real.REAL_EQ_RMUL_IMP
real	real.REAL_EQ_SGN_ABS
real	real.REAL_EQ_SUB_LADD
real	real.REAL_EQ_SUB_RADD
real	real.REAL_FACT_NZ
real	real.REAL_HALF_BETWEEN
real	real.REAL_HALF_DOUBLE
real	real.REAL_IMP_INF_LE
real	real.REAL_IMP_INF_LE'
real	real.REAL_IMP_LE_INF
real	real.REAL_IMP_LE_INF'
real	real.REAL_IMP_LE_SUP
real	real.REAL_IMP_LE_SUP'
real	real.REAL_IMP_LT_SUP
real	real.REAL_IMP_LT_SUP'
real	real.REAL_IMP_MAX_LE2
real	real.REAL_IMP_MIN_LE2
real	real.REAL_IMP_SUP_LE
real	real.REAL_IMP_SUP_LE'
real	real.REAL_INF
real	real.REAL_INF'
real	real.REAL_INF_CLOSE
real	real.REAL_INF_CLOSE'
real	real.REAL_INF_LE
real	real.REAL_INF_LE'
real	real.REAL_INF_LT
real	real.REAL_INF_LT'
real	real.REAL_INF_MIN
real	real.REAL_INF_MIN'
real	real.REAL_INJ
real	real.REAL_INTEGRAL
real	real.REAL_INV1
real	real.REAL_INVINV
real	real.REAL_INV_0
real	real.REAL_INV_1
real	real.REAL_INV_1OVER
real	real.REAL_INV_1_LE
real	real.REAL_INV_DIV
real	real.REAL_INV_DIV'
real	real.REAL_INV_EQ_0
real	real.REAL_INV_EQ_0'
real	real.REAL_INV_GT1
real	real.REAL_INV_INJ
real	real.REAL_INV_INV
real	real.REAL_INV_LE_1
real	real.REAL_INV_LE_ANTIMONO
real	real.REAL_INV_LE_ANTIMONO_IMPL
real	real.REAL_INV_LE_ANTIMONO_IMPR
real	real.REAL_INV_LT0
real	real.REAL_INV_LT1
real	real.REAL_INV_LT_ANTIMONO
real	real.REAL_INV_MUL
real	real.REAL_INV_MUL'
real	real.REAL_INV_NEG
real	real.REAL_INV_NZ
real	real.REAL_INV_POS
real	real.REAL_INV_SGN
real	real.REAL_INV_nonzerop
real	real.REAL_LDISTRIB
real	real.REAL_LE
real	real.REAL_LE1_POW2
real	real.REAL_LET_ADD
real	real.REAL_LET_ADD2
real	real.REAL_LET_ANTISYM
real	real.REAL_LET_TOTAL
real	real.REAL_LET_TRANS
real	real.REAL_LE_01
real	real.REAL_LE_ADD
real	real.REAL_LE_ADD2
real	real.REAL_LE_ADDL
real	real.REAL_LE_ADDR
real	real.REAL_LE_ANTISYM
real	real.REAL_LE_DIV
real	real.REAL_LE_DOUBLE
real	real.REAL_LE_EPSILON
real	real.REAL_LE_INV
real	real.REAL_LE_INV2
real	real.REAL_LE_INV_EQ
real	real.REAL_LE_LADD
real	real.REAL_LE_LADD_IMP
real	real.REAL_LE_LCANCEL_IMP
real	real.REAL_LE_LDIV
real	real.REAL_LE_LDIV_EQ
real	real.REAL_LE_LMUL
real	real.REAL_LE_LMUL1
real	real.REAL_LE_LMUL_IMP
real	real.REAL_LE_LMUL_NEG
real	real.REAL_LE_LMUL_NEG_IMP
real	real.REAL_LE_LNEG
real	real.REAL_LE_LT
real	real.REAL_LE_MAX
real	real.REAL_LE_MAX1
real	real.REAL_LE_MAX2
real	real.REAL_LE_MIN
real	real.REAL_LE_MUL
real	real.REAL_LE_MUL2
real	real.REAL_LE_NEG
real	real.REAL_LE_NEG2
real	real.REAL_LE_NEGL
real	real.REAL_LE_NEGR
real	real.REAL_LE_NEGTOTAL
real	real.REAL_LE_POW2
real	real.REAL_LE_RADD
real	real.REAL_LE_RCANCEL_IMP
real	real.REAL_LE_RDIV
real	real.REAL_LE_RDIV_CANCEL
real	real.REAL_LE_RDIV_EQ
real	real.REAL_LE_REFL
real	real.REAL_LE_RMUL
real	real.REAL_LE_RMUL1
real	real.REAL_LE_RMUL_IMP
real	real.REAL_LE_RNEG
real	real.REAL_LE_SQUARE
real	real.REAL_LE_SUB_CANCEL1
real	real.REAL_LE_SUB_CANCEL2
real	real.REAL_LE_SUB_LADD
real	real.REAL_LE_SUB_RADD
real	real.REAL_LE_SUP
real	real.REAL_LE_SUP'
real	real.REAL_LE_TOTAL
real	real.REAL_LE_TRANS
real	real.REAL_LINV_UNIQ
real	real.REAL_LIN_LE_MAX
real	real.REAL_LNEG_UNIQ
real	real.REAL_LT
real	real.REAL_LT1_POW2
real	real.REAL_LTE_ADD
real	real.REAL_LTE_ADD2
real	real.REAL_LTE_ANTISYM
real	real.REAL_LTE_ANTSYM
real	real.REAL_LTE_TOTAL
real	real.REAL_LTE_TRANS
real	real.REAL_LT_01
real	real.REAL_LT_1
real	real.REAL_LT_ADD
real	real.REAL_LT_ADD1
real	real.REAL_LT_ADD2
real	real.REAL_LT_ADDL
real	real.REAL_LT_ADDNEG
real	real.REAL_LT_ADDNEG2
real	real.REAL_LT_ADDR
real	real.REAL_LT_ADD_SUB
real	real.REAL_LT_ANTISYM
real	real.REAL_LT_DIV
real	real.REAL_LT_FRACTION
real	real.REAL_LT_FRACTION_0
real	real.REAL_LT_GT
real	real.REAL_LT_HALF1
real	real.REAL_LT_HALF2
real	real.REAL_LT_IADD
real	real.REAL_LT_IMP_LE
real	real.REAL_LT_IMP_NE
real	real.REAL_LT_INV
real	real.REAL_LT_INV'
real	real.REAL_LT_INV2
real	real.REAL_LT_INV_EQ
real	real.REAL_LT_LADD
real	real.REAL_LT_LDIV_EQ
real	real.REAL_LT_LE
real	real.REAL_LT_LMUL
real	real.REAL_LT_LMUL_0
real	real.REAL_LT_LMUL_IMP
real	real.REAL_LT_LMUL_NEG
real	real.REAL_LT_MAX
real	real.REAL_LT_MIN
real	real.REAL_LT_MUL
real	real.REAL_LT_MUL2
real	real.REAL_LT_MULTIPLE
real	real.REAL_LT_NEG
real	real.REAL_LT_NEGTOTAL
real	real.REAL_LT_NZ
real	real.REAL_LT_RADD
real	real.REAL_LT_RDIV
real	real.REAL_LT_RDIV_0
real	real.REAL_LT_RDIV_EQ
real	real.REAL_LT_REFL
real	real.REAL_LT_RMUL
real	real.REAL_LT_RMUL_0
real	real.REAL_LT_RMUL_IMP
real	real.REAL_LT_RNEG
real	real.REAL_LT_SUB_LADD
real	real.REAL_LT_SUB_RADD
real	real.REAL_LT_TOTAL
real	real.REAL_LT_TRANS
real	real.REAL_MAX_ACI
real	real.REAL_MAX_ADD
real	real.REAL_MAX_ALT
real	real.REAL_MAX_LE
real	real.REAL_MAX_LT
real	real.REAL_MAX_MIN
real	real.REAL_MAX_REFL
real	real.REAL_MAX_SUB
real	real.REAL_MAX_SUB_MIN
real	real.REAL_MEAN
real	real.REAL_MIDDLE1
real	real.REAL_MIDDLE2
real	real.REAL_MIN_ACI
real	real.REAL_MIN_ADD
real	real.REAL_MIN_ALT
real	real.REAL_MIN_LE
real	real.REAL_MIN_LE1
real	real.REAL_MIN_LE2
real	real.REAL_MIN_LE_LIN
real	real.REAL_MIN_LE_MAX
real	real.REAL_MIN_LT
real	real.REAL_MIN_MAX
real	real.REAL_MIN_REFL
real	real.REAL_MIN_SUB
real	real.REAL_MUL
real	real.REAL_MUL_ASSOC
real	real.REAL_MUL_COMM
real	real.REAL_MUL_LID
real	real.REAL_MUL_LINV
real	real.REAL_MUL_LNEG
real	real.REAL_MUL_LZERO
real	real.REAL_MUL_POS_LT
real	real.REAL_MUL_RID
real	real.REAL_MUL_RINV
real	real.REAL_MUL_RNEG
real	real.REAL_MUL_RZERO
real	real.REAL_MUL_SIGN
real	real.REAL_MUL_SUB1_CANCEL
real	real.REAL_MUL_SUB2_CANCEL
real	real.REAL_MUL_SYM
real	real.REAL_NEGNEG
real	real.REAL_NEG_0
real	real.REAL_NEG_ADD
real	real.REAL_NEG_EQ
real	real.REAL_NEG_EQ0
real	real.REAL_NEG_GE0
real	real.REAL_NEG_GT0
real	real.REAL_NEG_HALF
real	real.REAL_NEG_INV
real	real.REAL_NEG_INV'
real	real.REAL_NEG_LE0
real	real.REAL_NEG_LMUL
real	real.REAL_NEG_LT0
real	real.REAL_NEG_MINUS1
real	real.REAL_NEG_MUL2
real	real.REAL_NEG_NEG
real	real.REAL_NEG_RMUL
real	real.REAL_NEG_SUB
real	real.REAL_NEG_THIRD
real	real.REAL_NOT_LE
real	real.REAL_NOT_LT
real	real.REAL_NZ_IMP_LT
real	real.REAL_OF_NUM_ADD
real	real.REAL_OF_NUM_EQ
real	real.REAL_OF_NUM_LE
real	real.REAL_OF_NUM_LT
real	real.REAL_OF_NUM_MUL
real	real.REAL_OF_NUM_POW
real	real.REAL_OF_NUM_SUB
real	real.REAL_OF_NUM_SUC
real	real.REAL_OVER1
real	real.REAL_POS
real	real.REAL_POSSQ
real	real.REAL_POS_EQ_ZERO
real	real.REAL_POS_ID
real	real.REAL_POS_INFLATE
real	real.REAL_POS_LE_ZERO
real	real.REAL_POS_LT
real	real.REAL_POS_MONO
real	real.REAL_POS_NZ
real	real.REAL_POS_POS
real	real.REAL_POW
real	real.REAL_POW2_ABS
real	real.REAL_POW_1_LE
real	real.REAL_POW_ADD
real	real.REAL_POW_ANTIMONO
real	real.REAL_POW_ANTIMONO_LT
real	real.REAL_POW_DIV
real	real.REAL_POW_EQ_0
real	real.REAL_POW_GE0
real	real.REAL_POW_INV
real	real.REAL_POW_LBOUND
real	real.REAL_POW_LE
real	real.REAL_POW_LE0
real	real.REAL_POW_LE_1
real	real.REAL_POW_LT
real	real.REAL_POW_LT2
real	real.REAL_POW_MONO
real	real.REAL_POW_MONO_EQ
real	real.REAL_POW_MONO_LT
real	real.REAL_POW_NEG
real	real.REAL_POW_NEG2
real	real.REAL_POW_POS
real	real.REAL_POW_POW
real	real.REAL_RABINOWITSCH
real	real.REAL_RDISTRIB
real	real.REAL_RINV_UNIQ
real	real.REAL_RNEG_UNIQ
real	real.REAL_SGN
real	real.REAL_SGNS_EQ
real	real.REAL_SGNS_EQ_ALT
real	real.REAL_SGN_0
real	real.REAL_SGN_ABS
real	real.REAL_SGN_ABS_ALT
real	real.REAL_SGN_CASES
real	real.REAL_SGN_DIV
real	real.REAL_SGN_EQ
real	real.REAL_SGN_EQ_INEQ
real	real.REAL_SGN_INEQS
real	real.REAL_SGN_INV
real	real.REAL_SGN_MUL
real	real.REAL_SGN_NEG
real	real.REAL_SGN_POW
real	real.REAL_SGN_POW_2
real	real.REAL_SGN_REAL_SGN
real	real.REAL_SUB
real	real.REAL_SUB_0
real	real.REAL_SUB_ABS
real	real.REAL_SUB_ADD
real	real.REAL_SUB_ADD2
real	real.REAL_SUB_INV2
real	real.REAL_SUB_LDISTRIB
real	real.REAL_SUB_LE
real	real.REAL_SUB_LNEG
real	real.REAL_SUB_LT
real	real.REAL_SUB_LT_NEG
real	real.REAL_SUB_LZERO
real	real.REAL_SUB_NEG2
real	real.REAL_SUB_NUMERAL
real	real.REAL_SUB_RAT
real	real.REAL_SUB_RDISTRIB
real	real.REAL_SUB_REFL
real	real.REAL_SUB_RNEG
real	real.REAL_SUB_RZERO
real	real.REAL_SUB_SUB
real	real.REAL_SUB_SUB2
real	real.REAL_SUB_TRIANGLE
real	real.REAL_SUMSQ
real	real.REAL_SUP
real	real.REAL_SUP'
real	real.REAL_SUP_ALLPOS
real	real.REAL_SUP_CONST
real	real.REAL_SUP_EXISTS
real	real.REAL_SUP_EXISTS'
real	real.REAL_SUP_EXISTS_UNIQUE
real	real.REAL_SUP_EXISTS_UNIQUE'
real	real.REAL_SUP_LE
real	real.REAL_SUP_LE'
real	real.REAL_SUP_MAX
real	real.REAL_SUP_MAX'
real	real.REAL_SUP_SOMEPOS
real	real.REAL_SUP_UBOUND
real	real.REAL_SUP_UBOUND'
real	real.REAL_SUP_UBOUND_LE
real	real.REAL_SUP_UBOUND_LE'
real	real.REAL_THIRDS_BETWEEN
real	real.SETOK_LE_LT
real	real.SIMP_REAL_ARCH
real	real.SIMP_REAL_ARCH_NEG
real	real.SIMP_REAL_ARCH_SUC
real	real.SQRT_0
real	real.SQRT_1
real	real.SQRT_DIV
real	real.SQRT_EQ
real	real.SQRT_INV
real	real.SQRT_MONO_LE
real	real.SQRT_MONO_LT
real	real.SQRT_MUL
real	real.SQRT_POS_LE
real	real.SQRT_POS_LT
real	real.SQRT_POS_NE
real	real.SQRT_POS_UNIQ
real	real.SQRT_POW2
real	real.SQRT_POW_2
real	real.SQRT_POW_2_ABS
real	real.SQUARE_ROOTS
real	real.SUB_POW_2
real	real.SUM_0
real	real.SUM_1
real	real.SUM_2
real	real.SUM_ABS
real	real.SUM_ABS_LE
real	real.SUM_ADD
real	real.SUM_BOUND
real	real.SUM_CANCEL
real	real.SUM_CMUL
real	real.SUM_DIFF
real	real.SUM_DIFFS
real	real.SUM_EQ
real	real.SUM_EQ_0
real	real.SUM_GROUP
real	real.SUM_LE
real	real.SUM_LT
real	real.SUM_NEG
real	real.SUM_NSUB
real	real.SUM_OFFSET
real	real.SUM_PERMUTE_0
real	real.SUM_PICK
real	real.SUM_POS
real	real.SUM_POS_GEN
real	real.SUM_REINDEX
real	real.SUM_SPLIT
real	real.SUM_SUB
real	real.SUM_SUBST
real	real.SUM_TWO
real	real.SUM_ZERO
real	real.SUP_EPSILON
real	real.SUP_EPSILON'
real	real.SUP_LEMMA1
real	real.SUP_LEMMA2
real	real.SUP_LEMMA3
real	real.SUP_LT_EPSILON
real	real.SUP_LT_EPSILON'
real	real.X_HALF_HALF
real	real.ZERO_LT_POW
real	real.ZERO_LT_invx
real	real.abs
real	real.add_ints
real	real.add_rat
real	real.add_ratl
real	real.add_ratr
real	real.div_rat
real	real.div_ratl
real	real.div_ratr
real	real.eq_ints
real	real.eq_rat
real	real.eq_ratl
real	real.eq_ratr
real	real.inf_alt
real	real.le_int
real	real.le_rat
real	real.le_ratl
real	real.le_ratr
real	real.lt_int
real	real.lt_rat
real	real.lt_ratl
real	real.lt_ratr
real	real.max_def
real	real.min_def
real	real.mult_ints
real	real.mult_rat
real	real.mult_ratl
real	real.mult_ratr
real	real.neg_rat
real	real.nonzerop_0
real	real.nonzerop_EQ0
real	real.nonzerop_EQ1_I
real	real.nonzerop_NUMERAL
real	real.nonzerop_inv
real	real.nonzerop_mulXX
real	real.nonzerop_mult
real	real.nonzerop_nonzero_pow
real	real.nonzerop_nonzerop
real	real.nonzerop_pow
real	real.pow
real	real.pow0
real	real.pow_eq0
real	real.pow_inv_eq
real	real.pow_inv_mul
real	real.pow_inv_mul_invlt
real	real.pow_inv_mul_powlt
real	real.pow_rat
real	real.real_div
real	real.real_ge
real	real.real_gt
real	real.real_lt
real	real.real_lte
real	real.real_of_num
real	real.real_sub
real	real.sum
real	real.sum_compute
real	real.sum_ind
real_algebra	real_algebra.GBAG_Reals_prod_BAG_OF_SET
real_algebra	real_algebra.GBAG_Reals_sum_BAG_IMAGE_BAG_OF_SET
real_algebra	real_algebra.Inv_Reals
real_algebra	real_algebra.Reals_sum_inv
real_algebra	real_algebra.RingReals
real_algebra	real_algebra.Unit_Reals
real_algebra	real_algebra.real_add_group
real_algebra	real_algebra.real_add_monoid
real_algebra	real_algebra.real_add_monoid_simps
real_algebra	real_algebra.real_mul_group
real_algebra	real_algebra.real_mul_monoid
real_algebra	real_algebra.real_mul_monoid_simps
real_algebra	real_algebra.ring_divides_Reals
real_algebra	real_algebra.ring_prime_Reals
real_arith	real_arith.ABSMAXMIN_ELIM_CONV1_pth
real_borel	real_borel.BALL_IN_LINE
real_borel	real_borel.BIGUNION_IMAGE_QSET
real_borel	real_borel.BOUNDED_LINE_EXISTS
real_borel	real_borel.IMAGE_FST_CROSS_INTERVAL
real_borel	real_borel.IMAGE_SND_CROSS_INTERVAL
real_borel	real_borel.IN_LINE
real_borel	real_borel.LINE_EXISTS
real_borel	real_borel.LINE_MONO
real_borel	real_borel.LINE_MONO_EQ
real_borel	real_borel.LINE_MONO_SUC
real_borel	real_borel.PREIMAGE_REAL_COMPL1
real_borel	real_borel.PREIMAGE_REAL_COMPL2
real_borel	real_borel.PREIMAGE_REAL_COMPL3
real_borel	real_borel.PREIMAGE_REAL_COMPL4
real_borel	real_borel.REAL_IN_LINE
real_borel	real_borel.REAL_SING_BIGINTER
real_borel	real_borel.borel_2d
real_borel	real_borel.borel_2d_alt_box
real_borel	real_borel.borel_2d_measurable_add
real_borel	real_borel.borel_2d_measurable_sub
real_borel	real_borel.borel_alt_general
real_borel	real_borel.borel_closed
real_borel	real_borel.borel_comp
real_borel	real_borel.borel_def
real_borel	real_borel.borel_eq_box
real_borel	real_borel.borel_eq_ge_le
real_borel	real_borel.borel_eq_ge_less
real_borel	real_borel.borel_eq_gr
real_borel	real_borel.borel_eq_gr_le
real_borel	real_borel.borel_eq_gr_less
real_borel	real_borel.borel_eq_le
real_borel	real_borel.borel_eq_less
real_borel	real_borel.borel_eq_sigmaI1
real_borel	real_borel.borel_eq_sigmaI2
real_borel	real_borel.borel_eq_sigmaI3
real_borel	real_borel.borel_eq_sigmaI4
real_borel	real_borel.borel_eq_sigmaI5
real_borel	real_borel.borel_frontier
real_borel	real_borel.borel_fsigma
real_borel	real_borel.borel_gdelta
real_borel	real_borel.borel_line
real_borel	real_borel.borel_measurable_const
real_borel	real_borel.borel_measurable_image
real_borel	real_borel.borel_measurable_indicator
real_borel	real_borel.borel_measurable_sets
real_borel	real_borel.borel_measurable_sets_ge
real_borel	real_borel.borel_measurable_sets_ge_le
real_borel	real_borel.borel_measurable_sets_ge_less
real_borel	real_borel.borel_measurable_sets_gr
real_borel	real_borel.borel_measurable_sets_gr_le
real_borel	real_borel.borel_measurable_sets_gr_less
real_borel	real_borel.borel_measurable_sets_le
real_borel	real_borel.borel_measurable_sets_less
real_borel	real_borel.borel_measurable_sets_not_sing
real_borel	real_borel.borel_measurable_sets_sing
real_borel	real_borel.borel_open
real_borel	real_borel.borel_sigma_sets_subset
real_borel	real_borel.borel_singleton
real_borel	real_borel.box_alt
real_borel	real_borel.box_open_in_mr2
real_borel	real_borel.closed_interval_11
real_borel	real_borel.closed_interval_disjoint_eq
real_borel	real_borel.closed_interval_subset
real_borel	real_borel.closed_interval_subset_eq
real_borel	real_borel.countable_imp_borel_measurable
real_borel	real_borel.finite_imp_borel_measurable
real_borel	real_borel.fn_abs
real_borel	real_borel.fn_abs_decompose
real_borel	real_borel.fn_decompose
real_borel	real_borel.hyperbola_open_in_mr2
real_borel	real_borel.in_borel_measurable
real_borel	real_borel.in_borel_measurable_I
real_borel	real_borel.in_borel_measurable_abs
real_borel	real_borel.in_borel_measurable_abs'
real_borel	real_borel.in_borel_measurable_add
real_borel	real_borel.in_borel_measurable_ainv
real_borel	real_borel.in_borel_measurable_ainv'
real_borel	real_borel.in_borel_measurable_borel
real_borel	real_borel.in_borel_measurable_borel_abs
real_borel	real_borel.in_borel_measurable_cmul
real_borel	real_borel.in_borel_measurable_const
real_borel	real_borel.in_borel_measurable_continuous_on
real_borel	real_borel.in_borel_measurable_div
real_borel	real_borel.in_borel_measurable_fn_minus
real_borel	real_borel.in_borel_measurable_fn_plus
real_borel	real_borel.in_borel_measurable_ge
real_borel	real_borel.in_borel_measurable_ge_imp
real_borel	real_borel.in_borel_measurable_ge_lt_imp
real_borel	real_borel.in_borel_measurable_gr
real_borel	real_borel.in_borel_measurable_gt_imp
real_borel	real_borel.in_borel_measurable_inv
real_borel	real_borel.in_borel_measurable_le
real_borel	real_borel.in_borel_measurable_le2
real_borel	real_borel.in_borel_measurable_le2_imp
real_borel	real_borel.in_borel_measurable_le_imp
real_borel	real_borel.in_borel_measurable_less
real_borel	real_borel.in_borel_measurable_lt2
real_borel	real_borel.in_borel_measurable_lt2_imp
real_borel	real_borel.in_borel_measurable_lt_imp
real_borel	real_borel.in_borel_measurable_max
real_borel	real_borel.in_borel_measurable_min
real_borel	real_borel.in_borel_measurable_mul
real_borel	real_borel.in_borel_measurable_mul_indicator
real_borel	real_borel.in_borel_measurable_open
real_borel	real_borel.in_borel_measurable_open_imp
real_borel	real_borel.in_borel_measurable_pow
real_borel	real_borel.in_borel_measurable_pow2
real_borel	real_borel.in_borel_measurable_sub
real_borel	real_borel.in_borel_measurable_sum
real_borel	real_borel.in_measurable_borel_borel_abs
real_borel	real_borel.in_measurable_borel_borel_ainv
real_borel	real_borel.in_measurable_borel_borel_exp
real_borel	real_borel.in_measurable_borel_comp_borel
real_borel	real_borel.in_measurable_borel_eq
real_borel	real_borel.in_measurable_borel_not_sing
real_borel	real_borel.in_measurable_sigma_pow'
real_borel	real_borel.in_right_open_interval
real_borel	real_borel.in_right_open_intervals
real_borel	real_borel.in_right_open_intervals_nonempty
real_borel	real_borel.line_closed
real_borel	real_borel.line_def
real_borel	real_borel.open_UNION_box
real_borel	real_borel.open_UNION_rational_box
real_borel	real_borel.rational_boxes
real_borel	real_borel.real_fn_minus
real_borel	real_borel.real_fn_minus_pos
real_borel	real_borel.real_fn_plus
real_borel	real_borel.real_fn_plus_pos
real_borel	real_borel.right_open_interval_11
real_borel	real_borel.right_open_interval_DISJOINT
real_borel	real_borel.right_open_interval_DISJOINT_EQ
real_borel	real_borel.right_open_interval_DISJOINT_imp
real_borel	real_borel.right_open_interval_SUBSET
real_borel	real_borel.right_open_interval_SUBSET_EQ
real_borel	real_borel.right_open_interval_between_bounds
real_borel	real_borel.right_open_interval_disjoint
real_borel	real_borel.right_open_interval_empty
real_borel	real_borel.right_open_interval_empty_eq
real_borel	real_borel.right_open_interval_frontier
real_borel	real_borel.right_open_interval_in_intervals
real_borel	real_borel.right_open_interval_inter
real_borel	real_borel.right_open_interval_interior
real_borel	real_borel.right_open_interval_lowerbound
real_borel	real_borel.right_open_interval_shift
real_borel	real_borel.right_open_interval_shift_lemma
real_borel	real_borel.right_open_interval_two_bounds
real_borel	real_borel.right_open_interval_union
real_borel	real_borel.right_open_interval_union_imp
real_borel	real_borel.right_open_interval_upperbound
real_borel	real_borel.right_open_intervals_semiring
real_borel	real_borel.right_open_intervals_sigma_borel
real_borel	real_borel.right_open_intervals_subset_borel
real_borel	real_borel.sigma_algebra_borel
real_borel	real_borel.sigma_algebra_borel_2d
real_borel	real_borel.sigma_ge_gr
real_borel	real_borel.sigma_gr_le
real_borel	real_borel.sigma_le_less
real_borel	real_borel.sigma_less_ge
real_borel	real_borel.space_borel
real_borel	real_borel.space_borel_2d
real_borel	real_borel.space_in_borel
real_of_rat	real_of_rat.ABS_SQUARE
real_of_rat	real_of_rat.ADD_IN_QSET
real_of_rat	real_of_rat.DIV_IN_QSET
real_of_rat	real_of_rat.INT_BI_INDUCTION
real_of_rat	real_of_rat.INT_FLOOR_ADD
real_of_rat	real_of_rat.INT_FLOOR_MUL
real_of_rat	real_of_rat.INT_FLOOR_REAL_OF_INT
real_of_rat	real_of_rat.INV_IN_QSET
real_of_rat	real_of_rat.IS_INT_ADD
real_of_rat	real_of_rat.IS_INT_ADD2
real_of_rat	real_of_rat.IS_INT_MUL
real_of_rat	real_of_rat.IS_INT_NUM
real_of_rat	real_of_rat.IS_INT_REAL_OF_INT
real_of_rat	real_of_rat.MUL_IN_QSET
real_of_rat	real_of_rat.NUM_IN_QSET
real_of_rat	real_of_rat.NUM_LT_NEG
real_of_rat	real_of_rat.NUM_NEG
real_of_rat	real_of_rat.NUM_OPP_SIGNS_COMPARE
real_of_rat	real_of_rat.OPP_IN_QSET
real_of_rat	real_of_rat.QSET_COUNTABLE
real_of_rat	real_of_rat.Q_DENSE_IN_REAL
real_of_rat	real_of_rat.Q_DENSE_IN_REAL_LEMMA
real_of_rat	real_of_rat.RATND_ADD
real_of_rat	real_of_rat.RATND_MUL
real_of_rat	real_of_rat.RAT_DIV_LEMMA
real_of_rat	real_of_rat.RAT_DIV_PROD
real_of_rat	real_of_rat.RAT_OF_INT_SUB
real_of_rat	real_of_rat.REAL_IS_INT_LT_LE
real_of_rat	real_of_rat.REAL_LT_SUB_SWAP
real_of_rat	real_of_rat.REAL_OF_RAT_0
real_of_rat	real_of_rat.REAL_OF_RAT_1
real_of_rat	real_of_rat.REAL_OF_RAT_ADD
real_of_rat	real_of_rat.REAL_OF_RAT_DIV
real_of_rat	real_of_rat.REAL_OF_RAT_INJ
real_of_rat	real_of_rat.REAL_OF_RAT_LE
real_of_rat	real_of_rat.REAL_OF_RAT_LT
real_of_rat	real_of_rat.REAL_OF_RAT_MAX
real_of_rat	real_of_rat.REAL_OF_RAT_MIN
real_of_rat	real_of_rat.REAL_OF_RAT_MINV
real_of_rat	real_of_rat.REAL_OF_RAT_MUL
real_of_rat	real_of_rat.REAL_OF_RAT_NEG
real_of_rat	real_of_rat.REAL_OF_RAT_NUM_CLAUSES
real_of_rat	real_of_rat.REAL_OF_RAT_OF_INT
real_of_rat	real_of_rat.REAL_OF_RAT_OF_NUM
real_of_rat	real_of_rat.REAL_OF_RAT_SUB
real_of_rat	real_of_rat.REAL_PYTH
real_of_rat	real_of_rat.REAL_Q_DENSE
real_of_rat	real_of_rat.REAL_RAT_DENSE
real_of_rat	real_of_rat.SUB_IN_QSET
real_of_rat	real_of_rat.countable_real_rat_set
real_of_rat	real_of_rat.q_set_def
real_of_rat	real_of_rat.real_rat_set
real_of_rat	real_of_rat.real_rat_set_def
real_sigma	real_sigma.ABS_INDICATOR
real_sigma	real_sigma.ABS_LE_0
real_sigma	real_sigma.ABS_LE_HALF_POW2
real_sigma	real_sigma.CARD_EQ_SUM
real_sigma	real_sigma.DROP_INDICATOR
real_sigma	real_sigma.DROP_INDICATOR_ABS_LE_1
real_sigma	real_sigma.DROP_INDICATOR_LE_1
real_sigma	real_sigma.DROP_INDICATOR_POS_LE
real_sigma	real_sigma.FINITE_REAL_INTERVAL
real_sigma	real_sigma.INDICATOR_COMPLEMENT
real_sigma	real_sigma.INDICATOR_EMPTY
real_sigma	real_sigma.INDICATOR_MONO
real_sigma	real_sigma.INDICATOR_POS
real_sigma	real_sigma.INF
real_sigma	real_sigma.INF_CLOSE
real_sigma	real_sigma.INF_EQ
real_sigma	real_sigma.INF_FINITE
real_sigma	real_sigma.INF_FINITE_LEMMA
real_sigma	real_sigma.INF_GREATER
real_sigma	real_sigma.INF_INSERT_FINITE
real_sigma	real_sigma.INF_LE
real_sigma	real_sigma.INF_SING
real_sigma	real_sigma.INF_UNIQUE_FINITE
real_sigma	real_sigma.ITERATE_NONZERO_IMAGE_LEMMA
real_sigma	real_sigma.LE_INF
real_sigma	real_sigma.LOWER_BOUND_FINITE_SET_REAL
real_sigma	real_sigma.MONOIDAL_REAL_ADD
real_sigma	real_sigma.MONOIDAL_REAL_MUL
real_sigma	real_sigma.NESTED_REAL_SUM_IMAGE_REVERSE
real_sigma	real_sigma.NEUTRAL_REAL_ADD
real_sigma	real_sigma.NEUTRAL_REAL_MUL
real_sigma	real_sigma.PERMUTES_IN_NUMSEG
real_sigma	real_sigma.POLYNOMIAL_FUNCTION_ADD
real_sigma	real_sigma.POLYNOMIAL_FUNCTION_CONST
real_sigma	real_sigma.POLYNOMIAL_FUNCTION_FINITE_ROOTS
real_sigma	real_sigma.POLYNOMIAL_FUNCTION_ID
real_sigma	real_sigma.POLYNOMIAL_FUNCTION_INDUCT
real_sigma	real_sigma.POLYNOMIAL_FUNCTION_LMUL
real_sigma	real_sigma.POLYNOMIAL_FUNCTION_MUL
real_sigma	real_sigma.POLYNOMIAL_FUNCTION_NEG
real_sigma	real_sigma.POLYNOMIAL_FUNCTION_POW
real_sigma	real_sigma.POLYNOMIAL_FUNCTION_RMUL
real_sigma	real_sigma.POLYNOMIAL_FUNCTION_SUB
real_sigma	real_sigma.POLYNOMIAL_FUNCTION_SUM
real_sigma	real_sigma.POLYNOMIAL_FUNCTION_o
real_sigma	real_sigma.POW_NEG_ODD
real_sigma	real_sigma.POW_POS_EVEN
real_sigma	real_sigma.PRODUCT_ABS
real_sigma	real_sigma.PRODUCT_ADD_SPLIT
real_sigma	real_sigma.PRODUCT_CLAUSES
real_sigma	real_sigma.PRODUCT_CLAUSES_LEFT
real_sigma	real_sigma.PRODUCT_CLAUSES_NUMSEG
real_sigma	real_sigma.PRODUCT_CLAUSES_RIGHT
real_sigma	real_sigma.PRODUCT_CLOSED
real_sigma	real_sigma.PRODUCT_CONG
real_sigma	real_sigma.PRODUCT_CONST
real_sigma	real_sigma.PRODUCT_CONST_NUMSEG
real_sigma	real_sigma.PRODUCT_CONST_NUMSEG_1
real_sigma	real_sigma.PRODUCT_DELETE
real_sigma	real_sigma.PRODUCT_DELTA
real_sigma	real_sigma.PRODUCT_DIV
real_sigma	real_sigma.PRODUCT_DIV_NUMSEG
real_sigma	real_sigma.PRODUCT_EQ
real_sigma	real_sigma.PRODUCT_EQ_0
real_sigma	real_sigma.PRODUCT_EQ_0_COUNT
real_sigma	real_sigma.PRODUCT_EQ_0_NUMSEG
real_sigma	real_sigma.PRODUCT_EQ_1
real_sigma	real_sigma.PRODUCT_EQ_1_COUNT
real_sigma	real_sigma.PRODUCT_EQ_1_NUMSEG
real_sigma	real_sigma.PRODUCT_EQ_COUNT
real_sigma	real_sigma.PRODUCT_EQ_NUMSEG
real_sigma	real_sigma.PRODUCT_IMAGE
real_sigma	real_sigma.PRODUCT_INV
real_sigma	real_sigma.PRODUCT_LE
real_sigma	real_sigma.PRODUCT_LE_1
real_sigma	real_sigma.PRODUCT_LE_NUMSEG
real_sigma	real_sigma.PRODUCT_MUL
real_sigma	real_sigma.PRODUCT_MUL_COUNT
real_sigma	real_sigma.PRODUCT_MUL_GEN
real_sigma	real_sigma.PRODUCT_MUL_NUMSEG
real_sigma	real_sigma.PRODUCT_NEG
real_sigma	real_sigma.PRODUCT_NEG_NUMSEG
real_sigma	real_sigma.PRODUCT_NEG_NUMSEG_1
real_sigma	real_sigma.PRODUCT_OFFSET
real_sigma	real_sigma.PRODUCT_ONE
real_sigma	real_sigma.PRODUCT_PAIR
real_sigma	real_sigma.PRODUCT_PERMUTE
real_sigma	real_sigma.PRODUCT_PERMUTE_COUNT
real_sigma	real_sigma.PRODUCT_PERMUTE_NUMSEG
real_sigma	real_sigma.PRODUCT_POS_LE
real_sigma	real_sigma.PRODUCT_POS_LE_NUMSEG
real_sigma	real_sigma.PRODUCT_POS_LT
real_sigma	real_sigma.PRODUCT_POS_LT_NUMSEG
real_sigma	real_sigma.PRODUCT_SING
real_sigma	real_sigma.PRODUCT_SING_NUMSEG
real_sigma	real_sigma.PRODUCT_SUPERSET
real_sigma	real_sigma.PRODUCT_SUPPORT
real_sigma	real_sigma.PRODUCT_UNION
real_sigma	real_sigma.REAL_ABS_INF_LE
real_sigma	real_sigma.REAL_ABS_SUP_LE
real_sigma	real_sigma.REAL_ARCH_INV'
real_sigma	real_sigma.REAL_ARCH_INV_SUC
real_sigma	real_sigma.REAL_BOUNDS_LT
real_sigma	real_sigma.REAL_COMPLETE
real_sigma	real_sigma.REAL_EQ_SQUARE_ABS
real_sigma	real_sigma.REAL_HALF
real_sigma	real_sigma.REAL_IMP_LE_SUP'
real_sigma	real_sigma.REAL_IMP_SUP_LE'
real_sigma	real_sigma.REAL_INF_ASCLOSE
real_sigma	real_sigma.REAL_INF_BOUNDS
real_sigma	real_sigma.REAL_INF_LE'
real_sigma	real_sigma.REAL_INF_LE_FINITE
real_sigma	real_sigma.REAL_INF_LT_FINITE
real_sigma	real_sigma.REAL_INF_UNIQUE
real_sigma	real_sigma.REAL_LE_BETWEEN
real_sigma	real_sigma.REAL_LE_INF
real_sigma	real_sigma.REAL_LE_INF_FINITE
real_sigma	real_sigma.REAL_LE_INF_SUBSET
real_sigma	real_sigma.REAL_LE_LDIV_CANCEL
real_sigma	real_sigma.REAL_LE_LDIV_EQ_NEG
real_sigma	real_sigma.REAL_LE_LT_MUL
real_sigma	real_sigma.REAL_LE_MUL_EPSILON
real_sigma	real_sigma.REAL_LE_MUL_NEG
real_sigma	real_sigma.REAL_LE_RDIV_EQ_NEG
real_sigma	real_sigma.REAL_LE_SQUARE_ABS
real_sigma	real_sigma.REAL_LE_SUP2
real_sigma	real_sigma.REAL_LE_SUP_EQ
real_sigma	real_sigma.REAL_LE_SUP_FINITE
real_sigma	real_sigma.REAL_LT_BETWEEN
real_sigma	real_sigma.REAL_LT_INF_FINITE
real_sigma	real_sigma.REAL_LT_INV2
real_sigma	real_sigma.REAL_LT_LCANCEL_IMP
real_sigma	real_sigma.REAL_LT_LDIV_CANCEL
real_sigma	real_sigma.REAL_LT_LE_MUL
real_sigma	real_sigma.REAL_LT_LMUL_0_NEG
real_sigma	real_sigma.REAL_LT_LMUL_NEG
real_sigma	real_sigma.REAL_LT_LMUL_NEG_0
real_sigma	real_sigma.REAL_LT_LMUL_NEG_0_NEG
real_sigma	real_sigma.REAL_LT_MAX_BETWEEN
real_sigma	real_sigma.REAL_LT_MUL_NEG
real_sigma	real_sigma.REAL_LT_POW2
real_sigma	real_sigma.REAL_LT_RDIV_EQ_NEG
real_sigma	real_sigma.REAL_LT_RMUL_0_NEG
real_sigma	real_sigma.REAL_LT_RMUL_NEG
real_sigma	real_sigma.REAL_LT_RMUL_NEG_0
real_sigma	real_sigma.REAL_LT_RMUL_NEG_0_NEG
real_sigma	real_sigma.REAL_LT_SUP_FINITE
real_sigma	real_sigma.REAL_MAX_REDUCE
real_sigma	real_sigma.REAL_MIN_LE_BETWEEN
real_sigma	real_sigma.REAL_MIN_REDUCE
real_sigma	real_sigma.REAL_MUL_IDEMPOT
real_sigma	real_sigma.REAL_MUL_SUM
real_sigma	real_sigma.REAL_MUL_SUM_NUMSEG
real_sigma	real_sigma.REAL_NEG_NZ
real_sigma	real_sigma.REAL_OF_NUM_GE
real_sigma	real_sigma.REAL_OF_NUM_NPRODUCT
real_sigma	real_sigma.REAL_OF_NUM_SUM
real_sigma	real_sigma.REAL_OF_NUM_SUM_NUMSEG
real_sigma	real_sigma.REAL_POLYFUN_EQ_0
real_sigma	real_sigma.REAL_POLYFUN_EQ_CONST
real_sigma	real_sigma.REAL_POLYFUN_FINITE_ROOTS
real_sigma	real_sigma.REAL_POLYFUN_ROOTBOUND
real_sigma	real_sigma.REAL_PROD_IMAGE_EMPTY
real_sigma	real_sigma.REAL_PROD_IMAGE_INSERT
real_sigma	real_sigma.REAL_PROD_IMAGE_SING
real_sigma	real_sigma.REAL_PROD_IMAGE_THM
real_sigma	real_sigma.REAL_SUB_POLYFUN
real_sigma	real_sigma.REAL_SUB_POLYFUN_ALT
real_sigma	real_sigma.REAL_SUB_POW
real_sigma	real_sigma.REAL_SUB_POW_L1
real_sigma	real_sigma.REAL_SUB_POW_R1
real_sigma	real_sigma.REAL_SUM_IMAGE_0
real_sigma	real_sigma.REAL_SUM_IMAGE_ABS_TRIANGLE
real_sigma	real_sigma.REAL_SUM_IMAGE_ADD
real_sigma	real_sigma.REAL_SUM_IMAGE_BOUND
real_sigma	real_sigma.REAL_SUM_IMAGE_CMUL
real_sigma	real_sigma.REAL_SUM_IMAGE_CONST_EQ_1_EQ_INV_CARD
real_sigma	real_sigma.REAL_SUM_IMAGE_COUNT
real_sigma	real_sigma.REAL_SUM_IMAGE_CROSS_SYM
real_sigma	real_sigma.REAL_SUM_IMAGE_DELETE
real_sigma	real_sigma.REAL_SUM_IMAGE_DISJOINT_UNION
real_sigma	real_sigma.REAL_SUM_IMAGE_EMPTY
real_sigma	real_sigma.REAL_SUM_IMAGE_EQ
real_sigma	real_sigma.REAL_SUM_IMAGE_EQ_0
real_sigma	real_sigma.REAL_SUM_IMAGE_EQ_CARD
real_sigma	real_sigma.REAL_SUM_IMAGE_EQ_sum
real_sigma	real_sigma.REAL_SUM_IMAGE_FINITE_CONST
real_sigma	real_sigma.REAL_SUM_IMAGE_FINITE_CONST2
real_sigma	real_sigma.REAL_SUM_IMAGE_FINITE_CONST3
real_sigma	real_sigma.REAL_SUM_IMAGE_FINITE_SAME
real_sigma	real_sigma.REAL_SUM_IMAGE_IF_ELIM
real_sigma	real_sigma.REAL_SUM_IMAGE_IMAGE
real_sigma	real_sigma.REAL_SUM_IMAGE_IMAGE_LE
real_sigma	real_sigma.REAL_SUM_IMAGE_INTER_ELIM
real_sigma	real_sigma.REAL_SUM_IMAGE_INTER_NONZERO
real_sigma	real_sigma.REAL_SUM_IMAGE_INV_CARD_EQ_1
real_sigma	real_sigma.REAL_SUM_IMAGE_IN_IF
real_sigma	real_sigma.REAL_SUM_IMAGE_IN_IF_ALT
real_sigma	real_sigma.REAL_SUM_IMAGE_MONO
real_sigma	real_sigma.REAL_SUM_IMAGE_MONO_LT
real_sigma	real_sigma.REAL_SUM_IMAGE_MONO_SET
real_sigma	real_sigma.REAL_SUM_IMAGE_NEG
real_sigma	real_sigma.REAL_SUM_IMAGE_NONZERO
real_sigma	real_sigma.REAL_SUM_IMAGE_PERMUTES
real_sigma	real_sigma.REAL_SUM_IMAGE_POS
real_sigma	real_sigma.REAL_SUM_IMAGE_POS_LT
real_sigma	real_sigma.REAL_SUM_IMAGE_POS_MEM_LE
real_sigma	real_sigma.REAL_SUM_IMAGE_POW
real_sigma	real_sigma.REAL_SUM_IMAGE_REAL_SUM_IMAGE
real_sigma	real_sigma.REAL_SUM_IMAGE_SING
real_sigma	real_sigma.REAL_SUM_IMAGE_SPOS
real_sigma	real_sigma.REAL_SUM_IMAGE_SUB
real_sigma	real_sigma.REAL_SUM_IMAGE_SWAP
real_sigma	real_sigma.REAL_SUM_IMAGE_THM
real_sigma	real_sigma.REAL_SUM_IMAGE_sum
real_sigma	real_sigma.REAL_SUP_ASCLOSE
real_sigma	real_sigma.REAL_SUP_BOUNDS
real_sigma	real_sigma.REAL_SUP_EQ_INF
real_sigma	real_sigma.REAL_SUP_LE'
real_sigma	real_sigma.REAL_SUP_LE_EQ
real_sigma	real_sigma.REAL_SUP_LE_FINITE
real_sigma	real_sigma.REAL_SUP_LE_SUBSET
real_sigma	real_sigma.REAL_SUP_LE_X
real_sigma	real_sigma.REAL_SUP_LT_FINITE
real_sigma	real_sigma.REAL_SUP_UNIQUE
real_sigma	real_sigma.REAL_WLOG_LE
real_sigma	real_sigma.REAL_WLOG_LT
real_sigma	real_sigma.REAL_X_LE_SUP
real_sigma	real_sigma.SUMS_SYM
real_sigma	real_sigma.SUM_0'
real_sigma	real_sigma.SUM_ABS'
real_sigma	real_sigma.SUM_ABS_BOUND
real_sigma	real_sigma.SUM_ABS_LE'
real_sigma	real_sigma.SUM_ABS_NUMSEG
real_sigma	real_sigma.SUM_ABS_TRIANGLE
real_sigma	real_sigma.SUM_ADD'
real_sigma	real_sigma.SUM_ADD_COUNT
real_sigma	real_sigma.SUM_ADD_GEN
real_sigma	real_sigma.SUM_ADD_NUMSEG
real_sigma	real_sigma.SUM_ADD_SPLIT
real_sigma	real_sigma.SUM_BIGUNION_NONZERO
real_sigma	real_sigma.SUM_BIJECTION
real_sigma	real_sigma.SUM_BOUND'
real_sigma	real_sigma.SUM_BOUND_GEN
real_sigma	real_sigma.SUM_BOUND_LT
real_sigma	real_sigma.SUM_BOUND_LT_ALL
real_sigma	real_sigma.SUM_BOUND_LT_GEN
real_sigma	real_sigma.SUM_CASES
real_sigma	real_sigma.SUM_CASES_1
real_sigma	real_sigma.SUM_CLAUSES
real_sigma	real_sigma.SUM_CLAUSES_LEFT
real_sigma	real_sigma.SUM_CLAUSES_NUMSEG
real_sigma	real_sigma.SUM_CLAUSES_RIGHT
real_sigma	real_sigma.SUM_CLOSED
real_sigma	real_sigma.SUM_COMBINE_L
real_sigma	real_sigma.SUM_COMBINE_R
real_sigma	real_sigma.SUM_CONG
real_sigma	real_sigma.SUM_CONST
real_sigma	real_sigma.SUM_CONST_NUMSEG
real_sigma	real_sigma.SUM_DEGENERATE
real_sigma	real_sigma.SUM_DELETE
real_sigma	real_sigma.SUM_DELETE_CASES
real_sigma	real_sigma.SUM_DELTA
real_sigma	real_sigma.SUM_DIFF'
real_sigma	real_sigma.SUM_DIFFS'
real_sigma	real_sigma.SUM_DIFFS_ALT
real_sigma	real_sigma.SUM_EQ'
real_sigma	real_sigma.SUM_EQ_0'
real_sigma	real_sigma.SUM_EQ_0_NUMSEG
real_sigma	real_sigma.SUM_EQ_COUNT
real_sigma	real_sigma.SUM_EQ_GENERAL
real_sigma	real_sigma.SUM_EQ_GENERAL_INVERSES
real_sigma	real_sigma.SUM_EQ_NUMSEG
real_sigma	real_sigma.SUM_EQ_SUPERSET
real_sigma	real_sigma.SUM_GP
real_sigma	real_sigma.SUM_GP_BASIC
real_sigma	real_sigma.SUM_GP_MULTIPLIED
real_sigma	real_sigma.SUM_GROUP'
real_sigma	real_sigma.SUM_IMAGE
real_sigma	real_sigma.SUM_IMAGE_GEN
real_sigma	real_sigma.SUM_IMAGE_LE
real_sigma	real_sigma.SUM_IMAGE_NONZERO
real_sigma	real_sigma.SUM_INCL_EXCL
real_sigma	real_sigma.SUM_INJECTION
real_sigma	real_sigma.SUM_LE'
real_sigma	real_sigma.SUM_LE_INCLUDED
real_sigma	real_sigma.SUM_LE_NUMSEG
real_sigma	real_sigma.SUM_LMUL
real_sigma	real_sigma.SUM_LT'
real_sigma	real_sigma.SUM_LT_ALL
real_sigma	real_sigma.SUM_MULTICOUNT
real_sigma	real_sigma.SUM_MULTICOUNT_GEN
real_sigma	real_sigma.SUM_NEG'
real_sigma	real_sigma.SUM_OFFSET'
real_sigma	real_sigma.SUM_OFFSET_0
real_sigma	real_sigma.SUM_PAIR
real_sigma	real_sigma.SUM_PARTIAL_PRE
real_sigma	real_sigma.SUM_PARTIAL_SUC
real_sigma	real_sigma.SUM_PERMUTATIONS_COMPOSE_L
real_sigma	real_sigma.SUM_PERMUTATIONS_COMPOSE_L_COUNT
real_sigma	real_sigma.SUM_PERMUTATIONS_COMPOSE_L_NUMSEG
real_sigma	real_sigma.SUM_PERMUTATIONS_COMPOSE_R
real_sigma	real_sigma.SUM_PERMUTATIONS_COMPOSE_R_COUNT
real_sigma	real_sigma.SUM_PERMUTATIONS_COMPOSE_R_NUMSEG
real_sigma	real_sigma.SUM_PERMUTATIONS_INVERSE
real_sigma	real_sigma.SUM_PERMUTE
real_sigma	real_sigma.SUM_PERMUTE_COUNT
real_sigma	real_sigma.SUM_PERMUTE_NUMSEG
real_sigma	real_sigma.SUM_POS_BOUND
real_sigma	real_sigma.SUM_POS_EQ_0
real_sigma	real_sigma.SUM_POS_EQ_0_NUMSEG
real_sigma	real_sigma.SUM_POS_LE
real_sigma	real_sigma.SUM_POS_LE_NUMSEG
real_sigma	real_sigma.SUM_POS_LT
real_sigma	real_sigma.SUM_POS_LT_ALL
real_sigma	real_sigma.SUM_RESTRICT
real_sigma	real_sigma.SUM_RESTRICT_SET
real_sigma	real_sigma.SUM_RMUL
real_sigma	real_sigma.SUM_SING
real_sigma	real_sigma.SUM_SING_NUMSEG
real_sigma	real_sigma.SUM_SUB'
real_sigma	real_sigma.SUM_SUBSET
real_sigma	real_sigma.SUM_SUBSET_SIMPLE
real_sigma	real_sigma.SUM_SUB_NUMSEG
real_sigma	real_sigma.SUM_SUM_PRODUCT
real_sigma	real_sigma.SUM_SUM_RESTRICT
real_sigma	real_sigma.SUM_SUPERSET
real_sigma	real_sigma.SUM_SUPPORT
real_sigma	real_sigma.SUM_SWAP
real_sigma	real_sigma.SUM_SWAP_COUNT
real_sigma	real_sigma.SUM_SWAP_NUMSEG
real_sigma	real_sigma.SUM_TRIV_NUMSEG
real_sigma	real_sigma.SUM_UNION
real_sigma	real_sigma.SUM_UNION_EQ
real_sigma	real_sigma.SUM_UNION_LZERO
real_sigma	real_sigma.SUM_UNION_NONZERO
real_sigma	real_sigma.SUM_UNION_RZERO
real_sigma	real_sigma.SUM_ZERO_EXISTS
real_sigma	real_sigma.SUP
real_sigma	real_sigma.SUP_EQ
real_sigma	real_sigma.SUP_FINITE
real_sigma	real_sigma.SUP_FINITE_LEMMA
real_sigma	real_sigma.SUP_INSERT_FINITE
real_sigma	real_sigma.SUP_MONO
real_sigma	real_sigma.SUP_SING
real_sigma	real_sigma.SUP_UNION
real_sigma	real_sigma.SUP_UNIQUE
real_sigma	real_sigma.SUP_UNIQUE_FINITE
real_sigma	real_sigma.UPPER_BOUND_FINITE_SET_REAL
real_sigma	real_sigma.inf_alt
real_sigma	real_sigma.jensen_concave_SIGMA
real_sigma	real_sigma.jensen_convex_SIGMA
real_sigma	real_sigma.jensen_pos_concave_SIGMA
real_sigma	real_sigma.jensen_pos_convex_SIGMA
real_sigma	real_sigma.real_INFINITE
real_sigma	real_sigma.sum_real
real_sigma	real_sigma.sup_alt
real_topology	real_topology.ABS_CAUCHY_SCHWARZ_ABS_EQ
real_topology	real_topology.ABS_CAUCHY_SCHWARZ_EQ
real_topology	real_topology.ABS_CAUCHY_SCHWARZ_EQUAL
real_topology	real_topology.ABS_SUM_TRIVIAL_LEMMA
real_topology	real_topology.ABS_TRIANGLE_EQ
real_topology	real_topology.ABS_TRIANGLE_LE
real_topology	real_topology.AFFINITY_INVERSES
real_topology	real_topology.AND_FORALL_THM
real_topology	real_topology.APPROACHABLE_LT_LE
real_topology	real_topology.BAIRE
real_topology	real_topology.BAIRE_ALT
real_topology	real_topology.BALL
real_topology	real_topology.BALL_EMPTY
real_topology	real_topology.BALL_EQ_EMPTY
real_topology	real_topology.BALL_INTERVAL
real_topology	real_topology.BALL_INTERVAL_0
real_topology	real_topology.BALL_LINEAR_IMAGE
real_topology	real_topology.BALL_MAX_UNION
real_topology	real_topology.BALL_MIN_INTER
real_topology	real_topology.BALL_SCALING
real_topology	real_topology.BALL_SUBSET_CBALL
real_topology	real_topology.BALL_TRANSLATION
real_topology	real_topology.BALL_TRIVIAL
real_topology	real_topology.BALL_UNION_SPHERE
real_topology	real_topology.BANACH_FIX
real_topology	real_topology.BASIS_CARD_EQ_DIM
real_topology	real_topology.BASIS_EXISTS
real_topology	real_topology.BASIS_HAS_SIZE_DIM
real_topology	real_topology.BETWEEN_ABS
real_topology	real_topology.BETWEEN_ANTISYM
real_topology	real_topology.BETWEEN_IMP_COLLINEAR
real_topology	real_topology.BETWEEN_IN_SEGMENT
real_topology	real_topology.BETWEEN_MIDPOINT
real_topology	real_topology.BETWEEN_REFL
real_topology	real_topology.BETWEEN_REFL_EQ
real_topology	real_topology.BETWEEN_SYM
real_topology	real_topology.BETWEEN_TRANS
real_topology	real_topology.BETWEEN_TRANS_2
real_topology	real_topology.BIGUNION_COMPONENTS
real_topology	real_topology.BIGUNION_CONNECTED_COMPONENT
real_topology	real_topology.BIGUNION_DIFF
real_topology	real_topology.BIGUNION_MONO
real_topology	real_topology.BIGUNION_MONO_IMAGE
real_topology	real_topology.BILINEAR_BOUNDED
real_topology	real_topology.BILINEAR_BOUNDED_POS
real_topology	real_topology.BILINEAR_CONTINUOUS_COMPOSE
real_topology	real_topology.BILINEAR_CONTINUOUS_ON_COMPOSE
real_topology	real_topology.BILINEAR_DOT
real_topology	real_topology.BILINEAR_LADD
real_topology	real_topology.BILINEAR_LMUL
real_topology	real_topology.BILINEAR_LNEG
real_topology	real_topology.BILINEAR_LSUB
real_topology	real_topology.BILINEAR_LZERO
real_topology	real_topology.BILINEAR_RADD
real_topology	real_topology.BILINEAR_RMUL
real_topology	real_topology.BILINEAR_RNEG
real_topology	real_topology.BILINEAR_RSUB
real_topology	real_topology.BILINEAR_RZERO
real_topology	real_topology.BILINEAR_SUM
real_topology	real_topology.BILINEAR_SUM_PARTIAL_PRE
real_topology	real_topology.BILINEAR_SUM_PARTIAL_SUC
real_topology	real_topology.BILINEAR_SWAP
real_topology	real_topology.BILINEAR_UNIFORMLY_CONTINUOUS_ON_COMPOSE
real_topology	real_topology.BOLZANO_WEIERSTRASS
real_topology	real_topology.BOLZANO_WEIERSTRASS_CONTRAPOS
real_topology	real_topology.BOLZANO_WEIERSTRASS_IMP_BOUNDED
real_topology	real_topology.BOLZANO_WEIERSTRASS_IMP_CLOSED
real_topology	real_topology.BOUNDED_BALL
real_topology	real_topology.BOUNDED_BIGINTER
real_topology	real_topology.BOUNDED_BIGUNION
real_topology	real_topology.BOUNDED_CBALL
real_topology	real_topology.BOUNDED_CLOSED_CHAIN
real_topology	real_topology.BOUNDED_CLOSED_IMP_COMPACT
real_topology	real_topology.BOUNDED_CLOSED_INTERVAL
real_topology	real_topology.BOUNDED_CLOSED_NEST
real_topology	real_topology.BOUNDED_CLOSURE
real_topology	real_topology.BOUNDED_CLOSURE_EQ
real_topology	real_topology.BOUNDED_COMPONENTWISE
real_topology	real_topology.BOUNDED_DECREASING_CONVERGENT
real_topology	real_topology.BOUNDED_DIFF
real_topology	real_topology.BOUNDED_DIFFS
real_topology	real_topology.BOUNDED_EMPTY
real_topology	real_topology.BOUNDED_EQ_BOLZANO_WEIERSTRASS
real_topology	real_topology.BOUNDED_FRONTIER
real_topology	real_topology.BOUNDED_HAS_INF
real_topology	real_topology.BOUNDED_HAS_SUP
real_topology	real_topology.BOUNDED_INCREASING_CONVERGENT
real_topology	real_topology.BOUNDED_INSERT
real_topology	real_topology.BOUNDED_INTER
real_topology	real_topology.BOUNDED_INTERIOR
real_topology	real_topology.BOUNDED_INTERVAL
real_topology	real_topology.BOUNDED_LINEAR_IMAGE
real_topology	real_topology.BOUNDED_NEGATIONS
real_topology	real_topology.BOUNDED_PARTIAL_SUMS
real_topology	real_topology.BOUNDED_POS
real_topology	real_topology.BOUNDED_POS_LT
real_topology	real_topology.BOUNDED_SCALING
real_topology	real_topology.BOUNDED_SING
real_topology	real_topology.BOUNDED_SPHERE
real_topology	real_topology.BOUNDED_SUBSET
real_topology	real_topology.BOUNDED_SUBSET_BALL
real_topology	real_topology.BOUNDED_SUBSET_CBALL
real_topology	real_topology.BOUNDED_SUBSET_CLOSED_INTERVAL
real_topology	real_topology.BOUNDED_SUBSET_CLOSED_INTERVAL_SYMMETRIC
real_topology	real_topology.BOUNDED_SUBSET_OPEN_INTERVAL
real_topology	real_topology.BOUNDED_SUBSET_OPEN_INTERVAL_SYMMETRIC
real_topology	real_topology.BOUNDED_SUMS
real_topology	real_topology.BOUNDED_SUMS_IMAGE
real_topology	real_topology.BOUNDED_SUMS_IMAGES
real_topology	real_topology.BOUNDED_TRANSLATION
real_topology	real_topology.BOUNDED_TRANSLATION_EQ
real_topology	real_topology.BOUNDED_UNIFORMLY_CONTINUOUS_IMAGE
real_topology	real_topology.BOUNDED_UNION
real_topology	real_topology.CARD_EQ_BALL
real_topology	real_topology.CARD_EQ_CBALL
real_topology	real_topology.CARD_EQ_EUCLIDEAN
real_topology	real_topology.CARD_EQ_INTERVAL
real_topology	real_topology.CARD_EQ_OPEN
real_topology	real_topology.CARD_EQ_REAL
real_topology	real_topology.CARD_EQ_REAL_IMP_UNCOUNTABLE
real_topology	real_topology.CARD_FRONTIER_INTERVAL
real_topology	real_topology.CARD_GE_DIM_INDEPENDENT
real_topology	real_topology.CARD_STDBASIS
real_topology	real_topology.CAUCHY
real_topology	real_topology.CAUCHY_CONTINUOUS_EXTENDS_TO_CLOSURE
real_topology	real_topology.CAUCHY_CONTINUOUS_IMP_CONTINUOUS
real_topology	real_topology.CAUCHY_CONTINUOUS_UNIQUENESS_LEMMA
real_topology	real_topology.CAUCHY_IMP_BOUNDED
real_topology	real_topology.CAUCHY_ISOMETRIC
real_topology	real_topology.CBALL_DIFF_BALL
real_topology	real_topology.CBALL_DIFF_SPHERE
real_topology	real_topology.CBALL_EMPTY
real_topology	real_topology.CBALL_EQ_EMPTY
real_topology	real_topology.CBALL_EQ_SING
real_topology	real_topology.CBALL_INTERVAL
real_topology	real_topology.CBALL_INTERVAL_0
real_topology	real_topology.CBALL_LINEAR_IMAGE
real_topology	real_topology.CBALL_MAX_UNION
real_topology	real_topology.CBALL_MIN_INTER
real_topology	real_topology.CBALL_SCALING
real_topology	real_topology.CBALL_SING
real_topology	real_topology.CBALL_TRANSLATION
real_topology	real_topology.CBALL_TRIVIAL
real_topology	real_topology.CENTRE_IN_BALL
real_topology	real_topology.CENTRE_IN_CBALL
real_topology	real_topology.CLOPEN
real_topology	real_topology.CLOPEN_BIGUNION_COMPONENTS
real_topology	real_topology.CLOPEN_IN_COMPONENTS
real_topology	real_topology.CLOSED
real_topology	real_topology.CLOSED_APPROACHABLE
real_topology	real_topology.CLOSED_AS_GDELTA
real_topology	real_topology.CLOSED_BIGINTER
real_topology	real_topology.CLOSED_BIGINTER_COMPACT
real_topology	real_topology.CLOSED_BIGUNION
real_topology	real_topology.CLOSED_CBALL
real_topology	real_topology.CLOSED_CLOSURE
real_topology	real_topology.CLOSED_COMPACT_DIFFERENCES
real_topology	real_topology.CLOSED_COMPACT_SUMS
real_topology	real_topology.CLOSED_COMPONENTS
real_topology	real_topology.CLOSED_CONNECTED_COMPONENT
real_topology	real_topology.CLOSED_CONTAINS_SEQUENTIAL_LIMIT
real_topology	real_topology.CLOSED_DIFF
real_topology	real_topology.CLOSED_DIFF_OPEN_INTERVAL
real_topology	real_topology.CLOSED_EMPTY
real_topology	real_topology.CLOSED_FIP
real_topology	real_topology.CLOSED_FORALL
real_topology	real_topology.CLOSED_FORALL_IN
real_topology	real_topology.CLOSED_HALFSPACE_COMPONENT_GE
real_topology	real_topology.CLOSED_HALFSPACE_COMPONENT_LE
real_topology	real_topology.CLOSED_HALFSPACE_GE
real_topology	real_topology.CLOSED_HALFSPACE_LE
real_topology	real_topology.CLOSED_HYPERPLANE
real_topology	real_topology.CLOSED_IMP_FIP
real_topology	real_topology.CLOSED_IMP_FIP_COMPACT
real_topology	real_topology.CLOSED_IMP_LOCALLY_COMPACT
real_topology	real_topology.CLOSED_IN
real_topology	real_topology.CLOSED_INJECTIVE_IMAGE_SUBSPACE
real_topology	real_topology.CLOSED_INJECTIVE_LINEAR_IMAGE
real_topology	real_topology.CLOSED_INJECTIVE_LINEAR_IMAGE_EQ
real_topology	real_topology.CLOSED_INSERT
real_topology	real_topology.CLOSED_INTER
real_topology	real_topology.CLOSED_INTERVAL
real_topology	real_topology.CLOSED_INTERVAL_EQ
real_topology	real_topology.CLOSED_INTERVAL_IMAGE_UNIT_INTERVAL
real_topology	real_topology.CLOSED_INTERVAL_LEFT
real_topology	real_topology.CLOSED_INTERVAL_RIGHT
real_topology	real_topology.CLOSED_INTER_COMPACT
real_topology	real_topology.CLOSED_IN_CLOSED
real_topology	real_topology.CLOSED_IN_CLOSED_EQ
real_topology	real_topology.CLOSED_IN_CLOSED_INTER
real_topology	real_topology.CLOSED_IN_CLOSED_TRANS
real_topology	real_topology.CLOSED_IN_COMPACT
real_topology	real_topology.CLOSED_IN_COMPACT_EQ
real_topology	real_topology.CLOSED_IN_COMPONENT
real_topology	real_topology.CLOSED_IN_CONNECTED_COMPONENT
real_topology	real_topology.CLOSED_IN_INTER_CLOSED
real_topology	real_topology.CLOSED_IN_INTER_CLOSURE
real_topology	real_topology.CLOSED_IN_LIMPT
real_topology	real_topology.CLOSED_IN_REFL
real_topology	real_topology.CLOSED_IN_SING
real_topology	real_topology.CLOSED_IN_SUBSET_TRANS
real_topology	real_topology.CLOSED_IN_TRANS
real_topology	real_topology.CLOSED_IN_TRANS_EQ
real_topology	real_topology.CLOSED_LIMPT
real_topology	real_topology.CLOSED_LIMPTS
real_topology	real_topology.CLOSED_MAP_CLOSURES
real_topology	real_topology.CLOSED_MAP_FROM_COMPOSITION_INJECTIVE
real_topology	real_topology.CLOSED_MAP_FROM_COMPOSITION_SURJECTIVE
real_topology	real_topology.CLOSED_MAP_IFF_UPPER_HEMICONTINUOUS_PREIMAGE
real_topology	real_topology.CLOSED_MAP_IMP_OPEN_MAP
real_topology	real_topology.CLOSED_MAP_IMP_QUOTIENT_MAP
real_topology	real_topology.CLOSED_MAP_OPEN_SUPERSET_PREIMAGE
real_topology	real_topology.CLOSED_MAP_OPEN_SUPERSET_PREIMAGE_EQ
real_topology	real_topology.CLOSED_MAP_OPEN_SUPERSET_PREIMAGE_POINT
real_topology	real_topology.CLOSED_MAP_RESTRICT
real_topology	real_topology.CLOSED_NEGATIONS
real_topology	real_topology.CLOSED_OPEN_INTERVAL
real_topology	real_topology.CLOSED_POSITIVE_ORTHANT
real_topology	real_topology.CLOSED_SCALING
real_topology	real_topology.CLOSED_SEGMENT_LINEAR_IMAGE
real_topology	real_topology.CLOSED_SEQUENTIAL_LIMITS
real_topology	real_topology.CLOSED_SING
real_topology	real_topology.CLOSED_SPHERE
real_topology	real_topology.CLOSED_STANDARD_HYPERPLANE
real_topology	real_topology.CLOSED_SUBSET
real_topology	real_topology.CLOSED_SUBSET_EQ
real_topology	real_topology.CLOSED_SUBSTANDARD
real_topology	real_topology.CLOSED_UNION
real_topology	real_topology.CLOSED_UNION_COMPACT_SUBSETS
real_topology	real_topology.CLOSED_UNIV
real_topology	real_topology.CLOSEST_POINT_EXISTS
real_topology	real_topology.CLOSEST_POINT_IN_FRONTIER
real_topology	real_topology.CLOSEST_POINT_IN_INTERIOR
real_topology	real_topology.CLOSEST_POINT_IN_SET
real_topology	real_topology.CLOSEST_POINT_LE
real_topology	real_topology.CLOSEST_POINT_REFL
real_topology	real_topology.CLOSEST_POINT_SELF
real_topology	real_topology.CLOSURE_APPROACHABLE
real_topology	real_topology.CLOSURE_BALL
real_topology	real_topology.CLOSURE_BIGINTER_SUBSET
real_topology	real_topology.CLOSURE_BIGUNION
real_topology	real_topology.CLOSURE_BOUNDED_LINEAR_IMAGE
real_topology	real_topology.CLOSURE_CLOSED
real_topology	real_topology.CLOSURE_CLOSURE
real_topology	real_topology.CLOSURE_COMPLEMENT
real_topology	real_topology.CLOSURE_EMPTY
real_topology	real_topology.CLOSURE_EQ
real_topology	real_topology.CLOSURE_EQ_EMPTY
real_topology	real_topology.CLOSURE_HALFSPACE_COMPONENT_GT
real_topology	real_topology.CLOSURE_HALFSPACE_COMPONENT_LT
real_topology	real_topology.CLOSURE_HALFSPACE_GT
real_topology	real_topology.CLOSURE_HALFSPACE_LT
real_topology	real_topology.CLOSURE_HULL
real_topology	real_topology.CLOSURE_HYPERPLANE
real_topology	real_topology.CLOSURE_IMAGE_BOUNDED
real_topology	real_topology.CLOSURE_IMAGE_CLOSURE
real_topology	real_topology.CLOSURE_INJECTIVE_LINEAR_IMAGE
real_topology	real_topology.CLOSURE_INTERIOR
real_topology	real_topology.CLOSURE_INTERIOR_IDEMP
real_topology	real_topology.CLOSURE_INTERIOR_UNION_CLOSED
real_topology	real_topology.CLOSURE_INTERVAL
real_topology	real_topology.CLOSURE_INTER_SUBSET
real_topology	real_topology.CLOSURE_LINEAR_IMAGE_SUBSET
real_topology	real_topology.CLOSURE_MINIMAL
real_topology	real_topology.CLOSURE_MINIMAL_EQ
real_topology	real_topology.CLOSURE_NEGATIONS
real_topology	real_topology.CLOSURE_NONEMPTY_OPEN_INTER
real_topology	real_topology.CLOSURE_OPEN_INTERVAL
real_topology	real_topology.CLOSURE_OPEN_INTER_CLOSURE
real_topology	real_topology.CLOSURE_OPEN_INTER_SUPERSET
real_topology	real_topology.CLOSURE_OPEN_IN_INTER_CLOSURE
real_topology	real_topology.CLOSURE_SEQUENTIAL
real_topology	real_topology.CLOSURE_SING
real_topology	real_topology.CLOSURE_SUBSET
real_topology	real_topology.CLOSURE_SUBSET_EQ
real_topology	real_topology.CLOSURE_SUMS
real_topology	real_topology.CLOSURE_UNION
real_topology	real_topology.CLOSURE_UNION_FRONTIER
real_topology	real_topology.CLOSURE_UNIQUE
real_topology	real_topology.CLOSURE_UNIV
real_topology	real_topology.COBOUNDED_IMP_UNBOUNDED
real_topology	real_topology.COBOUNDED_INTER_UNBOUNDED
real_topology	real_topology.COLLINEAR_1
real_topology	real_topology.COLLINEAR_2
real_topology	real_topology.COLLINEAR_3
real_topology	real_topology.COLLINEAR_3_EXPAND
real_topology	real_topology.COLLINEAR_3_TRANS
real_topology	real_topology.COLLINEAR_4_3
real_topology	real_topology.COLLINEAR_BETWEEN_CASES
real_topology	real_topology.COLLINEAR_DIST_BETWEEN
real_topology	real_topology.COLLINEAR_DIST_IN_CLOSED_SEGMENT
real_topology	real_topology.COLLINEAR_DIST_IN_OPEN_SEGMENT
real_topology	real_topology.COLLINEAR_EMPTY
real_topology	real_topology.COLLINEAR_LEMMA
real_topology	real_topology.COLLINEAR_LEMMA_ALT
real_topology	real_topology.COLLINEAR_MIDPOINT
real_topology	real_topology.COLLINEAR_SING
real_topology	real_topology.COLLINEAR_SMALL
real_topology	real_topology.COLLINEAR_SUBSET
real_topology	real_topology.COLLINEAR_TRIPLES
real_topology	real_topology.COMPACT_AFFINITY
real_topology	real_topology.COMPACT_ATTAINS_INF
real_topology	real_topology.COMPACT_ATTAINS_SUP
real_topology	real_topology.COMPACT_BIGINTER
real_topology	real_topology.COMPACT_BIGUNION
real_topology	real_topology.COMPACT_CBALL
real_topology	real_topology.COMPACT_CHAIN
real_topology	real_topology.COMPACT_CLOSED_DIFFERENCES
real_topology	real_topology.COMPACT_CLOSED_SUMS
real_topology	real_topology.COMPACT_CLOSURE
real_topology	real_topology.COMPACT_COMPONENTS
real_topology	real_topology.COMPACT_CONTINUOUS_IMAGE
real_topology	real_topology.COMPACT_CONTINUOUS_IMAGE_EQ
real_topology	real_topology.COMPACT_DIFF
real_topology	real_topology.COMPACT_EMPTY
real_topology	real_topology.COMPACT_EQ_BOLZANO_WEIERSTRASS
real_topology	real_topology.COMPACT_EQ_BOUNDED_CLOSED
real_topology	real_topology.COMPACT_EQ_HEINE_BOREL
real_topology	real_topology.COMPACT_EQ_HEINE_BOREL_SUBTOPOLOGY
real_topology	real_topology.COMPACT_FIP
real_topology	real_topology.COMPACT_FRONTIER
real_topology	real_topology.COMPACT_FRONTIER_BOUNDED
real_topology	real_topology.COMPACT_IMP_BOUNDED
real_topology	real_topology.COMPACT_IMP_CLOSED
real_topology	real_topology.COMPACT_IMP_COMPLETE
real_topology	real_topology.COMPACT_IMP_FIP
real_topology	real_topology.COMPACT_IMP_HEINE_BOREL
real_topology	real_topology.COMPACT_IMP_TOTALLY_BOUNDED
real_topology	real_topology.COMPACT_INSERT
real_topology	real_topology.COMPACT_INTER
real_topology	real_topology.COMPACT_INTERVAL
real_topology	real_topology.COMPACT_INTERVAL_EQ
real_topology	real_topology.COMPACT_INTER_CLOSED
real_topology	real_topology.COMPACT_LEMMA
real_topology	real_topology.COMPACT_LINEAR_IMAGE
real_topology	real_topology.COMPACT_NEGATIONS
real_topology	real_topology.COMPACT_NEST
real_topology	real_topology.COMPACT_REAL_LEMMA
real_topology	real_topology.COMPACT_SCALING
real_topology	real_topology.COMPACT_SEQUENCE_WITH_LIMIT
real_topology	real_topology.COMPACT_SING
real_topology	real_topology.COMPACT_SPHERE
real_topology	real_topology.COMPACT_TRANSLATION
real_topology	real_topology.COMPACT_TRANSLATION_EQ
real_topology	real_topology.COMPACT_UNIFORMLY_CONTINUOUS
real_topology	real_topology.COMPACT_UNIFORMLY_EQUICONTINUOUS
real_topology	real_topology.COMPACT_UNION
real_topology	real_topology.COMPLEMENT_CONNECTED_COMPONENT_BIGUNION
real_topology	real_topology.COMPLETE_EQ_CLOSED
real_topology	real_topology.COMPLETE_INJECTIVE_LINEAR_IMAGE
real_topology	real_topology.COMPLETE_INJECTIVE_LINEAR_IMAGE_EQ
real_topology	real_topology.COMPLETE_ISOMETRIC_IMAGE
real_topology	real_topology.COMPLETE_UNIV
real_topology	real_topology.COMPONENTS_EMPTY
real_topology	real_topology.COMPONENTS_EQ
real_topology	real_topology.COMPONENTS_EQ_EMPTY
real_topology	real_topology.COMPONENTS_EQ_SING
real_topology	real_topology.COMPONENTS_EQ_SING_EXISTS
real_topology	real_topology.COMPONENTS_EQ_SING_N_EXISTS
real_topology	real_topology.COMPONENTS_INTERMEDIATE_SUBSET
real_topology	real_topology.COMPONENTS_MAXIMAL
real_topology	real_topology.COMPONENTS_NONOVERLAP
real_topology	real_topology.COMPONENTS_UNIQUE
real_topology	real_topology.COMPONENTS_UNIQUE_EQ
real_topology	real_topology.COMPONENTS_UNIV
real_topology	real_topology.CONDENSATION_POINT_IMP_LIMPT
real_topology	real_topology.CONDENSATION_POINT_INFINITE_BALL
real_topology	real_topology.CONDENSATION_POINT_INFINITE_BALL_CBALL
real_topology	real_topology.CONDENSATION_POINT_INFINITE_CBALL
real_topology	real_topology.CONDENSATION_POINT_OF_SUBSET
real_topology	real_topology.CONNECTED_BIGUNION
real_topology	real_topology.CONNECTED_CHAIN
real_topology	real_topology.CONNECTED_CHAIN_GEN
real_topology	real_topology.CONNECTED_CLOPEN
real_topology	real_topology.CONNECTED_CLOSED
real_topology	real_topology.CONNECTED_CLOSED_IN
real_topology	real_topology.CONNECTED_CLOSED_IN_EQ
real_topology	real_topology.CONNECTED_CLOSED_MONOTONE_PREIMAGE
real_topology	real_topology.CONNECTED_CLOSED_SET
real_topology	real_topology.CONNECTED_CLOSURE
real_topology	real_topology.CONNECTED_COMPONENT_BIGUNION
real_topology	real_topology.CONNECTED_COMPONENT_DISJOINT
real_topology	real_topology.CONNECTED_COMPONENT_EMPTY
real_topology	real_topology.CONNECTED_COMPONENT_EQ
real_topology	real_topology.CONNECTED_COMPONENT_EQUIVALENCE_RELATION
real_topology	real_topology.CONNECTED_COMPONENT_EQ_EMPTY
real_topology	real_topology.CONNECTED_COMPONENT_EQ_EQ
real_topology	real_topology.CONNECTED_COMPONENT_EQ_SELF
real_topology	real_topology.CONNECTED_COMPONENT_EQ_UNIV
real_topology	real_topology.CONNECTED_COMPONENT_IDEMP
real_topology	real_topology.CONNECTED_COMPONENT_IN
real_topology	real_topology.CONNECTED_COMPONENT_INTERMEDIATE_SUBSET
real_topology	real_topology.CONNECTED_COMPONENT_MAXIMAL
real_topology	real_topology.CONNECTED_COMPONENT_MONO
real_topology	real_topology.CONNECTED_COMPONENT_NONOVERLAP
real_topology	real_topology.CONNECTED_COMPONENT_OF_SUBSET
real_topology	real_topology.CONNECTED_COMPONENT_OVERLAP
real_topology	real_topology.CONNECTED_COMPONENT_REFL
real_topology	real_topology.CONNECTED_COMPONENT_REFL_EQ
real_topology	real_topology.CONNECTED_COMPONENT_SET
real_topology	real_topology.CONNECTED_COMPONENT_SUBSET
real_topology	real_topology.CONNECTED_COMPONENT_SYM
real_topology	real_topology.CONNECTED_COMPONENT_SYM_EQ
real_topology	real_topology.CONNECTED_COMPONENT_TRANS
real_topology	real_topology.CONNECTED_COMPONENT_UNIQUE
real_topology	real_topology.CONNECTED_COMPONENT_UNIV
real_topology	real_topology.CONNECTED_CONNECTED_COMPONENT
real_topology	real_topology.CONNECTED_CONNECTED_COMPONENT_SET
real_topology	real_topology.CONNECTED_CONTINUOUS_IMAGE
real_topology	real_topology.CONNECTED_DIFF_OPEN_FROM_CLOSED
real_topology	real_topology.CONNECTED_DISJOINT_BIGUNION_OPEN_UNIQUE
real_topology	real_topology.CONNECTED_EMPTY
real_topology	real_topology.CONNECTED_EQUIVALENCE_RELATION
real_topology	real_topology.CONNECTED_EQUIVALENCE_RELATION_GEN
real_topology	real_topology.CONNECTED_EQ_COMPONENTS_SUBSET_SING
real_topology	real_topology.CONNECTED_EQ_COMPONENTS_SUBSET_SING_EXISTS
real_topology	real_topology.CONNECTED_EQ_CONNECTED_COMPONENTS_EQ
real_topology	real_topology.CONNECTED_EQ_CONNECTED_COMPONENT_EQ
real_topology	real_topology.CONNECTED_FROM_CLOSED_UNION_AND_INTER
real_topology	real_topology.CONNECTED_FROM_OPEN_UNION_AND_INTER
real_topology	real_topology.CONNECTED_IFF_CONNECTABLE_POINTS
real_topology	real_topology.CONNECTED_IFF_CONNECTED_COMPONENT
real_topology	real_topology.CONNECTED_IMP_PERFECT
real_topology	real_topology.CONNECTED_IMP_PERFECT_CLOSED
real_topology	real_topology.CONNECTED_INDUCTION
real_topology	real_topology.CONNECTED_INDUCTION_SIMPLE
real_topology	real_topology.CONNECTED_INTERMEDIATE_CLOSURE
real_topology	real_topology.CONNECTED_INTERVAL
real_topology	real_topology.CONNECTED_INTER_FRONTIER
real_topology	real_topology.CONNECTED_IVT
real_topology	real_topology.CONNECTED_IVT_COMPONENT
real_topology	real_topology.CONNECTED_IVT_HYPERPLANE
real_topology	real_topology.CONNECTED_LINEAR_IMAGE
real_topology	real_topology.CONNECTED_MONOTONE_QUOTIENT_PREIMAGE
real_topology	real_topology.CONNECTED_MONOTONE_QUOTIENT_PREIMAGE_GEN
real_topology	real_topology.CONNECTED_NEGATIONS
real_topology	real_topology.CONNECTED_NEST
real_topology	real_topology.CONNECTED_NEST_GEN
real_topology	real_topology.CONNECTED_OPEN_IN
real_topology	real_topology.CONNECTED_OPEN_IN_EQ
real_topology	real_topology.CONNECTED_OPEN_MONOTONE_PREIMAGE
real_topology	real_topology.CONNECTED_OPEN_SET
real_topology	real_topology.CONNECTED_REAL_LEMMA
real_topology	real_topology.CONNECTED_SCALING
real_topology	real_topology.CONNECTED_SEGMENT
real_topology	real_topology.CONNECTED_SING
real_topology	real_topology.CONNECTED_SUBSET_CLOPEN
real_topology	real_topology.CONNECTED_TRANSLATION
real_topology	real_topology.CONNECTED_TRANSLATION_EQ
real_topology	real_topology.CONNECTED_UNION
real_topology	real_topology.CONNECTED_UNION_STRONG
real_topology	real_topology.CONNECTED_UNIV
real_topology	real_topology.CONTENT_0_SUBSET
real_topology	real_topology.CONTENT_0_SUBSET_GEN
real_topology	real_topology.CONTENT_CLOSED_INTERVAL
real_topology	real_topology.CONTENT_CLOSED_INTERVAL_CASES
real_topology	real_topology.CONTENT_EMPTY
real_topology	real_topology.CONTENT_EQ_0
real_topology	real_topology.CONTENT_EQ_0_1
real_topology	real_topology.CONTENT_EQ_0_GEN
real_topology	real_topology.CONTENT_EQ_0_INTERIOR
real_topology	real_topology.CONTENT_LT_NZ
real_topology	real_topology.CONTENT_POS_LE
real_topology	real_topology.CONTENT_POS_LT
real_topology	real_topology.CONTENT_POS_LT_EQ
real_topology	real_topology.CONTENT_SUBSET
real_topology	real_topology.CONTENT_UNIT
real_topology	real_topology.CONTINUOUS_ABS
real_topology	real_topology.CONTINUOUS_ABS_COMPOSE
real_topology	real_topology.CONTINUOUS_ADD
real_topology	real_topology.CONTINUOUS_AGREE_ON_CLOSURE
real_topology	real_topology.CONTINUOUS_AT
real_topology	real_topology.CONTINUOUS_ATTAINS_INF
real_topology	real_topology.CONTINUOUS_ATTAINS_SUP
real_topology	real_topology.CONTINUOUS_AT_ABS
real_topology	real_topology.CONTINUOUS_AT_AVOID
real_topology	real_topology.CONTINUOUS_AT_BALL
real_topology	real_topology.CONTINUOUS_AT_COMPOSE
real_topology	real_topology.CONTINUOUS_AT_COMPOSE_EQ
real_topology	real_topology.CONTINUOUS_AT_DIST
real_topology	real_topology.CONTINUOUS_AT_DIST_CLOSEST_POINT
real_topology	real_topology.CONTINUOUS_AT_ID
real_topology	real_topology.CONTINUOUS_AT_IMP_CONTINUOUS_ON
real_topology	real_topology.CONTINUOUS_AT_INV
real_topology	real_topology.CONTINUOUS_AT_LIFT_DOT
real_topology	real_topology.CONTINUOUS_AT_OPEN
real_topology	real_topology.CONTINUOUS_AT_RANGE
real_topology	real_topology.CONTINUOUS_AT_SEQUENTIALLY
real_topology	real_topology.CONTINUOUS_AT_SETDIST
real_topology	real_topology.CONTINUOUS_AT_TRANSLATION
real_topology	real_topology.CONTINUOUS_AT_WITHIN
real_topology	real_topology.CONTINUOUS_AT_WITHIN_INV
real_topology	real_topology.CONTINUOUS_CLOSED_IMP_CAUCHY_CONTINUOUS
real_topology	real_topology.CONTINUOUS_CLOSED_IN_PREIMAGE
real_topology	real_topology.CONTINUOUS_CLOSED_IN_PREIMAGE_CONSTANT
real_topology	real_topology.CONTINUOUS_CLOSED_IN_PREIMAGE_EQ
real_topology	real_topology.CONTINUOUS_CLOSED_IN_PREIMAGE_GEN
real_topology	real_topology.CONTINUOUS_CLOSED_PREIMAGE
real_topology	real_topology.CONTINUOUS_CLOSED_PREIMAGE_CONSTANT
real_topology	real_topology.CONTINUOUS_CLOSED_PREIMAGE_UNIV
real_topology	real_topology.CONTINUOUS_CMUL
real_topology	real_topology.CONTINUOUS_COMPONENT_COMPOSE
real_topology	real_topology.CONTINUOUS_CONST
real_topology	real_topology.CONTINUOUS_CONSTANT_ON_CLOSURE
real_topology	real_topology.CONTINUOUS_DIAMETER
real_topology	real_topology.CONTINUOUS_DISCONNECTED_DISCRETE_FINITE_RANGE_CONSTANT_EQ
real_topology	real_topology.CONTINUOUS_DISCONNECTED_RANGE_CONSTANT
real_topology	real_topology.CONTINUOUS_DISCONNECTED_RANGE_CONSTANT_EQ
real_topology	real_topology.CONTINUOUS_DISCRETE_RANGE_CONSTANT
real_topology	real_topology.CONTINUOUS_DISCRETE_RANGE_CONSTANT_EQ
real_topology	real_topology.CONTINUOUS_DOT2
real_topology	real_topology.CONTINUOUS_FINITE_RANGE_CONSTANT
real_topology	real_topology.CONTINUOUS_FINITE_RANGE_CONSTANT_EQ
real_topology	real_topology.CONTINUOUS_GE_ON_CLOSURE
real_topology	real_topology.CONTINUOUS_IMP_CLOSED_MAP
real_topology	real_topology.CONTINUOUS_IMP_QUOTIENT_MAP
real_topology	real_topology.CONTINUOUS_INV
real_topology	real_topology.CONTINUOUS_LEFT_INVERSE_IMP_QUOTIENT_MAP
real_topology	real_topology.CONTINUOUS_LEVELSET_OPEN
real_topology	real_topology.CONTINUOUS_LEVELSET_OPEN_IN
real_topology	real_topology.CONTINUOUS_LEVELSET_OPEN_IN_CASES
real_topology	real_topology.CONTINUOUS_LE_ON_CLOSURE
real_topology	real_topology.CONTINUOUS_MAP_CLOSURES
real_topology	real_topology.CONTINUOUS_MAX
real_topology	real_topology.CONTINUOUS_MIN
real_topology	real_topology.CONTINUOUS_MUL
real_topology	real_topology.CONTINUOUS_NEG
real_topology	real_topology.CONTINUOUS_ON
real_topology	real_topology.CONTINUOUS_ON_ABS
real_topology	real_topology.CONTINUOUS_ON_ABS_COMPOSE
real_topology	real_topology.CONTINUOUS_ON_ADD
real_topology	real_topology.CONTINUOUS_ON_AVOID
real_topology	real_topology.CONTINUOUS_ON_CASES
real_topology	real_topology.CONTINUOUS_ON_CASES_1
real_topology	real_topology.CONTINUOUS_ON_CASES_LE
real_topology	real_topology.CONTINUOUS_ON_CASES_LOCAL
real_topology	real_topology.CONTINUOUS_ON_CASES_LOCAL_OPEN
real_topology	real_topology.CONTINUOUS_ON_CASES_OPEN
real_topology	real_topology.CONTINUOUS_ON_CLOSED
real_topology	real_topology.CONTINUOUS_ON_CLOSED_GEN
real_topology	real_topology.CONTINUOUS_ON_CLOSURE
real_topology	real_topology.CONTINUOUS_ON_CLOSURE_ABS_LE
real_topology	real_topology.CONTINUOUS_ON_CLOSURE_COMPONENT_GE
real_topology	real_topology.CONTINUOUS_ON_CLOSURE_COMPONENT_LE
real_topology	real_topology.CONTINUOUS_ON_CLOSURE_SEQUENTIALLY
real_topology	real_topology.CONTINUOUS_ON_CMUL
real_topology	real_topology.CONTINUOUS_ON_COMPONENTS_FINITE
real_topology	real_topology.CONTINUOUS_ON_COMPONENTS_GEN
real_topology	real_topology.CONTINUOUS_ON_COMPONENT_COMPOSE
real_topology	real_topology.CONTINUOUS_ON_COMPOSE
real_topology	real_topology.CONTINUOUS_ON_COMPOSE_QUOTIENT
real_topology	real_topology.CONTINUOUS_ON_CONST
real_topology	real_topology.CONTINUOUS_ON_DIST
real_topology	real_topology.CONTINUOUS_ON_DIST_CLOSEST_POINT
real_topology	real_topology.CONTINUOUS_ON_DOT2
real_topology	real_topology.CONTINUOUS_ON_EMPTY
real_topology	real_topology.CONTINUOUS_ON_EQ
real_topology	real_topology.CONTINUOUS_ON_EQ_CONTINUOUS_AT
real_topology	real_topology.CONTINUOUS_ON_EQ_CONTINUOUS_WITHIN
real_topology	real_topology.CONTINUOUS_ON_FINITE
real_topology	real_topology.CONTINUOUS_ON_ID
real_topology	real_topology.CONTINUOUS_ON_IMP_CLOSED_IN
real_topology	real_topology.CONTINUOUS_ON_IMP_OPEN_IN
real_topology	real_topology.CONTINUOUS_ON_INTERIOR
real_topology	real_topology.CONTINUOUS_ON_INV
real_topology	real_topology.CONTINUOUS_ON_INVERSE
real_topology	real_topology.CONTINUOUS_ON_INVERSE_CLOSED_MAP
real_topology	real_topology.CONTINUOUS_ON_INVERSE_OPEN_MAP
real_topology	real_topology.CONTINUOUS_ON_IVT
real_topology	real_topology.CONTINUOUS_ON_LIFT_DOT
real_topology	real_topology.CONTINUOUS_ON_MAX
real_topology	real_topology.CONTINUOUS_ON_MIN
real_topology	real_topology.CONTINUOUS_ON_MUL
real_topology	real_topology.CONTINUOUS_ON_NEG
real_topology	real_topology.CONTINUOUS_ON_NO_LIMPT
real_topology	real_topology.CONTINUOUS_ON_OPEN
real_topology	real_topology.CONTINUOUS_ON_OPEN_AVOID
real_topology	real_topology.CONTINUOUS_ON_OPEN_GEN
real_topology	real_topology.CONTINUOUS_ON_POW
real_topology	real_topology.CONTINUOUS_ON_PRODUCT
real_topology	real_topology.CONTINUOUS_ON_RANGE
real_topology	real_topology.CONTINUOUS_ON_SEQUENTIALLY
real_topology	real_topology.CONTINUOUS_ON_SETDIST
real_topology	real_topology.CONTINUOUS_ON_SING
real_topology	real_topology.CONTINUOUS_ON_SUB
real_topology	real_topology.CONTINUOUS_ON_SUBSET
real_topology	real_topology.CONTINUOUS_ON_SUM
real_topology	real_topology.CONTINUOUS_ON_UNION
real_topology	real_topology.CONTINUOUS_ON_UNION_LOCAL
real_topology	real_topology.CONTINUOUS_ON_UNION_LOCAL_OPEN
real_topology	real_topology.CONTINUOUS_ON_UNION_OPEN
real_topology	real_topology.CONTINUOUS_ON_VMUL
real_topology	real_topology.CONTINUOUS_OPEN_IN_PREIMAGE
real_topology	real_topology.CONTINUOUS_OPEN_IN_PREIMAGE_EQ
real_topology	real_topology.CONTINUOUS_OPEN_IN_PREIMAGE_GEN
real_topology	real_topology.CONTINUOUS_OPEN_PREIMAGE
real_topology	real_topology.CONTINUOUS_OPEN_PREIMAGE_UNIV
real_topology	real_topology.CONTINUOUS_POW
real_topology	real_topology.CONTINUOUS_PRODUCT
real_topology	real_topology.CONTINUOUS_RIGHT_INVERSE_IMP_QUOTIENT_MAP
real_topology	real_topology.CONTINUOUS_SUB
real_topology	real_topology.CONTINUOUS_SUM
real_topology	real_topology.CONTINUOUS_TRANSFORM_AT
real_topology	real_topology.CONTINUOUS_TRANSFORM_WITHIN
real_topology	real_topology.CONTINUOUS_TRANSFORM_WITHIN_OPEN
real_topology	real_topology.CONTINUOUS_TRANSFORM_WITHIN_OPEN_IN
real_topology	real_topology.CONTINUOUS_TRANSFORM_WITHIN_SET_IMP
real_topology	real_topology.CONTINUOUS_TRIVIAL_LIMIT
real_topology	real_topology.CONTINUOUS_UNIFORM_LIMIT
real_topology	real_topology.CONTINUOUS_VMUL
real_topology	real_topology.CONTINUOUS_WITHIN
real_topology	real_topology.CONTINUOUS_WITHIN_AVOID
real_topology	real_topology.CONTINUOUS_WITHIN_BALL
real_topology	real_topology.CONTINUOUS_WITHIN_CLOSED_NONTRIVIAL
real_topology	real_topology.CONTINUOUS_WITHIN_COMPARISON
real_topology	real_topology.CONTINUOUS_WITHIN_COMPOSE
real_topology	real_topology.CONTINUOUS_WITHIN_ID
real_topology	real_topology.CONTINUOUS_WITHIN_OPEN
real_topology	real_topology.CONTINUOUS_WITHIN_SEQUENTIALLY
real_topology	real_topology.CONTINUOUS_WITHIN_SUBSET
real_topology	real_topology.CONTRACTION_IMP_CONTINUOUS_ON
real_topology	real_topology.CONVERGENT_BOUNDED_INCREASING
real_topology	real_topology.CONVERGENT_BOUNDED_MONOTONE
real_topology	real_topology.CONVERGENT_EQ_CAUCHY
real_topology	real_topology.CONVERGENT_IMP_BOUNDED
real_topology	real_topology.CONVERGENT_IMP_CAUCHY
real_topology	real_topology.COUNTABLE_OPEN_INTERVAL
real_topology	real_topology.DECREASING_CLOSED_NEST
real_topology	real_topology.DECREASING_CLOSED_NEST_SING
real_topology	real_topology.DENSE_IMP_PERFECT
real_topology	real_topology.DENSE_LIMIT_POINTS
real_topology	real_topology.DENSE_OPEN_INTER
real_topology	real_topology.DEPENDENT_CHOICE
real_topology	real_topology.DEPENDENT_CHOICE_FIXED
real_topology	real_topology.DEPENDENT_EXPLICIT
real_topology	real_topology.DEPENDENT_MONO
real_topology	real_topology.DIAMETER_BALL
real_topology	real_topology.DIAMETER_BOUNDED
real_topology	real_topology.DIAMETER_BOUNDED_BOUND
real_topology	real_topology.DIAMETER_CBALL
real_topology	real_topology.DIAMETER_CLOSURE
real_topology	real_topology.DIAMETER_EMPTY
real_topology	real_topology.DIAMETER_EQ_0
real_topology	real_topology.DIAMETER_INTERVAL
real_topology	real_topology.DIAMETER_LE
real_topology	real_topology.DIAMETER_LINEAR_IMAGE
real_topology	real_topology.DIAMETER_POS_LE
real_topology	real_topology.DIAMETER_SING
real_topology	real_topology.DIAMETER_SUBSET
real_topology	real_topology.DIAMETER_SUBSET_CBALL
real_topology	real_topology.DIAMETER_SUBSET_CBALL_NONEMPTY
real_topology	real_topology.DIAMETER_SUMS
real_topology	real_topology.DIFF_CLOSURE_SUBSET
real_topology	real_topology.DIM_LE_CARD
real_topology	real_topology.DIM_SUBSET
real_topology	real_topology.DIM_SUBSET_UNIV
real_topology	real_topology.DIM_SUBSTANDARD
real_topology	real_topology.DIM_UNIQUE
real_topology	real_topology.DIM_UNIV
real_topology	real_topology.DINI
real_topology	real_topology.DISCRETE_BOUNDED_IMP_FINITE
real_topology	real_topology.DISCRETE_IMP_CLOSED
real_topology	real_topology.DISJOINT_INTERVAL
real_topology	real_topology.DISTANCE_ATTAINS_INF
real_topology	real_topology.DISTANCE_ATTAINS_SUP
real_topology	real_topology.DIST_CLOSEST_POINT_LIPSCHITZ
real_topology	real_topology.DIST_IN_CLOSED_SEGMENT
real_topology	real_topology.DIST_IN_OPEN_CLOSED_SEGMENT
real_topology	real_topology.DIST_IN_OPEN_SEGMENT
real_topology	real_topology.DIST_MIDPOINT
real_topology	real_topology.DIST_TRIANGLE_EQ
real_topology	real_topology.EMPTY_AS_INTERVAL
real_topology	real_topology.EMPTY_INTERIOR_FINITE
real_topology	real_topology.ENDS_IN_INTERVAL
real_topology	real_topology.ENDS_IN_SEGMENT
real_topology	real_topology.ENDS_IN_UNIT_INTERVAL
real_topology	real_topology.ENDS_NOT_IN_SEGMENT
real_topology	real_topology.EQ_BALLS
real_topology	real_topology.EQ_INTERVAL
real_topology	real_topology.EVENTUALLY_AT
real_topology	real_topology.EVENTUALLY_WITHIN
real_topology	real_topology.EVENTUALLY_WITHIN_INTERIOR
real_topology	real_topology.EVENTUALLY_WITHIN_LE
real_topology	real_topology.EXCHANGE_LEMMA
real_topology	real_topology.EXISTS_COMPONENT_SUPERSET
real_topology	real_topology.EXISTS_DIFF
real_topology	real_topology.EXISTS_IN_INSERT
real_topology	real_topology.EXTENSION_FROM_CLOPEN
real_topology	real_topology.FINITE_BALL
real_topology	real_topology.FINITE_CBALL
real_topology	real_topology.FINITE_IMP_BOUNDED
real_topology	real_topology.FINITE_IMP_CLOSED
real_topology	real_topology.FINITE_IMP_CLOSED_IN
real_topology	real_topology.FINITE_IMP_COMPACT
real_topology	real_topology.FINITE_IMP_NOT_OPEN
real_topology	real_topology.FINITE_INTERVAL
real_topology	real_topology.FINITE_INTER_NUMSEG
real_topology	real_topology.FINITE_SET_AVOID
real_topology	real_topology.FINITE_SPHERE
real_topology	real_topology.FORALL_IN_CLOSURE
real_topology	real_topology.FORALL_IN_CLOSURE_EQ
real_topology	real_topology.FRONTIER_BALL
real_topology	real_topology.FRONTIER_CBALL
real_topology	real_topology.FRONTIER_CLOSED
real_topology	real_topology.FRONTIER_CLOSED_INTERVAL
real_topology	real_topology.FRONTIER_CLOSURES
real_topology	real_topology.FRONTIER_CLOSURE_SUBSET
real_topology	real_topology.FRONTIER_COMPLEMENT
real_topology	real_topology.FRONTIER_DISJOINT_EQ
real_topology	real_topology.FRONTIER_EMPTY
real_topology	real_topology.FRONTIER_FRONTIER
real_topology	real_topology.FRONTIER_FRONTIER_FRONTIER
real_topology	real_topology.FRONTIER_FRONTIER_SUBSET
real_topology	real_topology.FRONTIER_HALFSPACE_GE
real_topology	real_topology.FRONTIER_HALFSPACE_GT
real_topology	real_topology.FRONTIER_HALFSPACE_LE
real_topology	real_topology.FRONTIER_HALFSPACE_LT
real_topology	real_topology.FRONTIER_INTERIORS
real_topology	real_topology.FRONTIER_INTERIOR_SUBSET
real_topology	real_topology.FRONTIER_INTER_SUBSET
real_topology	real_topology.FRONTIER_INTER_SUBSET_INTER
real_topology	real_topology.FRONTIER_OPEN_INTERVAL
real_topology	real_topology.FRONTIER_SING
real_topology	real_topology.FRONTIER_STRADDLE
real_topology	real_topology.FRONTIER_SUBSET_CLOSED
real_topology	real_topology.FRONTIER_SUBSET_COMPACT
real_topology	real_topology.FRONTIER_SUBSET_EQ
real_topology	real_topology.FRONTIER_UNION
real_topology	real_topology.FRONTIER_UNION_SUBSET
real_topology	real_topology.FRONTIER_UNIV
real_topology	real_topology.FUNCTION_FACTORS_LEFT_GEN
real_topology	real_topology.GDELTA_COMPLEMENT
real_topology	real_topology.GREATER_EQ_REFL
real_topology	real_topology.HAS_SIZE_STDBASIS
real_topology	real_topology.HAUSDIST_ALT
real_topology	real_topology.HAUSDIST_BALLS
real_topology	real_topology.HAUSDIST_CLOSURE
real_topology	real_topology.HAUSDIST_COMPACT_EXISTS
real_topology	real_topology.HAUSDIST_COMPACT_NONTRIVIAL
real_topology	real_topology.HAUSDIST_COMPACT_SUMS
real_topology	real_topology.HAUSDIST_EMPTY
real_topology	real_topology.HAUSDIST_EQ
real_topology	real_topology.HAUSDIST_EQ_0
real_topology	real_topology.HAUSDIST_INSERT_LE
real_topology	real_topology.HAUSDIST_LINEAR_IMAGE
real_topology	real_topology.HAUSDIST_NONTRIVIAL
real_topology	real_topology.HAUSDIST_NONTRIVIAL_ALT
real_topology	real_topology.HAUSDIST_POS_LE
real_topology	real_topology.HAUSDIST_REFL
real_topology	real_topology.HAUSDIST_SETDIST_TRIANGLE
real_topology	real_topology.HAUSDIST_SINGS
real_topology	real_topology.HAUSDIST_SYM
real_topology	real_topology.HAUSDIST_TRANS
real_topology	real_topology.HAUSDIST_TRANSLATION
real_topology	real_topology.HAUSDIST_TRIANGLE
real_topology	real_topology.HAUSDIST_UNION_LE
real_topology	real_topology.HEINE_BOREL_IMP_BOLZANO_WEIERSTRASS
real_topology	real_topology.HEINE_BOREL_LEMMA
real_topology	real_topology.HOMEOMORPHIC_AFFINITY
real_topology	real_topology.HOMEOMORPHIC_BALLS
real_topology	real_topology.HOMEOMORPHIC_BALLS_CBALL_SPHERE
real_topology	real_topology.HOMEOMORPHIC_CBALL
real_topology	real_topology.HOMEOMORPHIC_COMPACT
real_topology	real_topology.HOMEOMORPHIC_COMPACTNESS
real_topology	real_topology.HOMEOMORPHIC_CONNECTEDNESS
real_topology	real_topology.HOMEOMORPHIC_EMPTY
real_topology	real_topology.HOMEOMORPHIC_FINITE
real_topology	real_topology.HOMEOMORPHIC_FINITENESS
real_topology	real_topology.HOMEOMORPHIC_FINITE_STRONG
real_topology	real_topology.HOMEOMORPHIC_HYPERPLANES
real_topology	real_topology.HOMEOMORPHIC_HYPERPLANE_STANDARD_HYPERPLANE
real_topology	real_topology.HOMEOMORPHIC_IMP_CARD_EQ
real_topology	real_topology.HOMEOMORPHIC_INJECTIVE_LINEAR_IMAGE_LEFT_EQ
real_topology	real_topology.HOMEOMORPHIC_INJECTIVE_LINEAR_IMAGE_RIGHT_EQ
real_topology	real_topology.HOMEOMORPHIC_INJECTIVE_LINEAR_IMAGE_SELF
real_topology	real_topology.HOMEOMORPHIC_LOCALLY
real_topology	real_topology.HOMEOMORPHIC_LOCAL_COMPACTNESS
real_topology	real_topology.HOMEOMORPHIC_MINIMAL
real_topology	real_topology.HOMEOMORPHIC_ONE_POINT_COMPACTIFICATIONS
real_topology	real_topology.HOMEOMORPHIC_OPEN_INTERVALS
real_topology	real_topology.HOMEOMORPHIC_OPEN_INTERVAL_UNIV
real_topology	real_topology.HOMEOMORPHIC_REFL
real_topology	real_topology.HOMEOMORPHIC_SCALING
real_topology	real_topology.HOMEOMORPHIC_SCALING_LEFT
real_topology	real_topology.HOMEOMORPHIC_SCALING_RIGHT
real_topology	real_topology.HOMEOMORPHIC_SING
real_topology	real_topology.HOMEOMORPHIC_SPHERE
real_topology	real_topology.HOMEOMORPHIC_STANDARD_HYPERPLANE_HYPERPLANE
real_topology	real_topology.HOMEOMORPHIC_SYM
real_topology	real_topology.HOMEOMORPHIC_TRANS
real_topology	real_topology.HOMEOMORPHIC_TRANSLATION
real_topology	real_topology.HOMEOMORPHIC_TRANSLATION_LEFT_EQ
real_topology	real_topology.HOMEOMORPHIC_TRANSLATION_RIGHT_EQ
real_topology	real_topology.HOMEOMORPHIC_TRANSLATION_SELF
real_topology	real_topology.HOMEOMORPHISM
real_topology	real_topology.HOMEOMORPHISM_COMPACT
real_topology	real_topology.HOMEOMORPHISM_COMPOSE
real_topology	real_topology.HOMEOMORPHISM_FROM_COMPOSITION_INJECTIVE
real_topology	real_topology.HOMEOMORPHISM_FROM_COMPOSITION_SURJECTIVE
real_topology	real_topology.HOMEOMORPHISM_ID
real_topology	real_topology.HOMEOMORPHISM_IMP_CLOSED_MAP
real_topology	real_topology.HOMEOMORPHISM_IMP_OPEN_MAP
real_topology	real_topology.HOMEOMORPHISM_IMP_QUOTIENT_MAP
real_topology	real_topology.HOMEOMORPHISM_INJECTIVE_CLOSED_MAP
real_topology	real_topology.HOMEOMORPHISM_INJECTIVE_CLOSED_MAP_EQ
real_topology	real_topology.HOMEOMORPHISM_INJECTIVE_OPEN_MAP
real_topology	real_topology.HOMEOMORPHISM_INJECTIVE_OPEN_MAP_EQ
real_topology	real_topology.HOMEOMORPHISM_LOCALLY
real_topology	real_topology.HOMEOMORPHISM_OF_SUBSETS
real_topology	real_topology.HOMEOMORPHISM_SYM
real_topology	real_topology.IMAGE_AFFINITY_INTERVAL
real_topology	real_topology.IMAGE_CLOSURE_SUBSET
real_topology	real_topology.IMAGE_STRETCH_INTERVAL
real_topology	real_topology.IMAGE_TWIZZLE_INTERVAL
real_topology	real_topology.INDEPENDENT_BOUND
real_topology	real_topology.INDEPENDENT_CARD_LE_DIM
real_topology	real_topology.INDEPENDENT_EMPTY
real_topology	real_topology.INDEPENDENT_INJECTIVE_IMAGE
real_topology	real_topology.INDEPENDENT_INJECTIVE_IMAGE_GEN
real_topology	real_topology.INDEPENDENT_INSERT
real_topology	real_topology.INDEPENDENT_MONO
real_topology	real_topology.INDEPENDENT_NONZERO
real_topology	real_topology.INDEPENDENT_SING
real_topology	real_topology.INDEPENDENT_SPAN_BOUND
real_topology	real_topology.INDEPENDENT_STDBASIS
real_topology	real_topology.INFINITE_OPEN_IN
real_topology	real_topology.INFINITE_SUPERSET
real_topology	real_topology.INFSUM_0
real_topology	real_topology.INFSUM_ADD
real_topology	real_topology.INFSUM_CMUL
real_topology	real_topology.INFSUM_EQ
real_topology	real_topology.INFSUM_LINEAR
real_topology	real_topology.INFSUM_NEG
real_topology	real_topology.INFSUM_RESTRICT
real_topology	real_topology.INFSUM_SUB
real_topology	real_topology.INFSUM_UNIQUE
real_topology	real_topology.INF_INSERT
real_topology	real_topology.INJECTIVE_IMP_ISOMETRIC
real_topology	real_topology.INJECTIVE_MAP_OPEN_IFF_CLOSED
real_topology	real_topology.INTERIOR_BALL
real_topology	real_topology.INTERIOR_BIGINTER_SUBSET
real_topology	real_topology.INTERIOR_BIJECTIVE_LINEAR_IMAGE
real_topology	real_topology.INTERIOR_CBALL
real_topology	real_topology.INTERIOR_CLOSED_EQ_EMPTY_AS_FRONTIER
real_topology	real_topology.INTERIOR_CLOSED_INTERVAL
real_topology	real_topology.INTERIOR_CLOSED_UNION_EMPTY_INTERIOR
real_topology	real_topology.INTERIOR_CLOSURE
real_topology	real_topology.INTERIOR_CLOSURE_IDEMP
real_topology	real_topology.INTERIOR_CLOSURE_INTER_OPEN
real_topology	real_topology.INTERIOR_COMPLEMENT
real_topology	real_topology.INTERIOR_DIFF
real_topology	real_topology.INTERIOR_EMPTY
real_topology	real_topology.INTERIOR_EQ
real_topology	real_topology.INTERIOR_EQ_EMPTY
real_topology	real_topology.INTERIOR_EQ_EMPTY_ALT
real_topology	real_topology.INTERIOR_FINITE_BIGINTER
real_topology	real_topology.INTERIOR_FRONTIER
real_topology	real_topology.INTERIOR_FRONTIER_EMPTY
real_topology	real_topology.INTERIOR_HALFSPACE_COMPONENT_GE
real_topology	real_topology.INTERIOR_HALFSPACE_COMPONENT_LE
real_topology	real_topology.INTERIOR_HALFSPACE_GE
real_topology	real_topology.INTERIOR_HALFSPACE_LE
real_topology	real_topology.INTERIOR_HYPERPLANE
real_topology	real_topology.INTERIOR_IMAGE_SUBSET
real_topology	real_topology.INTERIOR_INJECTIVE_LINEAR_IMAGE
real_topology	real_topology.INTERIOR_INTER
real_topology	real_topology.INTERIOR_INTERIOR
real_topology	real_topology.INTERIOR_INTERVAL
real_topology	real_topology.INTERIOR_INTERVAL_CASES
real_topology	real_topology.INTERIOR_LIMIT_POINT
real_topology	real_topology.INTERIOR_MAXIMAL
real_topology	real_topology.INTERIOR_MAXIMAL_EQ
real_topology	real_topology.INTERIOR_NEGATIONS
real_topology	real_topology.INTERIOR_OPEN
real_topology	real_topology.INTERIOR_SING
real_topology	real_topology.INTERIOR_STANDARD_HYPERPLANE
real_topology	real_topology.INTERIOR_SUBSET
real_topology	real_topology.INTERIOR_TRANSLATION
real_topology	real_topology.INTERIOR_UNIONS_OPEN_SUBSETS
real_topology	real_topology.INTERIOR_UNION_EQ_EMPTY
real_topology	real_topology.INTERIOR_UNIQUE
real_topology	real_topology.INTERIOR_UNIV
real_topology	real_topology.INTERVAL
real_topology	real_topology.INTERVAL_BOUNDS_EMPTY
real_topology	real_topology.INTERVAL_BOUNDS_NULL
real_topology	real_topology.INTERVAL_CASES
real_topology	real_topology.INTERVAL_CONTAINS_COMPACT_NEIGHBOURHOOD
real_topology	real_topology.INTERVAL_EQ_EMPTY
real_topology	real_topology.INTERVAL_IMAGE_STRETCH_INTERVAL
real_topology	real_topology.INTERVAL_LOWERBOUND
real_topology	real_topology.INTERVAL_LOWERBOUND_NONEMPTY
real_topology	real_topology.INTERVAL_NE_EMPTY
real_topology	real_topology.INTERVAL_OPEN_SUBSET_CLOSED
real_topology	real_topology.INTERVAL_SING
real_topology	real_topology.INTERVAL_SUBSET_IS_INTERVAL
real_topology	real_topology.INTERVAL_TRANSLATION
real_topology	real_topology.INTERVAL_UPPERBOUND
real_topology	real_topology.INTERVAL_UPPERBOUND_NONEMPTY
real_topology	real_topology.INTER_BALLS_EQ_EMPTY
real_topology	real_topology.INTER_INTERVAL
real_topology	real_topology.INTER_INTERVAL_MIXED_EQ_EMPTY
real_topology	real_topology.IN_BALL
real_topology	real_topology.IN_BALL_0
real_topology	real_topology.IN_CBALL
real_topology	real_topology.IN_CBALL_0
real_topology	real_topology.IN_CLOSURE_DELETE
real_topology	real_topology.IN_COMPONENTS
real_topology	real_topology.IN_COMPONENTS_BIGUNION_COMPLEMENT
real_topology	real_topology.IN_COMPONENTS_CONNECTED
real_topology	real_topology.IN_COMPONENTS_MAXIMAL
real_topology	real_topology.IN_COMPONENTS_NONEMPTY
real_topology	real_topology.IN_COMPONENTS_SELF
real_topology	real_topology.IN_COMPONENTS_SUBSET
real_topology	real_topology.IN_INTERIOR
real_topology	real_topology.IN_INTERIOR_CBALL
real_topology	real_topology.IN_INTERIOR_LINEAR_IMAGE
real_topology	real_topology.IN_INTERVAL
real_topology	real_topology.IN_INTERVAL_REFLECT
real_topology	real_topology.IN_OPEN_SEGMENT
real_topology	real_topology.IN_OPEN_SEGMENT_ALT
real_topology	real_topology.IN_SEGMENT
real_topology	real_topology.IN_SEGMENT_COMPONENT
real_topology	real_topology.IN_SPAN_DELETE
real_topology	real_topology.IN_SPAN_INSERT
real_topology	real_topology.IN_SPHERE
real_topology	real_topology.IN_SPHERE_0
real_topology	real_topology.ISOMETRY_IMP_EMBEDDING
real_topology	real_topology.ISOMETRY_IMP_HOMEOMORPHISM_COMPACT
real_topology	real_topology.ISOMETRY_IMP_OPEN_MAP
real_topology	real_topology.ISOMETRY_ON_IMP_CONTINUOUS_ON
real_topology	real_topology.IS_INTERVAL
real_topology	real_topology.IS_INTERVAL_CASES
real_topology	real_topology.IS_INTERVAL_COMPACT
real_topology	real_topology.IS_INTERVAL_EMPTY
real_topology	real_topology.IS_INTERVAL_IMP_LOCALLY_COMPACT
real_topology	real_topology.IS_INTERVAL_INTER
real_topology	real_topology.IS_INTERVAL_INTERVAL
real_topology	real_topology.IS_INTERVAL_POINTWISE
real_topology	real_topology.IS_INTERVAL_POSSIBILITIES
real_topology	real_topology.IS_INTERVAL_SCALING
real_topology	real_topology.IS_INTERVAL_SCALING_EQ
real_topology	real_topology.IS_INTERVAL_SING
real_topology	real_topology.IS_INTERVAL_SUMS
real_topology	real_topology.IS_INTERVAL_UNIV
real_topology	real_topology.JOINABLE_COMPONENTS_EQ
real_topology	real_topology.JOINABLE_CONNECTED_COMPONENT_EQ
real_topology	real_topology.LEBESGUE_COVERING_LEMMA
real_topology	real_topology.LE_1
real_topology	real_topology.LIFT_TO_QUOTIENT_SPACE
real_topology	real_topology.LIFT_TO_QUOTIENT_SPACE_UNIQUE
real_topology	real_topology.LIMIT_POINT_FINITE
real_topology	real_topology.LIMIT_POINT_UNION
real_topology	real_topology.LIMPT_APPROACHABLE
real_topology	real_topology.LIMPT_APPROACHABLE_LE
real_topology	real_topology.LIMPT_BALL
real_topology	real_topology.LIMPT_EMPTY
real_topology	real_topology.LIMPT_INFINITE_BALL
real_topology	real_topology.LIMPT_INFINITE_CBALL
real_topology	real_topology.LIMPT_INFINITE_OPEN
real_topology	real_topology.LIMPT_INFINITE_OPEN_BALL_CBALL
real_topology	real_topology.LIMPT_INJECTIVE_LINEAR_IMAGE_EQ
real_topology	real_topology.LIMPT_INSERT
real_topology	real_topology.LIMPT_OF_CLOSURE
real_topology	real_topology.LIMPT_OF_LIMPTS
real_topology	real_topology.LIMPT_OF_OPEN
real_topology	real_topology.LIMPT_OF_OPEN_IN
real_topology	real_topology.LIMPT_OF_SEQUENCE_SUBSEQUENCE
real_topology	real_topology.LIMPT_OF_UNIV
real_topology	real_topology.LIMPT_SEQUENTIAL
real_topology	real_topology.LIMPT_SEQUENTIAL_INJ
real_topology	real_topology.LIMPT_SING
real_topology	real_topology.LIMPT_SUBSET
real_topology	real_topology.LIMPT_UNIV
real_topology	real_topology.LIM_ABS
real_topology	real_topology.LIM_ABS_LBOUND
real_topology	real_topology.LIM_ABS_UBOUND
real_topology	real_topology.LIM_ADD
real_topology	real_topology.LIM_AT
real_topology	real_topology.LIM_AT_ID
real_topology	real_topology.LIM_AT_INFINITY
real_topology	real_topology.LIM_AT_INFINITY_POS
real_topology	real_topology.LIM_AT_LE
real_topology	real_topology.LIM_AT_NEGINFINITY
real_topology	real_topology.LIM_AT_POSINFINITY
real_topology	real_topology.LIM_AT_WITHIN
real_topology	real_topology.LIM_AT_ZERO
real_topology	real_topology.LIM_BILINEAR
real_topology	real_topology.LIM_CASES_COFINITE_SEQUENTIALLY
real_topology	real_topology.LIM_CASES_FINITE_SEQUENTIALLY
real_topology	real_topology.LIM_CASES_SEQUENTIALLY
real_topology	real_topology.LIM_CMUL
real_topology	real_topology.LIM_CMUL_EQ
real_topology	real_topology.LIM_COMPONENT
real_topology	real_topology.LIM_COMPONENT_EQ
real_topology	real_topology.LIM_COMPONENT_LBOUND
real_topology	real_topology.LIM_COMPONENT_LE
real_topology	real_topology.LIM_COMPONENT_UBOUND
real_topology	real_topology.LIM_COMPOSE_AT
real_topology	real_topology.LIM_COMPOSE_WITHIN
real_topology	real_topology.LIM_CONG_AT
real_topology	real_topology.LIM_CONG_WITHIN
real_topology	real_topology.LIM_CONST
real_topology	real_topology.LIM_CONST_EQ
real_topology	real_topology.LIM_CONTINUOUS_FUNCTION
real_topology	real_topology.LIM_DEF
real_topology	real_topology.LIM_DROP_LBOUND
real_topology	real_topology.LIM_DROP_LE
real_topology	real_topology.LIM_DROP_UBOUND
real_topology	real_topology.LIM_EVENTUALLY
real_topology	real_topology.LIM_INFINITY_POSINFINITY
real_topology	real_topology.LIM_INV
real_topology	real_topology.LIM_IN_CLOSED_SET
real_topology	real_topology.LIM_LIFT_DOT
real_topology	real_topology.LIM_LINEAR
real_topology	real_topology.LIM_MAX
real_topology	real_topology.LIM_MIN
real_topology	real_topology.LIM_MUL
real_topology	real_topology.LIM_NEG
real_topology	real_topology.LIM_NEG_EQ
real_topology	real_topology.LIM_NULL
real_topology	real_topology.LIM_NULL_ABS
real_topology	real_topology.LIM_NULL_ADD
real_topology	real_topology.LIM_NULL_CMUL
real_topology	real_topology.LIM_NULL_CMUL_BOUNDED
real_topology	real_topology.LIM_NULL_CMUL_EQ
real_topology	real_topology.LIM_NULL_COMPARISON
real_topology	real_topology.LIM_NULL_SUB
real_topology	real_topology.LIM_NULL_SUM
real_topology	real_topology.LIM_POSINFINITY_SEQUENTIALLY
real_topology	real_topology.LIM_SEQUENTIALLY
real_topology	real_topology.LIM_SUB
real_topology	real_topology.LIM_SUBSEQUENCE
real_topology	real_topology.LIM_SUBSEQUENCE_WEAK
real_topology	real_topology.LIM_SUM
real_topology	real_topology.LIM_TRANSFORM
real_topology	real_topology.LIM_TRANSFORM_AT
real_topology	real_topology.LIM_TRANSFORM_AWAY_AT
real_topology	real_topology.LIM_TRANSFORM_AWAY_WITHIN
real_topology	real_topology.LIM_TRANSFORM_BOUND
real_topology	real_topology.LIM_TRANSFORM_EQ
real_topology	real_topology.LIM_TRANSFORM_EVENTUALLY
real_topology	real_topology.LIM_TRANSFORM_WITHIN
real_topology	real_topology.LIM_TRANSFORM_WITHIN_OPEN
real_topology	real_topology.LIM_TRANSFORM_WITHIN_OPEN_EQ
real_topology	real_topology.LIM_TRANSFORM_WITHIN_OPEN_IN
real_topology	real_topology.LIM_TRANSFORM_WITHIN_SET
real_topology	real_topology.LIM_TRANSFORM_WITHIN_SET_IMP
real_topology	real_topology.LIM_UNION
real_topology	real_topology.LIM_UNION_UNIV
real_topology	real_topology.LIM_UNIQUE
real_topology	real_topology.LIM_VMUL
real_topology	real_topology.LIM_WITHIN
real_topology	real_topology.LIM_WITHIN_ABS_CONG
real_topology	real_topology.LIM_WITHIN_CLOSED_TRIVIAL
real_topology	real_topology.LIM_WITHIN_CONG
real_topology	real_topology.LIM_WITHIN_EMPTY
real_topology	real_topology.LIM_WITHIN_ID
real_topology	real_topology.LIM_WITHIN_INTERIOR
real_topology	real_topology.LIM_WITHIN_LE
real_topology	real_topology.LIM_WITHIN_OPEN
real_topology	real_topology.LIM_WITHIN_OPEN_CONG
real_topology	real_topology.LIM_WITHIN_SEQUENTIALLY
real_topology	real_topology.LIM_WITHIN_SEQUENTIALLY_DECREASING
real_topology	real_topology.LIM_WITHIN_SEQUENTIALLY_INJ
real_topology	real_topology.LIM_WITHIN_SUBSET
real_topology	real_topology.LIM_WITHIN_UNION
real_topology	real_topology.LINEAR_0
real_topology	real_topology.LINEAR_ADD
real_topology	real_topology.LINEAR_BOUNDED
real_topology	real_topology.LINEAR_BOUNDED_POS
real_topology	real_topology.LINEAR_CMUL
real_topology	real_topology.LINEAR_COMPOSE
real_topology	real_topology.LINEAR_COMPOSE_ADD
real_topology	real_topology.LINEAR_COMPOSE_CMUL
real_topology	real_topology.LINEAR_COMPOSE_NEG
real_topology	real_topology.LINEAR_COMPOSE_SUB
real_topology	real_topology.LINEAR_COMPOSE_SUM
real_topology	real_topology.LINEAR_CONTINUOUS_AT
real_topology	real_topology.LINEAR_CONTINUOUS_COMPOSE
real_topology	real_topology.LINEAR_CONTINUOUS_ON
real_topology	real_topology.LINEAR_CONTINUOUS_ON_COMPOSE
real_topology	real_topology.LINEAR_CONTINUOUS_WITHIN
real_topology	real_topology.LINEAR_EQ
real_topology	real_topology.LINEAR_EQ_0
real_topology	real_topology.LINEAR_EQ_0_SPAN
real_topology	real_topology.LINEAR_EQ_STDBASIS
real_topology	real_topology.LINEAR_ID
real_topology	real_topology.LINEAR_IMAGE_SUBSET_INTERIOR
real_topology	real_topology.LINEAR_INDEPENDENT_EXTEND
real_topology	real_topology.LINEAR_INDEPENDENT_EXTEND_LEMMA
real_topology	real_topology.LINEAR_INJECTIVE_0_SUBSPACE
real_topology	real_topology.LINEAR_INJECTIVE_BOUNDED_BELOW_POS
real_topology	real_topology.LINEAR_INJECTIVE_IMP_SURJECTIVE
real_topology	real_topology.LINEAR_INJECTIVE_LEFT_INVERSE
real_topology	real_topology.LINEAR_INTERIOR_IMAGE_SUBSET
real_topology	real_topology.LINEAR_INVERTIBLE_BOUNDED_BELOW
real_topology	real_topology.LINEAR_INVERTIBLE_BOUNDED_BELOW_POS
real_topology	real_topology.LINEAR_LIM_0
real_topology	real_topology.LINEAR_MUL_COMPONENT
real_topology	real_topology.LINEAR_NEG
real_topology	real_topology.LINEAR_NEGATION
real_topology	real_topology.LINEAR_OPEN_MAPPING
real_topology	real_topology.LINEAR_SCALING
real_topology	real_topology.LINEAR_SUB
real_topology	real_topology.LINEAR_SUM
real_topology	real_topology.LINEAR_SUM_MUL
real_topology	real_topology.LINEAR_UNIFORMLY_CONTINUOUS_ON
real_topology	real_topology.LINEAR_ZERO
real_topology	real_topology.LOCALLY_CLOSED
real_topology	real_topology.LOCALLY_COMPACT
real_topology	real_topology.LOCALLY_COMPACT_ALT
real_topology	real_topology.LOCALLY_COMPACT_CLOSED_IN
real_topology	real_topology.LOCALLY_COMPACT_CLOSED_INTER_OPEN
real_topology	real_topology.LOCALLY_COMPACT_CLOSED_IN_OPEN
real_topology	real_topology.LOCALLY_COMPACT_CLOSED_UNION
real_topology	real_topology.LOCALLY_COMPACT_COMPACT
real_topology	real_topology.LOCALLY_COMPACT_COMPACT_ALT
real_topology	real_topology.LOCALLY_COMPACT_COMPACT_SUBOPEN
real_topology	real_topology.LOCALLY_COMPACT_DELETE
real_topology	real_topology.LOCALLY_COMPACT_INTER
real_topology	real_topology.LOCALLY_COMPACT_INTER_CBALL
real_topology	real_topology.LOCALLY_COMPACT_INTER_CBALLS
real_topology	real_topology.LOCALLY_COMPACT_OPEN_IN
real_topology	real_topology.LOCALLY_COMPACT_OPEN_INTER_CLOSURE
real_topology	real_topology.LOCALLY_COMPACT_OPEN_UNION
real_topology	real_topology.LOCALLY_COMPACT_PROPER_IMAGE
real_topology	real_topology.LOCALLY_COMPACT_PROPER_IMAGE_EQ
real_topology	real_topology.LOCALLY_COMPACT_TRANSLATION_EQ
real_topology	real_topology.LOCALLY_COMPACT_UNIV
real_topology	real_topology.LOCALLY_DIFF_CLOSED
real_topology	real_topology.LOCALLY_EMPTY
real_topology	real_topology.LOCALLY_INJECTIVE_LINEAR_IMAGE
real_topology	real_topology.LOCALLY_INTER
real_topology	real_topology.LOCALLY_MONO
real_topology	real_topology.LOCALLY_OPEN_MAP_IMAGE
real_topology	real_topology.LOCALLY_OPEN_SUBSET
real_topology	real_topology.LOCALLY_SING
real_topology	real_topology.LOCALLY_TRANSLATION
real_topology	real_topology.LOWER_HEMICONTINUOUS
real_topology	real_topology.MAPPING_CONNECTED_ONTO_SEGMENT
real_topology	real_topology.MAXIMAL_INDEPENDENT_SUBSET
real_topology	real_topology.MAXIMAL_INDEPENDENT_SUBSET_EXTEND
real_topology	real_topology.METRIZABLE_SPACE_EUCLIDEAN
real_topology	real_topology.MIDPOINT_COLLINEAR
real_topology	real_topology.MIDPOINT_EQ_ENDPOINT
real_topology	real_topology.MIDPOINT_IN_SEGMENT
real_topology	real_topology.MIDPOINT_LINEAR_IMAGE
real_topology	real_topology.MIDPOINT_REFL
real_topology	real_topology.MIDPOINT_SYM
real_topology	real_topology.MONOTONE_BIGGER
real_topology	real_topology.MONOTONE_SUBSEQUENCE
real_topology	real_topology.MTOPOLOGY_REAL_EUCLIDEAN_METRIC
real_topology	real_topology.MUL_CAUCHY_SCHWARZ_EQUAL
real_topology	real_topology.MUMFORD_LEMMA
real_topology	real_topology.NEGATIONS_BALL
real_topology	real_topology.NEGATIONS_CBALL
real_topology	real_topology.NEGATIONS_SPHERE
real_topology	real_topology.NETLIMIT_WITHIN_INTERIOR
real_topology	real_topology.NOT_BOUNDED_UNIV
real_topology	real_topology.NOT_INTERVAL_UNIV
real_topology	real_topology.NOWHERE_DENSE
real_topology	real_topology.NOWHERE_DENSE_COUNTABLE_BIGUNION
real_topology	real_topology.NOWHERE_DENSE_COUNTABLE_BIGUNION_CLOSED
real_topology	real_topology.NOWHERE_DENSE_UNION
real_topology	real_topology.NO_LIMIT_POINT_IMP_CLOSED
real_topology	real_topology.OPEN
real_topology	real_topology.OPEN_AFFINITY
real_topology	real_topology.OPEN_BALL
real_topology	real_topology.OPEN_BIGINTER
real_topology	real_topology.OPEN_BIGUNION
real_topology	real_topology.OPEN_BIJECTIVE_LINEAR_IMAGE_EQ
real_topology	real_topology.OPEN_CLOSED
real_topology	real_topology.OPEN_CLOSED_INTERVAL
real_topology	real_topology.OPEN_CLOSED_INTERVAL_CONVEX
real_topology	real_topology.OPEN_CONTAINS_BALL
real_topology	real_topology.OPEN_CONTAINS_BALL_EQ
real_topology	real_topology.OPEN_CONTAINS_CBALL
real_topology	real_topology.OPEN_CONTAINS_CBALL_EQ
real_topology	real_topology.OPEN_CONTAINS_INTERVAL
real_topology	real_topology.OPEN_CONTAINS_INTERVAL_OPEN_INTERVAL
real_topology	real_topology.OPEN_CONTAINS_OPEN_INTERVAL
real_topology	real_topology.OPEN_DELETE
real_topology	real_topology.OPEN_DIFF
real_topology	real_topology.OPEN_EMPTY
real_topology	real_topology.OPEN_EXISTS
real_topology	real_topology.OPEN_EXISTS_IN
real_topology	real_topology.OPEN_HALFSPACE_COMPONENT_GT
real_topology	real_topology.OPEN_HALFSPACE_COMPONENT_LT
real_topology	real_topology.OPEN_HALFSPACE_GT
real_topology	real_topology.OPEN_HALFSPACE_LT
real_topology	real_topology.OPEN_IMP_INFINITE
real_topology	real_topology.OPEN_IMP_LOCALLY_COMPACT
real_topology	real_topology.OPEN_IN
real_topology	real_topology.OPEN_INTER
real_topology	real_topology.OPEN_INTERIOR
real_topology	real_topology.OPEN_INTERVAL
real_topology	real_topology.OPEN_INTERVAL_EQ
real_topology	real_topology.OPEN_INTERVAL_LEFT
real_topology	real_topology.OPEN_INTERVAL_LEMMA
real_topology	real_topology.OPEN_INTERVAL_LOWERBOUND
real_topology	real_topology.OPEN_INTERVAL_MIDPOINT
real_topology	real_topology.OPEN_INTERVAL_RIGHT
real_topology	real_topology.OPEN_INTERVAL_UPPERBOUND
real_topology	real_topology.OPEN_INTER_CLOSURE_EQ_EMPTY
real_topology	real_topology.OPEN_INTER_CLOSURE_SUBSET
real_topology	real_topology.OPEN_IN_CONNECTED_COMPONENT
real_topology	real_topology.OPEN_IN_CONTAINS_BALL
real_topology	real_topology.OPEN_IN_CONTAINS_CBALL
real_topology	real_topology.OPEN_IN_DELETE
real_topology	real_topology.OPEN_IN_INTER_OPEN
real_topology	real_topology.OPEN_IN_LOCALLY_COMPACT
real_topology	real_topology.OPEN_IN_OPEN
real_topology	real_topology.OPEN_IN_OPEN_EQ
real_topology	real_topology.OPEN_IN_OPEN_INTER
real_topology	real_topology.OPEN_IN_OPEN_TRANS
real_topology	real_topology.OPEN_IN_REFL
real_topology	real_topology.OPEN_IN_SING
real_topology	real_topology.OPEN_IN_SUBSET_TRANS
real_topology	real_topology.OPEN_IN_SUBTOPOLOGY_INTER_SUBSET
real_topology	real_topology.OPEN_IN_TRANS
real_topology	real_topology.OPEN_IN_TRANS_EQ
real_topology	real_topology.OPEN_MAP_CLOSED_SUPERSET_PREIMAGE
real_topology	real_topology.OPEN_MAP_CLOSED_SUPERSET_PREIMAGE_EQ
real_topology	real_topology.OPEN_MAP_FROM_COMPOSITION_INJECTIVE
real_topology	real_topology.OPEN_MAP_FROM_COMPOSITION_SURJECTIVE
real_topology	real_topology.OPEN_MAP_IFF_LOWER_HEMICONTINUOUS_PREIMAGE
real_topology	real_topology.OPEN_MAP_IMP_CLOSED_MAP
real_topology	real_topology.OPEN_MAP_IMP_QUOTIENT_MAP
real_topology	real_topology.OPEN_MAP_INTERIORS
real_topology	real_topology.OPEN_MAP_RESTRICT
real_topology	real_topology.OPEN_NEGATIONS
real_topology	real_topology.OPEN_OPEN_IN_TRANS
real_topology	real_topology.OPEN_POSITIVE_MULTIPLES
real_topology	real_topology.OPEN_POSITIVE_ORTHANT
real_topology	real_topology.OPEN_SCALING
real_topology	real_topology.OPEN_SEGMENT
real_topology	real_topology.OPEN_SEGMENT_ALT
real_topology	real_topology.OPEN_SEGMENT_LINEAR_IMAGE
real_topology	real_topology.OPEN_SUBSET
real_topology	real_topology.OPEN_SUBSET_INTERIOR
real_topology	real_topology.OPEN_SUB_OPEN
real_topology	real_topology.OPEN_SUMS
real_topology	real_topology.OPEN_SURJECTIVE_LINEAR_IMAGE
real_topology	real_topology.OPEN_TRANSLATION
real_topology	real_topology.OPEN_TRANSLATION_EQ
real_topology	real_topology.OPEN_UNION
real_topology	real_topology.OPEN_UNION_COMPACT_SUBSETS
real_topology	real_topology.OPEN_UNIV
real_topology	real_topology.PAIRWISE_DISJOINT_COMPONENTS
real_topology	real_topology.PARTIAL_SUMS_COMPONENT_LE_INFSUM
real_topology	real_topology.PARTIAL_SUMS_DROP_LE_INFSUM
real_topology	real_topology.PASTING_LEMMA
real_topology	real_topology.PASTING_LEMMA_CLOSED
real_topology	real_topology.PASTING_LEMMA_EXISTS
real_topology	real_topology.PASTING_LEMMA_EXISTS_CLOSED
real_topology	real_topology.PROPER_MAP
real_topology	real_topology.PROPER_MAP_COMPOSE
real_topology	real_topology.PROPER_MAP_FROM_COMPACT
real_topology	real_topology.PROPER_MAP_FROM_COMPOSITION_LEFT
real_topology	real_topology.PROPER_MAP_FROM_COMPOSITION_RIGHT
real_topology	real_topology.QUASICOMPACT_OPEN_CLOSED
real_topology	real_topology.QUOTIENT_MAP_CLOSED_MAP_EQ
real_topology	real_topology.QUOTIENT_MAP_COMPOSE
real_topology	real_topology.QUOTIENT_MAP_FROM_COMPOSITION
real_topology	real_topology.QUOTIENT_MAP_FROM_SUBSET
real_topology	real_topology.QUOTIENT_MAP_IMP_CONTINUOUS_CLOSED
real_topology	real_topology.QUOTIENT_MAP_IMP_CONTINUOUS_OPEN
real_topology	real_topology.QUOTIENT_MAP_OPEN_CLOSED
real_topology	real_topology.QUOTIENT_MAP_OPEN_MAP_EQ
real_topology	real_topology.QUOTIENT_MAP_RESTRICT
real_topology	real_topology.REAL_AFFINITY_EQ
real_topology	real_topology.REAL_AFFINITY_LE
real_topology	real_topology.REAL_AFFINITY_LT
real_topology	real_topology.REAL_ARCH_RDIV_EQ_0
real_topology	real_topology.REAL_CONVEX_BOUND_LE
real_topology	real_topology.REAL_EQ_AFFINITY
real_topology	real_topology.REAL_EQ_LINV
real_topology	real_topology.REAL_EQ_RINV
real_topology	real_topology.REAL_HAUSDIST_LE
real_topology	real_topology.REAL_HAUSDIST_LE_EQ
real_topology	real_topology.REAL_HAUSDIST_LE_SUMS
real_topology	real_topology.REAL_LE_AFFINITY
real_topology	real_topology.REAL_LE_HAUSDIST
real_topology	real_topology.REAL_LE_SETDIST
real_topology	real_topology.REAL_LE_SETDIST_EQ
real_topology	real_topology.REAL_LT_AFFINITY
real_topology	real_topology.REAL_LT_HAUSDIST_POINT_EXISTS
real_topology	real_topology.REAL_SETDIST_LT_EXISTS
real_topology	real_topology.REFLECT_INTERVAL
real_topology	real_topology.REGULAR_CLOSED_BIGUNION
real_topology	real_topology.REGULAR_CLOSED_UNION
real_topology	real_topology.REGULAR_OPEN_INTER
real_topology	real_topology.SEGMENT
real_topology	real_topology.SEGMENT_CLOSED_OPEN
real_topology	real_topology.SEGMENT_OPEN_SUBSET_CLOSED
real_topology	real_topology.SEGMENT_REFL
real_topology	real_topology.SEGMENT_SCALAR_MULTIPLE
real_topology	real_topology.SEGMENT_SYM
real_topology	real_topology.SEGMENT_TO_CLOSEST_POINT
real_topology	real_topology.SEGMENT_TO_POINT_EXISTS
real_topology	real_topology.SEGMENT_TRANSLATION
real_topology	real_topology.SEPARATE_CLOSED_COMPACT
real_topology	real_topology.SEPARATE_COMPACT_CLOSED
real_topology	real_topology.SEPARATE_POINT_CLOSED
real_topology	real_topology.SEPARATION_CLOSURES
real_topology	real_topology.SEPARATION_HAUSDORFF
real_topology	real_topology.SEPARATION_NORMAL
real_topology	real_topology.SEPARATION_NORMAL_COMPACT
real_topology	real_topology.SEPARATION_NORMAL_LOCAL
real_topology	real_topology.SEPARATION_T0
real_topology	real_topology.SEPARATION_T1
real_topology	real_topology.SEPARATION_T2
real_topology	real_topology.SEQUENCE_CAUCHY_WLOG
real_topology	real_topology.SEQUENCE_INFINITE_LEMMA
real_topology	real_topology.SEQUENCE_UNIQUE_LIMPT
real_topology	real_topology.SEQ_HARMONIC
real_topology	real_topology.SEQ_HARMONIC_OFFSET
real_topology	real_topology.SEQ_OFFSET
real_topology	real_topology.SEQ_OFFSET_NEG
real_topology	real_topology.SEQ_OFFSET_REV
real_topology	real_topology.SERIES_0
real_topology	real_topology.SERIES_ABSCONV_IMP_CONV
real_topology	real_topology.SERIES_ADD
real_topology	real_topology.SERIES_BOUND
real_topology	real_topology.SERIES_CAUCHY
real_topology	real_topology.SERIES_CAUCHY_UNIFORM
real_topology	real_topology.SERIES_CMUL
real_topology	real_topology.SERIES_COMPARISON
real_topology	real_topology.SERIES_COMPARISON_BOUND
real_topology	real_topology.SERIES_COMPARISON_UNIFORM
real_topology	real_topology.SERIES_COMPONENT
real_topology	real_topology.SERIES_DIFFS
real_topology	real_topology.SERIES_DIRICHLET
real_topology	real_topology.SERIES_DIRICHLET_BILINEAR
real_topology	real_topology.SERIES_DROP_LE
real_topology	real_topology.SERIES_DROP_POS
real_topology	real_topology.SERIES_FINITE
real_topology	real_topology.SERIES_FINITE_SUPPORT
real_topology	real_topology.SERIES_FROM
real_topology	real_topology.SERIES_GOESTOZERO
real_topology	real_topology.SERIES_INJECTIVE_IMAGE
real_topology	real_topology.SERIES_INJECTIVE_IMAGE_STRONG
real_topology	real_topology.SERIES_LINEAR
real_topology	real_topology.SERIES_NEG
real_topology	real_topology.SERIES_RATIO
real_topology	real_topology.SERIES_REARRANGE
real_topology	real_topology.SERIES_REARRANGE_EQ
real_topology	real_topology.SERIES_RESTRICT
real_topology	real_topology.SERIES_SUB
real_topology	real_topology.SERIES_SUBSET
real_topology	real_topology.SERIES_SUM
real_topology	real_topology.SERIES_TERMS_TOZERO
real_topology	real_topology.SERIES_TRIVIAL
real_topology	real_topology.SERIES_UNIQUE
real_topology	real_topology.SETDIST_BALLS
real_topology	real_topology.SETDIST_CLOSED_COMPACT
real_topology	real_topology.SETDIST_CLOSEST_POINT
real_topology	real_topology.SETDIST_CLOSURE
real_topology	real_topology.SETDIST_COMPACT_CLOSED
real_topology	real_topology.SETDIST_DIFFERENCES
real_topology	real_topology.SETDIST_EMPTY
real_topology	real_topology.SETDIST_EQ_0_BOUNDED
real_topology	real_topology.SETDIST_EQ_0_CLOSED
real_topology	real_topology.SETDIST_EQ_0_CLOSED_COMPACT
real_topology	real_topology.SETDIST_EQ_0_CLOSED_IN
real_topology	real_topology.SETDIST_EQ_0_COMPACT_CLOSED
real_topology	real_topology.SETDIST_EQ_0_SING
real_topology	real_topology.SETDIST_FRONTIER
real_topology	real_topology.SETDIST_FRONTIERS
real_topology	real_topology.SETDIST_HAUSDIST_TRIANGLE
real_topology	real_topology.SETDIST_LE_DIST
real_topology	real_topology.SETDIST_LE_HAUSDIST
real_topology	real_topology.SETDIST_LE_SING
real_topology	real_topology.SETDIST_LINEAR_IMAGE
real_topology	real_topology.SETDIST_LIPSCHITZ
real_topology	real_topology.SETDIST_POS_LE
real_topology	real_topology.SETDIST_REFL
real_topology	real_topology.SETDIST_SINGS
real_topology	real_topology.SETDIST_SING_FRONTIER
real_topology	real_topology.SETDIST_SING_FRONTIER_CASES
real_topology	real_topology.SETDIST_SING_IN_SET
real_topology	real_topology.SETDIST_SING_LE_HAUSDIST
real_topology	real_topology.SETDIST_SING_TRIANGLE
real_topology	real_topology.SETDIST_SUBSETS_EQ
real_topology	real_topology.SETDIST_SUBSET_LEFT
real_topology	real_topology.SETDIST_SUBSET_RIGHT
real_topology	real_topology.SETDIST_SYM
real_topology	real_topology.SETDIST_TRANSLATION
real_topology	real_topology.SETDIST_TRIANGLE
real_topology	real_topology.SETDIST_UNIQUE
real_topology	real_topology.SETDIST_UNIV
real_topology	real_topology.SETDIST_ZERO
real_topology	real_topology.SETDIST_ZERO_STRONG
real_topology	real_topology.SET_DIFF_FRONTIER
real_topology	real_topology.SPANNING_SUBSET_INDEPENDENT
real_topology	real_topology.SPAN_0
real_topology	real_topology.SPAN_ADD
real_topology	real_topology.SPAN_ADD_EQ
real_topology	real_topology.SPAN_BREAKDOWN
real_topology	real_topology.SPAN_BREAKDOWN_EQ
real_topology	real_topology.SPAN_CARD_GE_DIM
real_topology	real_topology.SPAN_CLAUSES
real_topology	real_topology.SPAN_EMPTY
real_topology	real_topology.SPAN_EQ_SELF
real_topology	real_topology.SPAN_EXPLICIT
real_topology	real_topology.SPAN_INC
real_topology	real_topology.SPAN_INDUCT
real_topology	real_topology.SPAN_INDUCT_ALT
real_topology	real_topology.SPAN_LINEAR_IMAGE
real_topology	real_topology.SPAN_MONO
real_topology	real_topology.SPAN_MUL
real_topology	real_topology.SPAN_MUL_EQ
real_topology	real_topology.SPAN_NEG
real_topology	real_topology.SPAN_NEG_EQ
real_topology	real_topology.SPAN_SPAN
real_topology	real_topology.SPAN_STDBASIS
real_topology	real_topology.SPAN_SUB
real_topology	real_topology.SPAN_SUBSET_SUBSPACE
real_topology	real_topology.SPAN_SUBSPACE
real_topology	real_topology.SPAN_SUM
real_topology	real_topology.SPAN_SUPERSET
real_topology	real_topology.SPAN_TRANS
real_topology	real_topology.SPAN_UNION
real_topology	real_topology.SPAN_UNION_SUBSET
real_topology	real_topology.SPAN_UNIV
real_topology	real_topology.SPHERE
real_topology	real_topology.SPHERE_EMPTY
real_topology	real_topology.SPHERE_EQ_EMPTY
real_topology	real_topology.SPHERE_EQ_SING
real_topology	real_topology.SPHERE_LINEAR_IMAGE
real_topology	real_topology.SPHERE_SING
real_topology	real_topology.SPHERE_SUBSET_CBALL
real_topology	real_topology.SPHERE_TRANSLATION
real_topology	real_topology.SPHERE_UNION_BALL
real_topology	real_topology.SUBORDINATE_PARTITION_OF_UNITY
real_topology	real_topology.SUBSET_BALL
real_topology	real_topology.SUBSET_BALLS
real_topology	real_topology.SUBSET_CBALL
real_topology	real_topology.SUBSET_CLOSURE
real_topology	real_topology.SUBSET_INTERIOR
real_topology	real_topology.SUBSET_INTERIOR_EQ
real_topology	real_topology.SUBSET_INTERVAL
real_topology	real_topology.SUBSET_INTERVAL_IMP
real_topology	real_topology.SUBSPACE_0
real_topology	real_topology.SUBSPACE_ADD
real_topology	real_topology.SUBSPACE_BIGINTER
real_topology	real_topology.SUBSPACE_BOUNDED_EQ_TRIVIAL
real_topology	real_topology.SUBSPACE_IMP_NONEMPTY
real_topology	real_topology.SUBSPACE_INTER
real_topology	real_topology.SUBSPACE_KERNEL
real_topology	real_topology.SUBSPACE_LINEAR_IMAGE
real_topology	real_topology.SUBSPACE_LINEAR_PREIMAGE
real_topology	real_topology.SUBSPACE_MUL
real_topology	real_topology.SUBSPACE_NEG
real_topology	real_topology.SUBSPACE_SPAN
real_topology	real_topology.SUBSPACE_SUB
real_topology	real_topology.SUBSPACE_SUBSTANDARD
real_topology	real_topology.SUBSPACE_SUM
real_topology	real_topology.SUBSPACE_SUMS
real_topology	real_topology.SUBSPACE_TRANSLATION_SELF
real_topology	real_topology.SUBSPACE_TRANSLATION_SELF_EQ
real_topology	real_topology.SUBSPACE_TRIVIAL
real_topology	real_topology.SUBSPACE_UNION_CHAIN
real_topology	real_topology.SUBSPACE_UNIV
real_topology	real_topology.SUMMABLE_0
real_topology	real_topology.SUMMABLE_ADD
real_topology	real_topology.SUMMABLE_BILINEAR_PARTIAL_PRE
real_topology	real_topology.SUMMABLE_CAUCHY
real_topology	real_topology.SUMMABLE_CMUL
real_topology	real_topology.SUMMABLE_COMPARISON
real_topology	real_topology.SUMMABLE_COMPONENT
real_topology	real_topology.SUMMABLE_EQ
real_topology	real_topology.SUMMABLE_EQ_COFINITE
real_topology	real_topology.SUMMABLE_EQ_EVENTUALLY
real_topology	real_topology.SUMMABLE_FROM_ELSEWHERE
real_topology	real_topology.SUMMABLE_IFF
real_topology	real_topology.SUMMABLE_IFF_COFINITE
real_topology	real_topology.SUMMABLE_IFF_EVENTUALLY
real_topology	real_topology.SUMMABLE_IMP_BOUNDED
real_topology	real_topology.SUMMABLE_IMP_SUMS_BOUNDED
real_topology	real_topology.SUMMABLE_IMP_TOZERO
real_topology	real_topology.SUMMABLE_LINEAR
real_topology	real_topology.SUMMABLE_NEG
real_topology	real_topology.SUMMABLE_REARRANGE
real_topology	real_topology.SUMMABLE_REINDEX
real_topology	real_topology.SUMMABLE_RESTRICT
real_topology	real_topology.SUMMABLE_SUB
real_topology	real_topology.SUMMABLE_SUBSET
real_topology	real_topology.SUMMABLE_SUBSET_ABSCONV
real_topology	real_topology.SUMMABLE_TRIVIAL
real_topology	real_topology.SUMS_0
real_topology	real_topology.SUMS_EQ
real_topology	real_topology.SUMS_FINITE_DIFF
real_topology	real_topology.SUMS_FINITE_UNION
real_topology	real_topology.SUMS_IFF
real_topology	real_topology.SUMS_INFSUM
real_topology	real_topology.SUMS_INTERVALS
real_topology	real_topology.SUMS_LIM
real_topology	real_topology.SUMS_OFFSET
real_topology	real_topology.SUMS_OFFSET_REV
real_topology	real_topology.SUMS_REINDEX
real_topology	real_topology.SUMS_REINDEX_GEN
real_topology	real_topology.SUMS_SUMMABLE
real_topology	real_topology.SUM_DIFF_LEMMA
real_topology	real_topology.SUP_INSERT
real_topology	real_topology.SURJECTIVE_IMAGE_EQ
real_topology	real_topology.SYMMETRIC_CLOSURE
real_topology	real_topology.SYMMETRIC_INTERIOR
real_topology	real_topology.SYMMETRIC_LINEAR_IMAGE
real_topology	real_topology.TENDSTO_LIM
real_topology	real_topology.TOPSPACE_EUCLIDEAN
real_topology	real_topology.TOPSPACE_EUCLIDEAN_SUBTOPOLOGY
real_topology	real_topology.TRANSLATION_DIFF
real_topology	real_topology.TRIVIAL_LIMIT_AT
real_topology	real_topology.TRIVIAL_LIMIT_WITHIN
real_topology	real_topology.UNBOUNDED_HALFSPACE_COMPONENT_GE
real_topology	real_topology.UNBOUNDED_HALFSPACE_COMPONENT_GT
real_topology	real_topology.UNBOUNDED_HALFSPACE_COMPONENT_LE
real_topology	real_topology.UNBOUNDED_HALFSPACE_COMPONENT_LT
real_topology	real_topology.UNBOUNDED_INTER_COBOUNDED
real_topology	real_topology.UNCOUNTABLE_EUCLIDEAN
real_topology	real_topology.UNCOUNTABLE_INTERVAL
real_topology	real_topology.UNCOUNTABLE_OPEN
real_topology	real_topology.UNCOUNTABLE_REAL
real_topology	real_topology.UNIFORMLY_CAUCHY_IMP_UNIFORMLY_CONVERGENT
real_topology	real_topology.UNIFORMLY_CONTINUOUS_EXTENDS_TO_CLOSURE
real_topology	real_topology.UNIFORMLY_CONTINUOUS_IMP_CAUCHY_CONTINUOUS
real_topology	real_topology.UNIFORMLY_CONTINUOUS_IMP_CONTINUOUS
real_topology	real_topology.UNIFORMLY_CONTINUOUS_ON_ADD
real_topology	real_topology.UNIFORMLY_CONTINUOUS_ON_CLOSURE
real_topology	real_topology.UNIFORMLY_CONTINUOUS_ON_CMUL
real_topology	real_topology.UNIFORMLY_CONTINUOUS_ON_COMPOSE
real_topology	real_topology.UNIFORMLY_CONTINUOUS_ON_CONST
real_topology	real_topology.UNIFORMLY_CONTINUOUS_ON_DIST_CLOSEST_POINT
real_topology	real_topology.UNIFORMLY_CONTINUOUS_ON_EQ
real_topology	real_topology.UNIFORMLY_CONTINUOUS_ON_ID
real_topology	real_topology.UNIFORMLY_CONTINUOUS_ON_MUL
real_topology	real_topology.UNIFORMLY_CONTINUOUS_ON_NEG
real_topology	real_topology.UNIFORMLY_CONTINUOUS_ON_SEQUENTIALLY
real_topology	real_topology.UNIFORMLY_CONTINUOUS_ON_SETDIST
real_topology	real_topology.UNIFORMLY_CONTINUOUS_ON_SUB
real_topology	real_topology.UNIFORMLY_CONTINUOUS_ON_SUBSET
real_topology	real_topology.UNIFORMLY_CONTINUOUS_ON_SUM
real_topology	real_topology.UNIFORMLY_CONTINUOUS_ON_VMUL
real_topology	real_topology.UNIFORMLY_CONVERGENT_EQ_CAUCHY
real_topology	real_topology.UNIFORMLY_CONVERGENT_EQ_CAUCHY_ALT
real_topology	real_topology.UNIFORM_LIM_ADD
real_topology	real_topology.UNIFORM_LIM_BILINEAR
real_topology	real_topology.UNIFORM_LIM_SUB
real_topology	real_topology.UNION_FRONTIER
real_topology	real_topology.UNION_INTERIOR_SUBSET
real_topology	real_topology.UNIT_INTERVAL_NONEMPTY
real_topology	real_topology.UPPER_HEMICONTINUOUS
real_topology	real_topology.UPPER_LOWER_HEMICONTINUOUS
real_topology	real_topology.UPPER_LOWER_HEMICONTINUOUS_EXPLICIT
real_topology	real_topology.URYSOHN
real_topology	real_topology.URYSOHN_LOCAL
real_topology	real_topology.URYSOHN_LOCAL_STRONG
real_topology	real_topology.URYSOHN_STRONG
real_topology	real_topology.ball
real_topology	real_topology.ball_neigh
real_topology	real_topology.bounded_alt
real_topology	real_topology.cball
real_topology	real_topology.closed_def
real_topology	real_topology.closure
real_topology	real_topology.compact_def
real_topology	real_topology.continuous_at
real_topology	real_topology.continuous_on
real_topology	real_topology.continuous_on_alt_continuous_map
real_topology	real_topology.continuous_on_univ_alt_continuous_map
real_topology	real_topology.continuous_within
real_topology	real_topology.diameter
real_topology	real_topology.euclidean
real_topology	real_topology.frontier
real_topology	real_topology.fsigma
real_topology	real_topology.gdelta
real_topology	real_topology.interior
real_topology	real_topology.interval
real_topology	real_topology.limit_at_alt_tends
real_topology	real_topology.limit_point_of
real_topology	real_topology.limit_point_of_empty
real_topology	real_topology.linear_alt_cmul
real_topology	real_topology.linear_repr
real_topology	real_topology.net_condition_at
real_topology	real_topology.net_condition_interior
real_topology	real_topology.net_condition_open_in
real_topology	real_topology.open_def
real_topology	real_topology.open_in
real_topology	real_topology.segment
real_topology	real_topology.setdist
real_topology	real_topology.tendsto_real
real_topology	real_topology.tendsto_real_alt_tends
real_topology	real_topology.tendsto_real_def
realax	realax.ABSMAXMIN_ELIM_CONV2_pth_abs
realax	realax.ABSMAXMIN_ELIM_CONV2_pth_max
realax	realax.ABSMAXMIN_ELIM_CONV2_pth_min
realax	realax.ABS_CASES_THM
realax	realax.ABS_ELIM_THM
realax	realax.ABS_STRONG_CASES_THM
realax	realax.ADD_INEQS_pth
realax	realax.GEN_REAL_ARITH0_pth_add
realax	realax.GEN_REAL_ARITH0_pth_emul
realax	realax.GEN_REAL_ARITH0_pth_final
realax	realax.GEN_REAL_ARITH0_pth_init
realax	realax.GEN_REAL_ARITH0_pth_mul
realax	realax.GEN_REAL_ARITH0_pth_square
realax	realax.LINEAR_ADD_pth0a
realax	realax.LINEAR_ADD_pth0b
realax	realax.LINEAR_ADD_pth1
realax	realax.LINEAR_MULT_pth
realax	realax.MULTIPLY_INEQS_pth
realax	realax.REAL
realax	realax.REAL_0
realax	realax.REAL_1
realax	realax.REAL_10
realax	realax.REAL_10'
realax	realax.REAL_ABS_NEG
realax	realax.REAL_ABS_NUM
realax	realax.REAL_ADD
realax	realax.REAL_ADD_AC
realax	realax.REAL_ADD_ASSOC
realax	realax.REAL_ADD_LDISTRIB
realax	realax.REAL_ADD_LID
realax	realax.REAL_ADD_LID'
realax	realax.REAL_ADD_LINV
realax	realax.REAL_ADD_LINV'
realax	realax.REAL_ADD_RDISTRIB
realax	realax.REAL_ADD_RID
realax	realax.REAL_ADD_RINV
realax	realax.REAL_ADD_SYM
realax	realax.REAL_ATOM_NORM_CONV_pth2
realax	realax.REAL_ATOM_NORM_CONV_pth3
realax	realax.REAL_BIJ
realax	realax.REAL_ENTIRE
realax	realax.REAL_EQ_ADD_LCANCEL
realax	realax.REAL_EQ_ADD_RCANCEL
realax	realax.REAL_INJ
realax	realax.REAL_INT_ABS_CONV_pth
realax	realax.REAL_INT_ADD_CONV_pth0
realax	realax.REAL_INT_ADD_CONV_pth1
realax	realax.REAL_INT_EQ_CONV_pth
realax	realax.REAL_INT_GE_CONV_pth
realax	realax.REAL_INT_GT_CONV_pth
realax	realax.REAL_INT_LE_CONV_nth
realax	realax.REAL_INT_LE_CONV_pth
realax	realax.REAL_INT_LE_CONV_tth
realax	realax.REAL_INT_LT_CONV_pth
realax	realax.REAL_INT_MUL_CONV_pth0
realax	realax.REAL_INT_MUL_CONV_pth1
realax	realax.REAL_INT_NEG_CONV_pth
realax	realax.REAL_INT_POW_CONV_pth1
realax	realax.REAL_INT_POW_CONV_tth
realax	realax.REAL_INV_0
realax	realax.REAL_INV_0'
realax	realax.REAL_ISO
realax	realax.REAL_ISO_EQ
realax	realax.REAL_LDISTRIB
realax	realax.REAL_LE
realax	realax.REAL_LET_ADD
realax	realax.REAL_LET_TOTAL
realax	realax.REAL_LET_TRANS
realax	realax.REAL_LE_01
realax	realax.REAL_LE_ADD
realax	realax.REAL_LE_ADDR
realax	realax.REAL_LE_ANTISYM
realax	realax.REAL_LE_LADD
realax	realax.REAL_LE_LADD_IMP
realax	realax.REAL_LE_LNEG
realax	realax.REAL_LE_LT
realax	realax.REAL_LE_MUL
realax	realax.REAL_LE_NEG2
realax	realax.REAL_LE_NEGTOTAL
realax	realax.REAL_LE_RADD
realax	realax.REAL_LE_REFL
realax	realax.REAL_LE_RNEG
realax	realax.REAL_LE_SQUARE
realax	realax.REAL_LE_TOTAL
realax	realax.REAL_LE_TRANS
realax	realax.REAL_LINEAR_PROVER_pth
realax	realax.REAL_LINEAR_PROVER_pth'
realax	realax.REAL_LNEG_UNIQ
realax	realax.REAL_LTE_ADD
realax	realax.REAL_LTE_ANTISYM
realax	realax.REAL_LTE_TOTAL
realax	realax.REAL_LTE_TRANS
realax	realax.REAL_LT_01
realax	realax.REAL_LT_ADD
realax	realax.REAL_LT_ADDR
realax	realax.REAL_LT_ANTISYM
realax	realax.REAL_LT_GT
realax	realax.REAL_LT_IADD
realax	realax.REAL_LT_IMP_LE
realax	realax.REAL_LT_LADD
realax	realax.REAL_LT_LADD_IMP
realax	realax.REAL_LT_LE
realax	realax.REAL_LT_MUL
realax	realax.REAL_LT_MUL'
realax	realax.REAL_LT_NEGTOTAL
realax	realax.REAL_LT_NZ
realax	realax.REAL_LT_RADD
realax	realax.REAL_LT_REFL
realax	realax.REAL_LT_TOTAL
realax	realax.REAL_LT_TRANS
realax	realax.REAL_MUL
realax	realax.REAL_MUL_AC
realax	realax.REAL_MUL_ASSOC
realax	realax.REAL_MUL_LID
realax	realax.REAL_MUL_LID'
realax	realax.REAL_MUL_LINV
realax	realax.REAL_MUL_LINV'
realax	realax.REAL_MUL_LNEG
realax	realax.REAL_MUL_LZERO
realax	realax.REAL_MUL_RID
realax	realax.REAL_MUL_RNEG
realax	realax.REAL_MUL_RZERO
realax	realax.REAL_MUL_SYM
realax	realax.REAL_NEGATE_CANON_pth1
realax	realax.REAL_NEGATE_CANON_pth2
realax	realax.REAL_NEGATE_CANON_pth3
realax	realax.REAL_NEGATE_CANON_pth4
realax	realax.REAL_NEGATE_CANON_pth5
realax	realax.REAL_NEG_0
realax	realax.REAL_NEG_ADD
realax	realax.REAL_NEG_LMUL
realax	realax.REAL_NEG_LT0
realax	realax.REAL_NEG_NEG
realax	realax.REAL_NEG_RMUL
realax	realax.REAL_NEG_SUB
realax	realax.REAL_NOT_LE
realax	realax.REAL_NOT_LT
realax	realax.REAL_OF_NUM_ADD
realax	realax.REAL_OF_NUM_EQ
realax	realax.REAL_OF_NUM_LE
realax	realax.REAL_OF_NUM_MUL
realax	realax.REAL_OF_NUM_POW
realax	realax.REAL_OF_NUM_SUB
realax	realax.REAL_POLY_CLAUSES
realax	realax.REAL_POLY_NEG_CLAUSES
realax	realax.REAL_POS
realax	realax.REAL_POS_LT
realax	realax.REAL_POW_2
realax	realax.REAL_POW_NEG
realax	realax.REAL_PROD_NORM_CONV_pth1
realax	realax.REAL_PROD_NORM_CONV_pth2
realax	realax.REAL_RDISTRIB
realax	realax.REAL_RNEG_UNIQ
realax	realax.REAL_SIMPLE_ARITH_REFUTER_trivthm
realax	realax.REAL_SUB_0
realax	realax.REAL_SUB_LE
realax	realax.REAL_SUB_LT
realax	realax.REAL_SUM_NORM_CONV_pth1
realax	realax.REAL_SUM_NORM_CONV_pth2
realax	realax.REAL_SUP_ALLPOS
realax	realax.REAL_SUP_ALLPOS'
realax	realax.ZERO_LEFT_CONV_pth
realax	realax.atom_CONV_pth
realax	realax.real_ABS_REP_CLASS
realax	realax.real_QUOTIENT
realax	realax.real_lt
recordEnumSimpsA	recordEnumSimpsA.EXISTS_Record
recordEnumSimpsA	recordEnumSimpsA.Enum12num_11
recordEnumSimpsA	recordEnumSimpsA.Enum12num_ONTO
recordEnumSimpsA	recordEnumSimpsA.Enum12num_num2Enum1
recordEnumSimpsA	recordEnumSimpsA.Enum12num_thm
recordEnumSimpsA	recordEnumSimpsA.Enum1_Axiom
recordEnumSimpsA	recordEnumSimpsA.Enum1_EQ_Enum1
recordEnumSimpsA	recordEnumSimpsA.Enum1_case_cong
recordEnumSimpsA	recordEnumSimpsA.Enum1_case_def
recordEnumSimpsA	recordEnumSimpsA.Enum1_case_eq
recordEnumSimpsA	recordEnumSimpsA.Enum1_distinct
recordEnumSimpsA	recordEnumSimpsA.Enum1_induction
recordEnumSimpsA	recordEnumSimpsA.Enum1_nchotomy
recordEnumSimpsA	recordEnumSimpsA.Enum22num_11
recordEnumSimpsA	recordEnumSimpsA.Enum22num_ONTO
recordEnumSimpsA	recordEnumSimpsA.Enum22num_num2Enum2
recordEnumSimpsA	recordEnumSimpsA.Enum22num_thm
recordEnumSimpsA	recordEnumSimpsA.Enum2_Axiom
recordEnumSimpsA	recordEnumSimpsA.Enum2_EQ_Enum2
recordEnumSimpsA	recordEnumSimpsA.Enum2_case_cong
recordEnumSimpsA	recordEnumSimpsA.Enum2_case_def
recordEnumSimpsA	recordEnumSimpsA.Enum2_case_eq
recordEnumSimpsA	recordEnumSimpsA.Enum2_induction
recordEnumSimpsA	recordEnumSimpsA.Enum2_nchotomy
recordEnumSimpsA	recordEnumSimpsA.FORALL_Record
recordEnumSimpsA	recordEnumSimpsA.Normal_11
recordEnumSimpsA	recordEnumSimpsA.Normal_Axiom
recordEnumSimpsA	recordEnumSimpsA.Normal_case_cong
recordEnumSimpsA	recordEnumSimpsA.Normal_case_eq
recordEnumSimpsA	recordEnumSimpsA.Normal_distinct
recordEnumSimpsA	recordEnumSimpsA.Normal_induction
recordEnumSimpsA	recordEnumSimpsA.Normal_nchotomy
recordEnumSimpsA	recordEnumSimpsA.Record_11
recordEnumSimpsA	recordEnumSimpsA.Record_Axiom
recordEnumSimpsA	recordEnumSimpsA.Record_accessors
recordEnumSimpsA	recordEnumSimpsA.Record_accfupds
recordEnumSimpsA	recordEnumSimpsA.Record_case_cong
recordEnumSimpsA	recordEnumSimpsA.Record_case_eq
recordEnumSimpsA	recordEnumSimpsA.Record_component_equality
recordEnumSimpsA	recordEnumSimpsA.Record_fn_updates
recordEnumSimpsA	recordEnumSimpsA.Record_fupdcanon
recordEnumSimpsA	recordEnumSimpsA.Record_fupdcanon_comp
recordEnumSimpsA	recordEnumSimpsA.Record_fupdfupds
recordEnumSimpsA	recordEnumSimpsA.Record_fupdfupds_comp
recordEnumSimpsA	recordEnumSimpsA.Record_induction
recordEnumSimpsA	recordEnumSimpsA.Record_literal_11
recordEnumSimpsA	recordEnumSimpsA.Record_literal_nchotomy
recordEnumSimpsA	recordEnumSimpsA.Record_nchotomy
recordEnumSimpsA	recordEnumSimpsA.Record_updates_eq_literal
recordEnumSimpsA	recordEnumSimpsA.datatype_Enum1
recordEnumSimpsA	recordEnumSimpsA.datatype_Enum2
recordEnumSimpsA	recordEnumSimpsA.datatype_Normal
recordEnumSimpsA	recordEnumSimpsA.datatype_Record
recordEnumSimpsA	recordEnumSimpsA.enum_lemma1
recordEnumSimpsA	recordEnumSimpsA.enum_lemma2
recordEnumSimpsA	recordEnumSimpsA.normal_lemma
recordEnumSimpsA	recordEnumSimpsA.num2Enum1_11
recordEnumSimpsA	recordEnumSimpsA.num2Enum1_Enum12num
recordEnumSimpsA	recordEnumSimpsA.num2Enum1_ONTO
recordEnumSimpsA	recordEnumSimpsA.num2Enum1_thm
recordEnumSimpsA	recordEnumSimpsA.num2Enum2_11
recordEnumSimpsA	recordEnumSimpsA.num2Enum2_Enum22num
recordEnumSimpsA	recordEnumSimpsA.num2Enum2_ONTO
recordEnumSimpsA	recordEnumSimpsA.num2Enum2_thm
recordEnumSimpsA	recordEnumSimpsA.recd_lemma1
recordEnumSimpsA	recordEnumSimpsA.recd_lemma2
recordEnumSimpsB	recordEnumSimpsB.enum_lemma1
recordEnumSimpsB	recordEnumSimpsB.enum_lemma2
recordEnumSimpsB	recordEnumSimpsB.fields_of_test
recordEnumSimpsB	recordEnumSimpsB.normal_lemma
recordEnumSimpsB	recordEnumSimpsB.recd_lemma1
recordEnumSimpsB	recordEnumSimpsB.recd_lemma2
reduce	reduce.div_thm
reduce	reduce.mod_thm
reduce	reduce.num_case_compute_lazy
relation	relation.ALT_equivalence
relation	relation.EQC_EQUIVALENCE
relation	relation.EQC_IDEM
relation	relation.EQC_INDUCTION
relation	relation.EQC_MONOTONE
relation	relation.EQC_MOVES_IN
relation	relation.EQC_R
relation	relation.EQC_REFL
relation	relation.EQC_SYM
relation	relation.EQC_TRANS
relation	relation.EXTEND_RTC_TC
relation	relation.EXTEND_RTC_TC_EQN
relation	relation.EXTEND_RTC_TC_RIGHT1
relation	relation.EXTEND_RTC_TC_RIGHT1_EQN
relation	relation.EqIsBothRSUBSET
relation	relation.IDEM
relation	relation.IDEM_RC
relation	relation.IDEM_RTC
relation	relation.IDEM_SC
relation	relation.IDEM_STRORD
relation	relation.IDEM_TC
relation	relation.INDUCTION_WF_THM
relation	relation.INDUCTIVE_INVARIANT_ON_WFREC
relation	relation.INDUCTIVE_INVARIANT_WFREC
relation	relation.INVOL
relation	relation.INVOL_ONE_ENO
relation	relation.INVOL_ONE_ONE
relation	relation.IN_RDOM
relation	relation.IN_RDOM_DELETE
relation	relation.IN_RDOM_RRESTRICT
relation	relation.IN_RDOM_RUNION
relation	relation.IN_RRANGE
relation	relation.Id_O
relation	relation.NOT_INVOL
relation	relation.Newmans_lemma
relation	relation.O_ASSOC
relation	relation.O_Id
relation	relation.O_MONO
relation	relation.RC_IDEM
relation	relation.RC_MONOTONE
relation	relation.RC_MOVES_OUT
relation	relation.RC_OR_Id
relation	relation.RC_REFL
relation	relation.RC_REFLEXIVE
relation	relation.RC_RTC
relation	relation.RC_STRORD
relation	relation.RC_SUBSET
relation	relation.RC_Weak
relation	relation.RC_lifts_equalities
relation	relation.RC_lifts_invariants
relation	relation.RC_lifts_monotonicities
relation	relation.REMPTY_SUBSET
relation	relation.RESTRICT_DEF
relation	relation.RESTRICT_LEMMA
relation	relation.RINSERT_IDEM
relation	relation.RINTER_ASSOC
relation	relation.RINTER_COMM
relation	relation.RSUBSET_ANTISYM
relation	relation.RSUBSET_RINSERT
relation	relation.RSUBSET_WeakOrder
relation	relation.RSUBSET_antisymmetric
relation	relation.RTC_ALT_DEF
relation	relation.RTC_ALT_INDUCT
relation	relation.RTC_ALT_RIGHT_DEF
relation	relation.RTC_ALT_RIGHT_INDUCT
relation	relation.RTC_BRACKETS_RTC_EQN
relation	relation.RTC_CASES1
relation	relation.RTC_CASES2
relation	relation.RTC_CASES_RTC_TWICE
relation	relation.RTC_CASES_TC
relation	relation.RTC_EQC
relation	relation.RTC_IDEM
relation	relation.RTC_INDUCT
relation	relation.RTC_INDUCT_RIGHT1
relation	relation.RTC_MONOTONE
relation	relation.RTC_REFL
relation	relation.RTC_REFLEXIVE
relation	relation.RTC_RINTER
relation	relation.RTC_RTC
relation	relation.RTC_RULES
relation	relation.RTC_RULES_RIGHT1
relation	relation.RTC_RUNION
relation	relation.RTC_SINGLE
relation	relation.RTC_STRONG_INDUCT
relation	relation.RTC_STRONG_INDUCT_RIGHT1
relation	relation.RTC_SUBSET
relation	relation.RTC_TC_RC
relation	relation.RTC_TRANS
relation	relation.RTC_TRANSITIVE
relation	relation.RTC_cases
relation	relation.RTC_ind
relation	relation.RTC_lifts_equalities
relation	relation.RTC_lifts_invariants
relation	relation.RTC_lifts_monotonicities
relation	relation.RTC_lifts_reflexive_transitive_relations
relation	relation.RTC_rules
relation	relation.RTC_strongind
relation	relation.RUNION_ASSOC
relation	relation.RUNION_COMM
relation	relation.RUNION_RTC_MONOTONE
relation	relation.RUNIV_SUBSET
relation	relation.SC_IDEM
relation	relation.SC_MONOTONE
relation	relation.SC_SYMMETRIC
relation	relation.SC_lifts_equalities
relation	relation.SC_lifts_monotonicities
relation	relation.STRONG_EQC_INDUCTION
relation	relation.STRORD_AND_NOT_Id
relation	relation.STRORD_RC
relation	relation.STRORD_Strong
relation	relation.StrongOrd_Ord
relation	relation.TC_CASES1
relation	relation.TC_CASES1_E
relation	relation.TC_CASES2
relation	relation.TC_CASES2_E
relation	relation.TC_IDEM
relation	relation.TC_INDUCT
relation	relation.TC_INDUCT_ALT_LEFT
relation	relation.TC_INDUCT_ALT_RIGHT
relation	relation.TC_INDUCT_LEFT1
relation	relation.TC_INDUCT_RIGHT1
relation	relation.TC_LEFT1_I
relation	relation.TC_MONOTONE
relation	relation.TC_RC_EQNS
relation	relation.TC_RIGHT1_I
relation	relation.TC_RTC
relation	relation.TC_RULES
relation	relation.TC_STRONG_INDUCT
relation	relation.TC_STRONG_INDUCT_LEFT1
relation	relation.TC_STRONG_INDUCT_RIGHT1
relation	relation.TC_SUBSET
relation	relation.TC_TRANSITIVE
relation	relation.TC_implies_one_step
relation	relation.TC_lifts_equalities
relation	relation.TC_lifts_invariants
relation	relation.TC_lifts_monotonicities
relation	relation.TC_lifts_transitive_relations
relation	relation.TFL_INDUCTIVE_INVARIANT_ON_WFREC
relation	relation.TFL_INDUCTIVE_INVARIANT_WFREC
relation	relation.WFP_CASES
relation	relation.WFP_INDUCT
relation	relation.WFP_RULES
relation	relation.WFP_STRONG_INDUCT
relation	relation.WFREC_COROLLARY
relation	relation.WFREC_THM
relation	relation.WF_EMPTY_REL
relation	relation.WF_EQ_INDUCTION_THM
relation	relation.WF_EQ_WFP
relation	relation.WF_INDUCTION_THM
relation	relation.WF_NOT_REFL
relation	relation.WF_PULL
relation	relation.WF_RECURSION_THM
relation	relation.WF_SUBSET
relation	relation.WF_TC
relation	relation.WF_TC_EQN
relation	relation.WF_antisymmetric
relation	relation.WF_inv_image
relation	relation.WF_irreflexive
relation	relation.WF_noloops
relation	relation.WeakLinearOrder_dichotomy
relation	relation.WeakOrd_Ord
relation	relation.WeakOrder_EQ
relation	relation.antisymmetric_RC
relation	relation.antisymmetric_RINTER
relation	relation.antisymmetric_inv
relation	relation.diamond_RC_diamond
relation	relation.diamond_TC_diamond
relation	relation.equivalence_inv_identity
relation	relation.establish_CR
relation	relation.inv_EQC
relation	relation.inv_INVOL
relation	relation.inv_Id
relation	relation.inv_MOVES_OUT
relation	relation.inv_O
relation	relation.inv_RC
relation	relation.inv_SC
relation	relation.inv_TC
relation	relation.inv_diag
relation	relation.inv_image_thm
relation	relation.inv_inv
relation	relation.irrefl_trans_implies_antisym
relation	relation.irreflexive_RSUBSET
relation	relation.irreflexive_inv
relation	relation.rcdiamond_diamond
relation	relation.reflexive_EQC
relation	relation.reflexive_Id_RSUBSET
relation	relation.reflexive_RC
relation	relation.reflexive_RC_identity
relation	relation.reflexive_RTC
relation	relation.reflexive_TC
relation	relation.reflexive_inv
relation	relation.reflexive_inv_image
relation	relation.symmetric_EQC
relation	relation.symmetric_RC
relation	relation.symmetric_SC_identity
relation	relation.symmetric_TC
relation	relation.symmetric_inv
relation	relation.symmetric_inv_RSUBSET
relation	relation.symmetric_inv_identity
relation	relation.symmetric_inv_image
relation	relation.total_inv_image
relation	relation.transitive_EQC
relation	relation.transitive_O_RSUBSET
relation	relation.transitive_RC
relation	relation.transitive_RINTER
relation	relation.transitive_RTC
relation	relation.transitive_TC_identity
relation	relation.transitive_inv
relation	relation.transitive_inv_image
relation	relation.trichotomous_RC
relation	relation.trichotomous_STRORD
res_quan	res_quan.IN_BIGINTER_RES_FORALL
res_quan	res_quan.IN_BIGUNION_RES_EXISTS
res_quan	res_quan.NOT_RES_EXISTS
res_quan	res_quan.NOT_RES_FORALL
res_quan	res_quan.RES_ABSTRACT
res_quan	res_quan.RES_ABSTRACT_EQUAL
res_quan	res_quan.RES_ABSTRACT_EQUAL_EQ
res_quan	res_quan.RES_ABSTRACT_IDEMPOT
res_quan	res_quan.RES_ABSTRACT_UNIV
res_quan	res_quan.RES_DISJ_EXISTS_DIST
res_quan	res_quan.RES_EXISTS
res_quan	res_quan.RES_EXISTS_ALT
res_quan	res_quan.RES_EXISTS_BIGINTER
res_quan	res_quan.RES_EXISTS_BIGUNION
res_quan	res_quan.RES_EXISTS_DIFF
res_quan	res_quan.RES_EXISTS_DISJ_DIST
res_quan	res_quan.RES_EXISTS_EMPTY
res_quan	res_quan.RES_EXISTS_EQUAL
res_quan	res_quan.RES_EXISTS_F
res_quan	res_quan.RES_EXISTS_NOT_EMPTY
res_quan	res_quan.RES_EXISTS_NULL
res_quan	res_quan.RES_EXISTS_REORDER
res_quan	res_quan.RES_EXISTS_SUBSET
res_quan	res_quan.RES_EXISTS_T
res_quan	res_quan.RES_EXISTS_UNION
res_quan	res_quan.RES_EXISTS_UNIQUE
res_quan	res_quan.RES_EXISTS_UNIQUE_ALT
res_quan	res_quan.RES_EXISTS_UNIQUE_ELIM
res_quan	res_quan.RES_EXISTS_UNIQUE_EMPTY
res_quan	res_quan.RES_EXISTS_UNIQUE_EXISTS
res_quan	res_quan.RES_EXISTS_UNIQUE_F
res_quan	res_quan.RES_EXISTS_UNIQUE_NOT_EMPTY
res_quan	res_quan.RES_EXISTS_UNIQUE_NULL
res_quan	res_quan.RES_EXISTS_UNIQUE_SING
res_quan	res_quan.RES_EXISTS_UNIQUE_T
res_quan	res_quan.RES_EXISTS_UNIQUE_UNIV
res_quan	res_quan.RES_EXISTS_UNIV
res_quan	res_quan.RES_FORALL
res_quan	res_quan.RES_FORALL_BIGINTER
res_quan	res_quan.RES_FORALL_BIGUNION
res_quan	res_quan.RES_FORALL_CONJ_DIST
res_quan	res_quan.RES_FORALL_DIFF
res_quan	res_quan.RES_FORALL_DISJ_DIST
res_quan	res_quan.RES_FORALL_EMPTY
res_quan	res_quan.RES_FORALL_F
res_quan	res_quan.RES_FORALL_FORALL
res_quan	res_quan.RES_FORALL_NOT_EMPTY
res_quan	res_quan.RES_FORALL_NULL
res_quan	res_quan.RES_FORALL_REORDER
res_quan	res_quan.RES_FORALL_SUBSET
res_quan	res_quan.RES_FORALL_T
res_quan	res_quan.RES_FORALL_UNION
res_quan	res_quan.RES_FORALL_UNIQUE
res_quan	res_quan.RES_FORALL_UNIV
res_quan	res_quan.RES_SELECT
res_quan	res_quan.RES_SELECT_EMPTY
res_quan	res_quan.RES_SELECT_UNIV
rich_list	rich_list.ALL_DISTINCT_APPEND_3
rich_list	rich_list.ALL_DISTINCT_EL_APPEND
rich_list	rich_list.ALL_DISTINCT_FRONT
rich_list	rich_list.ALL_DISTINCT_LAST_EL_IFF
rich_list	rich_list.ALL_DISTINCT_MEM_ZIP_MAP
rich_list	rich_list.ALL_DISTINCT_SNOC
rich_list	rich_list.ALL_DISTINCT_SWAP
rich_list	rich_list.ALL_DISTINCT_TAKE
rich_list	rich_list.ALL_DISTINCT_TAKE_DROP
rich_list	rich_list.ALL_EL
rich_list	rich_list.ALL_EL_APPEND
rich_list	rich_list.ALL_EL_BUTFIRSTN
rich_list	rich_list.ALL_EL_BUTLASTN
rich_list	rich_list.ALL_EL_CONJ
rich_list	rich_list.ALL_EL_FIRSTN
rich_list	rich_list.ALL_EL_FOLDL
rich_list	rich_list.ALL_EL_FOLDL_MAP
rich_list	rich_list.ALL_EL_FOLDR
rich_list	rich_list.ALL_EL_FOLDR_MAP
rich_list	rich_list.ALL_EL_LASTN
rich_list	rich_list.ALL_EL_MAP
rich_list	rich_list.ALL_EL_REPLICATE
rich_list	rich_list.ALL_EL_REVERSE
rich_list	rich_list.ALL_EL_SEG
rich_list	rich_list.ALL_EL_SNOC
rich_list	rich_list.AND_EL_FOLDL
rich_list	rich_list.AND_EL_FOLDR
rich_list	rich_list.APPEND
rich_list	rich_list.APPEND_11_LENGTH
rich_list	rich_list.APPEND_ASSOC
rich_list	rich_list.APPEND_ASSOC_CONS
rich_list	rich_list.APPEND_BUTLASTN_BUTFIRSTN
rich_list	rich_list.APPEND_BUTLASTN_DROP
rich_list	rich_list.APPEND_BUTLASTN_LASTN
rich_list	rich_list.APPEND_BUTLAST_LAST
rich_list	rich_list.APPEND_EQ_APPEND_EQ
rich_list	rich_list.APPEND_FIRSTN_BUTFIRSTN
rich_list	rich_list.APPEND_FIRSTN_LASTN
rich_list	rich_list.APPEND_FOLDL
rich_list	rich_list.APPEND_FOLDR
rich_list	rich_list.APPEND_LENGTH_EQ
rich_list	rich_list.APPEND_NIL
rich_list	rich_list.APPEND_SNOC
rich_list	rich_list.APPEND_SNOC1
rich_list	rich_list.APPEND_TAKE_LASTN
rich_list	rich_list.ASSOC_APPEND
rich_list	rich_list.ASSOC_FOLDL_FLAT
rich_list	rich_list.ASSOC_FOLDR_FLAT
rich_list	rich_list.BUTFIRSTN
rich_list	rich_list.BUTFIRSTN_APPEND1
rich_list	rich_list.BUTFIRSTN_APPEND2
rich_list	rich_list.BUTFIRSTN_BUTFIRSTN
rich_list	rich_list.BUTFIRSTN_CONS_EL
rich_list	rich_list.BUTFIRSTN_LASTN
rich_list	rich_list.BUTFIRSTN_LENGTH_APPEND
rich_list	rich_list.BUTFIRSTN_LENGTH_NIL
rich_list	rich_list.BUTFIRSTN_REVERSE
rich_list	rich_list.BUTFIRSTN_SEG
rich_list	rich_list.BUTFIRSTN_SNOC
rich_list	rich_list.BUTLAST
rich_list	rich_list.BUTLASTN
rich_list	rich_list.BUTLASTN_1
rich_list	rich_list.BUTLASTN_APPEND1
rich_list	rich_list.BUTLASTN_APPEND2
rich_list	rich_list.BUTLASTN_BUTLAST
rich_list	rich_list.BUTLASTN_BUTLASTN
rich_list	rich_list.BUTLASTN_CONS
rich_list	rich_list.BUTLASTN_FIRSTN
rich_list	rich_list.BUTLASTN_FRONT
rich_list	rich_list.BUTLASTN_LASTN
rich_list	rich_list.BUTLASTN_LASTN_NIL
rich_list	rich_list.BUTLASTN_LENGTH_APPEND
rich_list	rich_list.BUTLASTN_LENGTH_CONS
rich_list	rich_list.BUTLASTN_LENGTH_NIL
rich_list	rich_list.BUTLASTN_MAP
rich_list	rich_list.BUTLASTN_REVERSE
rich_list	rich_list.BUTLASTN_SEG
rich_list	rich_list.BUTLASTN_SUC_BUTLAST
rich_list	rich_list.BUTLASTN_SUC_FRONT
rich_list	rich_list.BUTLASTN_TAKE
rich_list	rich_list.BUTLASTN_TAKE_UNCOND
rich_list	rich_list.BUTLASTN_compute
rich_list	rich_list.BUTLAST_CONS
rich_list	rich_list.COMM_ASSOC_FOLDL_REVERSE
rich_list	rich_list.COMM_ASSOC_FOLDR_REVERSE
rich_list	rich_list.COMM_MONOID_FOLDL
rich_list	rich_list.COMM_MONOID_FOLDR
rich_list	rich_list.CONS
rich_list	rich_list.CONS_11
rich_list	rich_list.CONS_APPEND
rich_list	rich_list.COUNT_LIST_ADD
rich_list	rich_list.COUNT_LIST_AUX_compute
rich_list	rich_list.COUNT_LIST_COUNT
rich_list	rich_list.COUNT_LIST_GENLIST
rich_list	rich_list.COUNT_LIST_SNOC
rich_list	rich_list.COUNT_LIST_compute
rich_list	rich_list.DELETE_ELEMENT_APPEND
rich_list	rich_list.DELETE_ELEMENT_FILTER
rich_list	rich_list.DISTINCT_LIST_TO_SET_EQ_SING
rich_list	rich_list.DROP
rich_list	rich_list.DROP_1
rich_list	rich_list.DROP_1_APPEND
rich_list	rich_list.DROP_APPEND
rich_list	rich_list.DROP_APPEND1
rich_list	rich_list.DROP_APPEND2
rich_list	rich_list.DROP_BY_DROP_SUC
rich_list	rich_list.DROP_CONS_EL
rich_list	rich_list.DROP_DROP
rich_list	rich_list.DROP_DROP_T
rich_list	rich_list.DROP_EL_CONS
rich_list	rich_list.DROP_FUNPOW_TL
rich_list	rich_list.DROP_HEAD_ELEMENT
rich_list	rich_list.DROP_LASTN
rich_list	rich_list.DROP_LENGTH_APPEND
rich_list	rich_list.DROP_LENGTH_NIL
rich_list	rich_list.DROP_LENGTH_NIL_rwt
rich_list	rich_list.DROP_PREn_LAST_CONS
rich_list	rich_list.DROP_REPLICATE
rich_list	rich_list.DROP_REVERSE
rich_list	rich_list.DROP_SEG
rich_list	rich_list.DROP_SNOC
rich_list	rich_list.DROP_SUC
rich_list	rich_list.DROP_TAKE_EQ_NIL
rich_list	rich_list.EL
rich_list	rich_list.ELL_0_SNOC
rich_list	rich_list.ELL_APPEND1
rich_list	rich_list.ELL_APPEND2
rich_list	rich_list.ELL_CONS
rich_list	rich_list.ELL_EL
rich_list	rich_list.ELL_IS_EL
rich_list	rich_list.ELL_LAST
rich_list	rich_list.ELL_LENGTH_APPEND
rich_list	rich_list.ELL_LENGTH_CONS
rich_list	rich_list.ELL_LENGTH_SNOC
rich_list	rich_list.ELL_MAP
rich_list	rich_list.ELL_MEM
rich_list	rich_list.ELL_PRE_LENGTH
rich_list	rich_list.ELL_REVERSE
rich_list	rich_list.ELL_REVERSE_EL
rich_list	rich_list.ELL_SEG
rich_list	rich_list.ELL_SNOC
rich_list	rich_list.ELL_SUC_SNOC
rich_list	rich_list.ELL_compute
rich_list	rich_list.EL_APPEND
rich_list	rich_list.EL_APPEND1
rich_list	rich_list.EL_APPEND2
rich_list	rich_list.EL_BUTFIRSTN
rich_list	rich_list.EL_CONS
rich_list	rich_list.EL_COUNT_LIST
rich_list	rich_list.EL_DROP
rich_list	rich_list.EL_ELL
rich_list	rich_list.EL_FIRSTN
rich_list	rich_list.EL_FRONT
rich_list	rich_list.EL_GENLIST
rich_list	rich_list.EL_IS_EL
rich_list	rich_list.EL_LENGTH_APPEND
rich_list	rich_list.EL_LENGTH_APPEND_0
rich_list	rich_list.EL_LENGTH_APPEND_1
rich_list	rich_list.EL_LENGTH_APPEND_rwt
rich_list	rich_list.EL_LENGTH_SNOC
rich_list	rich_list.EL_MAP
rich_list	rich_list.EL_MEM
rich_list	rich_list.EL_PRE_LENGTH
rich_list	rich_list.EL_REPLICATE
rich_list	rich_list.EL_REVERSE
rich_list	rich_list.EL_REVERSE_ELL
rich_list	rich_list.EL_SEG
rich_list	rich_list.EL_SNOC
rich_list	rich_list.EL_SPLIT
rich_list	rich_list.EL_SPLIT_2
rich_list	rich_list.EL_TAIL
rich_list	rich_list.EL_TAKE
rich_list	rich_list.EL_chunks
rich_list	rich_list.EQ_LIST
rich_list	rich_list.EVERY2_APPEND
rich_list	rich_list.EVERY2_APPEND_suff
rich_list	rich_list.EVERY2_DROP
rich_list	rich_list.EVERY2_REVERSE1
rich_list	rich_list.EVERY2_TAKE
rich_list	rich_list.EVERY_BUTLASTN
rich_list	rich_list.EVERY_DELETE_ELEMENT
rich_list	rich_list.EVERY_DROP
rich_list	rich_list.EVERY_FOLDL
rich_list	rich_list.EVERY_FOLDL_MAP
rich_list	rich_list.EVERY_FOLDR
rich_list	rich_list.EVERY_FOLDR_MAP
rich_list	rich_list.EVERY_GENLIST
rich_list	rich_list.EVERY_LASTN
rich_list	rich_list.EVERY_REPLICATE
rich_list	rich_list.EVERY_REVERSE
rich_list	rich_list.EVERY_SEG
rich_list	rich_list.EVERY_TAKE
rich_list	rich_list.EXISTS_BUTLASTN
rich_list	rich_list.EXISTS_DISJ
rich_list	rich_list.EXISTS_DROP
rich_list	rich_list.EXISTS_FOLDL
rich_list	rich_list.EXISTS_FOLDL_MAP
rich_list	rich_list.EXISTS_FOLDR
rich_list	rich_list.EXISTS_FOLDR_MAP
rich_list	rich_list.EXISTS_GENLIST
rich_list	rich_list.EXISTS_LASTN
rich_list	rich_list.EXISTS_REVERSE
rich_list	rich_list.EXISTS_SEG
rich_list	rich_list.EXISTS_TAKE
rich_list	rich_list.FCOMM_FOLDL_APPEND
rich_list	rich_list.FCOMM_FOLDL_FLAT
rich_list	rich_list.FCOMM_FOLDR_APPEND
rich_list	rich_list.FCOMM_FOLDR_FLAT
rich_list	rich_list.FILTER
rich_list	rich_list.FILTER_APPEND
rich_list	rich_list.FILTER_COMM
rich_list	rich_list.FILTER_EL_IFF
rich_list	rich_list.FILTER_EL_IMP
rich_list	rich_list.FILTER_EL_NEXT
rich_list	rich_list.FILTER_EL_NEXT_IFF
rich_list	rich_list.FILTER_EQ
rich_list	rich_list.FILTER_FILTER
rich_list	rich_list.FILTER_FLAT
rich_list	rich_list.FILTER_FOLDL
rich_list	rich_list.FILTER_FOLDR
rich_list	rich_list.FILTER_HD
rich_list	rich_list.FILTER_HD_IFF
rich_list	rich_list.FILTER_IDEM
rich_list	rich_list.FILTER_LAST
rich_list	rich_list.FILTER_LAST_IFF
rich_list	rich_list.FILTER_MAP
rich_list	rich_list.FILTER_MONO_DEC
rich_list	rich_list.FILTER_MONO_INC
rich_list	rich_list.FILTER_REVERSE
rich_list	rich_list.FILTER_SNOC
rich_list	rich_list.FILTER_sublist
rich_list	rich_list.FINITE_common_prefixes
rich_list	rich_list.FINITE_prefix
rich_list	rich_list.FIRSTN
rich_list	rich_list.FIRSTN_APPEND1
rich_list	rich_list.FIRSTN_APPEND2
rich_list	rich_list.FIRSTN_BUTLASTN
rich_list	rich_list.FIRSTN_FIRSTN
rich_list	rich_list.FIRSTN_LENGTH_APPEND
rich_list	rich_list.FIRSTN_LENGTH_ID
rich_list	rich_list.FIRSTN_REVERSE
rich_list	rich_list.FIRSTN_SEG
rich_list	rich_list.FIRSTN_SNOC
rich_list	rich_list.FLAT
rich_list	rich_list.FLAT_APPEND
rich_list	rich_list.FLAT_FLAT
rich_list	rich_list.FLAT_FOLDL
rich_list	rich_list.FLAT_FOLDR
rich_list	rich_list.FLAT_REVERSE
rich_list	rich_list.FLAT_SNOC
rich_list	rich_list.FLAT_chunks
rich_list	rich_list.FOLDL
rich_list	rich_list.FOLDL_APPEND
rich_list	rich_list.FOLDL_CONG_invariant
rich_list	rich_list.FOLDL_FILTER
rich_list	rich_list.FOLDL_FOLDR_REVERSE
rich_list	rich_list.FOLDL_MAP
rich_list	rich_list.FOLDL_MAP2
rich_list	rich_list.FOLDL_REVERSE
rich_list	rich_list.FOLDL_SINGLE
rich_list	rich_list.FOLDL_SNOC
rich_list	rich_list.FOLDL_SNOC_NIL
rich_list	rich_list.FOLDR
rich_list	rich_list.FOLDR_APPEND
rich_list	rich_list.FOLDR_CONS_NIL
rich_list	rich_list.FOLDR_FILTER
rich_list	rich_list.FOLDR_FILTER_REVERSE
rich_list	rich_list.FOLDR_FOLDL
rich_list	rich_list.FOLDR_FOLDL_REVERSE
rich_list	rich_list.FOLDR_MAP
rich_list	rich_list.FOLDR_MAP_REVERSE
rich_list	rich_list.FOLDR_REVERSE
rich_list	rich_list.FOLDR_SINGLE
rich_list	rich_list.FOLDR_SNOC
rich_list	rich_list.FRONT_APPEND
rich_list	rich_list.FRONT_APPEND_NOT_NIL
rich_list	rich_list.FRONT_BY_TAKE
rich_list	rich_list.FRONT_EL
rich_list	rich_list.FRONT_EQ_NIL
rich_list	rich_list.FRONT_LENGTH
rich_list	rich_list.FRONT_NON_NIL
rich_list	rich_list.FRONT_SING
rich_list	rich_list.FUNPOW_TL_NIL
rich_list	rich_list.GENLIST
rich_list	rich_list.GENLIST_APPEND
rich_list	rich_list.GENLIST_CONS
rich_list	rich_list.GENLIST_FUN_EQ
rich_list	rich_list.GENLIST_K_ADD
rich_list	rich_list.GENLIST_K_APPEND
rich_list	rich_list.GENLIST_K_APPEND_K
rich_list	rich_list.GENLIST_K_CONS
rich_list	rich_list.GENLIST_K_LESS
rich_list	rich_list.GENLIST_K_MEM
rich_list	rich_list.GENLIST_K_RANGE
rich_list	rich_list.GENLIST_K_SET
rich_list	rich_list.HD
rich_list	rich_list.HD_APPEND
rich_list	rich_list.HD_APPEND_NOT_NIL
rich_list	rich_list.HD_GENLIST
rich_list	rich_list.HEAD_MEM
rich_list	rich_list.IS_EL
rich_list	rich_list.IS_EL_APPEND
rich_list	rich_list.IS_EL_BUTFIRSTN
rich_list	rich_list.IS_EL_BUTLASTN
rich_list	rich_list.IS_EL_DEF
rich_list	rich_list.IS_EL_FILTER
rich_list	rich_list.IS_EL_FIRSTN
rich_list	rich_list.IS_EL_FOLDL
rich_list	rich_list.IS_EL_FOLDL_MAP
rich_list	rich_list.IS_EL_FOLDR
rich_list	rich_list.IS_EL_FOLDR_MAP
rich_list	rich_list.IS_EL_LASTN
rich_list	rich_list.IS_EL_REPLICATE
rich_list	rich_list.IS_EL_REVERSE
rich_list	rich_list.IS_EL_SEG
rich_list	rich_list.IS_EL_SNOC
rich_list	rich_list.IS_EL_SOME_EL
rich_list	rich_list.IS_PREFIX
rich_list	rich_list.IS_PREFIX_ALL_DISTINCT
rich_list	rich_list.IS_PREFIX_ANTISYM
rich_list	rich_list.IS_PREFIX_APPEND
rich_list	rich_list.IS_PREFIX_APPEND1
rich_list	rich_list.IS_PREFIX_APPEND2
rich_list	rich_list.IS_PREFIX_APPEND3
rich_list	rich_list.IS_PREFIX_APPENDS
rich_list	rich_list.IS_PREFIX_BUTLAST
rich_list	rich_list.IS_PREFIX_BUTLAST'
rich_list	rich_list.IS_PREFIX_EQ_REWRITE
rich_list	rich_list.IS_PREFIX_EQ_TAKE
rich_list	rich_list.IS_PREFIX_EQ_TAKE'
rich_list	rich_list.IS_PREFIX_FRONT_CASES
rich_list	rich_list.IS_PREFIX_FRONT_MONO
rich_list	rich_list.IS_PREFIX_GENLIST
rich_list	rich_list.IS_PREFIX_IMP_TAKE
rich_list	rich_list.IS_PREFIX_IS_SUBLIST
rich_list	rich_list.IS_PREFIX_LENGTH
rich_list	rich_list.IS_PREFIX_LENGTH_ANTI
rich_list	rich_list.IS_PREFIX_MEM
rich_list	rich_list.IS_PREFIX_NIL
rich_list	rich_list.IS_PREFIX_PREFIX
rich_list	rich_list.IS_PREFIX_REFL
rich_list	rich_list.IS_PREFIX_REVERSE
rich_list	rich_list.IS_PREFIX_SNOC
rich_list	rich_list.IS_PREFIX_TRANS
rich_list	rich_list.IS_SUBLIST_APPEND
rich_list	rich_list.IS_SUBLIST_REVERSE
rich_list	rich_list.IS_SUFFIX_ALL_DISTINCT
rich_list	rich_list.IS_SUFFIX_APPEND
rich_list	rich_list.IS_SUFFIX_APPEND1
rich_list	rich_list.IS_SUFFIX_CONS
rich_list	rich_list.IS_SUFFIX_CONS2_E
rich_list	rich_list.IS_SUFFIX_EQ_DROP
rich_list	rich_list.IS_SUFFIX_EQ_DROP'
rich_list	rich_list.IS_SUFFIX_IMP_DROP
rich_list	rich_list.IS_SUFFIX_IMP_LASTN
rich_list	rich_list.IS_SUFFIX_IS_SUBLIST
rich_list	rich_list.IS_SUFFIX_REFL
rich_list	rich_list.IS_SUFFIX_REVERSE
rich_list	rich_list.IS_SUFFIX_TRANS
rich_list	rich_list.IS_SUFFIX_compute
rich_list	rich_list.IS_SUFFIX_dropWhile
rich_list	rich_list.ITSET_TO_FOLDR
rich_list	rich_list.LAST
rich_list	rich_list.LASTN
rich_list	rich_list.LASTN_1
rich_list	rich_list.LASTN_APPEND1
rich_list	rich_list.LASTN_APPEND2
rich_list	rich_list.LASTN_BUTFIRSTN
rich_list	rich_list.LASTN_BUTLASTN
rich_list	rich_list.LASTN_CONS
rich_list	rich_list.LASTN_DROP
rich_list	rich_list.LASTN_DROP_UNCOND
rich_list	rich_list.LASTN_LASTN
rich_list	rich_list.LASTN_LENGTH_APPEND
rich_list	rich_list.LASTN_LENGTH_ID
rich_list	rich_list.LASTN_MAP
rich_list	rich_list.LASTN_REVERSE
rich_list	rich_list.LASTN_SEG
rich_list	rich_list.LASTN_compute
rich_list	rich_list.LAST_APPEND
rich_list	rich_list.LAST_APPEND_NOT_NIL
rich_list	rich_list.LAST_CONS
rich_list	rich_list.LAST_EL_CONS
rich_list	rich_list.LAST_EQ_HD
rich_list	rich_list.LAST_LASTN_LAST
rich_list	rich_list.LAST_MEM
rich_list	rich_list.LAST_TAKE_EL
rich_list	rich_list.LENGTH
rich_list	rich_list.LENGTH_APPEND
rich_list	rich_list.LENGTH_BUTFIRSTN
rich_list	rich_list.LENGTH_BUTLAST
rich_list	rich_list.LENGTH_BUTLASTN
rich_list	rich_list.LENGTH_CONS
rich_list	rich_list.LENGTH_COUNT_LIST
rich_list	rich_list.LENGTH_DELETE_ELEMENT_LE
rich_list	rich_list.LENGTH_DELETE_ELEMENT_LEQ
rich_list	rich_list.LENGTH_EQ_NIL
rich_list	rich_list.LENGTH_FILTER_LEQ
rich_list	rich_list.LENGTH_FILTER_LESS
rich_list	rich_list.LENGTH_FIRSTN
rich_list	rich_list.LENGTH_FLAT
rich_list	rich_list.LENGTH_FLAT_REPLICATE
rich_list	rich_list.LENGTH_FOLDL
rich_list	rich_list.LENGTH_FOLDR
rich_list	rich_list.LENGTH_FRONT
rich_list	rich_list.LENGTH_GENLIST
rich_list	rich_list.LENGTH_LASTN
rich_list	rich_list.LENGTH_MAP
rich_list	rich_list.LENGTH_NIL
rich_list	rich_list.LENGTH_NOT_NULL
rich_list	rich_list.LENGTH_REPLICATE
rich_list	rich_list.LENGTH_REVERSE
rich_list	rich_list.LENGTH_SCANL
rich_list	rich_list.LENGTH_SCANR
rich_list	rich_list.LENGTH_SEG
rich_list	rich_list.LENGTH_SING
rich_list	rich_list.LENGTH_SNOC
rich_list	rich_list.LENGTH_TAKE_LE
rich_list	rich_list.LENGTH_TL_LT
rich_list	rich_list.LENGTH_UNZIP_FST
rich_list	rich_list.LENGTH_UNZIP_SND
rich_list	rich_list.LENGTH_ZIP
rich_list	rich_list.LENGTH_chunks
rich_list	rich_list.LENGTH_dropWhile_id
rich_list	rich_list.LIST_ELEM_COUNT_CARD_EL
rich_list	rich_list.LIST_ELEM_COUNT_MEM
rich_list	rich_list.LIST_ELEM_COUNT_THM
rich_list	rich_list.LIST_EQ_HEAD_TAIL
rich_list	rich_list.LIST_HEAD_TAIL
rich_list	rich_list.LIST_NOT_EQ
rich_list	rich_list.LIST_REL_APPEND_SING
rich_list	rich_list.LIST_REL_DROP
rich_list	rich_list.LIST_REL_GENLIST
rich_list	rich_list.LIST_REL_REPLICATE_same
rich_list	rich_list.LIST_REL_REVERSE1
rich_list	rich_list.LIST_REL_REVERSE_EQ
rich_list	rich_list.LIST_REL_TAKE
rich_list	rich_list.LIST_SING_EQ
rich_list	rich_list.LIST_TO_SET_EQ_SING
rich_list	rich_list.LIST_TO_SET_PREFIX
rich_list	rich_list.LIST_TO_SET_SING_IFF
rich_list	rich_list.LIST_TO_SET_SUFFIX
rich_list	rich_list.LUPDATE_APPEND1
rich_list	rich_list.LUPDATE_APPEND2
rich_list	rich_list.MAP
rich_list	rich_list.MAP2
rich_list	rich_list.MAP2_MAP_MAP
rich_list	rich_list.MAP2_ZIP
rich_list	rich_list.MAP_APPEND
rich_list	rich_list.MAP_COUNT_LIST
rich_list	rich_list.MAP_EQ_f
rich_list	rich_list.MAP_FILTER
rich_list	rich_list.MAP_FLAT
rich_list	rich_list.MAP_FOLDL
rich_list	rich_list.MAP_FOLDR
rich_list	rich_list.MAP_FST_funs
rich_list	rich_list.MAP_GENLIST
rich_list	rich_list.MAP_HD
rich_list	rich_list.MAP_MAP_o
rich_list	rich_list.MAP_REVERSE
rich_list	rich_list.MAP_SING
rich_list	rich_list.MAP_SND_FILTER_NEQ
rich_list	rich_list.MAP_SNOC
rich_list	rich_list.MAP_SUBLIST
rich_list	rich_list.MAP_o
rich_list	rich_list.MAX_LIST_APPEND
rich_list	rich_list.MAX_LIST_APPEND_COMM
rich_list	rich_list.MAX_LIST_CONS
rich_list	rich_list.MAX_LIST_EQ_0
rich_list	rich_list.MAX_LIST_LE
rich_list	rich_list.MAX_LIST_LE_PREFIX
rich_list	rich_list.MAX_LIST_MAP_LE
rich_list	rich_list.MAX_LIST_MEM
rich_list	rich_list.MAX_LIST_MONO_DEC
rich_list	rich_list.MAX_LIST_MONO_INC
rich_list	rich_list.MAX_LIST_NIL
rich_list	rich_list.MAX_LIST_PROPERTY
rich_list	rich_list.MAX_LIST_SING
rich_list	rich_list.MAX_LIST_TEST
rich_list	rich_list.MEM_APPEND_3
rich_list	rich_list.MEM_BUTLASTN
rich_list	rich_list.MEM_COUNT_LIST
rich_list	rich_list.MEM_DROP_IMP
rich_list	rich_list.MEM_EXISTS
rich_list	rich_list.MEM_FOLDL
rich_list	rich_list.MEM_FOLDL_MAP
rich_list	rich_list.MEM_FOLDR
rich_list	rich_list.MEM_FOLDR_MAP
rich_list	rich_list.MEM_FRONT
rich_list	rich_list.MEM_FRONT_NOT_LAST
rich_list	rich_list.MEM_FRONT_NOT_NIL
rich_list	rich_list.MEM_LAST
rich_list	rich_list.MEM_LASTN
rich_list	rich_list.MEM_LAST_FRONT
rich_list	rich_list.MEM_LAST_NOT_NIL
rich_list	rich_list.MEM_REPLICATE
rich_list	rich_list.MEM_SEG
rich_list	rich_list.MEM_SING_APPEND
rich_list	rich_list.MEM_SPLIT_APPEND_distinct
rich_list	rich_list.MEM_SPLIT_TAKE_DROP_distinct
rich_list	rich_list.MEM_SPLIT_TAKE_DROP_first
rich_list	rich_list.MEM_SPLIT_TAKE_DROP_last
rich_list	rich_list.MEM_TAKE
rich_list	rich_list.MIN_LIST_CONS
rich_list	rich_list.MIN_LIST_LE
rich_list	rich_list.MIN_LIST_LE_MAX_LIST
rich_list	rich_list.MIN_LIST_MAP_LE
rich_list	rich_list.MIN_LIST_MEM
rich_list	rich_list.MIN_LIST_MONO_DEC
rich_list	rich_list.MIN_LIST_MONO_INC
rich_list	rich_list.MIN_LIST_PROPERTY
rich_list	rich_list.MIN_LIST_SING
rich_list	rich_list.MIN_LIST_TEST
rich_list	rich_list.MONOID_APPEND_NIL
rich_list	rich_list.MONOLIST_EQ
rich_list	rich_list.MONOLIST_SET_SING
rich_list	rich_list.MONO_DEC_CONS
rich_list	rich_list.MONO_DEC_HD
rich_list	rich_list.MONO_DEC_NIL
rich_list	rich_list.MONO_INC_CONS
rich_list	rich_list.MONO_INC_HD
rich_list	rich_list.MONO_INC_NIL
rich_list	rich_list.NIL_IN_common_prefixes
rich_list	rich_list.NIL_NO_MEM
rich_list	rich_list.NON_MONO_TAIL_PROPERTY
rich_list	rich_list.NOT_ALL_EL_SOME_EL
rich_list	rich_list.NOT_CONS_NIL
rich_list	rich_list.NOT_EQ_LIST
rich_list	rich_list.NOT_IN_DELETE_ELEMENT
rich_list	rich_list.NOT_NIL_CONS
rich_list	rich_list.NOT_NIL_SNOC
rich_list	rich_list.NOT_NULL_SNOC
rich_list	rich_list.NOT_SNOC_NIL
rich_list	rich_list.NOT_SOME_EL_ALL_EL
rich_list	rich_list.NULL
rich_list	rich_list.NULL_DEF
rich_list	rich_list.NULL_EQ_NIL
rich_list	rich_list.NULL_FOLDL
rich_list	rich_list.NULL_FOLDR
rich_list	rich_list.OR_EL_FOLDL
rich_list	rich_list.OR_EL_FOLDR
rich_list	rich_list.PREFIX
rich_list	rich_list.PREFIX_FOLDR
rich_list	rich_list.REPLICATE_APPEND
rich_list	rich_list.REPLICATE_EQ_CONS
rich_list	rich_list.REPLICATE_GENLIST
rich_list	rich_list.REPLICATE_NIL
rich_list	rich_list.REPLICATE_compute
rich_list	rich_list.REVERSE_APPEND
rich_list	rich_list.REVERSE_DROP
rich_list	rich_list.REVERSE_EQ_NIL
rich_list	rich_list.REVERSE_FLAT
rich_list	rich_list.REVERSE_FOLDL
rich_list	rich_list.REVERSE_FOLDR
rich_list	rich_list.REVERSE_HD
rich_list	rich_list.REVERSE_REPLICATE
rich_list	rich_list.REVERSE_REVERSE
rich_list	rich_list.REVERSE_SING
rich_list	rich_list.REVERSE_SNOC
rich_list	rich_list.REVERSE_TL
rich_list	rich_list.REVERSE_ZIP
rich_list	rich_list.SEG1
rich_list	rich_list.SEG_0_SNOC
rich_list	rich_list.SEG_APPEND
rich_list	rich_list.SEG_APPEND1
rich_list	rich_list.SEG_APPEND2
rich_list	rich_list.SEG_CONS
rich_list	rich_list.SEG_LASTN_BUTLASTN
rich_list	rich_list.SEG_LENGTH_ID
rich_list	rich_list.SEG_LENGTH_SNOC
rich_list	rich_list.SEG_REVERSE
rich_list	rich_list.SEG_SEG
rich_list	rich_list.SEG_SNOC
rich_list	rich_list.SEG_SUC_CONS
rich_list	rich_list.SEG_SUC_EL
rich_list	rich_list.SEG_TAKE_DROP
rich_list	rich_list.SEG_compute
rich_list	rich_list.SING_LIST_TO_SET
rich_list	rich_list.SNOC
rich_list	rich_list.SNOC_11
rich_list	rich_list.SNOC_ACYCLIC
rich_list	rich_list.SNOC_APPEND
rich_list	rich_list.SNOC_Axiom
rich_list	rich_list.SNOC_CASES
rich_list	rich_list.SNOC_EL_FIRSTN
rich_list	rich_list.SNOC_EL_TAKE
rich_list	rich_list.SNOC_EQ_LENGTH_EQ
rich_list	rich_list.SNOC_FOLDR
rich_list	rich_list.SNOC_INDUCT
rich_list	rich_list.SNOC_LASTN
rich_list	rich_list.SNOC_LAST_FRONT'
rich_list	rich_list.SNOC_REPLICATE
rich_list	rich_list.SNOC_REVERSE_CONS
rich_list	rich_list.SOME_EL
rich_list	rich_list.SOME_EL_APPEND
rich_list	rich_list.SOME_EL_BUTFIRSTN
rich_list	rich_list.SOME_EL_BUTLASTN
rich_list	rich_list.SOME_EL_DISJ
rich_list	rich_list.SOME_EL_FIRSTN
rich_list	rich_list.SOME_EL_FOLDL
rich_list	rich_list.SOME_EL_FOLDL_MAP
rich_list	rich_list.SOME_EL_FOLDR
rich_list	rich_list.SOME_EL_FOLDR_MAP
rich_list	rich_list.SOME_EL_LASTN
rich_list	rich_list.SOME_EL_MAP
rich_list	rich_list.SOME_EL_REVERSE
rich_list	rich_list.SOME_EL_SEG
rich_list	rich_list.SOME_EL_SNOC
rich_list	rich_list.SPLITP_APPEND
rich_list	rich_list.SPLITP_EVERY
rich_list	rich_list.SPLITP_IMP
rich_list	rich_list.SPLITP_JOIN
rich_list	rich_list.SPLITP_LENGTH
rich_list	rich_list.SPLITP_NIL_FST_IMP
rich_list	rich_list.SPLITP_NIL_SND_EVERY
rich_list	rich_list.SPLITP_compute
rich_list	rich_list.SPLITP_splitAtPki
rich_list	rich_list.SUM
rich_list	rich_list.SUM_APPEND
rich_list	rich_list.SUM_FLAT
rich_list	rich_list.SUM_FOLDL
rich_list	rich_list.SUM_FOLDR
rich_list	rich_list.SUM_IMAGE_count_MULT
rich_list	rich_list.SUM_IMAGE_count_SUM_GENLIST
rich_list	rich_list.SUM_REPLICATE
rich_list	rich_list.SUM_REVERSE
rich_list	rich_list.SUM_SNOC
rich_list	rich_list.SUM_SUBLIST
rich_list	rich_list.TAIL_BY_DROP
rich_list	rich_list.TAKE
rich_list	rich_list.TAKE_1_APPEND
rich_list	rich_list.TAKE_APPEND
rich_list	rich_list.TAKE_APPEND1
rich_list	rich_list.TAKE_APPEND2
rich_list	rich_list.TAKE_BUTLASTN
rich_list	rich_list.TAKE_DROP_SUC
rich_list	rich_list.TAKE_DROP_SWAP
rich_list	rich_list.TAKE_EL_SNOC
rich_list	rich_list.TAKE_FRONT
rich_list	rich_list.TAKE_LENGTH_APPEND
rich_list	rich_list.TAKE_LENGTH_APPEND2
rich_list	rich_list.TAKE_PRE_LENGTH
rich_list	rich_list.TAKE_REVERSE
rich_list	rich_list.TAKE_SEG
rich_list	rich_list.TAKE_SEG_DROP
rich_list	rich_list.TAKE_SNOC
rich_list	rich_list.TAKE_SUC
rich_list	rich_list.TAKE_SUC_BY_TAKE
rich_list	rich_list.TAKE_TAKE
rich_list	rich_list.TAKE_TAKE_T
rich_list	rich_list.TL
rich_list	rich_list.TL_DROP
rich_list	rich_list.TL_GENLIST
rich_list	rich_list.TL_SNOC
rich_list	rich_list.UNIQUE_LIST_ELEM_COUNT
rich_list	rich_list.UNZIP
rich_list	rich_list.UNZIP_SNOC
rich_list	rich_list.UNZIP_ZIP
rich_list	rich_list.ZIP
rich_list	rich_list.ZIP_APPEND
rich_list	rich_list.ZIP_COUNT_LIST
rich_list	rich_list.ZIP_FIRSTN
rich_list	rich_list.ZIP_FIRSTN_LEQ
rich_list	rich_list.ZIP_GENLIST
rich_list	rich_list.ZIP_MAP_MAP
rich_list	rich_list.ZIP_SNOC
rich_list	rich_list.ZIP_TAKE
rich_list	rich_list.ZIP_TAKE_LEQ
rich_list	rich_list.ZIP_UNZIP
rich_list	rich_list.all_distinct_count_list
rich_list	rich_list.all_distinct_list_el_inj
rich_list	rich_list.chunks_0
rich_list	rich_list.chunks_MAP
rich_list	rich_list.chunks_NIL
rich_list	rich_list.chunks_TAKE
rich_list	rich_list.chunks_ZIP
rich_list	rich_list.chunks_append_divides
rich_list	rich_list.chunks_def
rich_list	rich_list.chunks_ind
rich_list	rich_list.chunks_length
rich_list	rich_list.chunks_not_nil
rich_list	rich_list.chunks_tr_aux_def
rich_list	rich_list.chunks_tr_aux_ind
rich_list	rich_list.chunks_tr_aux_thm
rich_list	rich_list.chunks_tr_thm
rich_list	rich_list.common_prefixes_BIGINTER
rich_list	rich_list.common_prefixes_INSERT2
rich_list	rich_list.common_prefixes_NIL
rich_list	rich_list.common_prefixes_NONEMPTY
rich_list	rich_list.common_prefixes_PAIR
rich_list	rich_list.count_list_sub1
rich_list	rich_list.divides_EVERY_LENGTH_chunks
rich_list	rich_list.el_map_count
rich_list	rich_list.every_count_list
rich_list	rich_list.is_prefix_el
rich_list	rich_list.lcp2_assoc
rich_list	rich_list.lcp2_is_nil
rich_list	rich_list.lcp2_maximal
rich_list	rich_list.lcp2_prefix
rich_list	rich_list.lcp2_thm
rich_list	rich_list.lcp_CONS
rich_list	rich_list.lcp_cons2
rich_list	rich_list.lcp_is_nil
rich_list	rich_list.lcp_nil
rich_list	rich_list.lcp_oneline
rich_list	rich_list.lcp_sing
rich_list	rich_list.lcp_thm
rich_list	rich_list.list_rel_butlastn
rich_list	rich_list.list_rel_lastn
rich_list	rich_list.list_to_set_eq_el_image
rich_list	rich_list.longest_prefix_EMPTY
rich_list	rich_list.longest_prefix_INSERT2
rich_list	rich_list.longest_prefix_NIL
rich_list	rich_list.longest_prefix_PAIR
rich_list	rich_list.longest_prefix_SING
rich_list	rich_list.longest_prefix_UNIQUE
rich_list	rich_list.map_replicate
rich_list	rich_list.nub_GENLIST
rich_list	rich_list.prefixes_is_prefix_total
rich_list	rich_list.set_list_eq_count
rich_list	rich_list.sublist_ALL_DISTINCT
rich_list	rich_list.sublist_MONO_DEC
rich_list	rich_list.sublist_MONO_INC
rich_list	rich_list.sublist_antisym
rich_list	rich_list.sublist_append_extend
rich_list	rich_list.sublist_append_if
rich_list	rich_list.sublist_append_iff
rich_list	rich_list.sublist_append_include
rich_list	rich_list.sublist_append_only_if
rich_list	rich_list.sublist_append_pair
rich_list	rich_list.sublist_append_prefix
rich_list	rich_list.sublist_append_remove
rich_list	rich_list.sublist_append_suffix
rich_list	rich_list.sublist_cons
rich_list	rich_list.sublist_cons_eq
rich_list	rich_list.sublist_cons_include
rich_list	rich_list.sublist_cons_remove
rich_list	rich_list.sublist_def
rich_list	rich_list.sublist_drop
rich_list	rich_list.sublist_every
rich_list	rich_list.sublist_front
rich_list	rich_list.sublist_head_sing
rich_list	rich_list.sublist_ind
rich_list	rich_list.sublist_induct
rich_list	rich_list.sublist_last_sing
rich_list	rich_list.sublist_length
rich_list	rich_list.sublist_mem
rich_list	rich_list.sublist_member_sing
rich_list	rich_list.sublist_nil
rich_list	rich_list.sublist_of_nil
rich_list	rich_list.sublist_order
rich_list	rich_list.sublist_prefix
rich_list	rich_list.sublist_prefix_nil
rich_list	rich_list.sublist_refl
rich_list	rich_list.sublist_snoc
rich_list	rich_list.sublist_subset
rich_list	rich_list.sublist_suffix
rich_list	rich_list.sublist_tail
rich_list	rich_list.sublist_take
rich_list	rich_list.sublist_trans
rich_list	rich_list.sum_of_sums
rich_list	rich_list.take_drop_partition
rich_list	rich_list.two_common_prefixes
ring	ring.EXISTS_ring
ring	ring.FORALL_ring
ring	ring.LIST_REL_ring_associates_product
ring	ring.WHILE_RULE_PRE_POST
ring	ring.ZN_1_exp
ring	ring.ZN_card
ring	ring.ZN_char
ring	ring.ZN_coprime_euler_element
ring	ring.ZN_coprime_exp_mod
ring	ring.ZN_coprime_invertible
ring	ring.ZN_coprime_order
ring	ring.ZN_coprime_order_alt
ring	ring.ZN_coprime_order_divides_phi
ring	ring.ZN_coprime_order_divides_totient
ring	ring.ZN_coprime_order_gt_1
ring	ring.ZN_coprime_order_lt
ring	ring.ZN_eval
ring	ring.ZN_exp
ring	ring.ZN_finite
ring	ring.ZN_finite_ring
ring	ring.ZN_ids
ring	ring.ZN_ids_alt
ring	ring.ZN_invertibles
ring	ring.ZN_invertibles_finite_group
ring	ring.ZN_invertibles_group
ring	ring.ZN_invertibles_order
ring	ring.ZN_mult_inv_coprime
ring	ring.ZN_mult_inv_coprime_iff
ring	ring.ZN_not_coprime
ring	ring.ZN_num
ring	ring.ZN_num_0
ring	ring.ZN_num_1
ring	ring.ZN_num_mod
ring	ring.ZN_order_0
ring	ring.ZN_order_1
ring	ring.ZN_order_divides_exp
ring	ring.ZN_order_divides_phi
ring	ring.ZN_order_divides_tops_index
ring	ring.ZN_order_divisibility
ring	ring.ZN_order_eq_0
ring	ring.ZN_order_eq_0_iff
ring	ring.ZN_order_eq_0_test
ring	ring.ZN_order_eq_1
ring	ring.ZN_order_eq_1_alt
ring	ring.ZN_order_eq_1_by_prime_factors
ring	ring.ZN_order_gt_1_property
ring	ring.ZN_order_le
ring	ring.ZN_order_le_tops_index
ring	ring.ZN_order_lt
ring	ring.ZN_order_minimal
ring	ring.ZN_order_mod
ring	ring.ZN_order_mod_1
ring	ring.ZN_order_nonzero
ring	ring.ZN_order_nonzero_iff
ring	ring.ZN_order_property
ring	ring.ZN_order_property_alt
ring	ring.ZN_order_test_1
ring	ring.ZN_order_test_2
ring	ring.ZN_order_test_3
ring	ring.ZN_order_test_4
ring	ring.ZN_order_test_propery
ring	ring.ZN_order_upper
ring	ring.ZN_order_with_coprime_1
ring	ring.ZN_order_with_coprime_2
ring	ring.ZN_property
ring	ring.ZN_ring
ring	ring.ZN_to_ZN_element
ring	ring.ZN_to_ZN_prod_monoid_homo
ring	ring.ZN_to_ZN_ring_homo
ring	ring.ZN_to_ZN_sum_group_homo
ring	ring.ZP_finite
ring	ring.ZP_finite_integral_domain
ring	ring.ZP_integral_domain
ring	ring.Z_add_abelian_group
ring	ring.Z_add_group
ring	ring.Z_add_inv
ring	ring.Z_euclid_ring
ring	ring.Z_ideal_map_bij
ring	ring.Z_ideal_map_element
ring	ring.Z_ideal_map_group_homo
ring	ring.Z_ideal_map_monoid_homo
ring	ring.Z_ideal_sum_group
ring	ring.Z_ideal_sum_normal
ring	ring.Z_ideal_sum_subgroup
ring	ring.Z_ideal_thm
ring	ring.Z_mult_abelian_monoid
ring	ring.Z_mult_monoid
ring	ring.Z_multiple_less_neg_eq
ring	ring.Z_principal_ideal_ring
ring	ring.Z_quotient_iso_ZN
ring	ring.Z_ring
ring	ring.Z_sum_cogen
ring	ring.Z_sum_coset_eq
ring	ring.char_eq_0
ring	ring.char_minimal
ring	ring.char_property
ring	ring.compute_ordz_0
ring	ring.compute_ordz_1
ring	ring.compute_ordz_eqn
ring	ring.compute_ordz_hoare
ring	ring.datatype_ring
ring	ring.euclid_ring_map
ring	ring.euclid_ring_principal_ideal_ring
ring	ring.euclid_ring_property
ring	ring.euclid_ring_ring
ring	ring.finite_integral_domain_nonzero_group
ring	ring.finite_integral_domain_nonzero_invertible
ring	ring.finite_integral_domain_nonzero_invertible_alt
ring	ring.finite_integral_domain_period_exists
ring	ring.finite_ring_add_finite_abelian_group
ring	ring.finite_ring_add_finite_group
ring	ring.finite_ring_card_eq_1
ring	ring.finite_ring_card_pos
ring	ring.finite_ring_card_prime
ring	ring.finite_ring_char
ring	ring.finite_ring_char_alt
ring	ring.finite_ring_char_divides
ring	ring.finite_ring_char_pos
ring	ring.finite_ring_is_ring
ring	ring.finite_ring_mult_finite_abelian_monoid
ring	ring.finite_ring_mult_finite_monoid
ring	ring.homo_ring_by_inj
ring	ring.homo_ring_property
ring	ring.homo_ring_ring
ring	ring.homo_ring_subring
ring	ring.ideal_antisym
ring	ring.ideal_carrier_sing
ring	ring.ideal_carriers
ring	ring.ideal_cogen_property
ring	ring.ideal_congruence_elements
ring	ring.ideal_congruence_equiv
ring	ring.ideal_congruence_iff_inCoset
ring	ring.ideal_congruence_mult
ring	ring.ideal_congruence_refl
ring	ring.ideal_congruence_sym
ring	ring.ideal_congruence_trans
ring	ring.ideal_coset_add
ring	ring.ideal_coset_element
ring	ring.ideal_coset_eq
ring	ring.ideal_coset_eq_carrier
ring	ring.ideal_coset_eq_congruence
ring	ring.ideal_coset_has_gen_diff
ring	ring.ideal_coset_mult
ring	ring.ideal_coset_neg
ring	ring.ideal_coset_of_element
ring	ring.ideal_coset_property
ring	ring.ideal_coset_zero
ring	ring.ideal_element
ring	ring.ideal_element_property
ring	ring.ideal_eq_ideal
ring	ring.ideal_gen_exists
ring	ring.ideal_gen_minimal
ring	ring.ideal_has_diff
ring	ring.ideal_has_multiple
ring	ring.ideal_has_neg
ring	ring.ideal_has_one
ring	ring.ideal_has_principal_ideal
ring	ring.ideal_has_product
ring	ring.ideal_has_subgroup
ring	ring.ideal_has_sum
ring	ring.ideal_has_zero
ring	ring.ideal_in_quotient_ring
ring	ring.ideal_ops
ring	ring.ideal_product_property
ring	ring.ideal_property
ring	ring.ideal_refl
ring	ring.ideal_sub_ideal
ring	ring.ideal_sub_itself
ring	ring.ideal_subgroup_ideal_sum
ring	ring.ideal_sum_comm
ring	ring.ideal_sum_element
ring	ring.ideal_sum_group
ring	ring.ideal_sum_has_ideal
ring	ring.ideal_sum_has_ideal_comm
ring	ring.ideal_sum_ideal
ring	ring.ideal_sum_sub_ideal
ring	ring.ideal_sum_subgroup
ring	ring.ideal_with_one
ring	ring.ideal_with_unit
ring	ring.ideal_zero
ring	ring.integral_domain_char
ring	ring.integral_domain_divides_prime
ring	ring.integral_domain_exp_eq
ring	ring.integral_domain_exp_eq_zero
ring	ring.integral_domain_exp_nonzero
ring	ring.integral_domain_is_ring
ring	ring.integral_domain_mult_eq_zero
ring	ring.integral_domain_mult_lcancel
ring	ring.integral_domain_mult_nonzero
ring	ring.integral_domain_mult_rcancel
ring	ring.integral_domain_nonzero_monoid
ring	ring.integral_domain_nonzero_mult_carrier
ring	ring.integral_domain_nonzero_mult_is_monoid
ring	ring.integral_domain_nonzero_mult_property
ring	ring.integral_domain_nonzero_order
ring	ring.integral_domain_one_ne_zero
ring	ring.integral_domain_one_nonzero
ring	ring.integral_domain_order_eq_0
ring	ring.integral_domain_order_nonzero
ring	ring.integral_domain_order_zero
ring	ring.integral_domain_prime_factors_unique
ring	ring.integral_domain_ring_iso
ring	ring.integral_domain_zero_not_unit
ring	ring.integral_domain_zero_product
ring	ring.irreducible_associates
ring	ring.irreducible_element
ring	ring.irreducible_factors
ring	ring.kernel_ideal_element
ring	ring.kernel_ideal_gen_add_map
ring	ring.kernel_ideal_gen_id_map
ring	ring.kernel_ideal_gen_mult_map
ring	ring.kernel_ideal_quotient_bij
ring	ring.kernel_ideal_quotient_element_eq
ring	ring.kernel_ideal_quotient_homo
ring	ring.kernel_ideal_quotient_inj
ring	ring.kernel_ideal_quotient_iso
ring	ring.kernel_ideal_quotient_surj
ring	ring.kernel_ideal_sum_eqn
ring	ring.ordz_eval
ring	ring.prime_is_irreducible
ring	ring.principal_ideal_element
ring	ring.principal_ideal_element_divides
ring	ring.principal_ideal_eq_principal_ideal
ring	ring.principal_ideal_equal_principal_ideal
ring	ring.principal_ideal_group
ring	ring.principal_ideal_has_element
ring	ring.principal_ideal_has_principal_ideal
ring	ring.principal_ideal_ideal
ring	ring.principal_ideal_property
ring	ring.principal_ideal_ring_atom_is_prime
ring	ring.principal_ideal_ring_ideal_maximal
ring	ring.principal_ideal_ring_irreducible_is_prime
ring	ring.principal_ideal_sub_implies_divides
ring	ring.principal_ideal_subgroup
ring	ring.principal_ideal_subgroup_normal
ring	ring.principal_ideal_sum_eq_ideal
ring	ring.principal_ideal_sum_equal_ideal
ring	ring.quotient_ring_add_abelian_group
ring	ring.quotient_ring_add_assoc
ring	ring.quotient_ring_add_comm
ring	ring.quotient_ring_add_element
ring	ring.quotient_ring_add_group
ring	ring.quotient_ring_add_id
ring	ring.quotient_ring_add_inv
ring	ring.quotient_ring_by_principal_ideal
ring	ring.quotient_ring_element
ring	ring.quotient_ring_has_ideal
ring	ring.quotient_ring_homo
ring	ring.quotient_ring_homo_kernel
ring	ring.quotient_ring_homo_kernel_ideal
ring	ring.quotient_ring_homo_surj
ring	ring.quotient_ring_mult_abelian_monoid
ring	ring.quotient_ring_mult_assoc
ring	ring.quotient_ring_mult_comm
ring	ring.quotient_ring_mult_element
ring	ring.quotient_ring_mult_id
ring	ring.quotient_ring_mult_ladd
ring	ring.quotient_ring_mult_monoid
ring	ring.quotient_ring_property
ring	ring.quotient_ring_ring
ring	ring.quotient_ring_ring_sing
ring	ring.ring_11
ring	ring.ring_Axiom
ring	ring.ring_accessors
ring	ring.ring_accfupds
ring	ring.ring_add_abelian_group
ring	ring.ring_add_assoc
ring	ring.ring_add_assoc_comm
ring	ring.ring_add_char_2
ring	ring.ring_add_comm
ring	ring.ring_add_element
ring	ring.ring_add_eq_zero
ring	ring.ring_add_exp_eqn
ring	ring.ring_add_group
ring	ring.ring_add_group_rwt
ring	ring.ring_add_lcancel
ring	ring.ring_add_lneg
ring	ring.ring_add_lneg_assoc
ring	ring.ring_add_lzero
ring	ring.ring_add_pair_sub
ring	ring.ring_add_rcancel
ring	ring.ring_add_rneg
ring	ring.ring_add_rneg_assoc
ring	ring.ring_add_rzero
ring	ring.ring_add_sub
ring	ring.ring_add_sub_assoc
ring	ring.ring_add_sub_comm
ring	ring.ring_add_sub_identity
ring	ring.ring_add_zero_zero
ring	ring.ring_associates_divides
ring	ring.ring_associates_mult
ring	ring.ring_associates_refl
ring	ring.ring_associates_sym
ring	ring.ring_associates_trans
ring	ring.ring_auto_I
ring	ring.ring_auto_bij
ring	ring.ring_auto_cong
ring	ring.ring_auto_element
ring	ring.ring_auto_ids
ring	ring.ring_auto_linv_auto
ring	ring.ring_auto_one
ring	ring.ring_auto_zero
ring	ring.ring_binomial_2
ring	ring.ring_binomial_3
ring	ring.ring_binomial_4
ring	ring.ring_binomial_genlist_index_shift
ring	ring.ring_binomial_index_shift
ring	ring.ring_binomial_term_merge_x
ring	ring.ring_binomial_term_merge_y
ring	ring.ring_binomial_thm
ring	ring.ring_carrier_nonempty
ring	ring.ring_carriers
ring	ring.ring_case_cong
ring	ring.ring_case_eq
ring	ring.ring_char_0
ring	ring.ring_char_1
ring	ring.ring_char_2_double
ring	ring.ring_char_2_neg_one
ring	ring.ring_char_2_property
ring	ring.ring_char_alt
ring	ring.ring_char_divides
ring	ring.ring_char_eq_1
ring	ring.ring_char_prime
ring	ring.ring_char_prime_endo
ring	ring.ring_component_equality
ring	ring.ring_divides_associates
ring	ring.ring_divides_by_one
ring	ring.ring_divides_by_unit
ring	ring.ring_divides_iso
ring	ring.ring_divides_le
ring	ring.ring_divides_refl
ring	ring.ring_divides_trans
ring	ring.ring_divides_zero
ring	ring.ring_eq_unit_eq
ring	ring.ring_exp_0
ring	ring.ring_exp_1
ring	ring.ring_exp_SUC
ring	ring.ring_exp_add
ring	ring.ring_exp_add_assoc
ring	ring.ring_exp_comm
ring	ring.ring_exp_element
ring	ring.ring_exp_mod_order
ring	ring.ring_exp_mult
ring	ring.ring_exp_mult_comm
ring	ring.ring_exp_neg
ring	ring.ring_exp_small
ring	ring.ring_exp_suc
ring	ring.ring_factor_multiple
ring	ring.ring_fermat_all
ring	ring.ring_fermat_thm
ring	ring.ring_first_isomorphism_thm
ring	ring.ring_fn_updates
ring	ring.ring_freshman_all
ring	ring.ring_freshman_all_sub
ring	ring.ring_freshman_thm
ring	ring.ring_freshman_thm_sub
ring	ring.ring_fun_add
ring	ring.ring_fun_from_ring_fun
ring	ring.ring_fun_from_ring_fun_exp
ring	ring.ring_fun_genlist
ring	ring.ring_fun_map
ring	ring.ring_fupdcanon
ring	ring.ring_fupdcanon_comp
ring	ring.ring_fupdfupds
ring	ring.ring_fupdfupds_comp
ring	ring.ring_gcd_divides
ring	ring.ring_gcd_element
ring	ring.ring_gcd_is_gcd
ring	ring.ring_gcd_linear
ring	ring.ring_gcd_property
ring	ring.ring_gcd_sym
ring	ring.ring_gcd_zero
ring	ring.ring_homo_I_refl
ring	ring.ring_homo_add
ring	ring.ring_homo_char_divides
ring	ring.ring_homo_compose
ring	ring.ring_homo_cong
ring	ring.ring_homo_element
ring	ring.ring_homo_eq_zero
ring	ring.ring_homo_exp
ring	ring.ring_homo_ideal_group
ring	ring.ring_homo_ideal_ideal
ring	ring.ring_homo_ideal_subgroup
ring	ring.ring_homo_ids
ring	ring.ring_homo_image_bij
ring	ring.ring_homo_image_carrier
ring	ring.ring_homo_image_homo
ring	ring.ring_homo_image_is_subring
ring	ring.ring_homo_image_iso
ring	ring.ring_homo_image_ring
ring	ring.ring_homo_image_subring
ring	ring.ring_homo_image_subring_subring
ring	ring.ring_homo_image_surj_property
ring	ring.ring_homo_inv
ring	ring.ring_homo_kernel_ideal
ring	ring.ring_homo_linv_homo
ring	ring.ring_homo_mult
ring	ring.ring_homo_neg
ring	ring.ring_homo_num
ring	ring.ring_homo_num_nonzero
ring	ring.ring_homo_one
ring	ring.ring_homo_one_eq_zero
ring	ring.ring_homo_property
ring	ring.ring_homo_ring_homo_subring
ring	ring.ring_homo_sub
ring	ring.ring_homo_subring_homo
ring	ring.ring_homo_sum_num_property
ring	ring.ring_homo_sym
ring	ring.ring_homo_sym_any
ring	ring.ring_homo_trans
ring	ring.ring_homo_unit
ring	ring.ring_homo_unit_inv
ring	ring.ring_homo_unit_inv_element
ring	ring.ring_homo_unit_inv_nonzero
ring	ring.ring_homo_unit_nonzero
ring	ring.ring_homo_zero
ring	ring.ring_induction
ring	ring.ring_inj_image_alt
ring	ring.ring_inj_image_carrier
ring	ring.ring_inj_image_prod_abelian_monoid
ring	ring.ring_inj_image_prod_monoid
ring	ring.ring_inj_image_prod_monoid_homo
ring	ring.ring_inj_image_ring
ring	ring.ring_inj_image_ring_homo
ring	ring.ring_inj_image_sum_abelian_group
ring	ring.ring_inj_image_sum_group
ring	ring.ring_inj_image_sum_group_homo
ring	ring.ring_inj_image_sum_monoid
ring	ring.ring_inv_one
ring	ring.ring_irreducible_gcd
ring	ring.ring_iso_I_refl
ring	ring.ring_iso_add
ring	ring.ring_iso_bij
ring	ring.ring_iso_card_eq
ring	ring.ring_iso_char_eq
ring	ring.ring_iso_compose
ring	ring.ring_iso_cong
ring	ring.ring_iso_element
ring	ring.ring_iso_element_unique
ring	ring.ring_iso_eq_one
ring	ring.ring_iso_eq_zero
ring	ring.ring_iso_exp
ring	ring.ring_iso_ids
ring	ring.ring_iso_inv
ring	ring.ring_iso_inverse
ring	ring.ring_iso_inverse_element
ring	ring.ring_iso_linv_iso
ring	ring.ring_iso_mult
ring	ring.ring_iso_neg
ring	ring.ring_iso_nonzero
ring	ring.ring_iso_num
ring	ring.ring_iso_one
ring	ring.ring_iso_property
ring	ring.ring_iso_ring_homo_subring
ring	ring.ring_iso_sub
ring	ring.ring_iso_subring_iso
ring	ring.ring_iso_sym
ring	ring.ring_iso_sym_any
ring	ring.ring_iso_trans
ring	ring.ring_iso_unit
ring	ring.ring_iso_zero
ring	ring.ring_list_SNOC
ring	ring.ring_list_cons
ring	ring.ring_list_from_genlist
ring	ring.ring_list_from_genlist_ring_fun
ring	ring.ring_list_front_last
ring	ring.ring_list_gen_from_ring_fun
ring	ring.ring_list_nil
ring	ring.ring_literal_11
ring	ring.ring_literal_nchotomy
ring	ring.ring_mult_abelian_monoid
ring	ring.ring_mult_add
ring	ring.ring_mult_add_neg
ring	ring.ring_mult_add_neg_assoc
ring	ring.ring_mult_add_neg_mult
ring	ring.ring_mult_add_neg_mult_assoc
ring	ring.ring_mult_assoc
ring	ring.ring_mult_assoc_comm
ring	ring.ring_mult_comm
ring	ring.ring_mult_divides
ring	ring.ring_mult_element
ring	ring.ring_mult_exp
ring	ring.ring_mult_ladd
ring	ring.ring_mult_lneg
ring	ring.ring_mult_lone
ring	ring.ring_mult_lsub
ring	ring.ring_mult_lzero
ring	ring.ring_mult_monoid
ring	ring.ring_mult_monoid_rwt
ring	ring.ring_mult_neg_neg
ring	ring.ring_mult_one_one
ring	ring.ring_mult_pair_diff
ring	ring.ring_mult_pair_sub
ring	ring.ring_mult_radd
ring	ring.ring_mult_rneg
ring	ring.ring_mult_rone
ring	ring.ring_mult_rsub
ring	ring.ring_mult_rzero
ring	ring.ring_mult_zero_zero
ring	ring.ring_nchotomy
ring	ring.ring_neg_add
ring	ring.ring_neg_add_comm
ring	ring.ring_neg_add_neg
ring	ring.ring_neg_add_neg_assoc
ring	ring.ring_neg_add_neg_mult
ring	ring.ring_neg_add_neg_mult_assoc
ring	ring.ring_neg_char_2
ring	ring.ring_neg_element
ring	ring.ring_neg_eq
ring	ring.ring_neg_eq_swap
ring	ring.ring_neg_eq_zero
ring	ring.ring_neg_exp
ring	ring.ring_neg_mult
ring	ring.ring_neg_mult_add_neg_mult
ring	ring.ring_neg_mult_add_neg_mult_assoc
ring	ring.ring_neg_neg
ring	ring.ring_neg_nonzero
ring	ring.ring_neg_one_eq_one
ring	ring.ring_neg_square
ring	ring.ring_neg_sub
ring	ring.ring_neg_zero
ring	ring.ring_nonzero_element
ring	ring.ring_nonzero_eq
ring	ring.ring_nonzero_mult_carrier
ring	ring.ring_num_0
ring	ring.ring_num_1
ring	ring.ring_num_2
ring	ring.ring_num_SUC
ring	ring.ring_num_add
ring	ring.ring_num_add_assoc
ring	ring.ring_num_add_mult
ring	ring.ring_num_add_mult_assoc
ring	ring.ring_num_all_zero
ring	ring.ring_num_char_coprime_nonzero
ring	ring.ring_num_element
ring	ring.ring_num_eq
ring	ring.ring_num_exp
ring	ring.ring_num_mod
ring	ring.ring_num_mult
ring	ring.ring_num_mult_assoc
ring	ring.ring_num_mult_element
ring	ring.ring_num_mult_exp
ring	ring.ring_num_mult_neg
ring	ring.ring_num_mult_radd
ring	ring.ring_num_mult_small
ring	ring.ring_num_mult_suc
ring	ring.ring_num_negative
ring	ring.ring_num_one
ring	ring.ring_num_sub
ring	ring.ring_num_suc
ring	ring.ring_one_element
ring	ring.ring_one_eq_zero
ring	ring.ring_one_exp
ring	ring.ring_one_unique
ring	ring.ring_prime_divides_product
ring	ring.ring_prime_iso
ring	ring.ring_product_factors_divide
ring	ring.ring_single_add_mult
ring	ring.ring_single_add_mult_assoc
ring	ring.ring_single_add_neg_mult
ring	ring.ring_single_add_neg_mult_assoc
ring	ring.ring_single_add_single
ring	ring.ring_single_add_single_assoc
ring	ring.ring_single_mult_exp
ring	ring.ring_single_mult_exp_assoc
ring	ring.ring_single_mult_single
ring	ring.ring_single_mult_single_assoc
ring	ring.ring_sub_add
ring	ring.ring_sub_element
ring	ring.ring_sub_eq
ring	ring.ring_sub_eq_add
ring	ring.ring_sub_eq_zero
ring	ring.ring_sub_lcancel
ring	ring.ring_sub_pair_reduce
ring	ring.ring_sub_rcancel
ring	ring.ring_sub_zero
ring	ring.ring_sum_SNOC
ring	ring.ring_sum_append
ring	ring.ring_sum_cons
ring	ring.ring_sum_decompose_first
ring	ring.ring_sum_decompose_first_last
ring	ring.ring_sum_decompose_last
ring	ring.ring_sum_element
ring	ring.ring_sum_freshman_all
ring	ring.ring_sum_freshman_thm
ring	ring.ring_sum_fun_zero
ring	ring.ring_sum_genlist_add
ring	ring.ring_sum_genlist_append
ring	ring.ring_sum_genlist_const
ring	ring.ring_sum_genlist_sum
ring	ring.ring_sum_mult
ring	ring.ring_sum_mult_ladd
ring	ring.ring_sum_nil
ring	ring.ring_sum_sing
ring	ring.ring_sum_zero
ring	ring.ring_unit_element
ring	ring.ring_unit_has_inv
ring	ring.ring_unit_inv_element
ring	ring.ring_unit_inv_inv
ring	ring.ring_unit_inv_nonzero
ring	ring.ring_unit_linv
ring	ring.ring_unit_linv_inv
ring	ring.ring_unit_linv_unique
ring	ring.ring_unit_mult_eq_unit
ring	ring.ring_unit_mult_unit
ring	ring.ring_unit_mult_zero
ring	ring.ring_unit_neg
ring	ring.ring_unit_nonzero
ring	ring.ring_unit_one
ring	ring.ring_unit_property
ring	ring.ring_unit_rinv
ring	ring.ring_unit_rinv_inv
ring	ring.ring_unit_rinv_unique
ring	ring.ring_unit_zero
ring	ring.ring_units_abelain_group
ring	ring.ring_units_element
ring	ring.ring_units_group
ring	ring.ring_units_has_one
ring	ring.ring_units_has_zero
ring	ring.ring_units_property
ring	ring.ring_updates_eq_literal
ring	ring.ring_zero_divides
ring	ring.ring_zero_element
ring	ring.ring_zero_exp
ring	ring.ring_zero_fix
ring	ring.ring_zero_sub
ring	ring.ring_zero_unique
ring	ring.subring_I_antisym
ring	ring.subring_add
ring	ring.subring_by_subgroup_submonoid
ring	ring.subring_carrier_antisym
ring	ring.subring_carrier_finite
ring	ring.subring_carrier_subset
ring	ring.subring_char
ring	ring.subring_char_divides
ring	ring.subring_element
ring	ring.subring_element_alt
ring	ring.subring_exp
ring	ring.subring_finite_ring
ring	ring.subring_homo_homo
ring	ring.subring_ids
ring	ring.subring_mult
ring	ring.subring_neg
ring	ring.subring_num
ring	ring.subring_one
ring	ring.subring_prod_submonoid
ring	ring.subring_property
ring	ring.subring_refl
ring	ring.subring_ring_iso_compose
ring	ring.subring_ring_iso_ring_homo_subring
ring	ring.subring_sub
ring	ring.subring_sum_subgroup
ring	ring.subring_trans
ring	ring.subring_unit
ring	ring.subring_unit_inv
ring	ring.subring_unit_inv_element
ring	ring.subring_unit_inv_nonzero
ring	ring.subring_unit_nonzero
ring	ring.subring_zero
ring	ring.symdiff_eval
ring	ring.symdiff_set_inter_char
ring	ring.symdiff_set_inter_ring
ring	ring.symdiff_univ_univ_eq_empty
ring	ring.trivial_char
ring	ring.trivial_integral_domain
ring	ring.trivial_ring
ring	ring.trivial_ring_thm
ring	ring.unit_eq_refl
ring	ring.unit_eq_sym
ring	ring.unit_eq_trans
ring	ring.zero_ideal_ideal
ring	ring.zero_ideal_sing
sat	sat.AND_IMP
sat	sat.AND_INV
sat	sat.AND_INV2
sat	sat.AND_INV_IMP
sat	sat.EQF_Imp1
sat	sat.EQT_Imp1
sat	sat.NOT_ELIM2
sat	sat.NOT_NOT
sat	sat.OR_DUAL
sat	sat.OR_DUAL2
sat	sat.OR_DUAL3
sat	sat.dc_cond
sat	sat.dc_conj
sat	sat.dc_disj
sat	sat.dc_eq
sat	sat.dc_imp
sat	sat.dc_neg
sat	sat.pth_an1
sat	sat.pth_an2
sat	sat.pth_ni1
sat	sat.pth_ni2
sat	sat.pth_nn
sat	sat.pth_no1
sat	sat.pth_no2
seq	seq.ABS_NEG_LEMMA
seq	seq.BOLZANO_LEMMA
seq	seq.BOLZANO_LEMMA_ALT
seq	seq.GP
seq	seq.GP_FINITE
seq	seq.HARMONIC_SERIES_POW_2
seq	seq.INCREASING_SEQ
seq	seq.LE_SEQ_IMP_LE_LIM
seq	seq.LIM_SEQUENTIALLY_SEQ
seq	seq.LIM_SEQUENTIALLY_SEQ'
seq	seq.MAX_LEMMA
seq	seq.MONO_SUC
seq	seq.NEST_LEMMA
seq	seq.NEST_LEMMA_UNIQ
seq	seq.POS_SUMMABLE
seq	seq.POW_HALF_MONO
seq	seq.POW_HALF_SER
seq	seq.POW_HALF_SMALL
seq	seq.SEQ
seq	seq.SEQ_ABS
seq	seq.SEQ_ABS_IMP
seq	seq.SEQ_ADD
seq	seq.SEQ_BCONV
seq	seq.SEQ_BOUNDED
seq	seq.SEQ_BOUNDED_2
seq	seq.SEQ_CAUCHY
seq	seq.SEQ_CBOUNDED
seq	seq.SEQ_CONST
seq	seq.SEQ_DIRECT
seq	seq.SEQ_DIV
seq	seq.SEQ_ICONV
seq	seq.SEQ_INV
seq	seq.SEQ_INV0
seq	seq.SEQ_LE
seq	seq.SEQ_LE_IMP_LIM_LE
seq	seq.SEQ_LE_MONO
seq	seq.SEQ_LIM
seq	seq.SEQ_MONOSUB
seq	seq.SEQ_MONO_LE
seq	seq.SEQ_MUL
seq	seq.SEQ_NEG
seq	seq.SEQ_NEG_BOUNDED
seq	seq.SEQ_NEG_CONV
seq	seq.SEQ_POWER
seq	seq.SEQ_POWER_ABS
seq	seq.SEQ_REAL_SUM_IMAGE
seq	seq.SEQ_SANDWICH
seq	seq.SEQ_SBOUNDED
seq	seq.SEQ_SUB
seq	seq.SEQ_SUBLE
seq	seq.SEQ_SUC
seq	seq.SEQ_UNIQ
seq	seq.SER_0
seq	seq.SER_ABS
seq	seq.SER_ACONV
seq	seq.SER_ADD
seq	seq.SER_CAUCHY
seq	seq.SER_CDIV
seq	seq.SER_CMUL
seq	seq.SER_COMPAR
seq	seq.SER_COMPARA
seq	seq.SER_GROUP
seq	seq.SER_LE
seq	seq.SER_LE2
seq	seq.SER_NEG
seq	seq.SER_OFFSET
seq	seq.SER_PAIR
seq	seq.SER_POS
seq	seq.SER_POS_COMPARE
seq	seq.SER_POS_LE
seq	seq.SER_POS_LT
seq	seq.SER_POS_LT_PAIR
seq	seq.SER_POS_MONO
seq	seq.SER_RATIO
seq	seq.SER_SUB
seq	seq.SER_ZERO
seq	seq.SUBSEQ_SUC
seq	seq.SUMINF_2D
seq	seq.SUMINF_ADD
seq	seq.SUMINF_POS
seq	seq.SUMMABLE_LE
seq	seq.SUMMABLE_SUM
seq	seq.SUMS_EQ
seq	seq.SUMS_ZERO
seq	seq.SUM_CONST_R
seq	seq.SUM_SUMMABLE
seq	seq.SUM_UNIQ
seq	seq.cauchy
seq	seq.mono_decreasing_suc
seq	seq.mono_increasing_converges_to_sup
seq	seq.mono_increasing_suc
seq	seq.suminf_univ
seq	seq.summable_univ
seq	seq.sums_univ
set_relation	set_relation.IN_MIN_LO
set_relation	set_relation.REL_RESTRICT_UNIV
set_relation	set_relation.RREFL_EXP_RSUBSET
set_relation	set_relation.RREFL_EXP_UNIV
set_relation	set_relation.StrongOrder_extends_to_StrongLinearOrder
set_relation	set_relation.WF_acyclic
set_relation	set_relation.WF_has_minimal_path
set_relation	set_relation.acyclic_SWAP
set_relation	set_relation.acyclic_WF
set_relation	set_relation.acyclic_bigunion
set_relation	set_relation.acyclic_irreflexive
set_relation	set_relation.acyclic_reln_to_rel_conv
set_relation	set_relation.acyclic_rrestrict
set_relation	set_relation.acyclic_subset
set_relation	set_relation.acyclic_union_E
set_relation	set_relation.acyclic_union_I
set_relation	set_relation.all_choices_thm
set_relation	set_relation.antisym_reln_to_rel_conv
set_relation	set_relation.antisym_subset
set_relation	set_relation.countable_per
set_relation	set_relation.domain_mono
set_relation	set_relation.domain_rrestrict_SUBSET
set_relation	set_relation.domain_to_rel_conv
set_relation	set_relation.empty_linear_order
set_relation	set_relation.empty_strict_linear_order
set_relation	set_relation.extend_linear_order
set_relation	set_relation.finite_acyclic_has_maximal
set_relation	set_relation.finite_acyclic_has_maximal_path
set_relation	set_relation.finite_acyclic_has_minimal
set_relation	set_relation.finite_acyclic_has_minimal_path
set_relation	set_relation.finite_linear_order_has_maximal
set_relation	set_relation.finite_linear_order_has_minimal
set_relation	set_relation.finite_prefix_linear_order_has_unique_minimal
set_relation	set_relation.finite_prefix_po_has_minimal_path
set_relation	set_relation.finite_prefixes_comp
set_relation	set_relation.finite_prefixes_inj_image
set_relation	set_relation.finite_prefixes_range
set_relation	set_relation.finite_prefixes_subset
set_relation	set_relation.finite_prefixes_subset_r
set_relation	set_relation.finite_prefixes_subset_rs
set_relation	set_relation.finite_prefixes_subset_s
set_relation	set_relation.finite_prefixes_union
set_relation	set_relation.finite_sc
set_relation	set_relation.finite_strict_linear_order_has_maximal
set_relation	set_relation.finite_strict_linear_order_has_minimal
set_relation	set_relation.in_dom_rg
set_relation	set_relation.in_domain
set_relation	set_relation.in_range
set_relation	set_relation.in_rel_to_reln
set_relation	set_relation.in_rrestrict
set_relation	set_relation.in_rrestrict_alt
set_relation	set_relation.irreflexive_reln_to_rel_conv
set_relation	set_relation.irreflexive_reln_to_rel_conv_UNIV
set_relation	set_relation.irreflexive_union
set_relation	set_relation.linear_order
set_relation	set_relation.linear_order_dom_rg
set_relation	set_relation.linear_order_dom_rng
set_relation	set_relation.linear_order_in_set
set_relation	set_relation.linear_order_num_order
set_relation	set_relation.linear_order_of_countable_po
set_relation	set_relation.linear_order_refl
set_relation	set_relation.linear_order_reln_to_rel_conv_UNIV
set_relation	set_relation.linear_order_restrict
set_relation	set_relation.linear_order_subset
set_relation	set_relation.maximal_TC
set_relation	set_relation.maximal_linear_order
set_relation	set_relation.maximal_union
set_relation	set_relation.minimal_TC
set_relation	set_relation.minimal_elements_SWAP
set_relation	set_relation.minimal_elements_mono
set_relation	set_relation.minimal_elements_rrestrict
set_relation	set_relation.minimal_elements_subset
set_relation	set_relation.minimal_linear_order
set_relation	set_relation.minimal_linear_order_unique
set_relation	set_relation.minimal_union
set_relation	set_relation.nat_order_iso_thm
set_relation	set_relation.nth_min_compute
set_relation	set_relation.nth_min_def
set_relation	set_relation.nth_min_ind
set_relation	set_relation.num_order_finite_prefix
set_relation	set_relation.partial_order_dom_rng
set_relation	set_relation.partial_order_linear_order
set_relation	set_relation.partial_order_reln_to_rel_conv
set_relation	set_relation.partial_order_reln_to_rel_conv_UNIV
set_relation	set_relation.partial_order_subset
set_relation	set_relation.per_delete
set_relation	set_relation.per_restrict_per
set_relation	set_relation.range_mono
set_relation	set_relation.range_rrestrict_SUBSET
set_relation	set_relation.range_to_rel_conv
set_relation	set_relation.rcomp_to_rel_conv
set_relation	set_relation.reflexive_reln_to_rel_conv
set_relation	set_relation.reflexive_reln_to_rel_conv_UNIV
set_relation	set_relation.rel_to_reln_11
set_relation	set_relation.rel_to_reln_IS_UNCURRY
set_relation	set_relation.rel_to_reln_inv
set_relation	set_relation.rel_to_reln_swap
set_relation	set_relation.reln_rel_conv_thms
set_relation	set_relation.reln_to_rel_11
set_relation	set_relation.reln_to_rel_IS_CURRY
set_relation	set_relation.reln_to_rel_app
set_relation	set_relation.reln_to_rel_inv
set_relation	set_relation.rextension
set_relation	set_relation.rrestrict_SUBSET
set_relation	set_relation.rrestrict_rrestrict
set_relation	set_relation.rrestrict_tc
set_relation	set_relation.rrestrict_to_rel_conv
set_relation	set_relation.rrestrict_union
set_relation	set_relation.rtc_ind_right
set_relation	set_relation.sc_cases
set_relation	set_relation.sc_def
set_relation	set_relation.sc_empty
set_relation	set_relation.sc_ind
set_relation	set_relation.sc_irreflexive
set_relation	set_relation.sc_rules
set_relation	set_relation.sc_strongind
set_relation	set_relation.sc_swap
set_relation	set_relation.sc_symmetric
set_relation	set_relation.strict_linear_order
set_relation	set_relation.strict_linear_order_acyclic
set_relation	set_relation.strict_linear_order_dom_rng
set_relation	set_relation.strict_linear_order_reln_to_rel_conv_UNIV
set_relation	set_relation.strict_linear_order_restrict
set_relation	set_relation.strict_linear_order_union_acyclic
set_relation	set_relation.strict_partial_order
set_relation	set_relation.strict_partial_order_acyclic
set_relation	set_relation.strict_rrestrict
set_relation	set_relation.strict_to_rel_conv
set_relation	set_relation.subset_tc
set_relation	set_relation.symmetric_union
set_relation	set_relation.tc_SWAP
set_relation	set_relation.tc_cases
set_relation	set_relation.tc_cases_left
set_relation	set_relation.tc_cases_right
set_relation	set_relation.tc_closure
set_relation	set_relation.tc_domain_range
set_relation	set_relation.tc_empty
set_relation	set_relation.tc_empty_eqn
set_relation	set_relation.tc_idemp
set_relation	set_relation.tc_implication
set_relation	set_relation.tc_ind
set_relation	set_relation.tc_ind_left
set_relation	set_relation.tc_ind_right
set_relation	set_relation.tc_mono
set_relation	set_relation.tc_rules
set_relation	set_relation.tc_strongind
set_relation	set_relation.tc_strongind_left
set_relation	set_relation.tc_strongind_right
set_relation	set_relation.tc_to_rel_conv
set_relation	set_relation.tc_transitive
set_relation	set_relation.tc_union
set_relation	set_relation.transitive_reln_to_rel_conv
set_relation	set_relation.transitive_tc
set_relation	set_relation.univ_reln_to_rel_conv
set_relation	set_relation.upper_bounds_lem
set_relation	set_relation.zorns_lemma
sigma_algebra	sigma_algebra.ALGEBRA_ALT_INTER
sigma_algebra	sigma_algebra.ALGEBRA_COMPL
sigma_algebra	sigma_algebra.ALGEBRA_COMPL_SETS
sigma_algebra	sigma_algebra.ALGEBRA_DIFF
sigma_algebra	sigma_algebra.ALGEBRA_EMPTY
sigma_algebra	sigma_algebra.ALGEBRA_FINITE_INTER
sigma_algebra	sigma_algebra.ALGEBRA_FINITE_INTER'
sigma_algebra	sigma_algebra.ALGEBRA_FINITE_UNION
sigma_algebra	sigma_algebra.ALGEBRA_IMP_RING
sigma_algebra	sigma_algebra.ALGEBRA_IMP_SEMIRING
sigma_algebra	sigma_algebra.ALGEBRA_INTER
sigma_algebra	sigma_algebra.ALGEBRA_INTER_SPACE
sigma_algebra	sigma_algebra.ALGEBRA_RESTRICT
sigma_algebra	sigma_algebra.ALGEBRA_RESTRICT'
sigma_algebra	sigma_algebra.ALGEBRA_SETS_COLLECT_CONST
sigma_algebra	sigma_algebra.ALGEBRA_SETS_COLLECT_IMP
sigma_algebra	sigma_algebra.ALGEBRA_SETS_COLLECT_NEG
sigma_algebra	sigma_algebra.ALGEBRA_SINGLE_SET
sigma_algebra	sigma_algebra.ALGEBRA_SPACE
sigma_algebra	sigma_algebra.ALGEBRA_UNION
sigma_algebra	sigma_algebra.BIGINTER_OVER_INTER_L
sigma_algebra	sigma_algebra.BIGINTER_OVER_INTER_R
sigma_algebra	sigma_algebra.BIGINTER_PAIR
sigma_algebra	sigma_algebra.BIGUNION_IMAGE_BIGUNION_IMAGE_UNIV
sigma_algebra	sigma_algebra.BIGUNION_IMAGE_COUNT_IMP_UNIV
sigma_algebra	sigma_algebra.BIGUNION_IMAGE_UNION
sigma_algebra	sigma_algebra.BIGUNION_IMAGE_UNIV_CROSS_UNIV
sigma_algebra	sigma_algebra.BIGUNION_OVER_DIFF
sigma_algebra	sigma_algebra.BIGUNION_OVER_INTER_L
sigma_algebra	sigma_algebra.BIGUNION_OVER_INTER_R
sigma_algebra	sigma_algebra.BIGUNION_disjointed
sigma_algebra	sigma_algebra.BINARY_RANGE
sigma_algebra	sigma_algebra.COMPL_BIGINTER
sigma_algebra	sigma_algebra.COMPL_BIGINTER_IMAGE
sigma_algebra	sigma_algebra.COMPL_BIGUNION
sigma_algebra	sigma_algebra.COMPL_BIGUNION_IMAGE
sigma_algebra	sigma_algebra.DIFF_INTER_PAIR
sigma_algebra	sigma_algebra.DINTER_IMP_FINITE_INTER
sigma_algebra	sigma_algebra.DISJOINT_CROSS_L
sigma_algebra	sigma_algebra.DISJOINT_CROSS_R
sigma_algebra	sigma_algebra.DISJOINT_RESTRICT_L
sigma_algebra	sigma_algebra.DISJOINT_RESTRICT_R
sigma_algebra	sigma_algebra.DUNION_IMP_FINITE_UNION
sigma_algebra	sigma_algebra.DYNKIN
sigma_algebra	sigma_algebra.DYNKIN_LEMMA
sigma_algebra	sigma_algebra.DYNKIN_MONOTONE
sigma_algebra	sigma_algebra.DYNKIN_SMALLEST
sigma_algebra	sigma_algebra.DYNKIN_STABLE
sigma_algebra	sigma_algebra.DYNKIN_STABLE_LEMMA
sigma_algebra	sigma_algebra.DYNKIN_SUBSET
sigma_algebra	sigma_algebra.DYNKIN_SUBSET_SIGMA
sigma_algebra	sigma_algebra.DYNKIN_SUBSET_SUBSETS
sigma_algebra	sigma_algebra.DYNKIN_SYSTEM_ALT
sigma_algebra	sigma_algebra.DYNKIN_SYSTEM_ALT_MONO
sigma_algebra	sigma_algebra.DYNKIN_SYSTEM_COMPL
sigma_algebra	sigma_algebra.DYNKIN_SYSTEM_COUNTABLY_DUNION
sigma_algebra	sigma_algebra.DYNKIN_SYSTEM_DUNION
sigma_algebra	sigma_algebra.DYNKIN_SYSTEM_EMPTY
sigma_algebra	sigma_algebra.DYNKIN_SYSTEM_INCREASING
sigma_algebra	sigma_algebra.DYNKIN_SYSTEM_SPACE
sigma_algebra	sigma_algebra.DYNKIN_THM
sigma_algebra	sigma_algebra.FINITE_TWO
sigma_algebra	sigma_algebra.GBIGUNION_IMAGE
sigma_algebra	sigma_algebra.GEN_COMPL_BIGINTER
sigma_algebra	sigma_algebra.GEN_COMPL_BIGINTER_IMAGE
sigma_algebra	sigma_algebra.GEN_COMPL_BIGUNION
sigma_algebra	sigma_algebra.GEN_COMPL_BIGUNION_IMAGE
sigma_algebra	sigma_algebra.GEN_COMPL_FINITE_INTER
sigma_algebra	sigma_algebra.GEN_COMPL_FINITE_UNION
sigma_algebra	sigma_algebra.GEN_COMPL_INTER
sigma_algebra	sigma_algebra.GEN_COMPL_UNION
sigma_algebra	sigma_algebra.GEN_DIFF_INTER
sigma_algebra	sigma_algebra.IMAGE_SIGMA
sigma_algebra	sigma_algebra.IMAGE_SIGMA_ALGEBRA
sigma_algebra	sigma_algebra.INCREASING_TO_DISJOINT_SETS
sigma_algebra	sigma_algebra.INCREASING_TO_DISJOINT_SETS'
sigma_algebra	sigma_algebra.INTER_BINARY
sigma_algebra	sigma_algebra.INTER_SPACE_EQ1
sigma_algebra	sigma_algebra.INTER_SPACE_REDUCE
sigma_algebra	sigma_algebra.IN_DYNKIN
sigma_algebra	sigma_algebra.IN_LIMINF
sigma_algebra	sigma_algebra.IN_LIMSUP
sigma_algebra	sigma_algebra.IN_MEASURABLE
sigma_algebra	sigma_algebra.IN_MEASURABLE_COMP
sigma_algebra	sigma_algebra.IN_MEASURABLE_CONG
sigma_algebra	sigma_algebra.IN_MEASURABLE_CONST
sigma_algebra	sigma_algebra.IN_MEASURABLE_EQ
sigma_algebra	sigma_algebra.IN_MEASURABLE_FROM_PROD_SIGMA
sigma_algebra	sigma_algebra.IN_MEASURABLE_PROD_SIGMA
sigma_algebra	sigma_algebra.IN_PROD_SETS
sigma_algebra	sigma_algebra.IN_SIGMA
sigma_algebra	sigma_algebra.IN_SPACE_PROD_SIGMA
sigma_algebra	sigma_algebra.LIMSUP_COMPL
sigma_algebra	sigma_algebra.LIMSUP_DIFF
sigma_algebra	sigma_algebra.LIMSUP_MONO_STRONG
sigma_algebra	sigma_algebra.LIMSUP_MONO_STRONGER
sigma_algebra	sigma_algebra.LIMSUP_MONO_WEAK
sigma_algebra	sigma_algebra.MEASUBABLE_BIGUNION_LEMMA
sigma_algebra	sigma_algebra.MEASURABLE_BIGUNION_PROPERTY
sigma_algebra	sigma_algebra.MEASURABLE_COMP
sigma_algebra	sigma_algebra.MEASURABLE_COMP_STRONG
sigma_algebra	sigma_algebra.MEASURABLE_COMP_STRONGER
sigma_algebra	sigma_algebra.MEASURABLE_CONST
sigma_algebra	sigma_algebra.MEASURABLE_DIFF_PROPERTY
sigma_algebra	sigma_algebra.MEASURABLE_FST
sigma_algebra	sigma_algebra.MEASURABLE_I
sigma_algebra	sigma_algebra.MEASURABLE_LEMMA
sigma_algebra	sigma_algebra.MEASURABLE_LIFT
sigma_algebra	sigma_algebra.MEASURABLE_PAIR
sigma_algebra	sigma_algebra.MEASURABLE_PROD_SIGMA
sigma_algebra	sigma_algebra.MEASURABLE_PROD_SIGMA'
sigma_algebra	sigma_algebra.MEASURABLE_SIGMA
sigma_algebra	sigma_algebra.MEASURABLE_SIGMA_PREIMAGES
sigma_algebra	sigma_algebra.MEASURABLE_SND
sigma_algebra	sigma_algebra.MEASURABLE_SUBSET
sigma_algebra	sigma_algebra.MEASURABLE_UP_LIFT
sigma_algebra	sigma_algebra.MEASURABLE_UP_SIGMA
sigma_algebra	sigma_algebra.MEASURABLE_UP_SUBSET
sigma_algebra	sigma_algebra.PI_LAMBDA_THM
sigma_algebra	sigma_algebra.POW_ALGEBRA
sigma_algebra	sigma_algebra.POW_SIGMA_ALGEBRA
sigma_algebra	sigma_algebra.PREIMAGE_SIGMA
sigma_algebra	sigma_algebra.PREIMAGE_SIGMA_ALGEBRA
sigma_algebra	sigma_algebra.PROD_SIGMA_X_SLICE
sigma_algebra	sigma_algebra.PROD_SIGMA_Y_SLICE
sigma_algebra	sigma_algebra.RING_BIGUNION
sigma_algebra	sigma_algebra.RING_DIFF
sigma_algebra	sigma_algebra.RING_DIFF_ALT
sigma_algebra	sigma_algebra.RING_EMPTY
sigma_algebra	sigma_algebra.RING_FINITE_BIGUNION1
sigma_algebra	sigma_algebra.RING_FINITE_BIGUNION2
sigma_algebra	sigma_algebra.RING_FINITE_INTER
sigma_algebra	sigma_algebra.RING_FINITE_INTER'
sigma_algebra	sigma_algebra.RING_FINITE_UNION
sigma_algebra	sigma_algebra.RING_FINITE_UNION_ALT
sigma_algebra	sigma_algebra.RING_IMP_SEMIRING
sigma_algebra	sigma_algebra.RING_INSERT
sigma_algebra	sigma_algebra.RING_INTER
sigma_algebra	sigma_algebra.RING_SETS_COLLECT_FINITE
sigma_algebra	sigma_algebra.RING_SPACE_IMP_ALGEBRA
sigma_algebra	sigma_algebra.RING_UNION
sigma_algebra	sigma_algebra.SEMIRING_DIFF
sigma_algebra	sigma_algebra.SEMIRING_DIFF_ALT
sigma_algebra	sigma_algebra.SEMIRING_EMPTY
sigma_algebra	sigma_algebra.SEMIRING_FINITE_INTER
sigma_algebra	sigma_algebra.SEMIRING_FINITE_INTER'
sigma_algebra	sigma_algebra.SEMIRING_INTER
sigma_algebra	sigma_algebra.SEMIRING_PROD_SETS
sigma_algebra	sigma_algebra.SEMIRING_PROD_SETS'
sigma_algebra	sigma_algebra.SEMIRING_SETS_COLLECT
sigma_algebra	sigma_algebra.SETS_TO_DISJOINT_SETS
sigma_algebra	sigma_algebra.SETS_TO_DISJOINT_SETS'
sigma_algebra	sigma_algebra.SETS_TO_INCREASING_SETS
sigma_algebra	sigma_algebra.SETS_TO_INCREASING_SETS'
sigma_algebra	sigma_algebra.SIGMA_ALGEBRA
sigma_algebra	sigma_algebra.SIGMA_ALGEBRA_ALGEBRA
sigma_algebra	sigma_algebra.SIGMA_ALGEBRA_ALT
sigma_algebra	sigma_algebra.SIGMA_ALGEBRA_ALT_DISJOINT
sigma_algebra	sigma_algebra.SIGMA_ALGEBRA_ALT_MONO
sigma_algebra	sigma_algebra.SIGMA_ALGEBRA_ALT_SPACE
sigma_algebra	sigma_algebra.SIGMA_ALGEBRA_BIGINTER
sigma_algebra	sigma_algebra.SIGMA_ALGEBRA_BIGUNION
sigma_algebra	sigma_algebra.SIGMA_ALGEBRA_COMPL
sigma_algebra	sigma_algebra.SIGMA_ALGEBRA_COUNTABLE_INT
sigma_algebra	sigma_algebra.SIGMA_ALGEBRA_COUNTABLE_INT'
sigma_algebra	sigma_algebra.SIGMA_ALGEBRA_COUNTABLE_INTER
sigma_algebra	sigma_algebra.SIGMA_ALGEBRA_COUNTABLE_INTERSECTION_OF
sigma_algebra	sigma_algebra.SIGMA_ALGEBRA_COUNTABLE_UN
sigma_algebra	sigma_algebra.SIGMA_ALGEBRA_COUNTABLE_UN'
sigma_algebra	sigma_algebra.SIGMA_ALGEBRA_COUNTABLE_UNION
sigma_algebra	sigma_algebra.SIGMA_ALGEBRA_COUNTABLE_UNION_OF
sigma_algebra	sigma_algebra.SIGMA_ALGEBRA_DIFF
sigma_algebra	sigma_algebra.SIGMA_ALGEBRA_EMPTY
sigma_algebra	sigma_algebra.SIGMA_ALGEBRA_ENUM
sigma_algebra	sigma_algebra.SIGMA_ALGEBRA_FINITE_INTER
sigma_algebra	sigma_algebra.SIGMA_ALGEBRA_FINITE_INTER'
sigma_algebra	sigma_algebra.SIGMA_ALGEBRA_FINITE_INTERSECTION_OF
sigma_algebra	sigma_algebra.SIGMA_ALGEBRA_FINITE_UNION
sigma_algebra	sigma_algebra.SIGMA_ALGEBRA_FINITE_UNION_OF
sigma_algebra	sigma_algebra.SIGMA_ALGEBRA_FN
sigma_algebra	sigma_algebra.SIGMA_ALGEBRA_FN_BIGINTER
sigma_algebra	sigma_algebra.SIGMA_ALGEBRA_FN_DISJOINT
sigma_algebra	sigma_algebra.SIGMA_ALGEBRA_IMP_DYNKIN_SYSTEM
sigma_algebra	sigma_algebra.SIGMA_ALGEBRA_INTER
sigma_algebra	sigma_algebra.SIGMA_ALGEBRA_PROD_SIGMA
sigma_algebra	sigma_algebra.SIGMA_ALGEBRA_PROD_SIGMA'
sigma_algebra	sigma_algebra.SIGMA_ALGEBRA_PROD_SIGMA_WEAK
sigma_algebra	sigma_algebra.SIGMA_ALGEBRA_RESTRICT
sigma_algebra	sigma_algebra.SIGMA_ALGEBRA_RESTRICT'
sigma_algebra	sigma_algebra.SIGMA_ALGEBRA_RESTRICT_SUBSET
sigma_algebra	sigma_algebra.SIGMA_ALGEBRA_SIGMA
sigma_algebra	sigma_algebra.SIGMA_ALGEBRA_SIGMA_UNIV
sigma_algebra	sigma_algebra.SIGMA_ALGEBRA_SPACE
sigma_algebra	sigma_algebra.SIGMA_ALGEBRA_SUBSET_CLASS
sigma_algebra	sigma_algebra.SIGMA_ALGEBRA_SUBSET_SPACE
sigma_algebra	sigma_algebra.SIGMA_ALGEBRA_UNION
sigma_algebra	sigma_algebra.SIGMA_CONG
sigma_algebra	sigma_algebra.SIGMA_MEASURABLE
sigma_algebra	sigma_algebra.SIGMA_MONOTONE
sigma_algebra	sigma_algebra.SIGMA_PI_LAMBDA
sigma_algebra	sigma_algebra.SIGMA_POW
sigma_algebra	sigma_algebra.SIGMA_PROPERTY
sigma_algebra	sigma_algebra.SIGMA_PROPERTY_ALT
sigma_algebra	sigma_algebra.SIGMA_PROPERTY_DISJOINT
sigma_algebra	sigma_algebra.SIGMA_PROPERTY_DISJOINT_LEMMA
sigma_algebra	sigma_algebra.SIGMA_PROPERTY_DISJOINT_LEMMA1
sigma_algebra	sigma_algebra.SIGMA_PROPERTY_DISJOINT_LEMMA2
sigma_algebra	sigma_algebra.SIGMA_PROPERTY_DISJOINT_WEAK
sigma_algebra	sigma_algebra.SIGMA_PROPERTY_DISJOINT_WEAK_ALT
sigma_algebra	sigma_algebra.SIGMA_PROPERTY_DYNKIN
sigma_algebra	sigma_algebra.SIGMA_PROPERTY_WEAK
sigma_algebra	sigma_algebra.SIGMA_REDUCE
sigma_algebra	sigma_algebra.SIGMA_RESTRICT
sigma_algebra	sigma_algebra.SIGMA_SIMULTANEOUSLY_MEASURABLE
sigma_algebra	sigma_algebra.SIGMA_SMALLEST
sigma_algebra	sigma_algebra.SIGMA_STABLE
sigma_algebra	sigma_algebra.SIGMA_STABLE_LEMMA
sigma_algebra	sigma_algebra.SIGMA_SUBSET
sigma_algebra	sigma_algebra.SIGMA_SUBSET_SUBSETS
sigma_algebra	sigma_algebra.SMALLEST_RING
sigma_algebra	sigma_algebra.SMALLEST_RING_OF_SEMIRING
sigma_algebra	sigma_algebra.SMALLEST_RING_SUBSET_SUBSETS
sigma_algebra	sigma_algebra.SPACE
sigma_algebra	sigma_algebra.SPACE_DYNKIN
sigma_algebra	sigma_algebra.SPACE_PROD_SIGMA
sigma_algebra	sigma_algebra.SPACE_SIGMA
sigma_algebra	sigma_algebra.SPACE_SMALLEST_RING
sigma_algebra	sigma_algebra.SUBSETS_PROD_SIGMA
sigma_algebra	sigma_algebra.SUBSET_DIFF_DISJOINT
sigma_algebra	sigma_algebra.SUBSET_DIFF_SUBSET
sigma_algebra	sigma_algebra.SUBSET_INTER_SUBSET_L
sigma_algebra	sigma_algebra.SUBSET_INTER_SUBSET_R
sigma_algebra	sigma_algebra.SUBSET_MONO_DIFF
sigma_algebra	sigma_algebra.SUBSET_RESTRICT_DIFF
sigma_algebra	sigma_algebra.SUBSET_RESTRICT_L
sigma_algebra	sigma_algebra.SUBSET_RESTRICT_R
sigma_algebra	sigma_algebra.SUBSET_TWO
sigma_algebra	sigma_algebra.TRACE_SIGMA_ALGEBRA
sigma_algebra	sigma_algebra.UNION_BINARY
sigma_algebra	sigma_algebra.UNION_TO_3_DISJOINT_UNIONS
sigma_algebra	sigma_algebra.UNIV_SIGMA_ALGEBRA
sigma_algebra	sigma_algebra.algebra_alt
sigma_algebra	sigma_algebra.algebra_alt_inter
sigma_algebra	sigma_algebra.algebra_alt_union
sigma_algebra	sigma_algebra.algebra_finite_space_imp_sigma_algebra
sigma_algebra	sigma_algebra.algebra_finite_subsets_imp_sigma_algebra
sigma_algebra	sigma_algebra.closed_in_general_borel
sigma_algebra	sigma_algebra.count1_def
sigma_algebra	sigma_algebra.count1_numseg
sigma_algebra	sigma_algebra.disjoint_family_def
sigma_algebra	sigma_algebra.disjoint_family_disjoint
sigma_algebra	sigma_algebra.disjoint_family_on_def
sigma_algebra	sigma_algebra.disjoint_family_on_iff_disjoint
sigma_algebra	sigma_algebra.disjoint_family_on_imp_disjoint
sigma_algebra	sigma_algebra.disjointed_subset
sigma_algebra	sigma_algebra.exhausting_sequence_alt
sigma_algebra	sigma_algebra.exhausting_sequence_general_borel
sigma_algebra	sigma_algebra.finite_decomposition
sigma_algebra	sigma_algebra.finite_decomposition_simple
sigma_algebra	sigma_algebra.finite_disjoint_decomposition
sigma_algebra	sigma_algebra.finite_disjoint_decomposition'
sigma_algebra	sigma_algebra.finite_enumeration_of_sets_has_max_non_empty
sigma_algebra	sigma_algebra.has_exhausting_sequence_alt
sigma_algebra	sigma_algebra.has_exhausting_sequence_def
sigma_algebra	sigma_algebra.has_exhausting_sequence_general_borel
sigma_algebra	sigma_algebra.infinitely_often_lemma
sigma_algebra	sigma_algebra.infinity_bound_lemma
sigma_algebra	sigma_algebra.open_in_general_borel
sigma_algebra	sigma_algebra.prod_sigma_alt_sigma_functions
sigma_algebra	sigma_algebra.prod_sigma_alt_sigma_functions'
sigma_algebra	sigma_algebra.restrict_algebra_SUBSET
sigma_algebra	sigma_algebra.restrict_algebra_reduce
sigma_algebra	sigma_algebra.restrict_algebra_reduce'
sigma_algebra	sigma_algebra.ring_alt
sigma_algebra	sigma_algebra.ring_alt_pow
sigma_algebra	sigma_algebra.ring_alt_pow_imp
sigma_algebra	sigma_algebra.ring_and_semiring
sigma_algebra	sigma_algebra.ring_disjointed_sets
sigma_algebra	sigma_algebra.semiring_alt
sigma_algebra	sigma_algebra.set_limsup_alt
sigma_algebra	sigma_algebra.sigma_algebra_alt_eq
sigma_algebra	sigma_algebra.sigma_algebra_alt_pow
sigma_algebra	sigma_algebra.sigma_algebra_eq_alt
sigma_algebra	sigma_algebra.sigma_algebra_general_borel
sigma_algebra	sigma_algebra.sigma_algebra_iff2
sigma_algebra	sigma_algebra.sigma_algebra_restrict_algebra
sigma_algebra	sigma_algebra.sigma_algebra_sigma_function
sigma_algebra	sigma_algebra.sigma_algebra_sigma_functions
sigma_algebra	sigma_algebra.sigma_algebra_sigma_sets
sigma_algebra	sigma_algebra.sigma_function_alt_sigma_functions
sigma_algebra	sigma_algebra.sigma_function_subset
sigma_algebra	sigma_algebra.sigma_functions_1
sigma_algebra	sigma_algebra.sigma_functions_subset
sigma_algebra	sigma_algebra.sigma_sets_BIGINTER
sigma_algebra	sigma_algebra.sigma_sets_BIGINTER2
sigma_algebra	sigma_algebra.sigma_sets_BIGUNION
sigma_algebra	sigma_algebra.sigma_sets_basic
sigma_algebra	sigma_algebra.sigma_sets_cases
sigma_algebra	sigma_algebra.sigma_sets_compl
sigma_algebra	sigma_algebra.sigma_sets_empty
sigma_algebra	sigma_algebra.sigma_sets_eq
sigma_algebra	sigma_algebra.sigma_sets_fixpoint
sigma_algebra	sigma_algebra.sigma_sets_ind
sigma_algebra	sigma_algebra.sigma_sets_into_sp
sigma_algebra	sigma_algebra.sigma_sets_least_sigma_algebra
sigma_algebra	sigma_algebra.sigma_sets_rules
sigma_algebra	sigma_algebra.sigma_sets_sigma
sigma_algebra	sigma_algebra.sigma_sets_strongind
sigma_algebra	sigma_algebra.sigma_sets_subset
sigma_algebra	sigma_algebra.sigma_sets_superset_generator
sigma_algebra	sigma_algebra.sigma_sets_top
sigma_algebra	sigma_algebra.sigma_sets_union
sigma_algebra	sigma_algebra.space_general_borel
sigma_algebra	sigma_algebra.space_general_borel_mtop
sigma_algebra	sigma_algebra.space_sigma_function
sigma_algebra	sigma_algebra.space_sigma_functions
sigma_algebra	sigma_algebra.subset_class_POW
sigma_algebra	sigma_algebra.tail_countable
sigma_algebra	sigma_algebra.tail_not_empty
sigma_algebra	sigma_algebra.trivial_algebra_of_space
sigma_algebra	sigma_algebra.trivial_algebra_of_two_points
sigma_algebra	sigma_algebra.trivial_algebra_of_two_sets
simpleSetCat	simpleSetCat.Delta_IMAGE
simpleSetCat	simpleSetCat.Delta_INTER
simpleSetCat	simpleSetCat.Gr_Id
simpleSetCat	simpleSetCat.Gr_restr
simpleSetCat	simpleSetCat.IN_UNCURRY
simpleSetCat	simpleSetCat.RIMAGE_Gr
simpleSetCat	simpleSetCat.RINV_IMAGE_Gr
simpleSetCat	simpleSetCat.SPOr_REFL
simpleSetCat	simpleSetCat.SPOr_lemma
simpleSetCat	simpleSetCat.Spushout_def
simpleSetCat	simpleSetCat.Spushout_ind
simpleSetCat	simpleSetCat.Spushout_quotient
simpleSetCat	simpleSetCat.Spushout_sym
simpleSetCat	simpleSetCat.Spushout_transfer
simpleSetCat	simpleSetCat.Spushouts_iso
simpleSetCat	simpleSetCat.cardgt0
simpleSetCat	simpleSetCat.cardgt1_INJ_bool
simpleSetCat	simpleSetCat.eps_partition
simpleSetCat	simpleSetCat.kernel_graph
simpleSetCat	simpleSetCat.oID
simpleSetCat	simpleSetCat.restr_EMPTY
simpleSetCat	simpleSetCat.restr_applies
simpleSetCat	simpleSetCat.restr_cases
simpleSetCat	simpleSetCat.restr_restr_o
simpleSetCat	simpleSetCat.shom_into_EMPTY
simpleSetCat	simpleSetCat.shom_outof_EMPTY
simpleSetCat	simpleSetCat.shoms_exist
simpleSetCat	simpleSetCat.symmetric_SPOr
simpleSetCat	simpleSetCat.transitive_SPOr
simpleSetCat	simpleSetCat.unit_pushout
sorting	sorting.ALL_DISTINCT_PERM
sorting	sorting.ALL_DISTINCT_PERM_LIST_TO_SET_TO_LIST
sorting	sorting.ALL_DISTINCT_SORTED_WEAKEN
sorting	sorting.APPEND_PERM_SYM
sorting	sorting.CONS_PERM
sorting	sorting.EL_FILTER_COUNT_LIST_LEAST
sorting	sorting.FILTER_EQ_LENGTHS_EQ
sorting	sorting.FILTER_EQ_REP
sorting	sorting.FOLDR_PERM
sorting	sorting.LENGTH_QSORT
sorting	sorting.LIST_REL_PERM
sorting	sorting.MEM_PERM
sorting	sorting.PART3_FILTER
sorting	sorting.PART_LENGTH
sorting	sorting.PART_LENGTH_LEM
sorting	sorting.PART_MEM
sorting	sorting.PARTs_HAVE_PROP
sorting	sorting.PERM3
sorting	sorting.PERM3_FILTER
sorting	sorting.PERM_ALL_DISTINCT
sorting	sorting.PERM_APPEND
sorting	sorting.PERM_APPEND_IFF
sorting	sorting.PERM_BIJ
sorting	sorting.PERM_BIJ_IFF
sorting	sorting.PERM_BIJ_SET_TO_LIST
sorting	sorting.PERM_CONG
sorting	sorting.PERM_CONG_2
sorting	sorting.PERM_CONG_APPEND_IFF
sorting	sorting.PERM_CONG_APPEND_IFF2
sorting	sorting.PERM_CONS_EQ_APPEND
sorting	sorting.PERM_CONS_IFF
sorting	sorting.PERM_EQC
sorting	sorting.PERM_EQUIVALENCE
sorting	sorting.PERM_EQUIVALENCE_ALT_DEF
sorting	sorting.PERM_EVERY
sorting	sorting.PERM_FILTER
sorting	sorting.PERM_FLAT
sorting	sorting.PERM_FLAT_MAP_CONS
sorting	sorting.PERM_FLAT_MAP_SWAP
sorting	sorting.PERM_FUN_APPEND
sorting	sorting.PERM_FUN_APPEND_APPEND_1
sorting	sorting.PERM_FUN_APPEND_APPEND_2
sorting	sorting.PERM_FUN_APPEND_C
sorting	sorting.PERM_FUN_APPEND_CONS
sorting	sorting.PERM_FUN_APPEND_IFF
sorting	sorting.PERM_FUN_CONG
sorting	sorting.PERM_FUN_CONS
sorting	sorting.PERM_FUN_CONS_11_APPEND
sorting	sorting.PERM_FUN_CONS_11_SWAP_AT_FRONT
sorting	sorting.PERM_FUN_CONS_APPEND_1
sorting	sorting.PERM_FUN_CONS_APPEND_2
sorting	sorting.PERM_FUN_CONS_IFF
sorting	sorting.PERM_FUN_SPLIT
sorting	sorting.PERM_FUN_SWAP_AT_FRONT
sorting	sorting.PERM_IND
sorting	sorting.PERM_INTRO
sorting	sorting.PERM_LENGTH
sorting	sorting.PERM_LIST_TO_SET
sorting	sorting.PERM_MAP
sorting	sorting.PERM_MAP_SET_TO_LIST_IMAGE
sorting	sorting.PERM_MEM_EQ
sorting	sorting.PERM_MONO
sorting	sorting.PERM_NIL
sorting	sorting.PERM_NULL_EQ
sorting	sorting.PERM_QSORT3
sorting	sorting.PERM_REFL
sorting	sorting.PERM_REVERSE
sorting	sorting.PERM_REVERSE_EQ
sorting	sorting.PERM_REWR
sorting	sorting.PERM_RTC
sorting	sorting.PERM_SET_TO_LIST_DISJOINT_UNION_APPEND
sorting	sorting.PERM_SET_TO_LIST_INSERT
sorting	sorting.PERM_SET_TO_LIST_count_COUNT_LIST
sorting	sorting.PERM_SING
sorting	sorting.PERM_SINGLE_SWAP_APPEND
sorting	sorting.PERM_SINGLE_SWAP_CONS
sorting	sorting.PERM_SINGLE_SWAP_I
sorting	sorting.PERM_SINGLE_SWAP_REFL
sorting	sorting.PERM_SINGLE_SWAP_SYM
sorting	sorting.PERM_SINGLE_SWAP_TC_CONS
sorting	sorting.PERM_SPLIT
sorting	sorting.PERM_SPLIT_IF
sorting	sorting.PERM_STRONG_IND
sorting	sorting.PERM_SUM
sorting	sorting.PERM_SWAP_AT_FRONT
sorting	sorting.PERM_SWAP_L_AT_FRONT
sorting	sorting.PERM_SYM
sorting	sorting.PERM_TC
sorting	sorting.PERM_TO_APPEND_SIMPS
sorting	sorting.PERM_TRANS
sorting	sorting.PERM_alt
sorting	sorting.PERM_lifts_equalities
sorting	sorting.PERM_lifts_invariants
sorting	sorting.PERM_lifts_monotonicities
sorting	sorting.PERM_lifts_transitive_relations
sorting	sorting.PERM_transitive
sorting	sorting.QSORT3_DEF
sorting	sorting.QSORT3_IND
sorting	sorting.QSORT3_MEM
sorting	sorting.QSORT3_SORTED
sorting	sorting.QSORT3_SORTS
sorting	sorting.QSORT3_SPLIT
sorting	sorting.QSORT3_STABLE
sorting	sorting.QSORT_DEF
sorting	sorting.QSORT_IND
sorting	sorting.QSORT_MEM
sorting	sorting.QSORT_PERM
sorting	sorting.QSORT_SORTED
sorting	sorting.QSORT_SORTS
sorting	sorting.QSORT_eq_if_PERM
sorting	sorting.QSORT_nub
sorting	sorting.SORTED_ALL_DISTINCT
sorting	sorting.SORTED_ALL_DISTINCT_LIST_TO_SET_EQ
sorting	sorting.SORTED_APPEND
sorting	sorting.SORTED_APPEND_GEN
sorting	sorting.SORTED_APPEND_IMP
sorting	sorting.SORTED_DEF
sorting	sorting.SORTED_EL_LESS
sorting	sorting.SORTED_EL_SUC
sorting	sorting.SORTED_EQ
sorting	sorting.SORTED_EQ_PART
sorting	sorting.SORTED_FILTER
sorting	sorting.SORTED_FILTER_COUNT_LIST
sorting	sorting.SORTED_FST_ZIP
sorting	sorting.SORTED_GENLIST_PLUS
sorting	sorting.SORTED_IND
sorting	sorting.SORTED_NIL
sorting	sorting.SORTED_PERM_EQ
sorting	sorting.SORTED_SING
sorting	sorting.SORTED_TL
sorting	sorting.SORTED_adjacent
sorting	sorting.SORTED_nub
sorting	sorting.SORTED_weaken
sorting	sorting.SORTS_PERM_EQ
sorting	sorting.greater_sorted_eq
sorting	sorting.lcp_PERM
sorting	sorting.less_sorted_eq
sorting	sorting.perm_rules
sorting	sorting.sorted_count_list
sorting	sorting.sorted_filter
sorting	sorting.sorted_lt_count_list
sorting	sorting.sorted_map
sorting	sorting.sorted_perm_count_list
sptree	sptree.ALL_DISTINCT_MAP_FST_toAList
sptree	sptree.ALL_DISTINCT_MAP_FST_toSortedAList
sptree	sptree.ALOOKUP_toAList
sptree	sptree.ALOOKUP_toSortedAList
sptree	sptree.FINITE_domain
sptree	sptree.IMP_size_LESS_size
sptree	sptree.IN_domain
sptree	sptree.LENGTH_toAList
sptree	sptree.LENGTH_toSortedAList
sptree	sptree.MAP_SND_gather_inclist_offsets
sptree	sptree.MAP_foldi
sptree	sptree.MEM_toAList
sptree	sptree.MEM_toList
sptree	sptree.MEM_toSortedAList
sptree	sptree.PERM_toAList_toSortedAList
sptree	sptree.SORTED_toSortedAList
sptree	sptree.SUM_MAP_same_LE
sptree	sptree.SUM_MAP_same_LESS
sptree	sptree.alist_insert_REVERSE
sptree	sptree.alist_insert_append
sptree	sptree.alist_insert_def
sptree	sptree.alist_insert_ind
sptree	sptree.alist_insert_pull_insert
sptree	sptree.datatype_spt
sptree	sptree.delete_compute
sptree	sptree.delete_delete
sptree	sptree.delete_fail
sptree	sptree.delete_mk_wf
sptree	sptree.difference_sub
sptree	sptree.domain_FOLDR_delete
sptree	sptree.domain_alist_insert
sptree	sptree.domain_delete
sptree	sptree.domain_difference
sptree	sptree.domain_empty
sptree	sptree.domain_eq
sptree	sptree.domain_foldi
sptree	sptree.domain_fromAList
sptree	sptree.domain_fromList
sptree	sptree.domain_insert
sptree	sptree.domain_inter
sptree	sptree.domain_list_insert
sptree	sptree.domain_list_to_num_set
sptree	sptree.domain_lookup
sptree	sptree.domain_map
sptree	sptree.domain_mapi
sptree	sptree.domain_mk_wf
sptree	sptree.domain_sing
sptree	sptree.domain_union
sptree	sptree.foldi_FOLDR_toAList
sptree	sptree.fromAList_append
sptree	sptree.fromAList_def
sptree	sptree.fromAList_ind
sptree	sptree.fromAList_toAList
sptree	sptree.fromList_fromAList
sptree	sptree.gather_inclist_offsets_append
sptree	sptree.gather_inclist_offsets_def
sptree	sptree.gather_inclist_offsets_ind
sptree	sptree.insert_compute
sptree	sptree.insert_def
sptree	sptree.insert_fromList_IN_domain
sptree	sptree.insert_ind
sptree	sptree.insert_insert
sptree	sptree.insert_mk_wf
sptree	sptree.insert_notEmpty
sptree	sptree.insert_shadow
sptree	sptree.insert_swap
sptree	sptree.insert_unchanged
sptree	sptree.insert_union
sptree	sptree.inter_LN
sptree	sptree.inter_assoc
sptree	sptree.inter_eq
sptree	sptree.inter_eq_LN
sptree	sptree.inter_mk_wf
sptree	sptree.isEmpty_toList
sptree	sptree.isEmpty_toListA
sptree	sptree.isEmpty_union
sptree	sptree.list_size_APPEND
sptree	sptree.list_to_num_set_append
sptree	sptree.lookup_0_spt_center
sptree	sptree.lookup_FOLDL_union
sptree	sptree.lookup_NONE_domain
sptree	sptree.lookup_alist_insert
sptree	sptree.lookup_compute
sptree	sptree.lookup_def
sptree	sptree.lookup_delete
sptree	sptree.lookup_difference
sptree	sptree.lookup_filter_v
sptree	sptree.lookup_fromAList
sptree	sptree.lookup_fromAList_toAList
sptree	sptree.lookup_fromList
sptree	sptree.lookup_fromList_outside
sptree	sptree.lookup_ind
sptree	sptree.lookup_insert
sptree	sptree.lookup_insert1
sptree	sptree.lookup_inter
sptree	sptree.lookup_inter_EQ
sptree	sptree.lookup_inter_alt
sptree	sptree.lookup_inter_assoc
sptree	sptree.lookup_inter_eq
sptree	sptree.lookup_list_to_num_set
sptree	sptree.lookup_map
sptree	sptree.lookup_map_K
sptree	sptree.lookup_mapi
sptree	sptree.lookup_mapi0
sptree	sptree.lookup_mk_BN
sptree	sptree.lookup_mk_wf
sptree	sptree.lookup_rwts
sptree	sptree.lookup_spt_left
sptree	sptree.lookup_spt_right
sptree	sptree.lookup_union
sptree	sptree.lrnext_def
sptree	sptree.lrnext_eq
sptree	sptree.lrnext_ind
sptree	sptree.lrnext_thm
sptree	sptree.map_LN
sptree	sptree.map_fromAList
sptree	sptree.map_insert
sptree	sptree.map_map_K
sptree	sptree.map_map_o
sptree	sptree.map_union
sptree	sptree.mapi_Alist
sptree	sptree.mapi_fromList
sptree	sptree.mk_BN_def
sptree	sptree.mk_BN_ind
sptree	sptree.mk_BS_def
sptree	sptree.mk_BS_ind
sptree	sptree.mk_wf_eq
sptree	sptree.num_set_domain_eq
sptree	sptree.set_MAP_FST_toAList_domain
sptree	sptree.set_foldi_keys
sptree	sptree.size_delete
sptree	sptree.size_diff_less
sptree	sptree.size_domain
sptree	sptree.size_fromList
sptree	sptree.size_insert
sptree	sptree.size_list_to_num_set
sptree	sptree.size_map
sptree	sptree.size_mapi
sptree	sptree.size_zero_empty
sptree	sptree.spt_11
sptree	sptree.spt_Axiom
sptree	sptree.spt_acc_0
sptree	sptree.spt_acc_compute
sptree	sptree.spt_acc_def
sptree	sptree.spt_acc_eqn
sptree	sptree.spt_acc_ind
sptree	sptree.spt_acc_thm
sptree	sptree.spt_case_cong
sptree	sptree.spt_case_eq
sptree	sptree.spt_center_def
sptree	sptree.spt_center_ind
sptree	sptree.spt_distinct
sptree	sptree.spt_eq_thm
sptree	sptree.spt_induction
sptree	sptree.spt_nchotomy
sptree	sptree.spts_to_alist_aux_def
sptree	sptree.spts_to_alist_aux_ind
sptree	sptree.spts_to_alist_aux_properties
sptree	sptree.spts_to_alist_aux_size
sptree	sptree.spts_to_alist_def
sptree	sptree.spts_to_alist_ind
sptree	sptree.subspt_FOLDL_union
sptree	sptree.subspt_LN
sptree	sptree.subspt_def
sptree	sptree.subspt_domain
sptree	sptree.subspt_lookup
sptree	sptree.subspt_refl
sptree	sptree.subspt_trans
sptree	sptree.subspt_union
sptree	sptree.toListA_append
sptree	sptree.toList_map
sptree	sptree.toSortedAList_fromList
sptree	sptree.union_LN
sptree	sptree.union_assoc
sptree	sptree.union_disjoint_sym
sptree	sptree.union_insert_LN
sptree	sptree.union_mk_wf
sptree	sptree.union_num_set_sym
sptree	sptree.wf_LN
sptree	sptree.wf_delete
sptree	sptree.wf_difference
sptree	sptree.wf_filter_v
sptree	sptree.wf_fromAList
sptree	sptree.wf_fromList
sptree	sptree.wf_insert
sptree	sptree.wf_inter
sptree	sptree.wf_list_to_num_set
sptree	sptree.wf_map
sptree	sptree.wf_mapi
sptree	sptree.wf_mk_BN
sptree	sptree.wf_mk_BS
sptree	sptree.wf_mk_id
sptree	sptree.wf_mk_wf
sptree	sptree.wf_union
staleSimp	staleSimp.boring
staleSimp2	staleSimp2.boring
state_transformer	state_transformer.BIND_ASSOC
state_transformer	state_transformer.BIND_EXT
state_transformer	state_transformer.BIND_LEFT_UNIT
state_transformer	state_transformer.BIND_RIGHT_UNIT
state_transformer	state_transformer.EXT_JM
state_transformer	state_transformer.EXT_MCOMP
state_transformer	state_transformer.EXT_UNIT
state_transformer	state_transformer.EXT_o_JOIN
state_transformer	state_transformer.EXT_o_UNIT
state_transformer	state_transformer.FOREACH_def
state_transformer	state_transformer.FOREACH_ind
state_transformer	state_transformer.FOR_def
state_transformer	state_transformer.FOR_ind
state_transformer	state_transformer.FST_o_MMAP
state_transformer	state_transformer.FST_o_UNIT
state_transformer	state_transformer.JOIN_EXT
state_transformer	state_transformer.JOIN_MAP
state_transformer	state_transformer.JOIN_MAP_JOIN
state_transformer	state_transformer.JOIN_MMAP_UNIT
state_transformer	state_transformer.JOIN_UNIT
state_transformer	state_transformer.MCOMP_ALT
state_transformer	state_transformer.MCOMP_ASSOC
state_transformer	state_transformer.MCOMP_ID
state_transformer	state_transformer.MMAP_COMP
state_transformer	state_transformer.MMAP_EXT
state_transformer	state_transformer.MMAP_ID
state_transformer	state_transformer.MMAP_JOIN
state_transformer	state_transformer.MMAP_UNIT
state_transformer	state_transformer.SND_o_UNIT
state_transformer	state_transformer.UNIT_CURRY
state_transformer	state_transformer.UNIT_UNCURRY
state_transformer	state_transformer.UNIT_o_MCOMP
state_transformer	state_transformer.mapM_cons
state_transformer	state_transformer.mapM_nil
state_transformer	state_transformer.sequence_nil
stored_grammars_unicode	stored_grammars_unicode.th
stream	stream.cardinality_bound
stream	stream.liftBin_comm
stream	stream.sbisimulation
stream	stream.scons_11
stream	stream.scons_alt
stream	stream.scons_compute
stream	stream.scons_hdtl
stream	stream.sconst_scons_eqn
stream	stream.sdrop_eq_mono
stream	stream.sdrop_thm
stream	stream.seventuallyeq_REFL
stream	stream.seventuallyeq_SYM
stream	stream.seventuallyeq_TRANS
stream	stream.seventuallyeq_ind
stream	stream.sexists_ind
stream	stream.sexists_thm
stream	stream.shd_cons
stream	stream.shd_liftBin
stream	stream.shd_siterate
stream	stream.siterate_scons_eqn
stream	stream.smapO
stream	stream.smap_CONG
stream	stream.smap_ID
stream	stream.smap_smap_o
stream	stream.smap_thm
stream	stream.srelpair_characterisation
stream	stream.sset_map
stream	stream.stl_cons
stream	stream.stl_liftBin
stream	stream.stl_sdrop
stream	stream.stl_siterate
stream	stream.stream_cases
stream	stream.sunfold_thm
stream	stream.szip_alt
stream	stream.szip_thm
stream	stream.szip_unzip
string	string.CHAR_EQ_THM
string	string.CHAR_INDUCT_THM
string	string.CHR_11
string	string.CHR_ONTO
string	string.CHR_ORD
string	string.DEST_STRING_LEMS
string	string.EXPLODE_11
string	string.EXPLODE_DEST_STRING
string	string.EXPLODE_EQNS
string	string.EXPLODE_EQ_NIL
string	string.EXPLODE_EQ_THM
string	string.EXPLODE_IMPLODE
string	string.EXPLODE_ONTO
string	string.EXTRACT_def
string	string.EXTRACT_ind
string	string.FIELDS_def
string	string.FIELDS_ind
string	string.FINITE_UNIV_char
string	string.IMPLODE_11
string	string.IMPLODE_EQNS
string	string.IMPLODE_EQ_EMPTYSTRING
string	string.IMPLODE_EQ_THM
string	string.IMPLODE_EXPLODE
string	string.IMPLODE_EXPLODE_I
string	string.IMPLODE_ONTO
string	string.IMPLODE_STRING
string	string.INFINITE_STR_UNIV
string	string.ORD_11
string	string.ORD_BOUND
string	string.ORD_CHR
string	string.ORD_CHR_COMPUTE
string	string.ORD_CHR_RWT
string	string.ORD_ONTO
string	string.RC_char_lt
string	string.STRCAT
string	string.STRCAT_11
string	string.STRCAT_ACYCLIC
string	string.STRCAT_ASSOC
string	string.STRCAT_EQNS
string	string.STRCAT_EQ_EMPTY
string	string.STRCAT_EXPLODE
string	string.STRCAT_def
string	string.STRING_ACYCLIC
string	string.STRLEN_CAT
string	string.STRLEN_DEF
string	string.STRLEN_EQ_0
string	string.STRLEN_EXPLODE_THM
string	string.STRLEN_THM
string	string.TOCHAR_def
string	string.TOCHAR_ind
string	string.TOKENS_APPEND
string	string.TOKENS_FRONT
string	string.TOKENS_NIL
string	string.TOKENS_def
string	string.TOKENS_ind
string	string.UNIV_IMAGE_CHR_count_256
string	string.WF_char_lt
string	string.char_nchotomy
string	string.isAlphaNum_isPrint
string	string.isHexDigit_isAlphaNum
string	string.isHexDigit_isPrint
string	string.isPREFIX_DEF
string	string.isPREFIX_IND
string	string.isPREFIX_STRCAT
string	string.not_WF_string_lt
string	string.ranged_char_nchotomy
string	string.string_lt_LLEX
string	string.string_lt_antisym
string	string.string_lt_cases
string	string.string_lt_def
string	string.string_lt_ind
string	string.string_lt_nonrefl
string	string.string_lt_trans
string_encoding	string_encoding.char_decode_encode
string_encoding	string_encoding.char_decode_reduces
string_encoding	string_encoding.char_encode_isPrintable
string_encoding	string_encoding.datatype_delimiter
string_encoding	string_encoding.delimiter2num_11
string_encoding	string_encoding.delimiter2num_ONTO
string_encoding	string_encoding.delimiter2num_num2delimiter
string_encoding	string_encoding.delimiter2num_thm
string_encoding	string_encoding.delimiter_Axiom
string_encoding	string_encoding.delimiter_EQ_delimiter
string_encoding	string_encoding.delimiter_case_cong
string_encoding	string_encoding.delimiter_case_def
string_encoding	string_encoding.delimiter_case_eq
string_encoding	string_encoding.delimiter_distinct
string_encoding	string_encoding.delimiter_induction
string_encoding	string_encoding.delimiter_nchotomy
string_encoding	string_encoding.num2delimiter_11
string_encoding	string_encoding.num2delimiter_ONTO
string_encoding	string_encoding.num2delimiter_delimiter2num
string_encoding	string_encoding.num2delimiter_thm
string_encoding	string_encoding.strdecode_def
string_encoding	string_encoding.strdecode_ind
string_encoding	string_encoding.strdecode_strencode
string_encoding	string_encoding.strdecode_strencode_tail_delimited
string_encoding	string_encoding.strencode_isPrintable
string_num	string_num.n2nsum_nsum2n
string_num	string_num.n2s_11
string_num	string_num.n2s_def
string_num	string_num.n2s_ind
string_num	string_num.n2s_onto
string_num	string_num.n2s_s2n
string_num	string_num.nsum2n_n2nsum
string_num	string_num.s2n_11
string_num	string_num.s2n_n2s
string_num	string_num.s2n_onto
string_num	string_num.s2ssum_ssum2s
string_num	string_num.ssum2s_s2ssum
sum	sum.EXISTS_SUM
sum	sum.FORALL_SUM
sum	sum.INL
sum	sum.INL_11
sum	sum.INL_PRS
sum	sum.INL_RSP
sum	sum.INR
sum	sum.INR_11
sum	sum.INR_INL_11
sum	sum.INR_PRS
sum	sum.INR_RSP
sum	sum.INR_neq_INL
sum	sum.IN_SUM_FIN_THM
sum	sum.ISL_OR_ISR
sum	sum.ISL_PRS
sum	sum.ISL_RSP
sum	sum.ISR_PRS
sum	sum.ISR_RSP
sum	sum.NOT_ISL_ISR
sum	sum.NOT_ISR_ISL
sum	sum.SUM_ALL_CONG
sum	sum.SUM_ALL_MONO
sum	sum.SUM_ALL_SET
sum	sum.SUM_EQUIV
sum	sum.SUM_MAP
sum	sum.SUM_MAP_CASE
sum	sum.SUM_MAP_CONG
sum	sum.SUM_MAP_I
sum	sum.SUM_MAP_PRS
sum	sum.SUM_MAP_RSP
sum	sum.SUM_MAP_SET
sum	sum.SUM_MAP_o
sum	sum.SUM_QUOTIENT
sum	sum.SUM_REL_EQ
sum	sum.SUM_REL_REFL
sum	sum.SUM_REL_SYM
sum	sum.SUM_REL_THM
sum	sum.SUM_REL_TRANS
sum	sum.cond_sum_expand
sum	sum.datatype_sum
sum	sum.sum_Axiom
sum	sum.sum_CASES
sum	sum.sum_INDUCT
sum	sum.sum_axiom
sum	sum.sum_case_cong
sum	sum.sum_distinct
sum	sum.sum_distinct1
sum_num	sum_num.GSUM_1
sum_num	sum_num.GSUM_ADD
sum_num	sum_num.GSUM_EQUAL
sum_num	sum_num.GSUM_FUN_EQUAL
sum_num	sum_num.GSUM_LESS
sum_num	sum_num.GSUM_MONO
sum_num	sum_num.GSUM_ZERO
sum_num	sum_num.GSUM_compute
sum_num	sum_num.GSUM_def
sum_num	sum_num.GSUM_ind
sum_num	sum_num.SUM
sum_num	sum_num.SUM_1
sum_num	sum_num.SUM_EQUAL
sum_num	sum_num.SUM_FOLDL
sum_num	sum_num.SUM_FUN_EQUAL
sum_num	sum_num.SUM_LESS
sum_num	sum_num.SUM_MONO
sum_num	sum_num.SUM_ZERO
sum_num	sum_num.SUM_compute
suspCrossB	suspCrossB.cross_thm
suspCrossThm	suspCrossThm.th1
suspCrossThm	suspCrossThm.th2
suspFast	suspFast.lemma
suspNested	suspNested.nested
suspRerun	suspRerun.rr_thm
suspSibD	suspSibD.sib_thm
suspTest	suspTest.multisplit
suspTest	suspTest.testFinalEqn
suspTest	suspTest.testTacMod
suspTest	suspTest.test_resconj_closure
suspTest	suspTest.test_suspend_gen
suspTest	suspTest.test_suspend_partial_strip
suspTest	suspTest.willsplit
suspTest	suspTest.willsplit2
tc	tc.DRESTR_EMPTY
tc	tc.DRESTR_IN
tc	tc.DRESTR_RDOM
tc	tc.FDOM_RDOM
tc	tc.FINITE_RDOM
tc	tc.I_o_f
tc	tc.NOT_IN_RDOM
tc	tc.O_REMPTY_O
tc	tc.RDOM_SUBSET_FDOM
tc	tc.RDOM_subTC
tc	tc.RELN_TO_FMAP_TO_RELN_ID
tc	tc.REMPTY_RRESTR
tc	tc.RTC_INSERT
tc	tc.SUBSET_FDOM_LEM
tc	tc.TC_ITER_THM
tc	tc.TC_MOD_EMPTY_ID
tc	tc.TC_MOD_LEM
tc	tc.subTC_EMPTY
tc	tc.subTC_FDOM
tc	tc.subTC_FDOM_RDOM
tc	tc.subTC_INSERT
tc	tc.subTC_INSERT_COR
tc	tc.subTC_MAX_RDOM
tc	tc.subTC_RDOM
tc	tc.subTC_SUPERSET_RDOM
tc	tc.subTC_thm
ternaryComparisons	ternaryComparisons.bool_compare_def
ternaryComparisons	ternaryComparisons.bool_compare_ind
ternaryComparisons	ternaryComparisons.compare_equal
ternaryComparisons	ternaryComparisons.datatype_ordering
ternaryComparisons	ternaryComparisons.invert_eq_EQUAL
ternaryComparisons	ternaryComparisons.list_compare_def
ternaryComparisons	ternaryComparisons.list_compare_ind
ternaryComparisons	ternaryComparisons.list_merge_def
ternaryComparisons	ternaryComparisons.list_merge_ind
ternaryComparisons	ternaryComparisons.num2ordering_11
ternaryComparisons	ternaryComparisons.num2ordering_ONTO
ternaryComparisons	ternaryComparisons.num2ordering_ordering2num
ternaryComparisons	ternaryComparisons.num2ordering_thm
ternaryComparisons	ternaryComparisons.option_compare_def
ternaryComparisons	ternaryComparisons.option_compare_ind
ternaryComparisons	ternaryComparisons.ordering2num_11
ternaryComparisons	ternaryComparisons.ordering2num_ONTO
ternaryComparisons	ternaryComparisons.ordering2num_num2ordering
ternaryComparisons	ternaryComparisons.ordering2num_thm
ternaryComparisons	ternaryComparisons.ordering_Axiom
ternaryComparisons	ternaryComparisons.ordering_EQ_ordering
ternaryComparisons	ternaryComparisons.ordering_case_cong
ternaryComparisons	ternaryComparisons.ordering_case_def
ternaryComparisons	ternaryComparisons.ordering_case_eq
ternaryComparisons	ternaryComparisons.ordering_distinct
ternaryComparisons	ternaryComparisons.ordering_distinct1
ternaryComparisons	ternaryComparisons.ordering_distinct2
ternaryComparisons	ternaryComparisons.ordering_eq_dec
ternaryComparisons	ternaryComparisons.ordering_induction
ternaryComparisons	ternaryComparisons.ordering_nchotomy
topology	topology.ARBITRARY_INTERSECTION_OF_COMPLEMENT
topology	topology.ARBITRARY_INTERSECTION_OF_EMPTY
topology	topology.ARBITRARY_INTERSECTION_OF_IDEMPOT
topology	topology.ARBITRARY_INTERSECTION_OF_INC
topology	topology.ARBITRARY_INTERSECTION_OF_INTER
topology	topology.ARBITRARY_INTERSECTION_OF_INTERS
topology	topology.ARBITRARY_INTERSECTION_OF_RELATIVE_TO
topology	topology.ARBITRARY_INTERSECTION_OF_UNION
topology	topology.ARBITRARY_INTERSECTION_OF_UNION_EQ
topology	topology.ARBITRARY_UNION_OF_ALT
topology	topology.ARBITRARY_UNION_OF_COMPLEMENT
topology	topology.ARBITRARY_UNION_OF_EMPTY
topology	topology.ARBITRARY_UNION_OF_IDEMPOT
topology	topology.ARBITRARY_UNION_OF_INC
topology	topology.ARBITRARY_UNION_OF_INTER
topology	topology.ARBITRARY_UNION_OF_INTER_EQ
topology	topology.ARBITRARY_UNION_OF_NONEMPTY_FINITE_INTERSECTION
topology	topology.ARBITRARY_UNION_OF_RELATIVE_TO
topology	topology.ARBITRARY_UNION_OF_UNION
topology	topology.ARBITRARY_UNION_OF_UNIONS
topology	topology.BIGUNION_2
topology	topology.BIGUNION_IN_ARBITRARY_UNION_OF
topology	topology.CLOPEN_IN_EQ_FRONTIER_OF
topology	topology.CLOSED_COMPACT_IN
topology	topology.CLOSED_IN_BIGINTER
topology	topology.CLOSED_IN_BIGUNION
topology	topology.CLOSED_IN_CLOSURE_OF
topology	topology.CLOSED_IN_COMPACT_SPACE
topology	topology.CLOSED_IN_CONTAINS_DERIVED_SET
topology	topology.CLOSED_IN_CONTINUOUS_MAP_PREIMAGE
topology	topology.CLOSED_IN_CONTINUOUS_MAP_PREIMAGE_GEN
topology	topology.CLOSED_IN_DERIVED_SET
topology	topology.CLOSED_IN_DIFF
topology	topology.CLOSED_IN_EMPTY
topology	topology.CLOSED_IN_FRONTIER_OF
topology	topology.CLOSED_IN_IMP_SUBSET
topology	topology.CLOSED_IN_INTER
topology	topology.CLOSED_IN_INTER_CLOSURE_OF
topology	topology.CLOSED_IN_OPEN_IN_COMPL
topology	topology.CLOSED_IN_RELATIVE_TO
topology	topology.CLOSED_IN_SUBSET
topology	topology.CLOSED_IN_SUBTOPOLOGY
topology	topology.CLOSED_IN_SUBTOPOLOGY_EMPTY
topology	topology.CLOSED_IN_SUBTOPOLOGY_REFL
topology	topology.CLOSED_IN_SUBTOPOLOGY_UNION
topology	topology.CLOSED_IN_TOPSPACE
topology	topology.CLOSED_IN_UNION
topology	topology.CLOSED_LIMPT
topology	topology.CLOSURE_OF
topology	topology.CLOSURE_OF_ALT
topology	topology.CLOSURE_OF_CLOSED_IN
topology	topology.CLOSURE_OF_CLOSURE_OF
topology	topology.CLOSURE_OF_COMPLEMENT
topology	topology.CLOSURE_OF_EMPTY
topology	topology.CLOSURE_OF_EQ
topology	topology.CLOSURE_OF_EQ_EMPTY
topology	topology.CLOSURE_OF_EQ_EMPTY_GEN
topology	topology.CLOSURE_OF_EQ_UNIV
topology	topology.CLOSURE_OF_HULL
topology	topology.CLOSURE_OF_INTERIOR_OF
topology	topology.CLOSURE_OF_MINIMAL
topology	topology.CLOSURE_OF_MINIMAL_EQ
topology	topology.CLOSURE_OF_MONO
topology	topology.CLOSURE_OF_OPEN_IN_INTER_CLOSURE_OF
topology	topology.CLOSURE_OF_OPEN_IN_INTER_SUPERSET
topology	topology.CLOSURE_OF_OPEN_IN_SUBTOPOLOGY_INTER_CLOSURE_OF
topology	topology.CLOSURE_OF_RESTRICT
topology	topology.CLOSURE_OF_SUBSET
topology	topology.CLOSURE_OF_SUBSET_EQ
topology	topology.CLOSURE_OF_SUBSET_INTER
topology	topology.CLOSURE_OF_SUBSET_SUBTOPOLOGY
topology	topology.CLOSURE_OF_SUBSET_TOPSPACE
topology	topology.CLOSURE_OF_SUBTOPOLOGY
topology	topology.CLOSURE_OF_SUBTOPOLOGY_MONO
topology	topology.CLOSURE_OF_SUBTOPOLOGY_OPEN
topology	topology.CLOSURE_OF_SUBTOPOLOGY_SUBSET
topology	topology.CLOSURE_OF_TOPSPACE
topology	topology.CLOSURE_OF_UNION
topology	topology.CLOSURE_OF_UNIONS
topology	topology.CLOSURE_OF_UNIQUE
topology	topology.CLOSURE_OF_UNIV
topology	topology.COMPACT_IN_ABSOLUTE
topology	topology.COMPACT_IN_CONTRACTIVE
topology	topology.COMPACT_IN_EMPTY
topology	topology.COMPACT_IN_SING
topology	topology.COMPACT_IN_SUBSET_TOPSPACE
topology	topology.COMPACT_IN_SUBSPACE
topology	topology.COMPACT_IN_SUBTOPOLOGY
topology	topology.COMPACT_SPACE
topology	topology.COMPACT_SPACE_ALT
topology	topology.COMPACT_SPACE_CONTRACTIVE
topology	topology.COMPACT_SPACE_SUBTOPOLOGY
topology	topology.COMPACT_SPACE_TOPSPACE_EMPTY
topology	topology.COMPL_COMPL_applied
topology	topology.CONTINUOUS_MAP
topology	topology.CONTINUOUS_MAP_CLOSED_IN
topology	topology.CONTINUOUS_MAP_COMPOSE
topology	topology.CONTINUOUS_MAP_CONST
topology	topology.CONTINUOUS_MAP_EQ
topology	topology.CONTINUOUS_MAP_EQ_TOPCONTINUOUS_AT
topology	topology.CONTINUOUS_MAP_FROM_SUBTOPOLOGY
topology	topology.CONTINUOUS_MAP_FROM_SUBTOPOLOGY_MONO
topology	topology.CONTINUOUS_MAP_ID
topology	topology.CONTINUOUS_MAP_IMAGE_SUBSET_TOPSPACE
topology	topology.CONTINUOUS_MAP_INTO_EMPTY
topology	topology.CONTINUOUS_MAP_INTO_FULLTOPOLOGY
topology	topology.CONTINUOUS_MAP_INTO_SUBTOPOLOGY
topology	topology.CONTINUOUS_MAP_IN_SUBTOPOLOGY
topology	topology.CONTINUOUS_MAP_ON_EMPTY
topology	topology.COUNTABLE_DISJOINT_UNION_OF_IDEMPOT
topology	topology.COUNTABLE_INTERSECTION_OF_COMPLEMENT
topology	topology.COUNTABLE_INTERSECTION_OF_EMPTY
topology	topology.COUNTABLE_INTERSECTION_OF_IDEMPOT
topology	topology.COUNTABLE_INTERSECTION_OF_INC
topology	topology.COUNTABLE_INTERSECTION_OF_INTER
topology	topology.COUNTABLE_INTERSECTION_OF_INTERS
topology	topology.COUNTABLE_INTERSECTION_OF_RELATIVE_TO
topology	topology.COUNTABLE_INTERSECTION_OF_RELATIVE_TO_ALT
topology	topology.COUNTABLE_INTERSECTION_OF_UNION
topology	topology.COUNTABLE_INTERSECTION_OF_UNIONS
topology	topology.COUNTABLE_INTERSECTION_OF_UNIONS_NONEMPTY
topology	topology.COUNTABLE_INTERSECTION_OF_UNION_EQ
topology	topology.COUNTABLE_SUBSET_NUM
topology	topology.COUNTABLE_UNION_OF_ASCENDING
topology	topology.COUNTABLE_UNION_OF_COMPLEMENT
topology	topology.COUNTABLE_UNION_OF_EMPTY
topology	topology.COUNTABLE_UNION_OF_EXPLICIT
topology	topology.COUNTABLE_UNION_OF_IDEMPOT
topology	topology.COUNTABLE_UNION_OF_INC
topology	topology.COUNTABLE_UNION_OF_INTER
topology	topology.COUNTABLE_UNION_OF_INTERS
topology	topology.COUNTABLE_UNION_OF_INTERS_NONEMPTY
topology	topology.COUNTABLE_UNION_OF_INTER_EQ
topology	topology.COUNTABLE_UNION_OF_RELATIVE_TO
topology	topology.COUNTABLE_UNION_OF_UNION
topology	topology.COUNTABLE_UNION_OF_UNIONS
topology	topology.DENSE_INTERSECTS_OPEN
topology	topology.DERIVED_SET_OF_EMPTY
topology	topology.DERIVED_SET_OF_MONO
topology	topology.DERIVED_SET_OF_RESTRICT
topology	topology.DERIVED_SET_OF_SUBSET_CLOSURE_OF
topology	topology.DERIVED_SET_OF_SUBSET_SUBTOPOLOGY
topology	topology.DERIVED_SET_OF_SUBSET_TOPSPACE
topology	topology.DERIVED_SET_OF_SUBTOPOLOGY
topology	topology.DERIVED_SET_OF_TOPSPACE
topology	topology.DERIVED_SET_OF_UNION
topology	topology.DERIVED_SET_OF_UNIONS
topology	topology.DERIVED_SET_SUBSET
topology	topology.DERIVED_SET_SUBSET_GEN
topology	topology.DIFF_INTERS
topology	topology.DIFF_UNIONS
topology	topology.DIFF_UNIONS_NONEMPTY
topology	topology.EMPTY_GSPEC
topology	topology.EMPTY_IN_ARBITRARY_UNION_OF
topology	topology.EQ_IMP
topology	topology.EXISTS_FINITE_SUBSET_IMAGE
topology	topology.EXISTS_FINITE_SUBSET_IMAGE_INJ
topology	topology.EXISTS_SUBSET_IMAGE
topology	topology.EXISTS_SUBSET_IMAGE_INJ
topology	topology.EXT_SKOLEM_THM
topology	topology.EXT_SKOLEM_THM'
topology	topology.FINITE_IMAGE
topology	topology.FINITE_IMP_COMPACT_IN
topology	topology.FINITE_IMP_COMPACT_IN_EQ
topology	topology.FINITE_INTERSECTION_OF_COMPLEMENT
topology	topology.FINITE_INTERSECTION_OF_EMPTY
topology	topology.FINITE_INTERSECTION_OF_IDEMPOT
topology	topology.FINITE_INTERSECTION_OF_INC
topology	topology.FINITE_INTERSECTION_OF_INTER
topology	topology.FINITE_INTERSECTION_OF_INTERS
topology	topology.FINITE_INTERSECTION_OF_RELATIVE_TO
topology	topology.FINITE_INTERSECTION_OF_RELATIVE_TO_ALT
topology	topology.FINITE_INTERSECTION_OF_UNION
topology	topology.FINITE_INTERSECTION_OF_UNION_EQ
topology	topology.FINITE_SUBSET
topology	topology.FINITE_UNION_OF_COMPLEMENT
topology	topology.FINITE_UNION_OF_EMPTY
topology	topology.FINITE_UNION_OF_IDEMPOT
topology	topology.FINITE_UNION_OF_INC
topology	topology.FINITE_UNION_OF_INTER
topology	topology.FINITE_UNION_OF_INTER_EQ
topology	topology.FINITE_UNION_OF_RELATIVE_TO
topology	topology.FINITE_UNION_OF_UNION
topology	topology.FINITE_UNION_OF_UNIONS
topology	topology.FORALL_FINITE_SUBSET_IMAGE
topology	topology.FORALL_FINITE_SUBSET_IMAGE_INJ
topology	topology.FORALL_INTERSECTION_OF
topology	topology.FORALL_IN_CLOSURE_OF
topology	topology.FORALL_IN_CLOSURE_OF_GEN
topology	topology.FORALL_IN_CLOSURE_OF_UNIV
topology	topology.FORALL_RELATIVE_TO
topology	topology.FORALL_SUBSET_IMAGE
topology	topology.FORALL_SUBSET_IMAGE_INJ
topology	topology.FORALL_UNION_OF
topology	topology.FORALL_UNWIND_THM1
topology	topology.FORALL_UNWIND_THM2
topology	topology.FRONTIER_OF_CLOSURES
topology	topology.FRONTIER_OF_EMPTY
topology	topology.FRONTIER_OF_EQ_EMPTY
topology	topology.FRONTIER_OF_OPEN_IN
topology	topology.FRONTIER_OF_OPEN_IN_STRADDLE_INTER
topology	topology.FRONTIER_OF_RESTRICT
topology	topology.FRONTIER_OF_SUBSET_CLOSED_IN
topology	topology.FRONTIER_OF_SUBSET_EQ
topology	topology.FRONTIER_OF_SUBSET_SUBTOPOLOGY
topology	topology.FRONTIER_OF_SUBSET_TOPSPACE
topology	topology.FRONTIER_OF_SUBTOPOLOGY_MONO
topology	topology.FRONTIER_OF_SUBTOPOLOGY_SUBSET
topology	topology.FRONTIER_OF_TOPSPACE
topology	topology.HULLS_EQ
topology	topology.HULL_ANTIMONO
topology	topology.HULL_EQ
topology	topology.HULL_HULL
topology	topology.HULL_IMAGE
topology	topology.HULL_IMAGE_GALOIS
topology	topology.HULL_IMAGE_SUBSET
topology	topology.HULL_INC
topology	topology.HULL_INDUCT
topology	topology.HULL_MINIMAL
topology	topology.HULL_MONO
topology	topology.HULL_P
topology	topology.HULL_P_AND_Q
topology	topology.HULL_REDUNDANT
topology	topology.HULL_REDUNDANT_EQ
topology	topology.HULL_SUBSET
topology	topology.HULL_UNION
topology	topology.HULL_UNION_LEFT
topology	topology.HULL_UNION_RIGHT
topology	topology.HULL_UNION_SUBSET
topology	topology.HULL_UNIQUE
topology	topology.IMP_CONJ
topology	topology.IMP_IMP
topology	topology.INTERIOR_OF_CLOSED_IN_UNION_EMPTY_INTERIOR_OF
topology	topology.INTERIOR_OF_CLOSURE_OF
topology	topology.INTERIOR_OF_COMPLEMENT
topology	topology.INTERIOR_OF_EMPTY
topology	topology.INTERIOR_OF_EQ
topology	topology.INTERIOR_OF_EQ_EMPTY
topology	topology.INTERIOR_OF_EQ_EMPTY_ALT
topology	topology.INTERIOR_OF_EQ_EMPTY_COMPLEMENT
topology	topology.INTERIOR_OF_INTER
topology	topology.INTERIOR_OF_INTERIOR_OF
topology	topology.INTERIOR_OF_INTERS_SUBSET
topology	topology.INTERIOR_OF_MAXIMAL
topology	topology.INTERIOR_OF_MAXIMAL_EQ
topology	topology.INTERIOR_OF_MONO
topology	topology.INTERIOR_OF_OPEN_IN
topology	topology.INTERIOR_OF_RESTRICT
topology	topology.INTERIOR_OF_SUBSET
topology	topology.INTERIOR_OF_SUBSET_CLOSURE_OF
topology	topology.INTERIOR_OF_SUBSET_SUBTOPOLOGY
topology	topology.INTERIOR_OF_SUBSET_TOPSPACE
topology	topology.INTERIOR_OF_SUBTOPOLOGY_MONO
topology	topology.INTERIOR_OF_SUBTOPOLOGY_OPEN
topology	topology.INTERIOR_OF_SUBTOPOLOGY_SUBSET
topology	topology.INTERIOR_OF_SUBTOPOLOGY_SUBSETS
topology	topology.INTERIOR_OF_TOPSPACE
topology	topology.INTERIOR_OF_UNIONS_OPEN_IN_SUBSETS
topology	topology.INTERIOR_OF_UNION_EQ_EMPTY
topology	topology.INTERIOR_OF_UNION_FRONTIER_OF
topology	topology.INTERIOR_OF_UNIQUE
topology	topology.INTERSECTION_OF_EMPTY
topology	topology.INTERSECTION_OF_INC
topology	topology.INTERSECTION_OF_MONO
topology	topology.INTERS_0
topology	topology.INTERS_1
topology	topology.INTERS_2
topology	topology.INTERS_GSPEC
topology	topology.INTERS_IMAGE
topology	topology.INTERS_INSERT
topology	topology.INTERS_SUBSET
topology	topology.INTERS_SUBSET_STRONG
topology	topology.INTERS_UNIONS
topology	topology.INTER_INTERS
topology	topology.INTER_UNIONS
topology	topology.IN_CLOSURE_OF
topology	topology.IN_DERIVED_SET_OF
topology	topology.IN_GSPEC
topology	topology.IN_INTERS
topology	topology.IN_UNIONS
topology	topology.ISTOPOLOGY_BASE
topology	topology.ISTOPOLOGY_BASE_ALT
topology	topology.ISTOPOLOGY_BASE_EQ
topology	topology.ISTOPOLOGY_OPEN_IN
topology	topology.ISTOPOLOGY_SUBTOPOLOGY
topology	topology.IS_HULL
topology	topology.LEFT_AND_EXISTS_THM
topology	topology.OPEN_IN_BIGINTER
topology	topology.OPEN_IN_BIGUNION
topology	topology.OPEN_IN_CLAUSES
topology	topology.OPEN_IN_CLOSED_IN
topology	topology.OPEN_IN_CLOSED_IN_EQ
topology	topology.OPEN_IN_CONTINUOUS_MAP_PREIMAGE
topology	topology.OPEN_IN_CONTINUOUS_MAP_PREIMAGE_GEN
topology	topology.OPEN_IN_DIFF
topology	topology.OPEN_IN_EMPTY
topology	topology.OPEN_IN_IMP_SUBSET
topology	topology.OPEN_IN_INTER
topology	topology.OPEN_IN_INTERIOR_OF
topology	topology.OPEN_IN_INTER_CLOSURE_OF_EQ
topology	topology.OPEN_IN_INTER_CLOSURE_OF_EQ_EMPTY
topology	topology.OPEN_IN_INTER_CLOSURE_OF_SUBSET
topology	topology.OPEN_IN_INTER_DERIVED_SET_OF_EQ
topology	topology.OPEN_IN_INTER_DERIVED_SET_OF_SUBSET
topology	topology.OPEN_IN_RELATIVE_TO
topology	topology.OPEN_IN_SUBOPEN
topology	topology.OPEN_IN_SUBSET
topology	topology.OPEN_IN_SUBSET_TOPSPACE
topology	topology.OPEN_IN_SUBTOPOLOGY
topology	topology.OPEN_IN_SUBTOPOLOGY_EMPTY
topology	topology.OPEN_IN_SUBTOPOLOGY_REFL
topology	topology.OPEN_IN_SUBTOPOLOGY_UNION
topology	topology.OPEN_IN_TOPOLOGY_BASE
topology	topology.OPEN_IN_TOPSPACE
topology	topology.OPEN_IN_UNION
topology	topology.OPEN_NEIGH
topology	topology.OPEN_NEIGH'
topology	topology.OPEN_OWN_NEIGH
topology	topology.OPEN_SUBOPEN
topology	topology.OPEN_UNOPEN
topology	topology.PAIRWISE_AND
topology	topology.PAIRWISE_EMPTY
topology	topology.PAIRWISE_IMAGE
topology	topology.PAIRWISE_IMP
topology	topology.PAIRWISE_INSERT
topology	topology.PAIRWISE_MONO
topology	topology.PAIRWISE_SING
topology	topology.PAIRWISE_UNION
topology	topology.P_HULL
topology	topology.RELATIVE_TO
topology	topology.RELATIVE_TO_COMPL
topology	topology.RELATIVE_TO_IMP_SUBSET
topology	topology.RELATIVE_TO_INC
topology	topology.RELATIVE_TO_INTER
topology	topology.RELATIVE_TO_MONO
topology	topology.RELATIVE_TO_RELATIVE_TO
topology	topology.RELATIVE_TO_SUBSET
topology	topology.RELATIVE_TO_SUBSET_INC
topology	topology.RELATIVE_TO_SUBSET_TRANS
topology	topology.RELATIVE_TO_UNION
topology	topology.RELATIVE_TO_UNIV
topology	topology.RESTRICTION_CONTINUOUS_MAP
topology	topology.RIGHT_AND_EXISTS_THM
topology	topology.SIMPLE_IMAGE
topology	topology.SING_GSPEC
topology	topology.SUBSET_HULL
topology	topology.SUBSET_IMAGE_INJ
topology	topology.SUBSET_INTERIOR_OF_EQ
topology	topology.SUBSET_RESTRICT
topology	topology.SUBTOPOLOGY_SUBTOPOLOGY
topology	topology.SUBTOPOLOGY_SUPERSET
topology	topology.SUBTOPOLOGY_TOPSPACE
topology	topology.SUBTOPOLOGY_UNIV
topology	topology.TOPOLOGY_BASE_UNIQUE
topology	topology.TOPOLOGY_EQ
topology	topology.TOPOLOGY_FINER_CONTINUOUS_ID
topology	topology.TOPSPACE_SUBTOPOLOGY
topology	topology.UNIONS_0
topology	topology.UNIONS_1
topology	topology.UNIONS_2
topology	topology.UNIONS_GSPEC
topology	topology.UNIONS_IMAGE
topology	topology.UNIONS_INSERT
topology	topology.UNIONS_INTERS
topology	topology.UNIONS_SUBSET
topology	topology.UNIONS_UNION
topology	topology.UNION_INTERIOR_OF_SUBSET
topology	topology.UNION_OF_EMPTY
topology	topology.UNION_OF_INC
topology	topology.UNION_OF_MONO
topology	topology.UNIV_GSPEC
topology	topology.closed_topspace
topology	topology.derived_set_of_alt_limpt
topology	topology.limpt_alt
topology	topology.limpt_mono
topology	topology.limpt_thm
topology	topology.neigh_def
topology	topology.open_topspace
topology	topology.pairwiseD_alt_pairwiseN
toto	toto.LEX_ALT
toto	toto.ListOrd_THM
toto	toto.NOT_EQ_LESS_IMP
toto	toto.SLO_LEX
toto	toto.SLO_listorder
toto	toto.SPLIT_PAIRS
toto	toto.STRORD_SLO
toto	toto.StrongLinearOrderExists
toto	toto.StrongLinearOrder_LESS
toto	toto.StrongLinearOrder_of_TO_TO_of_LinearOrder
toto	toto.StrongOrder_ALT
toto	toto.Strong_Strong_of
toto	toto.Strong_Strong_of_TO
toto	toto.Strong_toto_inv
toto	toto.Strong_toto_thm
toto	toto.Strongof_toto_STRORD
toto	toto.TO_11
toto	toto.TO_ListOrd
toto	toto.TO_antisym
toto	toto.TO_apto_ID
toto	toto.TO_apto_TO_ID
toto	toto.TO_apto_TO_IMP
toto	toto.TO_charOrd
toto	toto.TO_cpn_eqn
toto	toto.TO_equal_eq
toto	toto.TO_exists
toto	toto.TO_injection
toto	toto.TO_inv_Ord
toto	toto.TO_inv_TO_inv
toto	toto.TO_lexTO
toto	toto.TO_numOrd
toto	toto.TO_of_LinearOrder_LEX
toto	toto.TO_of_greater_ler
toto	toto.TO_of_less_rel
toto	toto.TO_onto
toto	toto.TO_qk_numOrd
toto	toto.TO_refl
toto	toto.TotOrd_TO_of_LO
toto	toto.TotOrd_TO_of_Strong
toto	toto.TotOrd_TO_of_Weak
toto	toto.TotOrd_apto
toto	toto.TotOrd_inv
toto	toto.Weak_Weak_of
toto	toto.Weak_toto_inv
toto	toto.Weak_toto_thm
toto	toto.all_cpn_distinct
toto	toto.ap_qk_numto_thm
toto	toto.apcharto_thm
toto	toto.aplextoto
toto	toto.aplistoto
toto	toto.apnumto_thm
toto	toto.apto_inv
toto	toto.charOrd_eq_lem
toto	toto.charOrd_gt_lem
toto	toto.charOrd_lt_lem
toto	toto.charOrd_thm
toto	toto.datatype_num_dt
toto	toto.inv_TO
toto	toto.lexTO_ALT
toto	toto.lexTO_thm
toto	toto.listorder
toto	toto.listorder_ind
toto	toto.num_dtOrd
toto	toto.num_dtOrd_ind
toto	toto.num_dt_11
toto	toto.num_dt_Axiom
toto	toto.num_dt_case_cong
toto	toto.num_dt_case_eq
toto	toto.num_dt_distinct
toto	toto.num_dt_induction
toto	toto.num_dt_nchotomy
toto	toto.numeralOrd
toto	toto.onto_apto
toto	toto.pre_aplextoto
toto	toto.qk_numeralOrd
toto	toto.totoEEtrans
toto	toto.totoELtrans
toto	toto.totoGGtrans
toto	toto.totoGLtrans
toto	toto.totoLEtrans
toto	toto.totoLGtrans
toto	toto.totoLLtrans
toto	toto.toto_Strong_thm
toto	toto.toto_Weak_thm
toto	toto.toto_antisym
toto	toto.toto_cpn_eqn
toto	toto.toto_equal_eq
toto	toto.toto_equal_imp
toto	toto.toto_equal_imp_eq
toto	toto.toto_equal_sym
toto	toto.toto_glneq
toto	toto.toto_inv_toto_inv
toto	toto.toto_not_less_refl
toto	toto.toto_refl
toto	toto.toto_swap_cases
toto	toto.toto_thm
toto	toto.toto_trans_less
toto	toto.toto_unequal_imp
toto	toto.trichotomous_ALT
transc	transc.ACOSH_1
transc	transc.ACOSH_COSH
transc	transc.ACOSH_COSH_NEG
transc	transc.ACOSH_EQ_LN
transc	transc.ACOSH_MONO_LE
transc	transc.ACOSH_MONO_LT
transc	transc.ACOSH_NZ
transc	transc.ACOSH_POS_LE
transc	transc.ACOSH_POS_LT
transc	transc.ACOTH_ANTIMONO_LE
transc	transc.ACOTH_ANTIMONO_LT
transc	transc.ACOTH_COTH
transc	transc.ACOTH_EQ_ATANH
transc	transc.ACOTH_EQ_LN
transc	transc.ACOTH_NEG
transc	transc.ACOTH_NEG_LT
transc	transc.ACOTH_NZ
transc	transc.ACOTH_POS_LT
transc	transc.ACS
transc	transc.ACSCH_ANTIMONO_LE
transc	transc.ACSCH_ANTIMONO_LT
transc	transc.ACSCH_CSCH
transc	transc.ACSCH_EQ_ASINH
transc	transc.ACSCH_EQ_LN
transc	transc.ACSCH_NEG
transc	transc.ACSCH_NEG_LT
transc	transc.ACSCH_NZ
transc	transc.ACSCH_POS_LT
transc	transc.ACS_BOUNDS
transc	transc.ACS_BOUNDS_LT
transc	transc.ACS_COS
transc	transc.AGM
transc	transc.AGM_2
transc	transc.AGM_GEN
transc	transc.AGM_ROOT
transc	transc.AGM_RPOW
transc	transc.AGM_SQRT
transc	transc.ASECH_1
transc	transc.ASECH_ANTIMONO_LE
transc	transc.ASECH_ANTIMONO_LT
transc	transc.ASECH_EQ_ACOSH
transc	transc.ASECH_EQ_LN
transc	transc.ASECH_NZ
transc	transc.ASECH_POS_LE
transc	transc.ASECH_POS_LT
transc	transc.ASECH_SECH
transc	transc.ASECH_SECH_NEG
transc	transc.ASINH_0
transc	transc.ASINH_EQ_LN
transc	transc.ASINH_MONO_LE
transc	transc.ASINH_MONO_LT
transc	transc.ASINH_NEG
transc	transc.ASINH_NEG_LE
transc	transc.ASINH_NEG_LT
transc	transc.ASINH_NZ
transc	transc.ASINH_POS_LE
transc	transc.ASINH_POS_LT
transc	transc.ASINH_SINH
transc	transc.ASN
transc	transc.ASN_BOUNDS
transc	transc.ASN_BOUNDS_LT
transc	transc.ASN_SIN
transc	transc.ATANH_0
transc	transc.ATANH_EQ_LN
transc	transc.ATANH_MONO_LE
transc	transc.ATANH_MONO_LT
transc	transc.ATANH_NEG
transc	transc.ATANH_NEG_LE
transc	transc.ATANH_NEG_LT
transc	transc.ATANH_NZ
transc	transc.ATANH_POS_LE
transc	transc.ATANH_POS_LT
transc	transc.ATANH_TANH
transc	transc.ATN
transc	transc.ATN_BOUNDS
transc	transc.ATN_TAN
transc	transc.BASE_RPOW_LE
transc	transc.BASE_RPOW_LT
transc	transc.COSH_0
transc	transc.COSH_ACOSH
transc	transc.COSH_ANTIMONO_LE
transc	transc.COSH_ANTIMONO_LT
transc	transc.COSH_ASINH
transc	transc.COSH_BOUNDS
transc	transc.COSH_MONO_LE
transc	transc.COSH_MONO_LT
transc	transc.COSH_NEG
transc	transc.COSH_NZ
transc	transc.COSH_POS_LT
transc	transc.COSH_SQ_SINH_SQ
transc	transc.COS_0
transc	transc.COS_2
transc	transc.COS_ACS
transc	transc.COS_ADD
transc	transc.COS_ASN_NZ
transc	transc.COS_ATN_NZ
transc	transc.COS_BOUND
transc	transc.COS_BOUNDS
transc	transc.COS_CONVERGES
transc	transc.COS_DOUBLE
transc	transc.COS_FDIFF
transc	transc.COS_ISZERO
transc	transc.COS_NEG
transc	transc.COS_NPI
transc	transc.COS_PAIRED
transc	transc.COS_PERIODIC
transc	transc.COS_PERIODIC_PI
transc	transc.COS_PI
transc	transc.COS_PI2
transc	transc.COS_POS_PI
transc	transc.COS_POS_PI2
transc	transc.COS_POS_PI2_LE
transc	transc.COS_POS_PI_LE
transc	transc.COS_SIN
transc	transc.COS_SIN_SQ
transc	transc.COS_SIN_SQRT
transc	transc.COS_TOTAL
transc	transc.COS_ZERO
transc	transc.COS_ZERO_LEMMA
transc	transc.COTH_ACOTH
transc	transc.COTH_ANTIMONO_LE
transc	transc.COTH_ANTIMONO_LT
transc	transc.COTH_BOUNDS
transc	transc.COTH_NEG
transc	transc.COTH_NEG_LT
transc	transc.COTH_NZ
transc	transc.COTH_POS_LT
transc	transc.COTH_SQ_CSCH_SQ
transc	transc.CSCH_0
transc	transc.CSCH_ACSCH
transc	transc.CSCH_ANTIMONO_LE
transc	transc.CSCH_ANTIMONO_LT
transc	transc.CSCH_BOUNDS
transc	transc.CSCH_NEG
transc	transc.CSCH_NEG_LT
transc	transc.CSCH_NZ
transc	transc.CSCH_POS_LT
transc	transc.DIFF_ACOSH
transc	transc.DIFF_ACOTH
transc	transc.DIFF_ACS
transc	transc.DIFF_ACSCH
transc	transc.DIFF_ACS_LEMMA
transc	transc.DIFF_ASECH
transc	transc.DIFF_ASINH
transc	transc.DIFF_ASN
transc	transc.DIFF_ASN_LEMMA
transc	transc.DIFF_ATANH
transc	transc.DIFF_ATN
transc	transc.DIFF_COMPOSITE
transc	transc.DIFF_COMPOSITE_EXP
transc	transc.DIFF_COS
transc	transc.DIFF_COSH
transc	transc.DIFF_COTH
transc	transc.DIFF_CSCH
transc	transc.DIFF_EXP
transc	transc.DIFF_LN
transc	transc.DIFF_LN_COMPOSITE
transc	transc.DIFF_LN_COMPOSITE'
transc	transc.DIFF_RPOW
transc	transc.DIFF_SECH
transc	transc.DIFF_SIN
transc	transc.DIFF_SINH
transc	transc.DIFF_TAN
transc	transc.DIFF_TANH
transc	transc.EXP_0
transc	transc.EXP_ADD
transc	transc.EXP_ADD_MUL
transc	transc.EXP_CONVERGES
transc	transc.EXP_DIV
transc	transc.EXP_FDIFF
transc	transc.EXP_INJ
transc	transc.EXP_LE_X
transc	transc.EXP_LE_X_FULL
transc	transc.EXP_LN
transc	transc.EXP_LT_1
transc	transc.EXP_LT_X
transc	transc.EXP_MONO_IMP
transc	transc.EXP_MONO_LE
transc	transc.EXP_MONO_LT
transc	transc.EXP_N
transc	transc.EXP_NEG
transc	transc.EXP_NEG_MUL
transc	transc.EXP_NEG_MUL2
transc	transc.EXP_NZ
transc	transc.EXP_POS_LE
transc	transc.EXP_POS_LT
transc	transc.EXP_SUB
transc	transc.EXP_TOTAL
transc	transc.EXP_TOTAL_LEMMA
transc	transc.GEN_RPOW
transc	transc.LN_1
transc	transc.LN_DIV
transc	transc.LN_EQ_ATANH
transc	transc.LN_EXP
transc	transc.LN_INJ
transc	transc.LN_INV
transc	transc.LN_LE
transc	transc.LN_LT_HALF_X
transc	transc.LN_LT_X
transc	transc.LN_MONO_LE
transc	transc.LN_MONO_LT
transc	transc.LN_MUL
transc	transc.LN_NEG
transc	transc.LN_NEG_LT
transc	transc.LN_POS
transc	transc.LN_POS_LT
transc	transc.LN_POW
transc	transc.LN_PRODUCT
transc	transc.LN_RPOW
transc	transc.LOGR_MONO_LE
transc	transc.LOGR_MONO_LE_IMP
transc	transc.LOGR_MONO_LT
transc	transc.MCLAURIN
transc	transc.MCLAURIN_ALL_LE
transc	transc.MCLAURIN_ALL_LT
transc	transc.MCLAURIN_ALT
transc	transc.MCLAURIN_EXP_LE
transc	transc.MCLAURIN_EXP_LT
transc	transc.MCLAURIN_LN_NEG
transc	transc.MCLAURIN_LN_POS
transc	transc.MCLAURIN_NEG
transc	transc.MCLAURIN_ZERO
transc	transc.ONE_RPOW
transc	transc.PI2
transc	transc.PI2_BOUNDS
transc	transc.PI_POS
transc	transc.POW_ROOT_POS
transc	transc.REAL_DIV_SQRT
transc	transc.REAL_EXP_ADD
transc	transc.REAL_EXP_BOUND_LEMMA
transc	transc.REAL_POW_LT_EQ
transc	transc.REAL_ROOT_RPOW
transc	transc.ROOT_0
transc	transc.ROOT_1
transc	transc.ROOT_11
transc	transc.ROOT_DIV
transc	transc.ROOT_INV
transc	transc.ROOT_LN
transc	transc.ROOT_LT_LEMMA
transc	transc.ROOT_MONO_LE
transc	transc.ROOT_MONO_LE_EQ
transc	transc.ROOT_MONO_LT
transc	transc.ROOT_MUL
transc	transc.ROOT_POS
transc	transc.ROOT_POS_LT
transc	transc.ROOT_POS_UNIQ
transc	transc.ROOT_POW_POS
transc	transc.ROOT_PRODUCT
transc	transc.RPOW_0
transc	transc.RPOW_1
transc	transc.RPOW_ADD
transc	transc.RPOW_ADD_MUL
transc	transc.RPOW_DIV
transc	transc.RPOW_DIV_BASE
transc	transc.RPOW_INV
transc	transc.RPOW_LE
transc	transc.RPOW_LT
transc	transc.RPOW_MUL
transc	transc.RPOW_NZ
transc	transc.RPOW_POS_LT
transc	transc.RPOW_RPOW
transc	transc.RPOW_SUB
transc	transc.RPOW_SUC_N
transc	transc.RPOW_UNIQ_BASE
transc	transc.RPOW_UNIQ_EXP
transc	transc.SECH_0
transc	transc.SECH_ANTIMONO_LE
transc	transc.SECH_ANTIMONO_LT
transc	transc.SECH_ASECH
transc	transc.SECH_BOUNDS
transc	transc.SECH_MONO_LE
transc	transc.SECH_MONO_LT
transc	transc.SECH_NEG
transc	transc.SECH_NZ
transc	transc.SECH_POS_LT
transc	transc.SECH_SQ_TANH_SQ
transc	transc.SINH_0
transc	transc.SINH_ACOSH
transc	transc.SINH_ASINH
transc	transc.SINH_MONO_LE
transc	transc.SINH_MONO_LT
transc	transc.SINH_NEG
transc	transc.SINH_NEG_LE
transc	transc.SINH_NEG_LT
transc	transc.SINH_NZ
transc	transc.SINH_POS_LE
transc	transc.SINH_POS_LT
transc	transc.SIN_0
transc	transc.SIN_ACS_NZ
transc	transc.SIN_ADD
transc	transc.SIN_ASN
transc	transc.SIN_BOUND
transc	transc.SIN_BOUNDS
transc	transc.SIN_CIRCLE
transc	transc.SIN_CONVERGES
transc	transc.SIN_COS
transc	transc.SIN_COS_ADD
transc	transc.SIN_COS_NEG
transc	transc.SIN_COS_SQ
transc	transc.SIN_COS_SQRT
transc	transc.SIN_DOUBLE
transc	transc.SIN_FDIFF
transc	transc.SIN_NEG
transc	transc.SIN_NEGLEMMA
transc	transc.SIN_NPI
transc	transc.SIN_PAIRED
transc	transc.SIN_PERIODIC
transc	transc.SIN_PERIODIC_PI
transc	transc.SIN_PI
transc	transc.SIN_PI2
transc	transc.SIN_POS
transc	transc.SIN_POS_PI
transc	transc.SIN_POS_PI2
transc	transc.SIN_POS_PI2_LE
transc	transc.SIN_POS_PI_LE
transc	transc.SIN_TOTAL
transc	transc.SIN_ZERO
transc	transc.SIN_ZERO_LEMMA
transc	transc.SQRT_EVEN_POW2
transc	transc.SQRT_RPOW
transc	transc.TANH_0
transc	transc.TANH_ATANH
transc	transc.TANH_BOUNDS
transc	transc.TANH_MONO_LE
transc	transc.TANH_MONO_LT
transc	transc.TANH_NEG
transc	transc.TANH_NEG_LE
transc	transc.TANH_NEG_LT
transc	transc.TANH_NZ
transc	transc.TANH_POS_LE
transc	transc.TANH_POS_LT
transc	transc.TAN_0
transc	transc.TAN_ADD
transc	transc.TAN_ATN
transc	transc.TAN_DOUBLE
transc	transc.TAN_NEG
transc	transc.TAN_NPI
transc	transc.TAN_PERIODIC
transc	transc.TAN_PI
transc	transc.TAN_POS_PI2
transc	transc.TAN_SEC
transc	transc.TAN_TOTAL
transc	transc.TAN_TOTAL_LEMMA
transc	transc.TAN_TOTAL_POS
transc	transc.TAYLOR
transc	transc.TAYLOR_ALL_LT
transc	transc.TAYLOR_NEG
transc	transc.YOUNG_INEQUALITY
transc	transc.coth_alt
transc	transc.diffn_exp
transc	transc.exp
transc	transc.exp_convex
transc	transc.higher_differentiable_exp
transc	transc.lg_1
transc	transc.lg_2
transc	transc.lg_inv
transc	transc.lg_mul
transc	transc.lg_nonzero
transc	transc.lg_pow
transc	transc.logr_1
transc	transc.logr_div
transc	transc.logr_inv
transc	transc.logr_mul
transc	transc.neg_lg
transc	transc.neg_logr
transc	transc.pos_concave_lg
transc	transc.pos_concave_ln
transc	transc.pos_concave_logr
transc	transc.pos_convex_inv
transc	transc.rpow_def
transc	transc.sqrt
transc	transc.tanh_alt
transc	transc.tanh_alt2
transfer	transfer.ALL_DISTINCT_rule
transfer	transfer.ALL_IFF
transfer	transfer.ALL_surj_RDOM
transfer	transfer.ALL_surj_iff_imp
transfer	transfer.ALL_surj_imp_imp
transfer	transfer.ALL_total_RRANGE
transfer	transfer.ALL_total_cimp_cimp
transfer	transfer.ALL_total_iff_cimp
transfer	transfer.ALL_total_iff_imp_RRANGE
transfer	transfer.COMMA_CORRECT
transfer	transfer.COND_rule
transfer	transfer.CONS_rule
transfer	transfer.EQ_bi_unique
transfer	transfer.EXISTS_IFF_RDOM
transfer	transfer.EXISTS_IFF_RRANGE
transfer	transfer.EXISTS_bitotal
transfer	transfer.EXISTS_surj_cimp_cimp
transfer	transfer.EXISTS_surj_iff_cimp
transfer	transfer.EXISTS_total_iff_imp
transfer	transfer.EXISTS_total_imp_imp
transfer	transfer.FOLDL_rule
transfer	transfer.FOLDR_rule
transfer	transfer.FST_CORRECT
transfer	transfer.FUNPOW_rule
transfer	transfer.FUN_REL_COMB
transfer	transfer.FUN_REL_COMB_EQ
transfer	transfer.FUN_REL_IFF_IMP
transfer	transfer.FUN_REL_def
transfer	transfer.FUN_REL_iff_cimp_strengthen
transfer	transfer.FUN_REL_iff_imp_strengthen
transfer	transfer.LENGTH_rule
transfer	transfer.LET_rule
transfer	transfer.LIST_REL_left_unique
transfer	transfer.LIST_REL_right_unique
transfer	transfer.LIST_REL_surj
transfer	transfer.LIST_REL_total
transfer	transfer.MAP_rule
transfer	transfer.NIL_rule
transfer	transfer.NONE_rule
transfer	transfer.OPTION_BIND_rule
transfer	transfer.OPTREL_MAP
transfer	transfer.OPTREL_left_unique
transfer	transfer.OPTREL_right_unique
transfer	transfer.OPTREL_surj
transfer	transfer.OPTREL_total
transfer	transfer.PAIRU_COMMA
transfer	transfer.PAIRU_def
transfer	transfer.PAIRU_ind
transfer	transfer.PAIR_REL_def
transfer	transfer.RDOM_EQ
transfer	transfer.RRANGE_EQ
transfer	transfer.SND_CORRECT
transfer	transfer.SOME_rule
transfer	transfer.TL_rule
transfer	transfer.UPAIR_COMMA
transfer	transfer.UPAIR_def
transfer	transfer.UPAIR_ind
transfer	transfer.UREL_EQ
transfer	transfer.bi_unique_EQ
transfer	transfer.bi_unique_implied
transfer	transfer.bitotal_EQ
transfer	transfer.bitotal_implied
transfer	transfer.cimp_disj
transfer	transfer.cimp_imp
transfer	transfer.eq_equalityp
transfer	transfer.eq_imp
transfer	transfer.equalityp_FUN_REL
transfer	transfer.equalityp_LIST_REL
transfer	transfer.equalityp_OPTREL
transfer	transfer.equalityp_PAIR_REL
transfer	transfer.equalityp_applied
transfer	transfer.imp_conj
transfer	transfer.imp_disj
transfer	transfer.left_unique_EQ
transfer	transfer.list_CASE_CONG
transfer	transfer.option_CASE_CONG
transfer	transfer.pair_CASE_CONG
transfer	transfer.right_unique_EQ
transfer	transfer.surj_EQ
transfer	transfer.surj_eqeq
transfer	transfer.surj_sets
transfer	transfer.total_EQ
transfer	transfer.total_total_sets
update	update.APPLY_UPDATE_ID
update	update.APPLY_UPDATE_THM
update	update.FIND_def
update	update.LIST_UPDATE_ALL_DISTINCT
update	update.LIST_UPDATE_LOOKUP
update	update.LIST_UPDATE_OVERRIDE
update	update.LIST_UPDATE_SORT_OVERRIDE
update	update.LIST_UPDATE_THMS
update	update.OVERRIDE_def
update	update.OVERRIDE_ind
update	update.SAME_KEY_UPDATE_DIFFER
update	update.UPDATE_APPLY_ID
update	update.UPDATE_APPLY_IMP_ID
update	update.UPDATE_COMMUTES
update	update.UPDATE_EQ
update	update.UPDATE_def
vartypeAbbrev1	vartypeAbbrev1.T
vartypeAbbrev2	vartypeAbbrev2.T
veblen	veblen.better_induction
veblen	veblen.club_INTER
veblen	veblen.clubs_exist
veblen	veblen.increasing
veblen	veblen.mono_natI
veblen	veblen.nrange_IN_Uinf
veblen	veblen.oleast_leq
veblen	veblen.sup_mem_INTER
wellorder	wellorder.FORALL_NUM
wellorder	wellorder.IMAGE_wo2wo_SUBSET
wellorder	wellorder.INJ_preserves_antisym
wellorder	wellorder.INJ_preserves_linear_order
wellorder	wellorder.INJ_preserves_transitive
wellorder	wellorder.INJ_preserves_wellorder
wellorder	wellorder.LT_wZERO
wellorder	wellorder.StrongWellOrderExists
wellorder	wellorder.TARSKI_SET
wellorder	wellorder.WEXTENSION
wellorder	wellorder.WF
wellorder	wellorder.WF_DCHAIN
wellorder	wellorder.WF_EQ
wellorder	wellorder.WF_IND
wellorder	wellorder.WF_REC
wellorder	wellorder.WF_REC_INVARIANT
wellorder	wellorder.WF_REC_num
wellorder	wellorder.WF_UREC
wellorder	wellorder.WF_UREC_WF
wellorder	wellorder.WF_num
wellorder	wellorder.WIN_ADD1
wellorder	wellorder.WIN_REFL
wellorder	wellorder.WIN_TRANS
wellorder	wellorder.WIN_WF
wellorder	wellorder.WIN_WF2
wellorder	wellorder.WIN_WLE
wellorder	wellorder.WIN_elsOf
wellorder	wellorder.WIN_remove
wellorder	wellorder.WIN_trichotomy
wellorder	wellorder.WIN_wZERO
wellorder	wellorder.WIN_wobound
wellorder	wellorder.WLE_ANTISYM
wellorder	wellorder.WLE_TRANS
wellorder	wellorder.WLE_WIN
wellorder	wellorder.WLE_WIN_EQ
wellorder	wellorder.WLE_elsOf
wellorder	wellorder.WLE_wZERO
wellorder	wellorder.WLE_wobound
wellorder	wellorder.allsets_wellorderable
wellorder	wellorder.antisym_rrestrict
wellorder	wellorder.destWO_mkWO
wellorder	wellorder.domain_IMAGE_ff
wellorder	wellorder.elsOf_ADD1
wellorder	wellorder.elsOf_EQ_EMPTY
wellorder	wellorder.elsOf_WLE
wellorder	wellorder.elsOf_cardeq_iso
wellorder	wellorder.elsOf_fromNatWO
wellorder	wellorder.elsOf_remove
wellorder	wellorder.elsOf_wZERO
wellorder	wellorder.elsOf_wobound
wellorder	wellorder.finite_iso
wellorder	wellorder.finite_wZERO
wellorder	wellorder.fromNatWO_11
wellorder	wellorder.linear_order_rrestrict
wellorder	wellorder.mkWO_destWO
wellorder	wellorder.mono_woseg
wellorder	wellorder.orderiso_REFL
wellorder	wellorder.orderiso_SYM
wellorder	wellorder.orderiso_TRANS
wellorder	wellorder.orderiso_thm
wellorder	wellorder.orderiso_unique
wellorder	wellorder.orderiso_wZERO
wellorder	wellorder.orderlt_REFL
wellorder	wellorder.orderlt_TRANS
wellorder	wellorder.orderlt_WF
wellorder	wellorder.orderlt_orderiso
wellorder	wellorder.orderlt_trichotomy
wellorder	wellorder.range_IMAGE_ff
wellorder	wellorder.reflexive_rrestrict
wellorder	wellorder.rrestrict_SUBSET
wellorder	wellorder.seteq_wlog
wellorder	wellorder.strict_UNION
wellorder	wellorder.strict_subset
wellorder	wellorder.transitive_rrestrict
wellorder	wellorder.transitive_strict
wellorder	wellorder.wellfounded_WF
wellorder	wellorder.wellfounded_subset
wellorder	wellorder.wellorder_ADD1
wellorder	wellorder.wellorder_EMPTY
wellorder	wellorder.wellorder_SING
wellorder	wellorder.wellorder_cases
wellorder	wellorder.wellorder_fromNat
wellorder	wellorder.wellorder_fromNat_SUM
wellorder	wellorder.wellorder_remove
wellorder	wellorder.wellorder_rrestrict
wellorder	wellorder.wleast_EQ_NONE
wellorder	wellorder.wleast_IN_wo
wellorder	wellorder.wleast_SUBSET
wellorder	wellorder.wo2wo_11
wellorder	wellorder.wo2wo_EQ_NONE
wellorder	wellorder.wo2wo_EQ_NONE_woseg
wellorder	wellorder.wo2wo_EQ_SOME_downwards
wellorder	wellorder.wo2wo_IN_w2
wellorder	wellorder.wo2wo_ONTO
wellorder	wellorder.wo2wo_mono
wellorder	wellorder.wo2wo_thm
wellorder	wellorder.wo_INDUCTION
wellorder	wellorder.wobound2
wellorder	wellorder.wobounds_preserve_bijections
with_basic_sizes	with_basic_sizes.a_rec_11
with_basic_sizes	with_basic_sizes.a_rec_Axiom
with_basic_sizes	with_basic_sizes.a_rec_case_cong
with_basic_sizes	with_basic_sizes.a_rec_case_eq
with_basic_sizes	with_basic_sizes.a_rec_distinct
with_basic_sizes	with_basic_sizes.a_rec_induction
with_basic_sizes	with_basic_sizes.a_rec_nchotomy
with_basic_sizes	with_basic_sizes.command2_11
with_basic_sizes	with_basic_sizes.command2_Axiom
with_basic_sizes	with_basic_sizes.command2_case_cong
with_basic_sizes	with_basic_sizes.command2_case_eq
with_basic_sizes	with_basic_sizes.command2_distinct
with_basic_sizes	with_basic_sizes.command2_induction
with_basic_sizes	with_basic_sizes.command2_nchotomy
with_basic_sizes	with_basic_sizes.datatype_a_rec
with_basic_sizes	with_basic_sizes.datatype_command2
with_basic_sizes	with_basic_sizes.datatype_list
with_basic_sizes	with_basic_sizes.datatype_t1
with_basic_sizes	with_basic_sizes.datatype_t2
with_basic_sizes	with_basic_sizes.datatype_tr20090423
with_basic_sizes	with_basic_sizes.datatype_u1
with_basic_sizes	with_basic_sizes.datatype_u2
with_basic_sizes	with_basic_sizes.datatype_u3
with_basic_sizes	with_basic_sizes.datatype_v_rec
with_basic_sizes	with_basic_sizes.list_11
with_basic_sizes	with_basic_sizes.list_Axiom
with_basic_sizes	with_basic_sizes.list_case_cong
with_basic_sizes	with_basic_sizes.list_case_eq
with_basic_sizes	with_basic_sizes.list_distinct
with_basic_sizes	with_basic_sizes.list_induction
with_basic_sizes	with_basic_sizes.list_nchotomy
with_basic_sizes	with_basic_sizes.t1_11
with_basic_sizes	with_basic_sizes.t1_Axiom
with_basic_sizes	with_basic_sizes.t1_case_cong
with_basic_sizes	with_basic_sizes.t1_case_eq
with_basic_sizes	with_basic_sizes.t1_induction
with_basic_sizes	with_basic_sizes.t1_nchotomy
with_basic_sizes	with_basic_sizes.t2_11
with_basic_sizes	with_basic_sizes.t2_Axiom
with_basic_sizes	with_basic_sizes.t2_case_cong
with_basic_sizes	with_basic_sizes.t2_case_eq
with_basic_sizes	with_basic_sizes.t2_induction
with_basic_sizes	with_basic_sizes.t2_nchotomy
with_basic_sizes	with_basic_sizes.tr20090423_11
with_basic_sizes	with_basic_sizes.tr20090423_Axiom
with_basic_sizes	with_basic_sizes.tr20090423_case_cong
with_basic_sizes	with_basic_sizes.tr20090423_case_eq
with_basic_sizes	with_basic_sizes.tr20090423_distinct
with_basic_sizes	with_basic_sizes.tr20090423_induction
with_basic_sizes	with_basic_sizes.tr20090423_nchotomy
with_basic_sizes	with_basic_sizes.u1_11
with_basic_sizes	with_basic_sizes.u1_Axiom
with_basic_sizes	with_basic_sizes.u1_case_cong
with_basic_sizes	with_basic_sizes.u1_case_eq
with_basic_sizes	with_basic_sizes.u1_induction
with_basic_sizes	with_basic_sizes.u1_nchotomy
with_basic_sizes	with_basic_sizes.u2_11
with_basic_sizes	with_basic_sizes.u2_Axiom
with_basic_sizes	with_basic_sizes.u2_case_cong
with_basic_sizes	with_basic_sizes.u2_case_eq
with_basic_sizes	with_basic_sizes.u2_induction
with_basic_sizes	with_basic_sizes.u2_nchotomy
with_basic_sizes	with_basic_sizes.u3_11
with_basic_sizes	with_basic_sizes.u3_Axiom
with_basic_sizes	with_basic_sizes.u3_case_cong
with_basic_sizes	with_basic_sizes.u3_case_eq
with_basic_sizes	with_basic_sizes.u3_induction
with_basic_sizes	with_basic_sizes.u3_nchotomy
with_basic_sizes	with_basic_sizes.u4_11
with_basic_sizes	with_basic_sizes.u4_Axiom
with_basic_sizes	with_basic_sizes.u4_case_cong
with_basic_sizes	with_basic_sizes.u4_case_eq
with_basic_sizes	with_basic_sizes.u4_induction
with_basic_sizes	with_basic_sizes.u4_nchotomy
with_basic_sizes	with_basic_sizes.v_rec_11
with_basic_sizes	with_basic_sizes.v_rec_Axiom
with_basic_sizes	with_basic_sizes.v_rec_case_cong
with_basic_sizes	with_basic_sizes.v_rec_case_eq
with_basic_sizes	with_basic_sizes.v_rec_distinct
with_basic_sizes	with_basic_sizes.v_rec_induction
with_basic_sizes	with_basic_sizes.v_rec_nchotomy
words	words.ADD_WITH_CARRY_SUB
words	words.ASR_ADD
words	words.ASR_LIMIT
words	words.ASR_UINT_MAX
words	words.BITS_ZEROL_DIMINDEX
words	words.BIT_SET
words	words.BIT_SET_def
words	words.BIT_SET_ind
words	words.BIT_UPDATE
words	words.BOUND_ORDER
words	words.CARD_WORD
words	words.CONCAT_EXTRACT
words	words.DIMINDEX_GT_0
words	words.EXISTS_HB
words	words.EXTEND_EXTRACT
words	words.EXTRACT_ALL_BITS
words	words.EXTRACT_CONCAT
words	words.EXTRACT_JOIN
words	words.EXTRACT_JOIN_ADD
words	words.EXTRACT_JOIN_ADD_LSL
words	words.EXTRACT_JOIN_LSL
words	words.FCP_T_F
words	words.FST_ADD_WITH_CARRY
words	words.INT_MAX_LT_DIMWORD
words	words.INT_MIN_1
words	words.INT_MIN_10
words	words.INT_MIN_11
words	words.INT_MIN_12
words	words.INT_MIN_128
words	words.INT_MIN_16
words	words.INT_MIN_2
words	words.INT_MIN_20
words	words.INT_MIN_24
words	words.INT_MIN_28
words	words.INT_MIN_3
words	words.INT_MIN_30
words	words.INT_MIN_32
words	words.INT_MIN_4
words	words.INT_MIN_48
words	words.INT_MIN_5
words	words.INT_MIN_56
words	words.INT_MIN_6
words	words.INT_MIN_64
words	words.INT_MIN_7
words	words.INT_MIN_8
words	words.INT_MIN_9
words	words.INT_MIN_96
words	words.INT_MIN_LT_DIMWORD
words	words.INT_MIN_SUM
words	words.LEAST_BIT_LT
words	words.LENGTH_word_to_bin_list_bound
words	words.LOG2_w2n
words	words.LOG2_w2n_lt
words	words.LSL_ADD
words	words.LSL_BITWISE
words	words.LSL_LIMIT
words	words.LSL_ONE
words	words.LSL_UINT_MAX
words	words.LSR_ADD
words	words.LSR_BITWISE
words	words.LSR_LESS
words	words.LSR_LIMIT
words	words.MEM_w2l_less
words	words.MOD_2EXP_DIMINDEX
words	words.MOD_COMPLEMENT
words	words.MOD_DIMINDEX
words	words.NOT_0w
words	words.NOT_FINITE_IMP_dimword_2
words	words.NOT_INT_MIN_ZERO
words	words.NOT_UINTMAXw
words	words.NUMERAL_LESS_THM
words	words.ONE_LT_dimword
words	words.ROL_ADD
words	words.ROL_BITWISE
words	words.ROL_MOD
words	words.ROR_ADD
words	words.ROR_BITWISE
words	words.ROR_CYCLE
words	words.ROR_MOD
words	words.ROR_ROL
words	words.ROR_UINT_MAX
words	words.SHIFT_1_SUB_1
words	words.SHIFT_ZERO
words	words.SUC_WORD_PRED
words	words.TWO_COMP_NEG
words	words.TWO_COMP_POS
words	words.TWO_COMP_POS_NEG
words	words.WORD_0_LS
words	words.WORD_0_POS
words	words.WORD_2COMP_LSL
words	words.WORD_ADD_0
words	words.WORD_ADD_ASSOC
words	words.WORD_ADD_BIT
words	words.WORD_ADD_BIT0
words	words.WORD_ADD_COMM
words	words.WORD_ADD_EQ_SUB
words	words.WORD_ADD_INV_0_EQ
words	words.WORD_ADD_LEFT_LO
words	words.WORD_ADD_LEFT_LO2
words	words.WORD_ADD_LEFT_LS
words	words.WORD_ADD_LEFT_LS2
words	words.WORD_ADD_LID_UNIQ
words	words.WORD_ADD_LINV
words	words.WORD_ADD_LSL
words	words.WORD_ADD_OR
words	words.WORD_ADD_RID_UNIQ
words	words.WORD_ADD_RIGHT_LO
words	words.WORD_ADD_RIGHT_LO2
words	words.WORD_ADD_RIGHT_LS
words	words.WORD_ADD_RIGHT_LS2
words	words.WORD_ADD_RINV
words	words.WORD_ADD_SUB
words	words.WORD_ADD_SUB2
words	words.WORD_ADD_SUB3
words	words.WORD_ADD_SUB_ASSOC
words	words.WORD_ADD_SUB_SYM
words	words.WORD_ADD_XOR
words	words.WORD_ALL_BITS
words	words.WORD_AND_ABSORD
words	words.WORD_AND_ASSOC
words	words.WORD_AND_CLAUSES
words	words.WORD_AND_COMM
words	words.WORD_AND_COMP
words	words.WORD_AND_EXP_SUB1
words	words.WORD_AND_IDEM
words	words.WORD_BITS_COMP_THM
words	words.WORD_BITS_EXTRACT
words	words.WORD_BITS_LSL
words	words.WORD_BITS_LSR
words	words.WORD_BITS_LT
words	words.WORD_BITS_MIN_HIGH
words	words.WORD_BITS_OVER_BITWISE
words	words.WORD_BITS_SLICE_THM
words	words.WORD_BITS_ZERO
words	words.WORD_BITS_ZERO2
words	words.WORD_BITS_ZERO3
words	words.WORD_BIT_BITS
words	words.WORD_DE_MORGAN_THM
words	words.WORD_DIVISION
words	words.WORD_DIV_LSR
words	words.WORD_EQ
words	words.WORD_EQ_ADD_LCANCEL
words	words.WORD_EQ_ADD_RCANCEL
words	words.WORD_EQ_NEG
words	words.WORD_EQ_SUB_LADD
words	words.WORD_EQ_SUB_RADD
words	words.WORD_EQ_SUB_ZERO
words	words.WORD_EXTRACT_BITS_COMP
words	words.WORD_EXTRACT_COMP_THM
words	words.WORD_EXTRACT_ID
words	words.WORD_EXTRACT_LSL
words	words.WORD_EXTRACT_LSL2
words	words.WORD_EXTRACT_LT
words	words.WORD_EXTRACT_MIN_HIGH
words	words.WORD_EXTRACT_OVER_ADD
words	words.WORD_EXTRACT_OVER_ADD2
words	words.WORD_EXTRACT_OVER_BITWISE
words	words.WORD_EXTRACT_OVER_MUL
words	words.WORD_EXTRACT_OVER_MUL2
words	words.WORD_EXTRACT_ZERO
words	words.WORD_EXTRACT_ZERO2
words	words.WORD_EXTRACT_ZERO3
words	words.WORD_FINITE
words	words.WORD_GE
words	words.WORD_GREATER
words	words.WORD_GREATER_EQ
words	words.WORD_GREATER_OR_EQ
words	words.WORD_GT
words	words.WORD_HI
words	words.WORD_HIGHER
words	words.WORD_HIGHER_EQ
words	words.WORD_HIGHER_OR_EQ
words	words.WORD_HS
words	words.WORD_H_POS
words	words.WORD_H_WORD_L
words	words.WORD_INDUCT
words	words.WORD_LCANCEL_SUB
words	words.WORD_LE
words	words.WORD_LEFT_ADD_DISTRIB
words	words.WORD_LEFT_AND_OVER_OR
words	words.WORD_LEFT_AND_OVER_XOR
words	words.WORD_LEFT_OR_OVER_AND
words	words.WORD_LEFT_SUB_DISTRIB
words	words.WORD_LESS_0_word_T
words	words.WORD_LESS_ANTISYM
words	words.WORD_LESS_CASES
words	words.WORD_LESS_CASES_IMP
words	words.WORD_LESS_EQUAL_ANTISYM
words	words.WORD_LESS_EQ_ANTISYM
words	words.WORD_LESS_EQ_CASES
words	words.WORD_LESS_EQ_H
words	words.WORD_LESS_EQ_LESS_TRANS
words	words.WORD_LESS_EQ_REFL
words	words.WORD_LESS_EQ_TRANS
words	words.WORD_LESS_IMP_LESS_OR_EQ
words	words.WORD_LESS_LESS_CASES
words	words.WORD_LESS_LESS_EQ_TRANS
words	words.WORD_LESS_NEG_LEFT
words	words.WORD_LESS_NEG_RIGHT
words	words.WORD_LESS_NOT_EQ
words	words.WORD_LESS_OR_EQ
words	words.WORD_LESS_REFL
words	words.WORD_LESS_TRANS
words	words.WORD_LE_EQ_LS
words	words.WORD_LE_LS
words	words.WORD_LITERAL_ADD
words	words.WORD_LITERAL_AND
words	words.WORD_LITERAL_MULT
words	words.WORD_LITERAL_OR
words	words.WORD_LITERAL_XOR
words	words.WORD_LO
words	words.WORD_LOWER_ANTISYM
words	words.WORD_LOWER_CASES
words	words.WORD_LOWER_CASES_IMP
words	words.WORD_LOWER_EQUAL_ANTISYM
words	words.WORD_LOWER_EQ_ANTISYM
words	words.WORD_LOWER_EQ_CASES
words	words.WORD_LOWER_EQ_LOWER_TRANS
words	words.WORD_LOWER_EQ_REFL
words	words.WORD_LOWER_EQ_TRANS
words	words.WORD_LOWER_IMP_LOWER_OR_EQ
words	words.WORD_LOWER_LOWER_CASES
words	words.WORD_LOWER_LOWER_EQ_TRANS
words	words.WORD_LOWER_NOT_EQ
words	words.WORD_LOWER_OR_EQ
words	words.WORD_LOWER_REFL
words	words.WORD_LOWER_TRANS
words	words.WORD_LO_word_0
words	words.WORD_LO_word_0R
words	words.WORD_LO_word_T
words	words.WORD_LO_word_T_L
words	words.WORD_LO_word_T_R
words	words.WORD_LS
words	words.WORD_LS_T
words	words.WORD_LS_word_0
words	words.WORD_LS_word_T
words	words.WORD_LT
words	words.WORD_LT_EQ_LO
words	words.WORD_LT_LO
words	words.WORD_LT_SUB_UPPER
words	words.WORD_L_LESS_EQ
words	words.WORD_L_LESS_H
words	words.WORD_L_NEG
words	words.WORD_L_PLUS_H
words	words.WORD_MODIFY_BIT
words	words.WORD_MOD_1
words	words.WORD_MOD_POW2
words	words.WORD_MSB_1COMP
words	words.WORD_MSB_INT_MIN_LS
words	words.WORD_MULT_ASSOC
words	words.WORD_MULT_CLAUSES
words	words.WORD_MULT_COMM
words	words.WORD_MULT_SUC
words	words.WORD_MUL_LSL
words	words.WORD_NAND_NOT_AND
words	words.WORD_NEG
words	words.WORD_NEG1_MUL_LCANCEL
words	words.WORD_NEG1_MUL_RCANCEL
words	words.WORD_NEG_0
words	words.WORD_NEG_1
words	words.WORD_NEG_1_T
words	words.WORD_NEG_ADD
words	words.WORD_NEG_EQ
words	words.WORD_NEG_EQ_0
words	words.WORD_NEG_L
words	words.WORD_NEG_LMUL
words	words.WORD_NEG_MUL
words	words.WORD_NEG_NEG
words	words.WORD_NEG_RMUL
words	words.WORD_NEG_SUB
words	words.WORD_NEG_T
words	words.WORD_NOR_NOT_OR
words	words.WORD_NOT
words	words.WORD_NOT_0
words	words.WORD_NOT_GREATER
words	words.WORD_NOT_HIGHER
words	words.WORD_NOT_LESS
words	words.WORD_NOT_LESS_EQ
words	words.WORD_NOT_LESS_EQUAL
words	words.WORD_NOT_LOWER
words	words.WORD_NOT_LOWER_EQ
words	words.WORD_NOT_LOWER_EQUAL
words	words.WORD_NOT_NOT
words	words.WORD_NOT_T
words	words.WORD_NOT_XOR
words	words.WORD_OR_ABSORB
words	words.WORD_OR_ASSOC
words	words.WORD_OR_CLAUSES
words	words.WORD_OR_COMM
words	words.WORD_OR_COMP
words	words.WORD_OR_IDEM
words	words.WORD_PRED_THM
words	words.WORD_RCANCEL_SUB
words	words.WORD_RIGHT_ADD_DISTRIB
words	words.WORD_RIGHT_AND_OVER_OR
words	words.WORD_RIGHT_AND_OVER_XOR
words	words.WORD_RIGHT_OR_OVER_AND
words	words.WORD_RIGHT_SUB_DISTRIB
words	words.WORD_SET_INDUCT
words	words.WORD_SLICE_BITS_THM
words	words.WORD_SLICE_COMP_THM
words	words.WORD_SLICE_OVER_BITWISE
words	words.WORD_SLICE_THM
words	words.WORD_SLICE_ZERO
words	words.WORD_SLICE_ZERO2
words	words.WORD_SUB
words	words.WORD_SUB_ADD
words	words.WORD_SUB_ADD2
words	words.WORD_SUB_INTRO
words	words.WORD_SUB_LE
words	words.WORD_SUB_LNEG
words	words.WORD_SUB_LT
words	words.WORD_SUB_LZERO
words	words.WORD_SUB_NEG
words	words.WORD_SUB_PLUS
words	words.WORD_SUB_REFL
words	words.WORD_SUB_RNEG
words	words.WORD_SUB_RZERO
words	words.WORD_SUB_SUB
words	words.WORD_SUB_SUB2
words	words.WORD_SUB_SUB3
words	words.WORD_SUB_TRIANGLE
words	words.WORD_SUM_ZERO
words	words.WORD_XNOR_NOT_XOR
words	words.WORD_XOR
words	words.WORD_XOR_ASSOC
words	words.WORD_XOR_CLAUSES
words	words.WORD_XOR_COMM
words	words.WORD_XOR_COMP
words	words.WORD_ZERO_LE
words	words.WORD_w2w_EXTRACT
words	words.WORD_w2w_OVER_ADD
words	words.WORD_w2w_OVER_BITWISE
words	words.WORD_w2w_OVER_MUL
words	words.ZERO_LE_INT_MAX
words	words.ZERO_LO_INT_MIN
words	words.ZERO_LT_INT_MAX
words	words.ZERO_LT_INT_MIN
words	words.ZERO_LT_UINT_MAX
words	words.ZERO_LT_dimword
words	words.ZERO_SHIFT
words	words.bit_count_is_zero
words	words.bit_count_upto_0
words	words.bit_count_upto_SUC
words	words.bit_count_upto_is_zero
words	words.bit_field_insert
words	words.bit_field_insert_transpose
words	words.bit_field_insert_w2w
words	words.card_word1
words	words.card_word10
words	words.card_word11
words	words.card_word12
words	words.card_word128
words	words.card_word16
words	words.card_word2
words	words.card_word20
words	words.card_word24
words	words.card_word28
words	words.card_word3
words	words.card_word30
words	words.card_word32
words	words.card_word4
words	words.card_word48
words	words.card_word5
words	words.card_word56
words	words.card_word6
words	words.card_word64
words	words.card_word7
words	words.card_word8
words	words.card_word9
words	words.card_word96
words	words.dimindex_1
words	words.dimindex_10
words	words.dimindex_11
words	words.dimindex_12
words	words.dimindex_128
words	words.dimindex_16
words	words.dimindex_1_cases
words	words.dimindex_2
words	words.dimindex_20
words	words.dimindex_24
words	words.dimindex_28
words	words.dimindex_3
words	words.dimindex_30
words	words.dimindex_32
words	words.dimindex_4
words	words.dimindex_48
words	words.dimindex_5
words	words.dimindex_56
words	words.dimindex_6
words	words.dimindex_64
words	words.dimindex_7
words	words.dimindex_8
words	words.dimindex_9
words	words.dimindex_96
words	words.dimindex_dimword_iso
words	words.dimindex_dimword_le_iso
words	words.dimindex_dimword_lt_iso
words	words.dimindex_int_max_iso
words	words.dimindex_int_max_le_iso
words	words.dimindex_int_max_lt_iso
words	words.dimindex_int_min_iso
words	words.dimindex_int_min_le_iso
words	words.dimindex_int_min_lt_iso
words	words.dimindex_lt_dimword
words	words.dimindex_uint_max_iso
words	words.dimindex_uint_max_le_iso
words	words.dimindex_uint_max_lt_iso
words	words.dimword_1
words	words.dimword_10
words	words.dimword_11
words	words.dimword_12
words	words.dimword_128
words	words.dimword_16
words	words.dimword_2
words	words.dimword_20
words	words.dimword_24
words	words.dimword_28
words	words.dimword_3
words	words.dimword_30
words	words.dimword_32
words	words.dimword_4
words	words.dimword_48
words	words.dimword_5
words	words.dimword_56
words	words.dimword_6
words	words.dimword_64
words	words.dimword_7
words	words.dimword_8
words	words.dimword_9
words	words.dimword_96
words	words.dimword_IS_TWICE_INT_MIN
words	words.dimword_sub_int_min
words	words.fcp_n2w
words	words.finite_1
words	words.finite_10
words	words.finite_11
words	words.finite_12
words	words.finite_128
words	words.finite_16
words	words.finite_2
words	words.finite_20
words	words.finite_24
words	words.finite_28
words	words.finite_3
words	words.finite_30
words	words.finite_32
words	words.finite_4
words	words.finite_48
words	words.finite_5
words	words.finite_56
words	words.finite_6
words	words.finite_64
words	words.finite_7
words	words.finite_8
words	words.finite_9
words	words.finite_96
words	words.foldl_reduce_and
words	words.foldl_reduce_nand
words	words.foldl_reduce_nor
words	words.foldl_reduce_or
words	words.foldl_reduce_xnor
words	words.foldl_reduce_xor
words	words.l2w_PAD_RIGHT_0
words	words.l2w_w2l
words	words.lsl_lsr
words	words.lsr_1_word_T
words	words.mod_dimindex
words	words.n2w_11
words	words.n2w_BITS
words	words.n2w_DIV
words	words.n2w_SUC
words	words.n2w_dimword
words	words.n2w_itself_def
words	words.n2w_itself_ind
words	words.n2w_mod
words	words.n2w_sub
words	words.n2w_sub_eq_0
words	words.n2w_w2n
words	words.ranged_word_nchotomy
words	words.reduce_and
words	words.reduce_or
words	words.s2w_w2s
words	words.saturate_add
words	words.saturate_mul
words	words.saturate_sub
words	words.saturate_w2w
words	words.saturate_w2w_n2w
words	words.sw2sw
words	words.sw2sw_0
words	words.sw2sw_id
words	words.sw2sw_sw2sw
words	words.sw2sw_w2w
words	words.sw2sw_w2w_add
words	words.sw2sw_word_T
words	words.w2l_l2w
words	words.w2n_11
words	words.w2n_11_lift
words	words.w2n_add
words	words.w2n_add_2
words	words.w2n_eq_0
words	words.w2n_lsr
words	words.w2n_lt
words	words.w2n_minus1
words	words.w2n_n2w
words	words.w2n_plus1
words	words.w2n_w2w
words	words.w2n_w2w_le
words	words.w2s_s2w
words	words.w2w
words	words.w2w_0
words	words.w2w_LSL
words	words.w2w_eq_n2w
words	words.w2w_id
words	words.w2w_lt
words	words.w2w_n2w
words	words.w2w_w2w
words	words.word_0
words	words.word_0_n2w
words	words.word_1_lsl
words	words.word_1_n2w
words	words.word_1comp_n2w
words	words.word_2comp_dimindex_1
words	words.word_2comp_n2w
words	words.word_H
words	words.word_L
words	words.word_L2
words	words.word_L2_MULT
words	words.word_L_MULT
words	words.word_L_MULT_NEG
words	words.word_T
words	words.word_T_not_zero
words	words.word_abs
words	words.word_abs_diff
words	words.word_abs_neg
words	words.word_abs_word_abs
words	words.word_add_n2w
words	words.word_and_lsl_eq_0
words	words.word_and_n2w
words	words.word_asr
words	words.word_asr_n2w
words	words.word_bin_list
words	words.word_bin_string
words	words.word_bit
words	words.word_bit_0
words	words.word_bit_0_word_T
words	words.word_bit_and
words	words.word_bit_lsl
words	words.word_bit_n2w
words	words.word_bit_or
words	words.word_bit_test
words	words.word_bit_thm
words	words.word_bits_mask
words	words.word_bits_n2w
words	words.word_bits_w2w
words	words.word_concat_0
words	words.word_concat_0_0
words	words.word_concat_0_eq
words	words.word_concat_assoc
words	words.word_concat_word_T
words	words.word_dec_list
words	words.word_dec_string
words	words.word_div_1
words	words.word_eq_0
words	words.word_eq_n2w
words	words.word_exp_tailrec
words	words.word_exp_tailrec_def
words	words.word_exp_tailrec_ind
words	words.word_extract_eq_n2w
words	words.word_extract_mask
words	words.word_extract_n2w
words	words.word_extract_w2w
words	words.word_extract_w2w_mask
words	words.word_from_bin_list_and
words	words.word_from_bin_list_not
words	words.word_from_bin_list_rol
words	words.word_from_bin_list_ror
words	words.word_from_bin_list_xor
words	words.word_ge_n2w
words	words.word_gt_n2w
words	words.word_hex_list
words	words.word_hex_string
words	words.word_hi_n2w
words	words.word_hs_n2w
words	words.word_index
words	words.word_index_n2w
words	words.word_join_0
words	words.word_join_index
words	words.word_join_word_T
words	words.word_le_n2w
words	words.word_lo_n2w
words	words.word_log2_1
words	words.word_log2_n2w
words	words.word_ls_n2w
words	words.word_lsb
words	words.word_lsb_n2w
words	words.word_lsb_word_T
words	words.word_lsl_n2w
words	words.word_lsr_n2w
words	words.word_lt_n2w
words	words.word_modify_n2w
words	words.word_msb
words	words.word_msb_add_word_L
words	words.word_msb_n2w
words	words.word_msb_n2w_numeric
words	words.word_msb_neg
words	words.word_msb_word_T
words	words.word_mul_n2w
words	words.word_nand_n2w
words	words.word_nchotomy
words	words.word_nor_n2w
words	words.word_oct_list
words	words.word_oct_string
words	words.word_or_n2w
words	words.word_reduce_n2w
words	words.word_replicate_concat_word_list
words	words.word_reverse_0
words	words.word_reverse_n2w
words	words.word_reverse_thm
words	words.word_reverse_word_T
words	words.word_ror
words	words.word_ror_n2w
words	words.word_rrx_0
words	words.word_rrx_n2w
words	words.word_rrx_word_T
words	words.word_shift_bv
words	words.word_sign_extend_bits
words	words.word_signed_bits_n2w
words	words.word_slice_n2w
words	words.word_sub_w2n
words	words.word_xnor_n2w
words	words.word_xor_n2w
