path	uid	type	size	sha256	decision	reason
/tmp/phase3-task10-a-sha-check.log	1003	regular file	4494	42e89dc3a6e21c8875e0f7926a06c59b0919803dc419293cc57db729618f286d	delete	task-generated direct /tmp scratch; no accepted evidence dependency
/tmp/phase3-task10-addDB-baseline.tsv	1003	regular file	5657	c0bab135406bf1a184bedb2da48493c5f742fc4356b2746b3f7b18dd5a750386	delete	task-generated direct /tmp scratch; no accepted evidence dependency
/tmp/phase3-task10-addDB-current.tsv	1003	regular file	4244	d1fe957e1a85b355de4de70ba250c8b4a6eba6d690e2317380653b41e5d79584	delete	task-generated direct /tmp scratch; no accepted evidence dependency
/tmp/phase3-task10-addDB-mismatches.jsonl	1003	regular empty file	0	e3b0c44298fc1c149afbf4c8996fb92427ae41e4649b934ca495991b7852b855	delete	task-generated direct /tmp scratch; no accepted evidence dependency
/tmp/phase3-task10-bisimulation-db.names	1003	regular file	664	6f0d5025cb6e167ebdc1d6ccba7eb9f5622c670d88ac2b702f35b267454ead9b	delete	task-generated direct /tmp scratch; no accepted evidence dependency
/tmp/phase3-task10-bisimulation-journal.names	1003	regular file	501	5c65f4aba81b17488055a018c309e080d0543783ff7ee5148c0d793b4cd38020	delete	task-generated direct /tmp scratch; no accepted evidence dependency
/tmp/phase3-task10-diag-bisimulation.log	1003	regular file	1833	0d197b2ebcb6728c776d504b10c0d619a51905494ab3e84ff09c523ee7d8df4b	delete	task-generated direct /tmp scratch; no accepted evidence dependency
/tmp/phase3-task10-diag-bisimulation.sml	1003	regular file	476	dfbfb9e4e516810e92cf85cc478b13b703c2963c956bd89de26fd77d53769a35	delete	task-generated direct /tmp scratch; no accepted evidence dependency
/tmp/phase3-task10-diag-while.sml	1003	regular file	448	c03a0335dcf2d8ba7ccfc7473009f2dff77c5e91dd94960eb07d7bd168bfddaf	delete	task-generated direct /tmp scratch; no accepted evidence dependency
/tmp/phase3-task10-final-ascii-one.log	1003	regular file	122912	6246bc183d416bdcded63244e1507d12d12f2f6326a3d61086379ef4647e74ea	delete	task-generated direct /tmp scratch; no accepted evidence dependency
/tmp/phase3-task10-final-ascii-one.tsv	1003	regular file	6032	fdb699364823f623a0d4ea72fcdd956d84d5153154f3844e517ef32909e64dda	delete	task-generated direct /tmp scratch; no accepted evidence dependency
/tmp/phase3-task10-final-ascii.log	1003	regular file	124273	faccfa0c8bd87ea3d3b0e11fc0b7f1a1993e77f682cea2aa343da1606cbbd632	delete	task-generated direct /tmp scratch; no accepted evidence dependency
/tmp/phase3-task10-final-ascii.tsv	1003	regular file	159584	c7d8ce5a7bbdf61eed74a7a4fb42df691980afdb0035ba1d25c7a3b361ac877a	delete	task-generated direct /tmp scratch; no accepted evidence dependency
/tmp/phase3-task10-p-final8-f30.goals	1003	regular file	1272	72317be09a821def305d5baeeec45b2c4f07ff323c6aa646b33093134977ed30	delete	task-generated direct /tmp scratch; no accepted evidence dependency
/tmp/phase3-task10-p-final8-s30v5.goals	1003	regular file	1272	72317be09a821def305d5baeeec45b2c4f07ff323c6aa646b33093134977ed30	delete	task-generated direct /tmp scratch; no accepted evidence dependency
/tmp/task10-8f161-list-append.tsv	1003	regular file	1241	ec11de28596115d2dff88940da2280a08d835206d090d79297d77e497552504f	delete	task-generated direct /tmp scratch; no accepted evidence dependency
/tmp/task10-8f161-list-append.witness	1003	regular file	30	a1ff87b1c3dfa04d14315692b48f8ad1a2ac943ff339ad117676adb5c41983d1	delete	task-generated direct /tmp scratch; no accepted evidence dependency
/tmp/task10-8f161-list-premises.tsv	1003	regular file	1241	ec11de28596115d2dff88940da2280a08d835206d090d79297d77e497552504f	delete	task-generated direct /tmp scratch; no accepted evidence dependency
/tmp/task10-8f161-list-premises.witness	1003	regular file	30	a1ff87b1c3dfa04d14315692b48f8ad1a2ac943ff339ad117676adb5c41983d1	delete	task-generated direct /tmp scratch; no accepted evidence dependency
/tmp/task10-a-v11-template.json	1003	regular file	39948	813d2cf094db4c9099c4b35072e8d582243ad1af1776e2f0bbfcc85497727010	delete	task-generated direct /tmp scratch; no accepted evidence dependency
/tmp/task10-a-verify.stderr	1003	regular empty file	0	e3b0c44298fc1c149afbf4c8996fb92427ae41e4649b934ca495991b7852b855	delete	task-generated direct /tmp scratch; no accepted evidence dependency
/tmp/task10-a-verify.stdout	1003	regular empty file	0	e3b0c44298fc1c149afbf4c8996fb92427ae41e4649b934ca495991b7852b855	delete	task-generated direct /tmp scratch; no accepted evidence dependency
/tmp/task10-a10-accepted.norm	1003	regular file	1873	37ed507fd8be1ac24c68efaa95e1a408e6447488587b986cb1ca998302b844b1	delete	task-generated direct /tmp scratch; no accepted evidence dependency
/tmp/task10-a10-independent-review.json	1003	regular file	1912	2786517ae2879e648886c1d62ecbb386f55c2851c2ca404b98ffce85dcc781fc	delete	task-generated direct /tmp scratch; no accepted evidence dependency
/tmp/task10-a10-review.norm	1003	regular file	1873	37ed507fd8be1ac24c68efaa95e1a408e6447488587b986cb1ca998302b844b1	delete	task-generated direct /tmp scratch; no accepted evidence dependency
/tmp/task10-a10-trace.stderr	1003	regular file	392338	0cf364c2b140453d32c571a45f124c3f6c82046afa8de0f619885098c8dadf7a	delete	task-generated direct /tmp scratch; no accepted evidence dependency
/tmp/task10-a10-trace.stdout	1003	regular empty file	0	e3b0c44298fc1c149afbf4c8996fb92427ae41e4649b934ca495991b7852b855	delete	task-generated direct /tmp scratch; no accepted evidence dependency
/tmp/task10-a10-verify.stderr	1003	regular empty file	0	e3b0c44298fc1c149afbf4c8996fb92427ae41e4649b934ca495991b7852b855	delete	task-generated direct /tmp scratch; no accepted evidence dependency
/tmp/task10-a10-verify.stdout	1003	regular empty file	0	e3b0c44298fc1c149afbf4c8996fb92427ae41e4649b934ca495991b7852b855	delete	task-generated direct /tmp scratch; no accepted evidence dependency
/tmp/task10-a12-challenger.stderr	1003	regular file	71	5497b659d1b825289c9d5f28c9179653cba55b28b999622f4b6f61c8d45d7706	delete	task-generated direct /tmp scratch; no accepted evidence dependency
/tmp/task10-a12-challenger.stdout	1003	regular empty file	0	e3b0c44298fc1c149afbf4c8996fb92427ae41e4649b934ca495991b7852b855	delete	task-generated direct /tmp scratch; no accepted evidence dependency
/tmp/task10-a12-fold-new-normalized.json	1003	regular file	1873	779b8bbb85612fd05ac7427301d6247eb4cb863ec447ee387a8f101a0617fe26	delete	task-generated direct /tmp scratch; no accepted evidence dependency
/tmp/task10-a12-fold-old-normalized.json	1003	regular file	1873	779b8bbb85612fd05ac7427301d6247eb4cb863ec447ee387a8f101a0617fe26	delete	task-generated direct /tmp scratch; no accepted evidence dependency
/tmp/task10-a12-independent-fold.json	1003	regular file	1912	eadda7c9087a1ed4fd1c497bc5ec185141a5d363d6bf4ac64758beb93f1f2eb0	delete	task-generated direct /tmp scratch; no accepted evidence dependency
/tmp/task10-a20-baseline-pre-resume.sha	1003	regular file	65	6d206a7d3a2b5efcf5949d5958f01b62a2be8868151f864c7ffe29132e5641fe	delete	task-generated direct /tmp scratch; no accepted evidence dependency
/tmp/task10-a20-chains-pre-resume.sha	1003	regular file	65	01bd43023a788684d16d88d03bcfd043d7b5dc406be384458ea3272eb6a460f7	delete	task-generated direct /tmp scratch; no accepted evidence dependency
/tmp/task10-a20-current-pre-resume.sha	1003	regular file	65	eb44b7401b726f8a92102eb5e5ae3f96cef94955c77dcbeabba0fa93c14745a9	delete	task-generated direct /tmp scratch; no accepted evidence dependency
/tmp/task10-a26-runtime-audit-final.tsv	1003	regular file	6993	98b8b31f250d6f53239203a9d808a6220ddf1e49ed8f961a2b21f1a28d2248f8	delete	task-generated direct /tmp scratch; no accepted evidence dependency
/tmp/task10-a26-runtime-audit.tsv	1003	regular file	6963	a2b5d8fe8b134dd0ce36b5984db09777fc9edadb17d3f391d8524744fec4b556	delete	task-generated direct /tmp scratch; no accepted evidence dependency
/tmp/task10-ablation-asserted-membership.log	1003	regular file	40357	3b43f108e61abe9b6d0e6fe4255662c8942178fc65d3d5eee241cc2d99ba4332	delete	task-generated direct /tmp scratch; no accepted evidence dependency
/tmp/task10-accepted-append.tsv	1003	regular file	1241	d3906a6fe972d65b3230a00cc56fd3d13defaecb1c00fb388ffbfa4371b66260	delete	task-generated direct /tmp scratch; no accepted evidence dependency
/tmp/task10-accepted-fold.norm	1003	regular file	1873	14c7e5eee15a19133d1043623032628a56c785b27a5c06ad6855fc2404757865	delete	task-generated direct /tmp scratch; no accepted evidence dependency
/tmp/task10-actual-status	1003	regular file	1155	939dc68d484fc62696f0d2aa83d53990eeb2ce14d963f3a44cf58146717e49a7	delete	task-generated direct /tmp scratch; no accepted evidence dependency
/tmp/task10-addDB-merge.log	1003	regular file	48255	2b76634ae27b98ad2d2b03771998d7775fdf701c8d7940ef9c109a06dac64ffe	delete	task-generated direct /tmp scratch; no accepted evidence dependency
/tmp/task10-addDB-merged2.tsv	1003	regular file	9017	d2bc48801208313817104344cd3b91173ce656ef52fb08d94abcf78312cd9195	delete	task-generated direct /tmp scratch; no accepted evidence dependency
/tmp/task10-anchor-files.txt	1003	regular file	3641	ddc0b494977e8f560ac99d35595c8f4389744c0ee00f236040c8e93de0642d64	delete	task-generated direct /tmp scratch; no accepted evidence dependency
/tmp/task10-anchor-index-selftest.log	1003	regular file	175	e3852c295c4ad1e0eab8506e4277b5df31f6b8724f850d79144af29189e64159	delete	task-generated direct /tmp scratch; no accepted evidence dependency
/tmp/task10-bag-capture.log	1003	regular file	5679	191b302412c86731db8f818a07046083f3d452ad28faa002fe88e776830c5c36	delete	task-generated direct /tmp scratch; no accepted evidence dependency
/tmp/task10-bag-ite-diag.log	1003	regular file	5693	dd8a14aa47e53a76fb55b8f9fd8bbb4cd721030d6f1da8f6491a2c82566469b3	delete	task-generated direct /tmp scratch; no accepted evidence dependency
/tmp/task10-bag-neutral-fixed.log	1003	regular file	5207	0df21f99801797a6206aca9149aebb7a502332b2ec5933d3b28c6b38fef7a639	delete	task-generated direct /tmp scratch; no accepted evidence dependency
/tmp/task10-bag-stepdiag.log	1003	regular file	6416	e0342fb7b1349da6141259c62f3e75914f9d637500cbefb71fec6f065cba42d5	delete	task-generated direct /tmp scratch; no accepted evidence dependency
/tmp/task10-bag-trans-fixed.log	1003	regular file	5679	191b302412c86731db8f818a07046083f3d452ad28faa002fe88e776830c5c36	delete	task-generated direct /tmp scratch; no accepted evidence dependency
/tmp/task10-baseline-body-0.tsv	1003	regular file	4340	bc9c809a9937c6daaec76aa6b75c73b046299f74047954d50818db4a018edeaf	delete	task-generated direct /tmp scratch; no accepted evidence dependency
/tmp/task10-baseline-body-1.tsv	1003	regular file	4340	2b3b311882c70cd643f46d0a657cd975f35b11beaee8ee50eb2aee5bdbfaa90d	delete	task-generated direct /tmp scratch; no accepted evidence dependency
/tmp/task10-build-transient48.sh	1003	regular file	1028	97fd8e920b7d39c71533dddd509f5797cf4126725c0a43967eb250fc2972ad04	delete	task-generated direct /tmp scratch; no accepted evidence dependency
/tmp/task10-cache-proof-0.log	1003	regular file	122949	2bbee6a36520d04a27f2c68c472c530d50feff0db2b1e3d8a1d40c61fc331011	delete	task-generated direct /tmp scratch; no accepted evidence dependency
/tmp/task10-cache-proof-0.tsv	1003	regular file	6032	fdb699364823f623a0d4ea72fcdd956d84d5153154f3844e517ef32909e64dda	delete	task-generated direct /tmp scratch; no accepted evidence dependency
/tmp/task10-cache-proof-1.log	1003	regular file	122949	1ce6faa2b5f146db7db546973e907cc27a406cf4bb7da621b4ce397107f70d14	delete	task-generated direct /tmp scratch; no accepted evidence dependency
/tmp/task10-cache-proof-1.tsv	1003	regular file	5808	900a78defdecc5e9df6acba2a4855f1c9e9678176cf6b4262fc5b8cba4308a04	delete	task-generated direct /tmp scratch; no accepted evidence dependency
/tmp/task10-chain-ASCIInumbers-multi.tsv	1003	regular file	90970	5aef0ba154e75a1f5b76ea010fcbb9a0bad476ddd6d9f3b5f6eb2fe334282574	delete	task-generated direct /tmp scratch; no accepted evidence dependency
/tmp/task10-chain-ASCIInumbers.tsv	1003	regular file	90971	69c9ad9cd00bb55707af0b041e5ed21496febfaec730c2190275765387a071ed	delete	task-generated direct /tmp scratch; no accepted evidence dependency
/tmp/task10-chain-merged.tsv	1003	regular file	173778	d3accf35e6a5b83e4a2af29daecdd835088a1225f2d7cfc212f070c0973008d5	delete	task-generated direct /tmp scratch; no accepted evidence dependency
/tmp/task10-chain-mono-body	1003	regular file	76663	e5b4a9d5b06e74e8ae6f3af24680f442ad46644beb813a4d84ee511205124676	delete	task-generated direct /tmp scratch; no accepted evidence dependency
/tmp/task10-chain-multi-body	1003	regular file	76663	e5b4a9d5b06e74e8ae6f3af24680f442ad46644beb813a4d84ee511205124676	delete	task-generated direct /tmp scratch; no accepted evidence dependency
/tmp/task10-checkpoint-final-selftest.json	1003	regular file	648	180715c12fdaaf1563ae55faec8dea485f1c3c815df3262dbeeb7f9f4a4c7298	delete	task-generated direct /tmp scratch; no accepted evidence dependency
/tmp/task10-checkpoint-final2-selftest.json	1003	regular file	648	7d39f31ab0d121d265520c1f6d2905fe4a1cff1502b913088b4c4b438de8a589	delete	task-generated direct /tmp scratch; no accepted evidence dependency
/tmp/task10-checkpoint-selftest58.json	1003	regular empty file	0	e3b0c44298fc1c149afbf4c8996fb92427ae41e4649b934ca495991b7852b855	delete	task-generated direct /tmp scratch; no accepted evidence dependency
/tmp/task10-checkpoint-selftest59.json	1003	regular empty file	0	e3b0c44298fc1c149afbf4c8996fb92427ae41e4649b934ca495991b7852b855	delete	task-generated direct /tmp scratch; no accepted evidence dependency
/tmp/task10-checkpoint-selftest60.json	1003	regular empty file	0	e3b0c44298fc1c149afbf4c8996fb92427ae41e4649b934ca495991b7852b855	delete	task-generated direct /tmp scratch; no accepted evidence dependency
/tmp/task10-checkpoint-selftest60b.json	1003	regular file	616	e7d3823d575b5d4640f784bfcb3bc23ddc6a983e47da72a5c9ad99cd4753d7c9	delete	task-generated direct /tmp scratch; no accepted evidence dependency
/tmp/task10-cleanup-proposal.tsv	1003	regular file	11371	c904f2da3cb112f47bb8a6cc859fce28b3000cac678385826b7525333569616a	delete	task-generated direct /tmp scratch; no accepted evidence dependency
/tmp/task10-closure-uos.txt	1003	regular file	1276	ef909ffbb6ff6de83852ba8144a5c6a6b218ebada2d2a951ffc68b7bad168cd1	delete	task-generated direct /tmp scratch; no accepted evidence dependency
/tmp/task10-command-append.tsv	1003	regular file	1349	cceb51e15b3374a4710ed30a61f71ab0d3829537b9e9ce404ab25aff68d2b675	delete	task-generated direct /tmp scratch; no accepted evidence dependency
/tmp/task10-count-debug.log	1003	regular file	3278	d7c776e628d28a1bf5ed546c1ca37b1aac1aec18bc215c804bf7da33abc2b770	delete	task-generated direct /tmp scratch; no accepted evidence dependency
/tmp/task10-count2-debug.log	1003	regular file	3465	e94713a3fc2f6cc922a14fba51a7a0c9e6cb7ca897c46d613b2ec21a7b055c4b	delete	task-generated direct /tmp scratch; no accepted evidence dependency
/tmp/task10-current-cache-proof-0.jsonl	1003	regular empty file	0	e3b0c44298fc1c149afbf4c8996fb92427ae41e4649b934ca495991b7852b855	delete	task-generated direct /tmp scratch; no accepted evidence dependency
/tmp/task10-current-cache-proof-0.log	1003	regular file	1209	08fce08505cf6997bbb06d996185c4f18d3781bb7e51fdfc08d2c374521a132c	delete	task-generated direct /tmp scratch; no accepted evidence dependency
/tmp/task10-current-cache-proof-0.tsv	1003	regular file	4340	bc9c809a9937c6daaec76aa6b75c73b046299f74047954d50818db4a018edeaf	delete	task-generated direct /tmp scratch; no accepted evidence dependency
/tmp/task10-current-cache-proof-1.jsonl	1003	regular empty file	0	e3b0c44298fc1c149afbf4c8996fb92427ae41e4649b934ca495991b7852b855	delete	task-generated direct /tmp scratch; no accepted evidence dependency
/tmp/task10-current-cache-proof-1.log	1003	regular file	1209	c4304d94b2afe40cd2acf96dda2ada18de2c8c2748fc3a5b63a944d398ed0434	delete	task-generated direct /tmp scratch; no accepted evidence dependency
/tmp/task10-current-cache-proof-1.tsv	1003	regular file	4340	2b3b311882c70cd643f46d0a657cd975f35b11beaee8ee50eb2aee5bdbfaa90d	delete	task-generated direct /tmp scratch; no accepted evidence dependency
/tmp/task10-current-launch-Holmakefile	1003	regular file	66	8b76a034ce19ec04f09000ee1ba4386d64946df33f13a5202c49ce552fc53ccb	delete	task-generated direct /tmp scratch; no accepted evidence dependency
/tmp/task10-current-list-first8-invocation.json	1003	regular file	651	f8192c1bc0886e1f21a8743c66dc6f89642a4b805fc72883bde5badbedee545b	delete	task-generated direct /tmp scratch; no accepted evidence dependency
/tmp/task10-current-list-last8-invocation.json	1003	regular file	652	a03329d1eb2be7c98be4eb8e4044c88db95fdc18d2f86344e0f4b447449590c9	delete	task-generated direct /tmp scratch; no accepted evidence dependency
/tmp/task10-current-list-last8-v3-mismatches.jsonl	1003	regular file	2598	7cb9969db703be897c4c81067c653be746ff03ed9dc05ff4c65efa5f58c1602a	delete	task-generated direct /tmp scratch; no accepted evidence dependency
/tmp/task10-current-list-last8-v3.tsv	1003	regular file	2556	7c9de1bc9ae1131806d9aa843d82b5b008b6b2f93cc69dd3f399e6fee21c6ef9	delete	task-generated direct /tmp scratch; no accepted evidence dependency
/tmp/task10-current-list-last8-v4-invocation.json	1003	regular file	1000	141bc2406dfa29fe05cf457cf67bf1a18589456cee0f96d984b9bd98b8033671	delete	task-generated direct /tmp scratch; no accepted evidence dependency
/tmp/task10-current-list-last8-v6-invocation.json	1003	regular file	1034	bd21280a30ddcb707eb88b6dc8d1f6e880d673538560d348b7173ec0a6dec4e9	delete	task-generated direct /tmp scratch; no accepted evidence dependency
/tmp/task10-current-list-last8-v6-mismatch.jsonl	1003	regular file	1947	0644df11d5e1005f8930237ad65314743a9a5dcc9fa547c6e84527e1aa120ffb	delete	task-generated direct /tmp scratch; no accepted evidence dependency
/tmp/task10-current-list-last8-v6.tsv	1003	regular file	2556	11a6e6ccffaebcbc34958c19487da7e7c413e357e3ed0496244fbdae585b30fb	delete	task-generated direct /tmp scratch; no accepted evidence dependency
/tmp/task10-current-list-last8-v7-invocation.json	1003	regular file	1185	53b909bffdc9f073372bfb15a67b42272e6fa4a3b3958d12051d5a6ca630cc09	delete	task-generated direct /tmp scratch; no accepted evidence dependency
/tmp/task10-current-list-last8-v7-mismatch.jsonl	1003	regular file	1947	0644df11d5e1005f8930237ad65314743a9a5dcc9fa547c6e84527e1aa120ffb	delete	task-generated direct /tmp scratch; no accepted evidence dependency
/tmp/task10-current-list-last8-v7.tsv	1003	regular file	2556	14072b0311896de9eeb641419a57bb614ab5f1341e86f99573b21ba4b9204d9b	delete	task-generated direct /tmp scratch; no accepted evidence dependency
/tmp/task10-current-model-mismatch.tsv	1003	regular file	2598	7cb9969db703be897c4c81067c653be746ff03ed9dc05ff4c65efa5f58c1602a	delete	task-generated direct /tmp scratch; no accepted evidence dependency
/tmp/task10-current-model.tsv	1003	regular file	2556	312708b3f78941fd14471878af9bacad2ffd9f27a6564d4bd44a89d99fff95fd	delete	task-generated direct /tmp scratch; no accepted evidence dependency
/tmp/task10-current-overlay-list-invocation.json	1003	regular file	1460	f9bf715c2db1de58b23183065b7d5b5004ae11a55f9d49ca12bd58b27daa9452	delete	task-generated direct /tmp scratch; no accepted evidence dependency
/tmp/task10-current-overlay-rebuild.log	1003	regular file	19000	416d3c04050a0a762d3c7f359b651b2c30a459a1625fb48b33b6bbf6ce995230	delete	task-generated direct /tmp scratch; no accepted evidence dependency
/tmp/task10-current-overlay.patch	1003	regular file	322265	6841bc9382e6bc3a4359ccc3020623e6f8e3da9fcc66692dda1e043a3d7ba052	delete	task-generated direct /tmp scratch; no accepted evidence dependency
/tmp/task10-current-problemgen.sml	1003	regular file	55220	0446727f1cbee63055400be0abe8b49548114c52cf53c0e6b2b083558326d97e	delete	task-generated direct /tmp scratch; no accepted evidence dependency
/tmp/task10-d316-paths.txt	1003	regular file	3400	9390a4664541abc77126630a8e931a885e13f9da960c5f68f0631e33f95801d8	delete	task-generated direct /tmp scratch; no accepted evidence dependency
/tmp/task10-div-bridge-diag.log	1003	regular file	6312	25303182c584169face6c6d4840bbb54b2ceb100815c4ed7b9b05abdde091ef7	delete	task-generated direct /tmp scratch; no accepted evidence dependency
/tmp/task10-div-bridge-trans.log	1003	regular file	9856	148ce7e20f3e5b92d021b0cf0bac26185285d9e6933ca6cf071b69f0ecc65f42	delete	task-generated direct /tmp scratch; no accepted evidence dependency
/tmp/task10-div-bridge.log	1003	regular file	6190	7f63662ad05c253ec9c0bc82f9e3aba1da9e85720e618f2aef48ec5d7c668140	delete	task-generated direct /tmp scratch; no accepted evidence dependency
/tmp/task10-div-bridge2.log	1003	regular file	6312	25303182c584169face6c6d4840bbb54b2ceb100815c4ed7b9b05abdde091ef7	delete	task-generated direct /tmp scratch; no accepted evidence dependency
/tmp/task10-div-canonical-trans.log	1003	regular file	6261	4dcf64f26e2f6cc550a440ef62e98afd9218bff2d8d10aea843468ccfcdd66cb	delete	task-generated direct /tmp scratch; no accepted evidence dependency
/tmp/task10-div-chain-early.log	1003	regular file	9290	1db713e859848118abfb39cec6a18d187c09257d00b8ed90303792cffd4a6a52	delete	task-generated direct /tmp scratch; no accepted evidence dependency
/tmp/task10-div-eqsymm.log	1003	regular file	11267	b2c90d137465bd06dd4847bedb2dca353db6f63ae1df25cee650bb5d56ffc574	delete	task-generated direct /tmp scratch; no accepted evidence dependency
/tmp/task10-div-evaluate-prov.log	1003	regular file	7662	232b0749d7c0f49a645d0bd77dd525234268e3f6d397850ca826a07b68e27098	delete	task-generated direct /tmp scratch; no accepted evidence dependency
/tmp/task10-div-exact-all.log	1003	regular file	6312	25303182c584169face6c6d4840bbb54b2ceb100815c4ed7b9b05abdde091ef7	delete	task-generated direct /tmp scratch; no accepted evidence dependency
/tmp/task10-div-exact-debug.log	1003	regular file	7467	5d5053470d69b8efdb690eb0ab6cc6ef5d6cf05c5789d5c5da222ec9f5861ee0	delete	task-generated direct /tmp scratch; no accepted evidence dependency
/tmp/task10-div-no-chain-bridge.log	1003	regular file	13142	7fd06f7db88b4fd057a0498166290d9cb580d24a0cde3b47c90e93567794af2a	delete	task-generated direct /tmp scratch; no accepted evidence dependency
/tmp/task10-div-no-legacy.log	1003	regular file	5954	b430527897c14f7055bb6003900afc26244377b7cba80349caac22e924cdf788	delete	task-generated direct /tmp scratch; no accepted evidence dependency
/tmp/task10-div-p21-current.log	1003	regular file	11238	604e0c74db2e732a12774e3b47924040bc62d25ebd395a628cd00e898e13425b	delete	task-generated direct /tmp scratch; no accepted evidence dependency
/tmp/task10-div-p21.log	1003	regular file	8831	12e77f31423f93794c0a12d4ed5acb682f95eab751052697977cdc3961788778	delete	task-generated direct /tmp scratch; no accepted evidence dependency
/tmp/task10-div-p216.log	1003	regular file	6806	2723c02acd2a89ba0f64a638e0a740e4b4654efa60c55f02f9bb04e83513a7b5	delete	task-generated direct /tmp scratch; no accepted evidence dependency
/tmp/task10-div-p31.log	1003	regular file	8896	ba594df7dfd8ec259c6ecec7b71ae90f543a9c14ad53da967a251873e5a71343	delete	task-generated direct /tmp scratch; no accepted evidence dependency
/tmp/task10-div-p38-direct.log	1003	regular file	9967	0375d037b073ad99e1355f8be4d3ba55e7fc575b25038b2dac695eb4a4d590ae	delete	task-generated direct /tmp scratch; no accepted evidence dependency
/tmp/task10-div-p38-match.log	1003	regular file	10021	0044a96d29f3b2ab2a1b4ad3b03a87ad962da5603965230522eda52131a2e97a	delete	task-generated direct /tmp scratch; no accepted evidence dependency
/tmp/task10-div-p40.log	1003	regular file	7950	49226dcdc1d763e8843a72af44abbbcc2529fc684eea4ca01bfac51f5f73fcbc	delete	task-generated direct /tmp scratch; no accepted evidence dependency
/tmp/task10-div-p42.log	1003	regular file	10744	f61aea28501731acd0e4a789fb2bb397188a7a95a559d1e31d86bedbcafc5b42	delete	task-generated direct /tmp scratch; no accepted evidence dependency
/tmp/task10-div-p43.log	1003	regular file	7198	95d5af645956a925f344bfab94aceabfcd14e15160bd314dbff22d799a52b743	delete	task-generated direct /tmp scratch; no accepted evidence dependency
/tmp/task10-div-pair-conv.log	1003	regular file	8356	4d37556cf9a93387e078ccd8aa13eb75d3379011c24e7e1ac85fd3c96bc84f41	delete	task-generated direct /tmp scratch; no accepted evidence dependency
/tmp/task10-div-rare-atomic.log	1003	regular file	13142	7fd06f7db88b4fd057a0498166290d9cb580d24a0cde3b47c90e93567794af2a	delete	task-generated direct /tmp scratch; no accepted evidence dependency
/tmp/task10-div-resolution-debug.log	1003	regular file	7573	160e813c845e1740b8d7833ee69f7e0ab7d47500e3f9c702182b88859f96d4b9	delete	task-generated direct /tmp scratch; no accepted evidence dependency
/tmp/task10-div-rewritten.log	1003	regular file	7298	bdf7ebe23ac88c46eea095925f9920bc90f114d173134f21a56308f811a5f727	delete	task-generated direct /tmp scratch; no accepted evidence dependency
/tmp/task10-div-semantic-atomic.log	1003	regular file	7997	3ca4f1b68fd19a7760911bf29608b5f62ed2ddd6c9a015da1477f3116f708863	delete	task-generated direct /tmp scratch; no accepted evidence dependency
/tmp/task10-div-trans-errors.log	1003	regular file	9943	91be1ec804da51a5fafd1cb42a75780ff3ea4755764c3a7dfa00dd07a4ea28f4	delete	task-generated direct /tmp scratch; no accepted evidence dependency
/tmp/task10-div-trans2.log	1003	regular file	8346	d6e886113c731eae3faf2bd2aaa37d57373a9342dbab7b51f786c3ff56cd081c	delete	task-generated direct /tmp scratch; no accepted evidence dependency
/tmp/task10-driver-append.sml	1003	regular file	8444	4d9a37a98e2051248efa9f16d42f1a77542903e2c04931daf3d1d736ec1c4d38	delete	task-generated direct /tmp scratch; no accepted evidence dependency
/tmp/task10-driver-arithmetic.sml	1003	regular file	8456	0e1b87c4c8705e9e64e4a207d6fd45aa874d4dd62ba38d600841048648856261	delete	task-generated direct /tmp scratch; no accepted evidence dependency
/tmp/task10-emod-debug2.log	1003	regular file	7472	a2757d6ac92901af894f53776d776614c12355aaf1d08f73adb042cd241f37d8	delete	task-generated direct /tmp scratch; no accepted evidence dependency
/tmp/task10-emod-debug3.log	1003	regular file	6696	4574bab77de95e0f7777c3dd0274a26b11b4dc6f59f09381f4faff7807d84355	delete	task-generated direct /tmp scratch; no accepted evidence dependency
/tmp/task10-emod-debug4.log	1003	regular file	10293	b6acbd1d9a2d8c420ae7f81e88afca9c199dcec0dd8fb5f2d52cbeb5cf80f069	delete	task-generated direct /tmp scratch; no accepted evidence dependency
/tmp/task10-emod-exactarith.log	1003	regular file	76463	da714b6dfbd9423fe0ad2fe9c45af97357c013406f2cbd12845edd25f5dbdc50	delete	task-generated direct /tmp scratch; no accepted evidence dependency
/tmp/task10-emod-final-progress.log	1003	regular file	5725	eb7d3f1442e7a3d6f2336048219e9eded4a621ef065d0163d2ea392a3f559306	delete	task-generated direct /tmp scratch; no accepted evidence dependency
/tmp/task10-emod-fixed-progress.log	1003	regular file	9466	0150b390f2792cbe2a77f81e3b432cbff7b9247d6cb38198429ae88486c66d25	delete	task-generated direct /tmp scratch; no accepted evidence dependency
/tmp/task10-eval-roots.tsv	1003	regular file	11223	a21ce325454d29871c21f72ed3270a0efea7777657f6d74d18d2013ffc5cf16d	delete	task-generated direct /tmp scratch; no accepted evidence dependency
/tmp/task10-expected-status	1003	regular file	1155	939dc68d484fc62696f0d2aa83d53990eeb2ce14d963f3a44cf58146717e49a7	delete	task-generated direct /tmp scratch; no accepted evidence dependency
/tmp/task10-f258-arithmetic.tsv	1003	regular file	1337	a73271f213984c1843be674e3995c782e1d93de9b30d7997261abefa66d273d5	delete	task-generated direct /tmp scratch; no accepted evidence dependency
/tmp/task10-f258-arithmetic.witness	1003	regular file	30	a1ff87b1c3dfa04d14315692b48f8ad1a2ac943ff339ad117676adb5c41983d1	delete	task-generated direct /tmp scratch; no accepted evidence dependency
/tmp/task10-f258-list-append.tsv	1003	regular file	1241	ec11de28596115d2dff88940da2280a08d835206d090d79297d77e497552504f	delete	task-generated direct /tmp scratch; no accepted evidence dependency
/tmp/task10-f258-list-append.witness	1003	regular file	30	a1ff87b1c3dfa04d14315692b48f8ad1a2ac943ff339ad117676adb5c41983d1	delete	task-generated direct /tmp scratch; no accepted evidence dependency
/tmp/task10-f258-transient48-build.log	1003	regular file	12399	30b803ec734982a297882f11cef340db6409bd58e5c0dd7909f35c6bc37eaf2e	delete	task-generated direct /tmp scratch; no accepted evidence dependency
/tmp/task10-f751-backport-problems.sha256	1003	regular file	1023	7b7a6e064fa49b93bf91e402955486c0be95caee05a1653454a962271be297c7	delete	task-generated direct /tmp scratch; no accepted evidence dependency
/tmp/task10-f751-backport-proof.tsv	1003	regular file	4633	9582f8c5136d6a7c9d3c71d1730ed84c1dd0cd78bca995e68788a3e69bb661fe	delete	task-generated direct /tmp scratch; no accepted evidence dependency
/tmp/task10-f751-current-theory-diag.tsv	1003	regular file	4227	c2bb965006d1f09a69cb3d89f4ec598ea9695549067c23dde9eeb7298807f67a	delete	task-generated direct /tmp scratch; no accepted evidence dependency
/tmp/task10-f751-genuine-problems2.sha256	1003	regular file	1023	7b7a6e064fa49b93bf91e402955486c0be95caee05a1653454a962271be297c7	delete	task-generated direct /tmp scratch; no accepted evidence dependency
/tmp/task10-f751-genuine-proof.tsv	1003	regular file	4633	c204b730f62f3851ee855d1de63a08cae6c904e61a402942e4881f12051d1766	delete	task-generated direct /tmp scratch; no accepted evidence dependency
/tmp/task10-f751-genuine-proof2.tsv	1003	regular file	4633	9582f8c5136d6a7c9d3c71d1730ed84c1dd0cd78bca995e68788a3e69bb661fe	delete	task-generated direct /tmp scratch; no accepted evidence dependency
/tmp/task10-f751-gh224a-manifest.log	1003	regular file	122456	db280386d8d3933992f502cf71b518bcefbc49701103fbe18782cbce1a017f48	delete	task-generated direct /tmp scratch; no accepted evidence dependency
/tmp/task10-f751-gh224a-manifest2.log	1003	regular file	122457	b3447a232595a114890fdd6cf96f86a0de1fd92bac333c1b4720c5d4f06b2e6b	delete	task-generated direct /tmp scratch; no accepted evidence dependency
/tmp/task10-f751-gh224a-manifest3.log	1003	regular file	122457	ac79f9df9258e887c1f4289f769ed1aa50f6181568fab51489ead2e322131522	delete	task-generated direct /tmp scratch; no accepted evidence dependency
/tmp/task10-f751-gh224a-manifest4.log	1003	regular file	961	db9548b70b7d3825c068d8bb492626b972655d6652bd981bd6194487eaedf091	delete	task-generated direct /tmp scratch; no accepted evidence dependency
/tmp/task10-f751-gh224a-manifest4.tsv	1003	regular file	253700	9785147247f973b1c0f7be9475af10b1a5b94cbaae0530488f9bfad9f0ff965e	delete	task-generated direct /tmp scratch; no accepted evidence dependency
/tmp/task10-f751-list-first8-v2.tsv	1003	regular file	4094	fb7292b375c338aab701b7255e369d3a6733cece4c0302ba711c0ded9ff92af5	delete	task-generated direct /tmp scratch; no accepted evidence dependency
/tmp/task10-f751-list-first8-v3.tsv	1003	regular file	4422	a5f71f66889626461dbc28e837137ca501f7e1ddb1eeacb7c037f2dd16ae8278	delete	task-generated direct /tmp scratch; no accepted evidence dependency
/tmp/task10-f751-list-fixture.log	1003	regular file	1171	59be28e5f0c3f9cc29228acb9b2217bbdf4f73543b7f531ea65846151d8e1119	delete	task-generated direct /tmp scratch; no accepted evidence dependency
/tmp/task10-f751-list-fixture2.log	1003	regular file	1172	9b74c2533ab3d308e98523afe018a6c3afe86975308b84cc76541571e017fa27	delete	task-generated direct /tmp scratch; no accepted evidence dependency
/tmp/task10-f751-list-full.sorted.tsv	1003	regular file	772235	c78624a37dbe3ed9b3bcc75ea608be3243a894d308e4fa441374d5c8b6ce653b	delete	task-generated direct /tmp scratch; no accepted evidence dependency
/tmp/task10-f751-list-full.tsv	1003	regular file	772235	2ab64617c00c835d49a33a1457eee3bf519498cb078c4cd98b7eefb430c938d1	delete	task-generated direct /tmp scratch; no accepted evidence dependency
/tmp/task10-f751-list-full.witness	1003	regular file	30	a1ff87b1c3dfa04d14315692b48f8ad1a2ac943ff339ad117676adb5c41983d1	delete	task-generated direct /tmp scratch; no accepted evidence dependency
/tmp/task10-f751-list-keydiag.log	1003	regular file	1271	2cf3f7f1b10cc15bd0b8bd4cc6f413674d38285258a5c90d4d55e6266b4be692	delete	task-generated direct /tmp scratch; no accepted evidence dependency
/tmp/task10-f751-list-last8-v3.tsv	1003	regular file	4555	f1471bc45dcb2ce5380e80afc0dac353afc4b60432d2faee4977937e441be102	delete	task-generated direct /tmp scratch; no accepted evidence dependency
/tmp/task10-f751-list-merged-v2.tsv	1003	regular file	6271	a8c47ffe05a9b6353b33f7539afac63a7b004bcf9b32cccd103011d308c662aa	delete	task-generated direct /tmp scratch; no accepted evidence dependency
/tmp/task10-f751-list-merged-v2.tsv.partial.7.rows	1003	regular file	4212	e2f3d50d7996dd5fb5b98bec48d7273c2700ec1b5ba04393931e446323e3bfbd	delete	task-generated direct /tmp scratch; no accepted evidence dependency
/tmp/task10-f751-list-merged-v3.tsv	1003	regular file	6599	d2027c9afbb021a6eb6ae4c1cc7c9fb6a8aaaea195e5dcf03fde265d5e4e1b6b	delete	task-generated direct /tmp scratch; no accepted evidence dependency
/tmp/task10-f751-list-merged-v3.tsv.partial.7.rows	1003	regular file	4212	e2f3d50d7996dd5fb5b98bec48d7273c2700ec1b5ba04393931e446323e3bfbd	delete	task-generated direct /tmp scratch; no accepted evidence dependency
/tmp/task10-f751-list-merged-v3diag.tsv	1003	regular file	6304	f053323db3aed07e38dd7728849b3c92068ffc00a75d966be0d6198c3a7f0cd6	delete	task-generated direct /tmp scratch; no accepted evidence dependency
/tmp/task10-f751-list-merged.tsv	1003	regular file	6242	79936ee71876890752e9f2339ef85e0129cda3cc081c646b6254dcfe5811f2c3	delete	task-generated direct /tmp scratch; no accepted evidence dependency
/tmp/task10-f751-list-originaldiag.log	1003	regular file	1276	349b17c8c5c7e2997ac138d5f15b7848f90a7b03b015be412e11b908ec44ebfe	delete	task-generated direct /tmp scratch; no accepted evidence dependency
/tmp/task10-f751-list-typed.tsv	1003	regular file	4227	1ba8b81f22fed026d7e438bad58f68fb20cc3177ef1b21b88bc5bde5b168c9af	delete	task-generated direct /tmp scratch; no accepted evidence dependency
/tmp/task10-f751-list-zero-manifest.tsv	1003	regular file	4065	4f76fdc6f3fafd567f81c59319dd26a715d8df84e4ca8ce709e3782eda82fb5d	delete	task-generated direct /tmp scratch; no accepted evidence dependency
/tmp/task10-f751-manifest-smoke6.tsv	1003	regular file	10823	573a4fa28a4c45732ad640868341bfcfc05b146798684b9511b69df51637de11	delete	task-generated direct /tmp scratch; no accepted evidence dependency
/tmp/task10-f751-model-inventory.tsv	1003	regular file	4555	ceb3da12fefa463b36f91c963f71673124322d49d5f4e0169af029e56e2cba0d	delete	task-generated direct /tmp scratch; no accepted evidence dependency
/tmp/task10-f751-model-theory.tsv	1003	regular file	4260	358115c55000f3f869017746cc7b0fa116c42757628e8692103d35663ab4e19e	delete	task-generated direct /tmp scratch; no accepted evidence dependency
/tmp/task10-f751-original-append2.tsv	1003	regular file	1241	ec11de28596115d2dff88940da2280a08d835206d090d79297d77e497552504f	delete	task-generated direct /tmp scratch; no accepted evidence dependency
/tmp/task10-f751-original-append2.witness	1003	regular file	30	a1ff87b1c3dfa04d14315692b48f8ad1a2ac943ff339ad117676adb5c41983d1	delete	task-generated direct /tmp scratch; no accepted evidence dependency
/tmp/task10-f751-test-build.sh	1003	regular file	434	fe2b78bd7144b637f6b89ce5dc3cddf2c3be2f080211136652e8f2f922f6cf6c	delete	task-generated direct /tmp scratch; no accepted evidence dependency
/tmp/task10-f751-test-targets.tsv	1003	regular file	2118	46a969a29f7d73ff91ef5dc0abaa9ce6541ff0a268edc16fd021e61ca0f351bf	delete	task-generated direct /tmp scratch; no accepted evidence dependency
/tmp/task10-fallback-diagnostic.sh	1003	regular file	1918	c4cb73d2a5bc3a6470cf031b958178efa51a05f924dca4b8da47f3a54bcb8a99	delete	task-generated direct /tmp scratch; no accepted evidence dependency
/tmp/task10-fallback-signatures-candidates.tsv	1003	regular file	10215	2de57f5e8dbaa51f07b804a7054f35d1d981dd0896ec5e55c40a930b024ef0b6	delete	task-generated direct /tmp scratch; no accepted evidence dependency
/tmp/task10-final-diff-check.log	1003	regular empty file	0	e3b0c44298fc1c149afbf4c8996fb92427ae41e4649b934ca495991b7852b855	delete	task-generated direct /tmp scratch; no accepted evidence dependency
/tmp/task10-final-fold.sh	1003	regular file	6761	16f0e4052fbddcdfdb43deeae12d552dfa7aa2b3e134e316496ff9a36616620d	delete	task-generated direct /tmp scratch; no accepted evidence dependency
/tmp/task10-final-full-build.log	1003	regular file	54539	4118e5e1a5948480c47b87a33842d1b9d26ff8b3ea0c387a9e46b16a891122c5	delete	task-generated direct /tmp scratch; no accepted evidence dependency
/tmp/task10-final-g0-h4pedant.log	1003	regular empty file	0	e3b0c44298fc1c149afbf4c8996fb92427ae41e4649b934ca495991b7852b855	delete	task-generated direct /tmp scratch; no accepted evidence dependency
/tmp/task10-final-g0-holmake.log	1003	regular file	623	652fc0a24be17ab2bd46ad19c8a1b2621894520de9b4b58f650e0b696853a79c	delete	task-generated direct /tmp scratch; no accepted evidence dependency
/tmp/task10-final-g1-transcript.log	1003	regular file	1270	ef3df4e4b5ceba890f8d4ba78335d79846f32c376c29b8d7de3af14053d1be02	delete	task-generated direct /tmp scratch; no accepted evidence dependency
/tmp/task10-final-g2-full.log	1003	regular file	154	6ba4bd41d8f736a78a17e821fbd48dcd84aec8206fce61fdb7bd3fffd56db017	delete	task-generated direct /tmp scratch; no accepted evidence dependency
/tmp/task10-final-g2-generated.log	1003	regular file	164	0890c47bc670b018735fab64f12f9e4e7751c550ff95cdea3f8fa65880224b5b	delete	task-generated direct /tmp scratch; no accepted evidence dependency
/tmp/task10-final-h4pedant.log	1003	regular empty file	0	e3b0c44298fc1c149afbf4c8996fb92427ae41e4649b934ca495991b7852b855	delete	task-generated direct /tmp scratch; no accepted evidence dependency
/tmp/task10-final-selftest.log	1003	regular file	98655	17f4a16a1ae8e0590e392fbd4970cd2a11bff1464992bcc42faa89a2a2a3b544	delete	task-generated direct /tmp scratch; no accepted evidence dependency
/tmp/task10-final-selftest2.log	1003	regular file	98676	02cd925d2057cb4d49230e1d4633561eec6e78e692faf6899bcb39696cc9868a	delete	task-generated direct /tmp scratch; no accepted evidence dependency
/tmp/task10-final-selftest3.log	1003	regular file	98606	c02aae00b87a10deefb656dcf0d520e7d48f46125c4048860d75a15a6e5f943a	delete	task-generated direct /tmp scratch; no accepted evidence dependency
/tmp/task10-final-upto-parallel.log	1003	regular file	23360	af7889aa4dbcab020ffaf56674fc5100cec46db4442c21d0885e780f895b3ca0	delete	task-generated direct /tmp scratch; no accepted evidence dependency
/tmp/task10-final20-sha-check.txt	1003	regular file	28508	56314406762ff133bf73e5a6c3e8430b933bc94e3b884f4968a3cf227485aef7	delete	task-generated direct /tmp scratch; no accepted evidence dependency
/tmp/task10-final23-preflight.log	1003	regular file	164373	628f99cc88f5658ab9ad45b4110ce0815b16b0a71dfd7cac09adc56cc7e01444	delete	task-generated direct /tmp scratch; no accepted evidence dependency
/tmp/task10-final26-pre-cross-tuple.sha256	1003	regular file	369	b3ca6d43e25b397841ed202f44544ac0687fca95edbc7b38d17351328283e427	delete	task-generated direct /tmp scratch; no accepted evidence dependency
/tmp/task10-final26-pre-resume.sha256	1003	regular file	921	fb9cf6f84e8f890201057f596b65739c36fa9c35983886451fb8b018c68be3e4	delete	task-generated direct /tmp scratch; no accepted evidence dependency
/tmp/task10-fixed-current-last8-HolSmt.tsv	1003	regular file	917277	cbc37205b5a52aec1e53cb10dc9798f1bbe38237bd45605deea4bdc3ea8c2d95	delete	task-generated direct /tmp scratch; no accepted evidence dependency
/tmp/task10-fixed-current-last8-arithmetic.tsv	1003	regular file	1285325	55190ddbc9c205eedb1fc32e5ba6e80fac91f7fd95d7e5a109a9e38572e9086a	delete	task-generated direct /tmp scratch; no accepted evidence dependency
/tmp/task10-fixed-current-last8-bag.tsv	1003	regular file	722694	a5b5c8a8d7c55c1ffff699e87fbbe6b32493f30e8a82e2b6ee7bbf5402964228	delete	task-generated direct /tmp scratch; no accepted evidence dependency
/tmp/task10-fixed-current-last8-binary_ieee.tsv	1003	regular file	715322	59e2aff3ca984384f2259992efc6ae380fcda16170716ec04c052880aba238b9	delete	task-generated direct /tmp scratch; no accepted evidence dependency
/tmp/task10-fixed-current-last8-bool.tsv	1003	regular file	415523	bfc83e08a065d7296aad8efe274b16594ca735f8e6d5243b863fe225100e7ebd	delete	task-generated direct /tmp scratch; no accepted evidence dependency
/tmp/task10-fixed-current-last8-borel.tsv	1003	regular file	567399	da5d4d691253a836f83f693374b3a838c14f0653aca9c7863679f2ca6ecdc95f	delete	task-generated direct /tmp scratch; no accepted evidence dependency
/tmp/task10-fixed-current-last8-cardinal.tsv	1003	regular file	695890	560c73b891355944c3a34648d44a1b70af96d51c28dfbde69cb5c36ce2c17b1b	delete	task-generated direct /tmp scratch; no accepted evidence dependency
/tmp/task10-fixed-current-last8-combinatorics.tsv	1003	regular file	1768040	df54b279e139a6d85d8075cbc1e7d7518773f7e15f89344c1003d1deb3606955	delete	task-generated direct /tmp scratch; no accepted evidence dependency
/tmp/task10-fixed-current-last8-complex.tsv	1003	regular file	587111	447312558233f574a729d033212aa3de888834669356d743e006c11222ea3d0f	delete	task-generated direct /tmp scratch; no accepted evidence dependency
/tmp/task10-fixed-current-last8-cv_std.tsv	1003	regular file	624511	91d8ddc89cddc223fde2e2bbba618a554fccac172a54fe9706e9a04f619f2114	delete	task-generated direct /tmp scratch; no accepted evidence dependency
/tmp/task10-fixed-current-last8-derivative.tsv	1003	regular file	371961	2981d9992c98d556121addd1769eca7d6f8ced5c31a42e8c1f8973599a8fa94f	delete	task-generated direct /tmp scratch; no accepted evidence dependency
/tmp/task10-fixed-current-last8-extreal.tsv	1003	regular file	2154307	7af73c189dd5252209ed37f8a524ef25bf6c977b090a03e282e9f4ae117504ec	delete	task-generated direct /tmp scratch; no accepted evidence dependency
/tmp/task10-fixed-current-last8-extreal_base.tsv	1003	regular file	1092682	38275eef2ffe9630d70f7b04536f9d3eb22af46664d6fb48d22b9ab74b226ea3	delete	task-generated direct /tmp scratch; no accepted evidence dependency
/tmp/task10-fixed-current-last8-finite_map.tsv	1003	regular file	828281	1be57e36c3cf1cbfb198101d4a042d7642509b0a0cd6bfd7fe5f7a5366cd9107	delete	task-generated direct /tmp scratch; no accepted evidence dependency
/tmp/task10-fixed-current-last8-finite_set.tsv	1003	regular file	360459	70aac8321de5ea3bd5b3116e061d966752f7413625cfdec7d7437634e08ecf4d	delete	task-generated direct /tmp scratch; no accepted evidence dependency
/tmp/task10-fixed-current-last8-group.tsv	1003	regular file	1717781	3f20d5a31de5c50532d706bfe9482b39959021d3b078ce22b9a116d9a152eefa	delete	task-generated direct /tmp scratch; no accepted evidence dependency
/tmp/task10-fixed-current-last8-integer.tsv	1003	regular file	919382	6d07e8ca127912d5833d2ce10a21044c8c5a619b5215f68013747016a8b46006	delete	task-generated direct /tmp scratch; no accepted evidence dependency
/tmp/task10-fixed-current-last8-integration.tsv	1003	regular file	1608719	1c46854256796ceecdc7cf6e96470ca50c9519872a0d1e1c0f22033b131c377c	delete	task-generated direct /tmp scratch; no accepted evidence dependency
/tmp/task10-fixed-current-last8-iterate.tsv	1003	regular file	637855	03ba3993d41b3925cc06ec4d949355bba9104c746e98d4893bd00e9051d2a5e2	delete	task-generated direct /tmp scratch; no accepted evidence dependency
/tmp/task10-fixed-current-last8-itreeTau.tsv	1003	regular file	375451	0302d8976ecd333a676436bf0e450c67bd842de69c88e0bae7181f3435f7b437	delete	task-generated direct /tmp scratch; no accepted evidence dependency
/tmp/task10-fixed-current-last8-lebesgue.tsv	1003	regular file	465922	1ff2d1964051e8b8026c1402870672b34d04ab8d754583bd3bf17ea0be571700	delete	task-generated direct /tmp scratch; no accepted evidence dependency
/tmp/task10-fixed-current-last8-lim.tsv	1003	regular file	427862	421b6e37d974a3fe48ee278f41f6a5fe0f4905a5ad24be6be3dbd0b2653f2f5a	delete	task-generated direct /tmp scratch; no accepted evidence dependency
/tmp/task10-fixed-current-last8-list.tsv	1003	regular file	1514917	354509c332d355152540acdbad83fe1375358c1712b37a9d02f162e85bbb18d1	delete	task-generated direct /tmp scratch; no accepted evidence dependency
/tmp/task10-fixed-current-last8-llist.tsv	1003	regular file	793413	1bb662291353245d82075806a9dcaf57598ebb00a5d060c894cd797373c6daa2	delete	task-generated direct /tmp scratch; no accepted evidence dependency
/tmp/task10-fixed-current-last8-martingale.tsv	1003	regular file	501116	a9f05fc70a81b5c996c91a2e1a96e3302cd871a3473aee8885af82716024b50e	delete	task-generated direct /tmp scratch; no accepted evidence dependency
/tmp/task10-fixed-current-last8-measure.tsv	1003	regular file	580823	0bbdc1e9973f5535dc725d343da3b678aff08ab4b4bb381c97cd447cb27a878e	delete	task-generated direct /tmp scratch; no accepted evidence dependency
/tmp/task10-fixed-current-last8-metric.tsv	1003	regular file	408311	241761a6bc4ad925f1c78cc947c69fb541e6965d707dd7c791996f7525ece064	delete	task-generated direct /tmp scratch; no accepted evidence dependency
/tmp/task10-fixed-current-last8-monoid.tsv	1003	regular file	623468	a9033433db3e04ff99e9c8853ad52bf50ed133cfd868d0b15c28bd1fec83f2db	delete	task-generated direct /tmp scratch; no accepted evidence dependency
/tmp/task10-fixed-current-last8-number.tsv	1003	regular file	1285280	4240cf461af018ba85c59bb7bbfd6e4bff28df5daa3a07cc1e0e4bfec180ff7c	delete	task-generated direct /tmp scratch; no accepted evidence dependency
/tmp/task10-fixed-current-last8-pred_set.tsv	1003	regular file	2021675	efce03a209b22e280c27872acd154f8e228443e7bfaddde7900a5c98740b61fa	delete	task-generated direct /tmp scratch; no accepted evidence dependency
/tmp/task10-fixed-current-last8-prime.tsv	1003	regular file	1141675	898fe4989164492f839e377416ac3d7fd2cde33c63445958d3e38a2607b25da2	delete	task-generated direct /tmp scratch; no accepted evidence dependency
/tmp/task10-fixed-current-last8-probability.tsv	1003	regular file	908212	3c09d6d98ef1d354efad702de218d268d779a72e00aca9f6d49ebc75e1ba6c93	delete	task-generated direct /tmp scratch; no accepted evidence dependency
/tmp/task10-fixed-current-last8-rat.tsv	1003	regular file	765776	4a6f69b8896f2a80c2c108bda2554cd5ca256f641865ff020e1a9807b22e082a	delete	task-generated direct /tmp scratch; no accepted evidence dependency
/tmp/task10-fixed-current-last8-real.tsv	1003	regular file	1655080	3cc4bad724b29cae956b87c566ad63b4262f0cb4144364d8a3294e30e1bab510	delete	task-generated direct /tmp scratch; no accepted evidence dependency
/tmp/task10-fixed-current-last8-real_borel.tsv	1003	regular file	433077	da98d457218a97fda56ebcd9f54980e38f03921fcc465433c6651b05b95d80f6	delete	task-generated direct /tmp scratch; no accepted evidence dependency
/tmp/task10-fixed-current-last8-real_sigma.tsv	1003	regular file	939281	c5a55b366828a9570f5081486ce7e8bf2f23f3199c31489b7c1a32eac3d501cf	delete	task-generated direct /tmp scratch; no accepted evidence dependency
/tmp/task10-fixed-current-last8-real_topology.tsv	1003	regular file	4274819	55e504499b04e78a0132deda71b2a72135a22528c274fb514b1002c57b0b324b	delete	task-generated direct /tmp scratch; no accepted evidence dependency
/tmp/task10-fixed-current-last8-realax.tsv	1003	regular file	430331	4635a171402845bb98b13df2e5ab61b60178fa962a4e35c63e3029ed6d60c573	delete	task-generated direct /tmp scratch; no accepted evidence dependency
/tmp/task10-fixed-current-last8-relation.tsv	1003	regular file	546948	3b27ea4dd3cfdcf59c3feb825a586f7df167a7ba0f1d34332790660efb4a39c1	delete	task-generated direct /tmp scratch; no accepted evidence dependency
/tmp/task10-fixed-current-last8-rich_list.tsv	1003	regular file	1979208	a6ec160cf5feb70b5b207236f6964f3113b482ce54504ed3b4fc86d33c942ac5	delete	task-generated direct /tmp scratch; no accepted evidence dependency
/tmp/task10-fixed-current-last8-ring.tsv	1003	regular file	1744227	757f490dddbd19135c047f0e129536b4a5ac0983e4f9bb268eeed5311c8dce8c	delete	task-generated direct /tmp scratch; no accepted evidence dependency
/tmp/task10-fixed-current-last8-set_relation.tsv	1003	regular file	417285	a3be49f4db4f2c859d272d8e1187d85aaa892296c09ffc106acd75f7ae88661f	delete	task-generated direct /tmp scratch; no accepted evidence dependency
/tmp/task10-fixed-current-last8-sigma_algebra.tsv	1003	regular file	866716	d85dc135d7de00d0ad11c82888395efdafc2dfac9eb2ccb17eea7da86b9de87f	delete	task-generated direct /tmp scratch; no accepted evidence dependency
/tmp/task10-fixed-current-last8-sorting.tsv	1003	regular file	372501	0d7510086e2ea6b8e6f3d55b4723fc7d3f0aa3d8070022c69801729f2d614153	delete	task-generated direct /tmp scratch; no accepted evidence dependency
/tmp/task10-fixed-current-last8-sptree.tsv	1003	regular file	500776	75220457058ac68b125b233eed530aa0b0bbb8d93850f8cb0346028759d33d3e	delete	task-generated direct /tmp scratch; no accepted evidence dependency
/tmp/task10-fixed-current-last8-topology.tsv	1003	regular file	1006307	fd9cd587d735021abf2e4141226e3ebadefbf3f795591aca0b0ff75395fa3284	delete	task-generated direct /tmp scratch; no accepted evidence dependency
/tmp/task10-fixed-current-last8-transc.tsv	1003	regular file	947606	8aa0d3543eec859b3dad0c1a035b46e9d0f34a94b9eb0ace32cb37543264d719	delete	task-generated direct /tmp scratch; no accepted evidence dependency
/tmp/task10-fixed-current-last8-words.tsv	1003	regular file	1616147	62578c88d7b636ef604ba4f3ea627cafcf21c2ebf2655c0eeb75989611c8801c	delete	task-generated direct /tmp scratch; no accepted evidence dependency
/tmp/task10-focused-10.log	1003	regular file	62760	c3d121f5a17321e834c049a47cc300e7c2aad566f469df6f0bf05557a98166d3	delete	task-generated direct /tmp scratch; no accepted evidence dependency
/tmp/task10-focused-11.log	1003	regular file	70695	2d277b54950acdf85a7ea31c9e664d3adc1ac586368a6abd247caa184e202ecc	delete	task-generated direct /tmp scratch; no accepted evidence dependency
/tmp/task10-focused-12.log	1003	regular file	70654	72d0b591207889af5b720275310c5b5d3703226856ae53fed2a1d313e94fcf58	delete	task-generated direct /tmp scratch; no accepted evidence dependency
/tmp/task10-focused-13.log	1003	regular file	70654	b1185ecf2c6bf7ac40536e3ded62afe9e6b152b93bec58eafd6178ce71a1e7fe	delete	task-generated direct /tmp scratch; no accepted evidence dependency
/tmp/task10-focused-14.log	1003	regular file	70791	2923ed72457c3209e5776144001b6520252da475f25b2f63b018513e11905399	delete	task-generated direct /tmp scratch; no accepted evidence dependency
/tmp/task10-focused-15.log	1003	regular file	70308	bdc1940d5dba6821a20adf1ece61f15c51fbe0f4411ee32b5797d2e51eaa8926	delete	task-generated direct /tmp scratch; no accepted evidence dependency
/tmp/task10-focused-16.log	1003	regular file	101	4e0b829bbc6cfb03a5709fd87707654f30e339fcc5afd1219a4131d8fd1f04bd	delete	task-generated direct /tmp scratch; no accepted evidence dependency
/tmp/task10-focused-17.log	1003	regular file	61113	2960073ff47231fffca0ce995b00dc27c5f93c6df878d0d0d9b987de9ec699cb	delete	task-generated direct /tmp scratch; no accepted evidence dependency
/tmp/task10-focused-18.log	1003	regular file	61113	791a301cce88ecce4d95ddb997ca3081749c851d5ca7d7ac9f664c6168fb6139	delete	task-generated direct /tmp scratch; no accepted evidence dependency
/tmp/task10-focused-19.log	1003	regular file	61111	1c9d89d9681ef0e58912f484db181818ecd0719bd0c617c74b8ee8921680f731	delete	task-generated direct /tmp scratch; no accepted evidence dependency
/tmp/task10-focused-2.log	1003	regular file	39846	36a9f9a5eaa5288e065fcaef92346548b7df56a6ad2dbd9ded338efe054f6fc2	delete	task-generated direct /tmp scratch; no accepted evidence dependency
/tmp/task10-focused-20.log	1003	regular file	61491	3f32ccea8b1c23aba92bad8a9a4d91f8c4d9c189b8eb7f88b6eaeefe1767e479	delete	task-generated direct /tmp scratch; no accepted evidence dependency
/tmp/task10-focused-21.log	1003	regular file	79376	132a4a5a0dbc86294ede1faf1074277fc6a46d97e6df78e7e05b9020f1c0e3c1	delete	task-generated direct /tmp scratch; no accepted evidence dependency
/tmp/task10-focused-3.log	1003	regular file	40636	0682bf4c9d5f2c364cf2eaf0fca1429398ba0a044d996196322ad6a87f375fc7	delete	task-generated direct /tmp scratch; no accepted evidence dependency
/tmp/task10-focused-4.log	1003	regular file	40645	b0504c072920dde7c66c3709d5a7dc6a68f3da27b2bc2191544ed2f0a153ed10	delete	task-generated direct /tmp scratch; no accepted evidence dependency
/tmp/task10-focused-5.log	1003	regular file	61148	84d49d7ce1f15ed191bd4ee8cdad7c702be31431e0574f61be29741d903cac29	delete	task-generated direct /tmp scratch; no accepted evidence dependency
/tmp/task10-focused-6.log	1003	regular file	1365	c467ec977ceeb4e732d914d2e6d48980785336a570fee49a10623e60f27d1d04	delete	task-generated direct /tmp scratch; no accepted evidence dependency
/tmp/task10-focused-7.log	1003	regular file	36170	954f7c762a63f7bd8fcb98eec048c584e5f679eb53aeecd14a442b6e005b347d	delete	task-generated direct /tmp scratch; no accepted evidence dependency
/tmp/task10-focused-8.log	1003	regular file	36177	296d992fb386d4b65ca2d742c42ed8bfe99cb6acf7931593e6c680e5aab32f07	delete	task-generated direct /tmp scratch; no accepted evidence dependency
/tmp/task10-focused-9.log	1003	regular file	61602	3e8ee15fce2307a6f3a322dbd3e076e989d55312e1317f3e16325c3affa9ceaf	delete	task-generated direct /tmp scratch; no accepted evidence dependency
/tmp/task10-focused-exact-eta-shard3.log	1003	regular file	24482	49302a1f9ae1477b69c0df9684a0b0bb9c2a00a16eed50d6b8cf82fee6f9063e	delete	task-generated direct /tmp scratch; no accepted evidence dependency
/tmp/task10-focused-exact-eta.log	1003	regular file	24578	b171ef2796246c2b8f2cecdfe27e2ff2d9fe415bb69e01268d57feeccc17c22d	delete	task-generated direct /tmp scratch; no accepted evidence dependency
/tmp/task10-focused-generic-rdiv.log	1003	regular file	24578	b171ef2796246c2b8f2cecdfe27e2ff2d9fe415bb69e01268d57feeccc17c22d	delete	task-generated direct /tmp scratch; no accepted evidence dependency
/tmp/task10-focused-live.log	1003	regular file	32978	9ee7259975fbf8f1dfa7287d2836f025ddc60af027a2d65b4df3b09977b6f14d	delete	task-generated direct /tmp scratch; no accepted evidence dependency
/tmp/task10-focused-live2.log	1003	regular file	33084	595206d593c526b7983cb0d8739eb11ccb222c37f8d13f17064ecc91531e6453	delete	task-generated direct /tmp scratch; no accepted evidence dependency
/tmp/task10-focused-post-parser-removal-rebuilt.log	1003	regular file	25877	2973cea4216b686f6e940b77c15c0e9aa9c75b4c686ecc6cf592556d91402b90	delete	task-generated direct /tmp scratch; no accepted evidence dependency
/tmp/task10-focused-post-parser-removal.log	1003	regular file	25877	2973cea4216b686f6e940b77c15c0e9aa9c75b4c686ecc6cf592556d91402b90	delete	task-generated direct /tmp scratch; no accepted evidence dependency
/tmp/task10-focused-resolution.log	1003	regular file	36473	ba7b78f2a07607f5cf7f19d5bc434bdb67f23c8b6d847654def24db2d53fba5c	delete	task-generated direct /tmp scratch; no accepted evidence dependency
/tmp/task10-focused-resolution2.log	1003	regular file	36608	1c0e34433c517836e89d1dc78fe9d1c87384d06013dccd220b11071389c30daf	delete	task-generated direct /tmp scratch; no accepted evidence dependency
/tmp/task10-focused-resolution3.log	1003	regular file	40058	37a52da259eb47e4d042933e78db7030a48fef2bbbff318e1568860f93c9bade	delete	task-generated direct /tmp scratch; no accepted evidence dependency
/tmp/task10-focused-stable-shard0-r2.log	1003	regular file	59104	f5341dff1612e2f0a45570e53766ebd8bda69a2cff50adf40438947e51913822	delete	task-generated direct /tmp scratch; no accepted evidence dependency
/tmp/task10-focused-stable-shard0-r3.log	1003	regular file	81170	4ee1c4023f8b5b7a595e9d24482fcdae9cc4c61d472cbff4b952b01d4f07006e	delete	task-generated direct /tmp scratch; no accepted evidence dependency
/tmp/task10-focused-stable-shard0.log	1003	regular file	81684	340bcf6d1b9f3a3c1a21bc3fee8e0e5412b0898ce31596cccc3f0727fe5fdd3e	delete	task-generated direct /tmp scratch; no accepted evidence dependency
/tmp/task10-focused.log	1003	regular file	39699	2607938b4d03f807f28592474354a1e4d907c05161ea910626cee9bbc81a442b	delete	task-generated direct /tmp scratch; no accepted evidence dependency
/tmp/task10-followup-baseline-build.log	1003	regular file	623	652fc0a24be17ab2bd46ad19c8a1b2621894520de9b4b58f650e0b696853a79c	delete	task-generated direct /tmp scratch; no accepted evidence dependency
/tmp/task10-followup-baseline-build2.log	1003	regular file	623	652fc0a24be17ab2bd46ad19c8a1b2621894520de9b4b58f650e0b696853a79c	delete	task-generated direct /tmp scratch; no accepted evidence dependency
/tmp/task10-followup-baseline-build3.log	1003	regular file	623	652fc0a24be17ab2bd46ad19c8a1b2621894520de9b4b58f650e0b696853a79c	delete	task-generated direct /tmp scratch; no accepted evidence dependency
/tmp/task10-followup-baseline-build4.log	1003	regular file	623	652fc0a24be17ab2bd46ad19c8a1b2621894520de9b4b58f650e0b696853a79c	delete	task-generated direct /tmp scratch; no accepted evidence dependency
/tmp/task10-followup-baseline-build5.log	1003	regular file	623	652fc0a24be17ab2bd46ad19c8a1b2621894520de9b4b58f650e0b696853a79c	delete	task-generated direct /tmp scratch; no accepted evidence dependency
/tmp/task10-followup-baseline-build6.log	1003	regular file	623	652fc0a24be17ab2bd46ad19c8a1b2621894520de9b4b58f650e0b696853a79c	delete	task-generated direct /tmp scratch; no accepted evidence dependency
/tmp/task10-followup-baseline-unit.log	1003	regular file	34401	99e46cddd07bb37d035328249532b4e65ef2aa2d340ee68f5906766da891b7dd	delete	task-generated direct /tmp scratch; no accepted evidence dependency
/tmp/task10-followup-baseline-unit2.log	1003	regular file	34389	86cb85499cd99df8e38f21fd2fa14e9b863dc36689aa9304c2d9063693e194fb	delete	task-generated direct /tmp scratch; no accepted evidence dependency
/tmp/task10-followup-baseline-unit3.log	1003	regular file	34389	a7821cbb73a622cbaccdb66937d696543beafd78cc5866ddc4e01058f38e501c	delete	task-generated direct /tmp scratch; no accepted evidence dependency
/tmp/task10-followup-baseline-unit4.log	1003	regular file	34527	607ea48d9e3756eaba91c25816250fb92e4bf919bab0cddaf5d7fcbd7b65f55a	delete	task-generated direct /tmp scratch; no accepted evidence dependency
/tmp/task10-followup-baseline-unit5.log	1003	regular file	62615	e3fbe5ca1ff8a89c6b29b72d7a7fb9c0aac02f5f83a92b2a260862cf096ad065	delete	task-generated direct /tmp scratch; no accepted evidence dependency
/tmp/task10-followup-baseline-unit6.log	1003	regular file	62615	57cfbd71877fa66a7b91c72520f680eeea0f43e681b4d59af5bdf72c072f2205	delete	task-generated direct /tmp scratch; no accepted evidence dependency
/tmp/task10-followup-focused.log	1003	regular file	24578	a9415e932e3ca6b226b85196670ff534fad16bdee8b74eb1e1efce1ea0ef0530	delete	task-generated direct /tmp scratch; no accepted evidence dependency
/tmp/task10-fresh-append.tsv	1003	regular file	2037	7168075f5e3d4344cfa5bf95c959b7fa050943752e7167eeb3c76ee2bba7622b	delete	task-generated direct /tmp scratch; no accepted evidence dependency
/tmp/task10-g0-h4pedant.log	1003	regular empty file	0	e3b0c44298fc1c149afbf4c8996fb92427ae41e4649b934ca495991b7852b855	delete	task-generated direct /tmp scratch; no accepted evidence dependency
/tmp/task10-g0-holmake.log	1003	regular file	845	2874b6e3b679f14cfec564254676b34e6cf804e1b66014090d7bb1c1dd89e27f	delete	task-generated direct /tmp scratch; no accepted evidence dependency
/tmp/task10-g1-final-launch.log	1003	regular file	24922	4d2d48f8f10298776f3139859b8560f3fde5f63ab24e8dd5fd967bd0e12c4a14	delete	task-generated direct /tmp scratch; no accepted evidence dependency
/tmp/task10-g2-generated-final-r3.json	1003	regular file	333639	2c2f4f822cc66741732ce250444ae9772ce26f4188c90ff147f8e7aaf0313729	delete	task-generated direct /tmp scratch; no accepted evidence dependency
/tmp/task10-g2-generated-final-r3.md	1003	regular file	31536	7007a5047341902215e15f8bade2d0b7d1880b656aa37a3d268ca487e833fabc	delete	task-generated direct /tmp scratch; no accepted evidence dependency
/tmp/task10-g2-generated-final-r4.json	1003	regular file	333639	2c2f4f822cc66741732ce250444ae9772ce26f4188c90ff147f8e7aaf0313729	delete	task-generated direct /tmp scratch; no accepted evidence dependency
/tmp/task10-g2-generated-final-r4.md	1003	regular file	31536	7007a5047341902215e15f8bade2d0b7d1880b656aa37a3d268ca487e833fabc	delete	task-generated direct /tmp scratch; no accepted evidence dependency
/tmp/task10-g2-generated-final-r5.json	1003	regular file	333639	2c2f4f822cc66741732ce250444ae9772ce26f4188c90ff147f8e7aaf0313729	delete	task-generated direct /tmp scratch; no accepted evidence dependency
/tmp/task10-g2-generated-final-r5.md	1003	regular file	31536	7007a5047341902215e15f8bade2d0b7d1880b656aa37a3d268ca487e833fabc	delete	task-generated direct /tmp scratch; no accepted evidence dependency
/tmp/task10-g2-parser-final-r3.json	1003	regular file	545837	7d1d4a8baea80df33b170b09412ed9d3156489e8a1e90819d47d843f979ffee5	delete	task-generated direct /tmp scratch; no accepted evidence dependency
/tmp/task10-g2-parser-final-r3.md	1003	regular file	32051	de7a4cfdb0442ae0826617a6770b3133856ae6db48ac5535b173f6a7801eb94e	delete	task-generated direct /tmp scratch; no accepted evidence dependency
/tmp/task10-g2-parser-final-r4.json	1003	regular file	545837	7d1d4a8baea80df33b170b09412ed9d3156489e8a1e90819d47d843f979ffee5	delete	task-generated direct /tmp scratch; no accepted evidence dependency
/tmp/task10-g2-parser-final-r4.md	1003	regular file	32051	de7a4cfdb0442ae0826617a6770b3133856ae6db48ac5535b173f6a7801eb94e	delete	task-generated direct /tmp scratch; no accepted evidence dependency
/tmp/task10-g2-parser-final-r5.json	1003	regular file	545837	7d1d4a8baea80df33b170b09412ed9d3156489e8a1e90819d47d843f979ffee5	delete	task-generated direct /tmp scratch; no accepted evidence dependency
/tmp/task10-g2-parser-final-r5.md	1003	regular file	32051	de7a4cfdb0442ae0826617a6770b3133856ae6db48ac5535b173f6a7801eb94e	delete	task-generated direct /tmp scratch; no accepted evidence dependency
/tmp/task10-generate-mapped-inventory.sh	1003	regular file	1413	8afc509ee61bfba9e9c37ad5f59f08954c9af0fd6a796573b541aeb424cfc809	delete	task-generated direct /tmp scratch; no accepted evidence dependency
/tmp/task10-gh224a-merge-diagnostic.tsv	1003	regular file	140556	4cd1c1f257646739c582e60e2335331dc2b404bdb390d9fbd449a39ed45c38ab	delete	task-generated direct /tmp scratch; no accepted evidence dependency
/tmp/task10-gh224a-merge.log	1003	regular file	310586	e4a5f0773adc3dd9823e0e12d3e5d0ee68ae7f88b5028838501a135bad27f6fb	delete	task-generated direct /tmp scratch; no accepted evidence dependency
/tmp/task10-gh224a-merged2.tsv	1003	regular file	256229	3f1c4a6afa6c6f98ea97a98d73bddd0ee2aa9ef921becaae356ff8fcdf93130e	delete	task-generated direct /tmp scratch; no accepted evidence dependency
/tmp/task10-gh225a-merge.log	1003	regular file	53182	ff8dc12dcaf6348badf33ea97a1cbf542441785ca99896779c3a18c1ccad97b5	delete	task-generated direct /tmp scratch; no accepted evidence dependency
/tmp/task10-gh225a-merged2.tsv	1003	regular file	13568	4621876251d0604bf1683eb93faf7f2aa0463c80a414551076b6c024bef48755	delete	task-generated direct /tmp scratch; no accepted evidence dependency
/tmp/task10-gh725-fullheap.tsv	1003	regular file	7086	82267b13444421d8b3c478e26a09eb8ca34b1f50c9a800e1228cd88b08ffcb8b	delete	task-generated direct /tmp scratch; no accepted evidence dependency
/tmp/task10-h4pedant.log	1003	regular empty file	0	e3b0c44298fc1c149afbf4c8996fb92427ae41e4649b934ca495991b7852b855	delete	task-generated direct /tmp scratch; no accepted evidence dependency
/tmp/task10-h4pedant.out	1003	regular empty file	0	e3b0c44298fc1c149afbf4c8996fb92427ae41e4649b934ca495991b7852b855	delete	task-generated direct /tmp scratch; no accepted evidence dependency
/tmp/task10-input-files	1003	regular file	2767	d3e1dca0685157178f913a02f1398aa922e87c6018a162bc9fcd022a373c782a	delete	task-generated direct /tmp scratch; no accepted evidence dependency
/tmp/task10-integration-v19.json	1003	regular file	1548	e8eb7f791df81bb4a299db901efb38dd49a09ca1b43875bd5efd39f5e9046543	delete	task-generated direct /tmp scratch; no accepted evidence dependency
/tmp/task10-integration3-baseline-headers	1003	regular file	20018	2d8aa32fb04797e8a9c58c8bf9a785ae877a86d5e6ed2a935f0ab5707feafc95	delete	task-generated direct /tmp scratch; no accepted evidence dependency
/tmp/task10-integration3-before-resume.sha256	1003	regular file	269	b66d141503d19999f590a32d0d833b91289dd9bc186f68f13e40da53ce4a66f5	delete	task-generated direct /tmp scratch; no accepted evidence dependency
/tmp/task10-integration4-before-resume.sha256	1003	regular file	269	5694260cbba65784acc93aa9befb0235d0c1b732b60188b126706d8db104a3f4	delete	task-generated direct /tmp scratch; no accepted evidence dependency
/tmp/task10-integration4-manifests-before-resume.sha256	1003	regular file	68	6a54d46c353d7bff0ba02781e5626756edc38f585d558bca5e69677c5423cbc9	delete	task-generated direct /tmp scratch; no accepted evidence dependency
/tmp/task10-intmax-arithprov.log	1003	regular file	5374	8230282e1a4a6a9ea33cb917a88d647d589528d66d5b6cb2cdfd6e7d91ec13de	delete	task-generated direct /tmp scratch; no accepted evidence dependency
/tmp/task10-intmax-compact-source.log	1003	regular file	6336	0812d04622470bb42ab2eec7c1015eafa259910f5999fb0a431b84ea00782ab9	delete	task-generated direct /tmp scratch; no accepted evidence dependency
/tmp/task10-intmax-shapes.log	1003	regular file	28815	389df06e07e403f8782c9b688b5f87c9185f2978a79ce0a859b3011924e9b717	delete	task-generated direct /tmp scratch; no accepted evidence dependency
/tmp/task10-intmax-trace.log	1003	regular file	75280	b01fc1a50c5c8bab403680eefb3475d76f333ffcb7b0b07fbe216d4a7d038725	delete	task-generated direct /tmp scratch; no accepted evidence dependency
/tmp/task10-intmax-trees.log	1003	regular file	7263	ad9675d083df3b433d89a975be765227c9465694de968ca1729e1f3ae465ef8e	delete	task-generated direct /tmp scratch; no accepted evidence dependency
/tmp/task10-intmax-unavailable.log	1003	regular file	27063	2daa856f4758948717fe3792c321ff8f1968484034175319df53cb64c15336df	delete	task-generated direct /tmp scratch; no accepted evidence dependency
/tmp/task10-inventory-8.tsv	1003	regular file	63222	056e9cb65c6792f9d4871ede21dcf182b40bd172c5d2d1ea3dc6d8ddf7ff3f9d	delete	task-generated direct /tmp scratch; no accepted evidence dependency
/tmp/task10-legacy-extra-v3.tsv	1003	regular file	6811	dea99f78c64fefbc8151caa5235b0f692778cac7da8f5d3203ef24924357ccac	delete	task-generated direct /tmp scratch; no accepted evidence dependency
/tmp/task10-legacy-extra.tsv	1003	regular file	6483	9d2a830fe6ebe0d73c552082c82b1aa83a361751c1294416edf47dbe587c1ccd	delete	task-generated direct /tmp scratch; no accepted evidence dependency
/tmp/task10-list-accepted.tsv	1003	regular file	772235	c78624a37dbe3ed9b3bcc75ea608be3243a894d308e4fa441374d5c8b6ce653b	delete	task-generated direct /tmp scratch; no accepted evidence dependency
/tmp/task10-list-first8-invocation.json	1003	regular file	505	3f01841bd20279eab07793efd965d6aab0a67a626b43fafe7e217f7a5934942f	delete	task-generated direct /tmp scratch; no accepted evidence dependency
/tmp/task10-list-first8-v3-invocation.json	1003	regular file	593	fe292b9579f42f2c0ac4e7ea7730baa6f202f980d56c2d76bcdd307dab7af96c	delete	task-generated direct /tmp scratch; no accepted evidence dependency
/tmp/task10-list-last8-v3-invocation.json	1003	regular file	510	39c6ae63586673f782a9764270866dd0052dd386fcf5a624575a6c7a0cf0dea1	delete	task-generated direct /tmp scratch; no accepted evidence dependency
/tmp/task10-list-merged-invocation.json	1003	regular file	777	f3ba770a8c1401e0aa03eebbe590d555a012836c85ecf908db36fe2a0329e907	delete	task-generated direct /tmp scratch; no accepted evidence dependency
/tmp/task10-list-merged-v3-invocation.json	1003	regular file	865	42d1cb921827ea1ae875b081df54a752f122643ecbe912f322fa0b0eec1120a7	delete	task-generated direct /tmp scratch; no accepted evidence dependency
/tmp/task10-list-typed-invocation.json	1003	regular file	421	6f7a2083e4cde8e80166b320741f23dae54a555c1a94aa1a26f519d67fc7fb58	delete	task-generated direct /tmp scratch; no accepted evidence dependency
/tmp/task10-live-eval.txt	1003	regular file	17898	fbc4093fb7158368ce2e06431a26b85d7976fd7439743e2010f48fb859008eb7	delete	task-generated direct /tmp scratch; no accepted evidence dependency
/tmp/task10-long-lines.txt	1003	regular file	2281	6256a2a62700fd0c65cf715446c2b1fb1aa038509e8d9b67769a815ef0cbaf87	delete	task-generated direct /tmp scratch; no accepted evidence dependency
/tmp/task10-longlines.out	1003	regular empty file	0	e3b0c44298fc1c149afbf4c8996fb92427ae41e4649b934ca495991b7852b855	delete	task-generated direct /tmp scratch; no accepted evidence dependency
/tmp/task10-manifest-eval.txt	1003	regular file	17898	fbc4093fb7158368ce2e06431a26b85d7976fd7439743e2010f48fb859008eb7	delete	task-generated direct /tmp scratch; no accepted evidence dependency
/tmp/task10-manifest-evidence.txt	1003	regular file	4138	10c5467e5959f76eb59f2d99609e6e653b1afff3cbd0a0c0a5b232fa21bf61b8	delete	task-generated direct /tmp scratch; no accepted evidence dependency
/tmp/task10-manual-probe.tsv	1003	regular file	268	2ae7dac4595434d306bed6a990aa9cc038169a4a73a56c5bc537e097d477b898	delete	task-generated direct /tmp scratch; no accepted evidence dependency
/tmp/task10-max-binder-fixed.log	1003	regular file	25431	d32ff94e5aa2fdce6426dd84efb10646494686f6612e7c4fd3788f0cd650a511	delete	task-generated direct /tmp scratch; no accepted evidence dependency
/tmp/task10-max-binder-fixed2.log	1003	regular file	5298	7676af01bee5180793bf63f8a25e43b8e879e4935d89c6bce01a4541b9ef6131	delete	task-generated direct /tmp scratch; no accepted evidence dependency
/tmp/task10-missing-current.txt	1003	regular file	603	e82ba022537785eb27f86f1cc67ce8f751a024ef6303d9183efef892ea97a26a	delete	task-generated direct /tmp scratch; no accepted evidence dependency
/tmp/task10-missing-fallback-sigs.tsv	1003	regular file	10465	c6f364accee93d425dc7cc76acd3fbccf8420cbd99d7f8da05726c03eb019a20	delete	task-generated direct /tmp scratch; no accepted evidence dependency
/tmp/task10-new-evidence-cleanup-proposal.tsv	1003	regular file	4889	d316e3d3b24bea77d996ec847a7d7ab3eca3bb61fdf466f34dfddb75d1029a0f	delete	task-generated direct /tmp scratch; no accepted evidence dependency
/tmp/task10-original-788-theories.txt	1003	regular file	561	93aace65599e0bd866e6e1ac14f10f1de02e9b6b1f1bcb82f4dd575db520f5dd	delete	task-generated direct /tmp scratch; no accepted evidence dependency
/tmp/task10-overlay-f258-transient48-build.log	1003	regular file	12643	ad6b7221002df31555ee75d8757976cfe45f94015c40aba87809323e4b7d95e9	delete	task-generated direct /tmp scratch; no accepted evidence dependency
/tmp/task10-overlay-list-first8.log	1003	regular file	1211	42173bb36cc8d20b7554e09d3d24df5b826f360e7542d805e7daa7f501de341e	delete	task-generated direct /tmp scratch; no accepted evidence dependency
/tmp/task10-overlay-list-last8.log	1003	regular file	1659	bdbe11988f0288893b1c3fee167a9c9c3e507ead3793c2a4cfc573ba2ba60ac7	delete	task-generated direct /tmp scratch; no accepted evidence dependency
/tmp/task10-overlay-list-last8b-mismatch.jsonl	1003	regular empty file	0	e3b0c44298fc1c149afbf4c8996fb92427ae41e4649b934ca495991b7852b855	delete	task-generated direct /tmp scratch; no accepted evidence dependency
/tmp/task10-overlay-list-last8b.log	1003	regular file	925	cb3aaa2f2a698dcfc741142574baf2bb8393e0b75c930cc6ebcca3dcab2b9890	delete	task-generated direct /tmp scratch; no accepted evidence dependency
/tmp/task10-overlay-list-last8b.tsv	1003	regular file	2555	f1a4ca2b816ae4b1d2fccf88efa19467351233ea95351645fffae0fa926643ee	delete	task-generated direct /tmp scratch; no accepted evidence dependency
/tmp/task10-overlay-list-v2-last8.log	1003	regular file	1186	4449e8ca61130f60ba2e0459e8ac1fb25163c3ef7d23c3c00af69b04188c4d1b	delete	task-generated direct /tmp scratch; no accepted evidence dependency
/tmp/task10-overlay-list-v3-first8-mismatch.jsonl	1003	regular empty file	0	e3b0c44298fc1c149afbf4c8996fb92427ae41e4649b934ca495991b7852b855	delete	task-generated direct /tmp scratch; no accepted evidence dependency
/tmp/task10-overlay-list-v3-first8.log	1003	regular file	897	34554843d0f628d8e46d4c8387d085a7a75e0d5dead38797ca9d3114d83f8c31	delete	task-generated direct /tmp scratch; no accepted evidence dependency
/tmp/task10-overlay-list-v3-first8.tsv	1003	regular file	3288	ed6c7403d28ece7ce96c51c147801d1647e4ac61cd9a211eafb770c3e96aee57	delete	task-generated direct /tmp scratch; no accepted evidence dependency
/tmp/task10-overlay-list-v3-last8-mismatch.jsonl	1003	regular empty file	0	e3b0c44298fc1c149afbf4c8996fb92427ae41e4649b934ca495991b7852b855	delete	task-generated direct /tmp scratch; no accepted evidence dependency
/tmp/task10-overlay-list-v3-last8.log	1003	regular file	895	9a36a53e7e5277de199ec088ba4c362cc94cf2b5f792b4e22dcf0a67a196cc90	delete	task-generated direct /tmp scratch; no accepted evidence dependency
/tmp/task10-overlay-list-v3-last8.tsv	1003	regular file	3427	804b6f494b95610e415285573bf5b4eec5bac0872a9f71866d05741ad4b12a49	delete	task-generated direct /tmp scratch; no accepted evidence dependency
/tmp/task10-overlay-list-v3-merged.tsv	1003	regular file	5676	78219e881b93c4c7b4353f6ef8c61269e8a56863dea1231332fbea27a7bda231	delete	task-generated direct /tmp scratch; no accepted evidence dependency
/tmp/task10-p-all.txt	1003	regular file	488	1eabe37ce63ebcd6d95afffedfd9867b704cb28e50db5bce1533e3f65661c5e1	delete	task-generated direct /tmp scratch; no accepted evidence dependency
/tmp/task10-p-done.txt	1003	regular file	488	1eabe37ce63ebcd6d95afffedfd9867b704cb28e50db5bce1533e3f65661c5e1	delete	task-generated direct /tmp scratch; no accepted evidence dependency
/tmp/task10-p-final2.log	1003	regular file	390	363c75d76050c305c0aaf35aab4cd056690d7d9d1830670c4ebd2f094a2db262	delete	task-generated direct /tmp scratch; no accepted evidence dependency
/tmp/task10-p-shellcheck.log	1003	regular file	37	444fc879abc87dd5dc0418371e36a7a3183ff66c9dd84b45c232dfd24245801e	delete	task-generated direct /tmp scratch; no accepted evidence dependency
/tmp/task10-p-v10-template.json	1003	regular file	10347	6f37afa6c6834f51775209de8c17a9a9b5a356661d6e417abbb73b69a3bcd681	delete	task-generated direct /tmp scratch; no accepted evidence dependency
/tmp/task10-paired-append.tsv	1003	regular file	1241	d3906a6fe972d65b3230a00cc56fd3d13defaecb1c00fb388ffbfa4371b66260	delete	task-generated direct /tmp scratch; no accepted evidence dependency
/tmp/task10-post-neutral-shard0-r2.log	1003	regular file	35973	137d4761643f780043efdaf4f868b9be8063e1e493b1e44a65dfd28cd14e197d	delete	task-generated direct /tmp scratch; no accepted evidence dependency
/tmp/task10-post-neutral-shard0-r3.log	1003	regular file	35776	8ee1799aa850961acec08548d28d6fff5d97a3d6dcfae50fb96d30b3b71bcd99	delete	task-generated direct /tmp scratch; no accepted evidence dependency
/tmp/task10-post-neutral-shard0-r4.log	1003	regular file	79376	47cfa0c2ea6a8357e0046010fb05de5bcfc99233c56fd04218f00694f535ecdf	delete	task-generated direct /tmp scratch; no accepted evidence dependency
/tmp/task10-post-neutral-shard0.log	1003	regular file	1772	b5572c96344b44e5c2e6eebf46f07cba1ea97e94548638089973c1678cf04d81	delete	task-generated direct /tmp scratch; no accepted evidence dependency
/tmp/task10-postfix-focused-shard0.log	1003	regular file	81170	aa92a60e5daec9b97d1c4e639715152bbb88e098c3c5056013f127826385c15c	delete	task-generated direct /tmp scratch; no accepted evidence dependency
/tmp/task10-postfix-focused-shard2.log	1003	regular file	24578	5c2f7a9b781ccf139b6027d3318fc832675794ff22ec803e890ffeb426465f8f	delete	task-generated direct /tmp scratch; no accepted evidence dependency
/tmp/task10-postfix-focused-shard6-r2.log	1003	regular file	50961	6a6d84350d2e2b988add51a6bbf98d72e2bf1e56cfdb315f1de032e3f7fb865c	delete	task-generated direct /tmp scratch; no accepted evidence dependency
/tmp/task10-postfix-focused-shard6-r3.log	1003	regular file	24185	e0952a01697fa299f3c4e9637d4e83ae50ca1bec628b68e37b97da7175650011	delete	task-generated direct /tmp scratch; no accepted evidence dependency
/tmp/task10-postfix-focused-shard6.log	1003	regular file	25617	c650854d99c8484307acc3fc5e778a1e7141046d3e5cd1a9e8719293778d4211	delete	task-generated direct /tmp scratch; no accepted evidence dependency
/tmp/task10-postfix-shard0.log	1003	regular file	79376	efb3c285851229de8a4343b000458c30e7dc9414513fffe5fa0402654ec78b84	delete	task-generated direct /tmp scratch; no accepted evidence dependency
/tmp/task10-postfix-shard7.log	1003	regular file	24777	9e8330107bd594b820aec1f88464d828d9d5652989df95d4f2090d33862ac9f8	delete	task-generated direct /tmp scratch; no accepted evidence dependency
/tmp/task10-preflight-files.txt	1003	regular file	1105	48e26efe111c04e3ae404ea060f65c4b6857a7f32f4f4bcedb897589ba6f4871	delete	task-generated direct /tmp scratch; no accepted evidence dependency
/tmp/task10-premise-diag.tsv	1003	regular file	4795	152abf7ea5d26cd182c6b1fe8d25ff3731a43da57adfec26a3d918b9c67e433e	delete	task-generated direct /tmp scratch; no accepted evidence dependency
/tmp/task10-premises-full.log	1003	regular file	122990	cd14a001795b742188fc649b0cc5275b3e50f336410d7c1b905027087f0f3a7f	delete	task-generated direct /tmp scratch; no accepted evidence dependency
/tmp/task10-premises-full.tsv	1003	regular file	6032	fdb699364823f623a0d4ea72fcdd956d84d5153154f3844e517ef32909e64dda	delete	task-generated direct /tmp scratch; no accepted evidence dependency
/tmp/task10-premises-golden12.body	1003	regular file	341	36f52c04c74f3c2c1c7be8ddcdc408304d342ee361eb7be06e49202a1d32f685	delete	task-generated direct /tmp scratch; no accepted evidence dependency
/tmp/task10-premises-profile12.body	1003	regular file	341	36f52c04c74f3c2c1c7be8ddcdc408304d342ee361eb7be06e49202a1d32f685	delete	task-generated direct /tmp scratch; no accepted evidence dependency
/tmp/task10-premises-profile12.log	1003	regular file	122949	8f5ee9ce9c3cd58ce77627d7c7a1f2c3cc4445104749eeffae36087ea48cfdf4	delete	task-generated direct /tmp scratch; no accepted evidence dependency
/tmp/task10-premises-profile12.tsv	1003	regular file	1760	9e9df00e150fca3b465694e1d2e9c479975e97d301f5bf920872c5e551df3790	delete	task-generated direct /tmp scratch; no accepted evidence dependency
/tmp/task10-premises-proof	1003	regular file	27321	a2a2089d8f5109c76d473868cd8935d19f61271af78eb2a0634559726f4f3fb1	delete	task-generated direct /tmp scratch; no accepted evidence dependency
/tmp/task10-problemgen-diag-current.tsv	1003	regular file	3475	07d31967766bce59af2fd40b3e720de0aed5b98eafc1975b799832692359c3a0	delete	task-generated direct /tmp scratch; no accepted evidence dependency
/tmp/task10-problemgen-diag-mismatch.jsonl	1003	regular file	169	1dd224a2fefa5c86ea1d6cbeb31b1a52e60530d6e6d3c9df05d702ac64fb8d4a	delete	task-generated direct /tmp scratch; no accepted evidence dependency
/tmp/task10-profile-batch-0.log	1003	regular file	122989	19bd10b314729d36a3839e49ca3bd89fdf7fa239481e2f89ea99c98288a20c37	delete	task-generated direct /tmp scratch; no accepted evidence dependency
/tmp/task10-profile-batch-0.tsv	1003	regular file	2537	aa3f86e8db294620ec2f0a6a80d36f4592eb10b53e1dcc032bc9a844247c4033	delete	task-generated direct /tmp scratch; no accepted evidence dependency
/tmp/task10-profile-batch-12.log	1003	regular file	122989	801f69ffe49b47f1d6d3c2fa220f7f12f67020012ed7edef4896543ac5b862bc	delete	task-generated direct /tmp scratch; no accepted evidence dependency
/tmp/task10-profile-batch-12.tsv	1003	regular file	2624	cebae90803f874c68cca9031f68496afccbf59eab354c69bcf0a73df47fafb8a	delete	task-generated direct /tmp scratch; no accepted evidence dependency
/tmp/task10-profile-batch-4.log	1003	regular file	122989	3f7f82737c55a029d5d25e3742bec253d5af6aa9249bcaf8c4c0e275d1f12d1c	delete	task-generated direct /tmp scratch; no accepted evidence dependency
/tmp/task10-profile-batch-4.tsv	1003	regular file	2538	8d27f9df77b225ce0dfb2ce845d37289c3a1e33bf0f8dda6c7b0d4aacbcdc23f	delete	task-generated direct /tmp scratch; no accepted evidence dependency
/tmp/task10-profile-batch-8.log	1003	regular file	122989	115edc8862e1efe4d73bb6974403b6c4a70ad95585d4a470453958c758f6e176	delete	task-generated direct /tmp scratch; no accepted evidence dependency
/tmp/task10-profile-batch-8.tsv	1003	regular file	2589	377232519457e7fb663327a8edfaef1cd49731532011db87ea92270ad712e544	delete	task-generated direct /tmp scratch; no accepted evidence dependency
/tmp/task10-profile-batch-rows.tsv	1003	regular file	4612	f213fc139534a6083a81446c8f3c8f8adc2fb66c26a672a851f391ea03450aab	delete	task-generated direct /tmp scratch; no accepted evidence dependency
/tmp/task10-profile-default.log	1003	regular file	122990	63dde90e0c1ad2a325c431e14c011ff9c5d35c381ce2a43381dd6acc6fb565d0	delete	task-generated direct /tmp scratch; no accepted evidence dependency
/tmp/task10-profile-default.tsv	1003	regular file	6032	fdb699364823f623a0d4ea72fcdd956d84d5153154f3844e517ef32909e64dda	delete	task-generated direct /tmp scratch; no accepted evidence dependency
/tmp/task10-profile-golden-rows.tsv	1003	regular file	4612	f213fc139534a6083a81446c8f3c8f8adc2fb66c26a672a851f391ea03450aab	delete	task-generated direct /tmp scratch; no accepted evidence dependency
/tmp/task10-quant2-fixed.log	1003	regular file	5298	7676af01bee5180793bf63f8a25e43b8e879e4935d89c6bce01a4541b9ef6131	delete	task-generated direct /tmp scratch; no accepted evidence dependency
/tmp/task10-quant2.log	1003	regular file	8155	06fb69aaf9ec26db0ab6a07abddf31a05d6ce5692ff4b113feacc7696411939a	delete	task-generated direct /tmp scratch; no accepted evidence dependency
/tmp/task10-read-manifest.sml	1003	regular file	372	de295a2504d5f74eb007569fca7cca8e868e81c6c430b27663006ca02f665574	delete	task-generated direct /tmp scratch; no accepted evidence dependency
/tmp/task10-real_arith-merge.log	1003	regular file	49934	86bad0a68655fba4132014f53de9a5910d3782bed7625858699db23c86fd8602	delete	task-generated direct /tmp scratch; no accepted evidence dependency
/tmp/task10-real_arith-merged2.tsv	1003	regular file	9481	0883445da2372744d21cf4d98d59a64d741eff0a0938228df85148c651039f36	delete	task-generated direct /tmp scratch; no accepted evidence dependency
/tmp/task10-record-trace.log	1003	regular file	40213	15eb9d854757c7385bff37a668c3d637127e8855a5ff2d610ca0d49697846e10	delete	task-generated direct /tmp scratch; no accepted evidence dependency
/tmp/task10-remaining-cleanup-proposal.tsv	1003	regular file	46775	288acf2f4351f032b3c967fd68acbb48f607627d41a191721bb737479e668a44	delete	task-generated direct /tmp scratch; no accepted evidence dependency
/tmp/task10-restored-shard0-r2.log	1003	regular file	79376	925f002c6eb6d48ab5b94778d464d1ec00330466a53a7a0cb76c1262c7fccd25	delete	task-generated direct /tmp scratch; no accepted evidence dependency
/tmp/task10-restored-shard0.log	1003	regular file	81936	12a467669db1eb5e9ac7d476af122ac31545d947a4115e47f919a394d51b4c2c	delete	task-generated direct /tmp scratch; no accepted evidence dependency
/tmp/task10-restored-shard1-r2.log	1003	regular file	24818	b552a5c4f75d5a847133d821ece716b839094182401157f2990fdc3cb045d4b6	delete	task-generated direct /tmp scratch; no accepted evidence dependency
/tmp/task10-restored-shard1.log	1003	regular file	28331	d36056c1d3f3e0caa24bfa1be714b9af5c93f06a8a48c00534ef6a7113fee7e3	delete	task-generated direct /tmp scratch; no accepted evidence dependency
/tmp/task10-restored-shard5-fixed.log	1003	regular file	23996	3eb0ba3cbb9bb47a1426da1798a9ade55104157bf832a06c4551414d2d28fc08	delete	task-generated direct /tmp scratch; no accepted evidence dependency
/tmp/task10-restored-shard7-fixed.log	1003	regular file	29521	b5f1055269e5f451c18865efc63f8afa8af322b6d9b6d9cdf2126f3f88b360b2	delete	task-generated direct /tmp scratch; no accepted evidence dependency
/tmp/task10-restored-shard7-r3.log	1003	regular file	46551	1f57fb48fa7f87b7ea69f7520ac0118fc8778a216c22df116ffba09b9ae16ef6	delete	task-generated direct /tmp scratch; no accepted evidence dependency
/tmp/task10-restored-shard7-r4.log	1003	regular file	24777	2a3871c3956288396b3e652d679cdb7f9bb9b05dfdad7223cd815debf5752645	delete	task-generated direct /tmp scratch; no accepted evidence dependency
/tmp/task10-restored-shard7.log	1003	regular file	8613	ea02346f823b4154d314dec4beca79e76fc3d293b1d8621a368e91feb24c6e7d	delete	task-generated direct /tmp scratch; no accepted evidence dependency
/tmp/task10-review-a-runtime.tsv	1003	regular file	12667	a16c17ca694de3396e9fa7107e45c7fa4754c7b918a80246fbeb4218ba746d80	delete	task-generated direct /tmp scratch; no accepted evidence dependency
/tmp/task10-review-a-v6-fold-accepted-normalized.json	1003	regular file	1873	981a701129cb864bc64c34e9068558d513f8d5cd3e2ee7216fcdc3b6aeaa78c0	delete	task-generated direct /tmp scratch; no accepted evidence dependency
/tmp/task10-review-a-v6-fold-normalized.json	1003	regular file	1873	981a701129cb864bc64c34e9068558d513f8d5cd3e2ee7216fcdc3b6aeaa78c0	delete	task-generated direct /tmp scratch; no accepted evidence dependency
/tmp/task10-review-a-v6-fold.json	1003	regular file	1912	7c22f996095c75e382b1e61594e002d5245feb1db59627a304f61b9eb6183cc1	delete	task-generated direct /tmp scratch; no accepted evidence dependency
/tmp/task10-review-a-v6-sha.log	1003	regular file	50984	483f168a8c94106aa85fd183c8bb2756b9f8a624522b99e2e0152db693db7bc5	delete	task-generated direct /tmp scratch; no accepted evidence dependency
/tmp/task10-review-a16.tsv	1003	regular file	575	5a6cc03b4cb5140955ddea0f5649662ff1258960b21358a581be980a1061437c	delete	task-generated direct /tmp scratch; no accepted evidence dependency
/tmp/task10-review-audit.txt	1003	regular file	30393	0a91f48a28d687214ec5747092aee7f77c23e928cd320ae42481eaae238947df	delete	task-generated direct /tmp scratch; no accepted evidence dependency
/tmp/task10-review-cert.log	1003	regular file	4494	42e89dc3a6e21c8875e0f7926a06c59b0919803dc419293cc57db729618f286d	delete	task-generated direct /tmp scratch; no accepted evidence dependency
/tmp/task10-review-f30-goals.tsv	1003	regular file	1272	72317be09a821def305d5baeeec45b2c4f07ff323c6aa646b33093134977ed30	delete	task-generated direct /tmp scratch; no accepted evidence dependency
/tmp/task10-review-fold.json	1003	regular file	1912	ce572782228cdbf7091f3dedc4feda54db5f864d8c5c5d4af86461d16256627a	delete	task-generated direct /tmp scratch; no accepted evidence dependency
/tmp/task10-review-fold.norm	1003	regular file	1873	14c7e5eee15a19133d1043623032628a56c785b27a5c06ad6855fc2404757865	delete	task-generated direct /tmp scratch; no accepted evidence dependency
/tmp/task10-review-frozen-basenames.tsv	1003	regular file	7506	3e25a1d72d2e87b532328e4ccb58a2f6bec926d9338b058afceb16f1250a4127	delete	task-generated direct /tmp scratch; no accepted evidence dependency
/tmp/task10-review-hheval.diff	1003	regular file	68791	becba2124319398d2595e6853d5179246797f2edf53df9080d92ace5dc1ba359	delete	task-generated direct /tmp scratch; no accepted evidence dependency
/tmp/task10-review-inventory.tsv	1003	regular file	3860	06fecc53208a65269b177862c0ccfcd71c3d619faa98d19052859e9f39893004	delete	task-generated direct /tmp scratch; no accepted evidence dependency
/tmp/task10-review-p-v4-sha.log	1003	regular file	13949	28f395e76cba05043eebf2c3e8dc821ccbe68f468411ae7da7ffca568d234ac2	delete	task-generated direct /tmp scratch; no accepted evidence dependency
/tmp/task10-review-precedent-goals.tsv	1003	regular file	1272	72317be09a821def305d5baeeec45b2c4f07ff323c6aa646b33093134977ed30	delete	task-generated direct /tmp scratch; no accepted evidence dependency
/tmp/task10-review-repo-basenames.tsv	1003	regular file	158805751	adbd8c880dd545e195b7a19a8f95505254042831e6d21b68112294d66ab6cb80	delete	task-generated direct /tmp scratch; no accepted evidence dependency
/tmp/task10-review-s30-goals.tsv	1003	regular file	1272	72317be09a821def305d5baeeec45b2c4f07ff323c6aa646b33093134977ed30	delete	task-generated direct /tmp scratch; no accepted evidence dependency
/tmp/task10-review-sched16.tsv	1003	regular file	575	5a6cc03b4cb5140955ddea0f5649662ff1258960b21358a581be980a1061437c	delete	task-generated direct /tmp scratch; no accepted evidence dependency
/tmp/task10-review-selftest-2.log	1003	regular file	113388	7b163c3052a98e8bc9751078a491a2d8da4ec79f22d93e6afdc5366ad34b18e1	delete	task-generated direct /tmp scratch; no accepted evidence dependency
/tmp/task10-review-selftest-holmake.log	1003	regular file	113317	c9071e3f7975b465e71901bb945e0241c55b410b3535d8ab4ce8d46a6ec30890	delete	task-generated direct /tmp scratch; no accepted evidence dependency
/tmp/task10-review-selftest.log	1003	regular file	113315	acf0cc4e9705decd592b3757bcabe2daeb415bedce32de45ba8327382d21edcc	delete	task-generated direct /tmp scratch; no accepted evidence dependency
/tmp/task10-review-smtlib.diff	1003	regular file	48003	eed67aca860545d45cdadbc99fd88ea4fcb75bd2080bf247bc5de7e25bea858e	delete	task-generated direct /tmp scratch; no accepted evidence dependency
/tmp/task10-review-untracked.txt	1003	regular file	3799	9c74ef586dfb16ab5d00f503ce94b473740d0f9db51af9ef5359518327806da4	delete	task-generated direct /tmp scratch; no accepted evidence dependency
/tmp/task10-review4-shard0-r1.log	1003	regular file	37933	3b02c84f49e8486ff2127d745aad0f7c0533ac7ee02aab04cc01bec72384ff2f	delete	task-generated direct /tmp scratch; no accepted evidence dependency
/tmp/task10-review4-shard0-r2.log	1003	regular file	79376	7ea59ef760fffaa144158f2f20f2f7e5cf5e70534698cf8b28feb0d6908dbc8a	delete	task-generated direct /tmp scratch; no accepted evidence dependency
/tmp/task10-review4-shard0-r3.log	1003	regular file	79376	a99ffea691e145a8358872f9dc3e18c47557d67e69a0800b09ad4c4b178df80e	delete	task-generated direct /tmp scratch; no accepted evidence dependency
/tmp/task10-reviewfix-g1-transcript.log	1003	regular file	1465	028991bae88e535e10a7f20b3fcbc78de5848df526eecb88b8b488a2cec1300c	delete	task-generated direct /tmp scratch; no accepted evidence dependency
/tmp/task10-reviewfix-g2-full.log	1003	regular file	162	03d20cf5cf3a7f7c8ce0d3399262f8733d9dbe2f98946f0a72e3ea87fdfdeb5f	delete	task-generated direct /tmp scratch; no accepted evidence dependency
/tmp/task10-reviewfix-g2-generated.log	1003	regular file	172	e51a7e1b7062898033bd34aa093af5e8e384f45363e3928b5720e6704e138e77	delete	task-generated direct /tmp scratch; no accepted evidence dependency
/tmp/task10-runtime-hashes.json	1003	regular file	1898	6e2e316268df0926a9a7d056e693ccf39e47020ed1c0fc9da37984b7b84dbc9b	delete	task-generated direct /tmp scratch; no accepted evidence dependency
/tmp/task10-runtime-hashes.tsv	1003	regular file	1743	de0a0b51d70b68bb74f15cccef654ec122af154d311233e6365affbd3170b50a	delete	task-generated direct /tmp scratch; no accepted evidence dependency
/tmp/task10-scan-anchor-key.py	1003	regular file	1152	a70241ba561dfba5c63059b2c0bdff40fefda414f4a80117a8cb9c19ebc11410	delete	task-generated direct /tmp scratch; no accepted evidence dependency
/tmp/task10-selftest-anchor.log	1003	regular file	9280	d3147dcdaa556d3d6f72c7a588c91121bfaea591bb024f73191faf91c752ddad	delete	task-generated direct /tmp scratch; no accepted evidence dependency
/tmp/task10-selftest-rerun.log	1003	regular file	47421	2b802274385eb11b503f3eaa0ce6a38f91853db3673f020263e0659c1128af0e	delete	task-generated direct /tmp scratch; no accepted evidence dependency
/tmp/task10-selftest-rerun2.log	1003	regular file	47421	2915098cd49571d26b34ee6d1a2dbc4bc6778b5f008ab777d0e55e84426fecdb	delete	task-generated direct /tmp scratch; no accepted evidence dependency
/tmp/task10-selftest-review2.log	1003	regular file	47421	34864182d6fe088c22c0a1fcb298cf8ac31c5bfa07bbb9ba1c79410798bdfb1b	delete	task-generated direct /tmp scratch; no accepted evidence dependency
/tmp/task10-selftest-second-fix.log	1003	regular file	93088	510901e5c982003ba3a856dbbfcbfc405450242b9f386a2d9a65a68131bc401b	delete	task-generated direct /tmp scratch; no accepted evidence dependency
/tmp/task10-selftest.log	1003	regular file	92855	16a286883f98c0cf6ca0ebf6f7710dfb3d538d97322782a0e4eee1ed49fcc11e	delete	task-generated direct /tmp scratch; no accepted evidence dependency
/tmp/task10-shard0-after-resolution.log	1003	regular file	106744	767baa1a7e9e4e48b984504c0f2b9ea041be6529f5d77b7581b2a60ab28a3a05	delete	task-generated direct /tmp scratch; no accepted evidence dependency
/tmp/task10-shard0-arith-mp.log	1003	regular file	83579	bcebf335c0bbc5be4970f118e7678406bedbe0c703cc8bbe661a26d3dbcdddaa	delete	task-generated direct /tmp scratch; no accepted evidence dependency
/tmp/task10-shard0-arithprov.log	1003	regular file	80007	b7d4544b8b0f97d2bf0eb3b5c975fd3979bddf3fabfd647f0b633a3354825b07	delete	task-generated direct /tmp scratch; no accepted evidence dependency
/tmp/task10-shard0-atomic-cong.log	1003	regular file	116	0174c14a30b279feb56107af0e1fd52b27cacf6946c3a5dfb8f9228227f2fd08	delete	task-generated direct /tmp scratch; no accepted evidence dependency
/tmp/task10-shard0-atomic-cong2.log	1003	regular file	96030	197413f6bb56cbafd983384828e036e564a8c1245c5dd864f86501ee67a8e842	delete	task-generated direct /tmp scratch; no accepted evidence dependency
/tmp/task10-shard0-debug-p186.log	1003	regular file	145007	807a896173163d8b677a6a80fea6e38c24989f088573f0da712660c71a6699e3	delete	task-generated direct /tmp scratch; no accepted evidence dependency
/tmp/task10-shard0-exact-final1.log	1003	regular file	35873	f402513760e447cbe56d0e09ef3f9e92f7ab0e82bcbf3687df410d277e0a70e0	delete	task-generated direct /tmp scratch; no accepted evidence dependency
/tmp/task10-shard0-exact-final2.log	1003	regular file	40670	455043080f40ad4e0230e5c011c6233e2f5a8f37c5cfaed7f8f7087d1db359e5	delete	task-generated direct /tmp scratch; no accepted evidence dependency
/tmp/task10-shard0-focused.log	1003	regular file	34433	0c603c49ec0b6dc7f66c1ad0f107f70265631001a55a91fdab78cf566354f7eb	delete	task-generated direct /tmp scratch; no accepted evidence dependency
/tmp/task10-shard0-focused10.log	1003	regular file	33139	002a6ceefaab177d2423a53cc91ff32a6efc358df87b724a0d215bec02c14283	delete	task-generated direct /tmp scratch; no accepted evidence dependency
/tmp/task10-shard0-focused11.log	1003	regular file	78692	e7cb9af0abc08271af8fb24f08ed666bcd1c8a17503de02e4fd975f849da3092	delete	task-generated direct /tmp scratch; no accepted evidence dependency
/tmp/task10-shard0-focused2.log	1003	regular file	33985	a79f779911ebe222201a01b333156133b8f3e6a67c95d08471b8bc8665fb211f	delete	task-generated direct /tmp scratch; no accepted evidence dependency
/tmp/task10-shard0-focused3.log	1003	regular file	33958	66d95a8e66d95dea6e11128186cbfd39e56da5e72e144b82858811431f6b8fa4	delete	task-generated direct /tmp scratch; no accepted evidence dependency
/tmp/task10-shard0-focused4.log	1003	regular file	33815	c58fd82ec1f980ed2631d75802649aed5a84ac591ef2b8b9b5974439595555a7	delete	task-generated direct /tmp scratch; no accepted evidence dependency
/tmp/task10-shard0-focused5.log	1003	regular file	33815	e58fe0f32ac44190b5629c7b5102d30e483ff2fd4340560e9c82f70eac168187	delete	task-generated direct /tmp scratch; no accepted evidence dependency
/tmp/task10-shard0-focused6.log	1003	regular file	33876	6f23b9058a5b3bf0179e87d91a63a1e3156147a73600d7a58000c1666f3ae9f6	delete	task-generated direct /tmp scratch; no accepted evidence dependency
/tmp/task10-shard0-focused7.log	1003	regular file	64852	4c602749a12850c87a3e87a8306a796fe17effb541148cad0b3f08be55bf6177	delete	task-generated direct /tmp scratch; no accepted evidence dependency
/tmp/task10-shard0-focused8.log	1003	regular file	33625	7c0661600cf575fad003ac5a4ba88351571c32617a45861e90283f9be5faddc8	delete	task-generated direct /tmp scratch; no accepted evidence dependency
/tmp/task10-shard0-focused9.log	1003	regular file	87017	364a85fe31931784e52394f38ca58733a2c46dbbb91d5f048be69562ea1f2aff	delete	task-generated direct /tmp scratch; no accepted evidence dependency
/tmp/task10-shard0-latest.log	1003	regular file	47244	46adef73927c6a65a3f2753dcebb36d41d3bdda77ba6672f25d21f37bd83ceb1	delete	task-generated direct /tmp scratch; no accepted evidence dependency
/tmp/task10-shard0-legacy-atomic.log	1003	regular file	84430	91cfdb9e6100549f1f7bfc77be7045350eb2025c93331c523472bc1f2fe638bc	delete	task-generated direct /tmp scratch; no accepted evidence dependency
/tmp/task10-shard0-reducing-exact.log	1003	regular file	39633	d93953d7dcb08290aa3c622d9b37f20cc271e2e5b1f12e4c98e2e9434051b0e5	delete	task-generated direct /tmp scratch; no accepted evidence dependency
/tmp/task10-shard0-structural.log	1003	regular file	39633	213364cf8ea0959abcac3832b86de2b0f93327334b48fefa1d20b447012e1fb8	delete	task-generated direct /tmp scratch; no accepted evidence dependency
/tmp/task10-shard0-trace-current.log	1003	regular file	142411	2c092d3109683f539a462e9f1074ff8636b7de5303f1a79dddb5c5952909c667	delete	task-generated direct /tmp scratch; no accepted evidence dependency
/tmp/task10-shard0-trace4.log	1003	regular file	47926	212c072ef0c2af41c908c1a3c96b5148842133d6ea0d3c5984ff57c72805a0ae	delete	task-generated direct /tmp scratch; no accepted evidence dependency
/tmp/task10-smoke-v10-SHA256SUMS	1003	regular file	93020	c7580201dee40b0f8d6c2ebcfc284b830c0c2e583f3a400efca142bf615dcaed	delete	task-generated direct /tmp scratch; no accepted evidence dependency
/tmp/task10-smoke-v10-runtime-origin.tsv	1003	regular file	6723	c987eb20cdb6bd204850e4f07d12f084116529f531522c76bba280aaa23dc548	delete	task-generated direct /tmp scratch; no accepted evidence dependency
/tmp/task10-smoke-v11-SHA256SUMS	1003	regular file	93020	2b420744b3816ee203f29393d62e9cccdb0e5e13891bb65aa1d613f5bda3976e	delete	task-generated direct /tmp scratch; no accepted evidence dependency
/tmp/task10-smoke-v11-runtime-origin.tsv	1003	regular file	6723	c399c208a6666479772471cdc33110b5e3d3217e1b765eb67f31d66e4209771a	delete	task-generated direct /tmp scratch; no accepted evidence dependency
/tmp/task10-smoke-v12-trace.log	1003	regular file	171193	5fc97726282060c6301345c5d0f10519310bd64615fadeaf8678691c02023eaa	delete	task-generated direct /tmp scratch; no accepted evidence dependency
/tmp/task10-smoke-v13-preflight.log	1003	regular file	199046	cc0870bbd2ec998a0db4c6cc1344fc37db20dd3a96d7066c2fd1d8b16cb71350	delete	task-generated direct /tmp scratch; no accepted evidence dependency
/tmp/task10-smoke-v9-SHA256SUMS	1003	regular file	92921	18a147da411265c59facd3feb96471a8c24f3b1610ed2b0b0f87aaa7002f8f73	delete	task-generated direct /tmp scratch; no accepted evidence dependency
/tmp/task10-smoke-v9-runtime-origin.tsv	1003	regular file	6582	0589046eea1f13d88d3976f0564d795bdb1120b1cb04dd2d9210b61a8d309709	delete	task-generated direct /tmp scratch; no accepted evidence dependency
/tmp/task10-smoke32-inventory8.tsv	1003	regular file	1389	24b75898472c0b41786a4787e494017fc9e9be6fe3c2302a9b6dc90332086f4a	delete	task-generated direct /tmp scratch; no accepted evidence dependency
/tmp/task10-smoke65-sha-check.txt	1003	regular file	28508	56314406762ff133bf73e5a6c3e8430b933bc94e3b884f4968a3cf227485aef7	delete	task-generated direct /tmp scratch; no accepted evidence dependency
/tmp/task10-smoke66-sha-check.txt	1003	regular file	28508	56314406762ff133bf73e5a6c3e8430b933bc94e3b884f4968a3cf227485aef7	delete	task-generated direct /tmp scratch; no accepted evidence dependency
/tmp/task10-smoke67-sha-check.txt	1003	regular file	28508	56314406762ff133bf73e5a6c3e8430b933bc94e3b884f4968a3cf227485aef7	delete	task-generated direct /tmp scratch; no accepted evidence dependency
/tmp/task10-smoke74-files.txt	1003	regular file	4748	eeb8eff810a9cd1699e9dad9f36f05a36bd2ec89e91f14c3b2c684902656f1b3	delete	task-generated direct /tmp scratch; no accepted evidence dependency
/tmp/task10-smoke77-preflight.log	1003	regular file	158436	7c0be1ceddf7d957ef33e792f049a7e0ef386f715ed442616844feb3a68a4189	delete	task-generated direct /tmp scratch; no accepted evidence dependency
/tmp/task10-smoke79-corrupt.log	1003	regular file	54	c21162752e0e9447063c54afadaabcd769aa943d1dc1e9641847e990d83020b9	delete	task-generated direct /tmp scratch; no accepted evidence dependency
/tmp/task10-smoke79-empty-fallback.log	1003	regular empty file	0	e3b0c44298fc1c149afbf4c8996fb92427ae41e4649b934ca495991b7852b855	delete	task-generated direct /tmp scratch; no accepted evidence dependency
/tmp/task10-smoke79-missing-fallback.log	1003	regular empty file	0	e3b0c44298fc1c149afbf4c8996fb92427ae41e4649b934ca495991b7852b855	delete	task-generated direct /tmp scratch; no accepted evidence dependency
/tmp/task10-smoke79-missing-reservation.log	1003	regular empty file	0	e3b0c44298fc1c149afbf4c8996fb92427ae41e4649b934ca495991b7852b855	delete	task-generated direct /tmp scratch; no accepted evidence dependency
/tmp/task10-smoke79-missing-reservation.tsv	1003	regular file	5648	a851a4f83a354e1137ce0330e65c5ec750e445629a22d1a399203fe036c4403d	delete	task-generated direct /tmp scratch; no accepted evidence dependency
/tmp/task10-smoke79-preflight.log	1003	regular file	35987	44f040455e80194ba279919628bb8918a905b74122346238a50225d499dba71e	delete	task-generated direct /tmp scratch; no accepted evidence dependency
/tmp/task10-smoke79-stale.log	1003	regular empty file	0	e3b0c44298fc1c149afbf4c8996fb92427ae41e4649b934ca495991b7852b855	delete	task-generated direct /tmp scratch; no accepted evidence dependency
/tmp/task10-smoke79-wrong-cap.log	1003	regular empty file	0	e3b0c44298fc1c149afbf4c8996fb92427ae41e4649b934ca495991b7852b855	delete	task-generated direct /tmp scratch; no accepted evidence dependency
/tmp/task10-smoke79-wrong-cap.tsv	1003	regular file	5798	ce10b778f577f3ffa4bec05ce4ad1d52c174927653795d5df8902b463e32d560	delete	task-generated direct /tmp scratch; no accepted evidence dependency
/tmp/task10-smoke84-pre-resume.sha256	1003	regular file	516	b68a7ac824ba9a81592c1940104e95358ebcec887d18365213c10e1885cb3f7b	delete	task-generated direct /tmp scratch; no accepted evidence dependency
/tmp/task10-source-closure.3	1003	regular file	1056	601b67ed1f004a2f58d796b6296e468579b2a63ba4d78fcb3b93f8aa3843b949	delete	task-generated direct /tmp scratch; no accepted evidence dependency
/tmp/task10-sparse-debug.log	1003	regular file	2874	865cd75c0b7bcd3d2d9c1d1ffd3d36dc5413ed0b49eae17b1d01e247be7e8277	delete	task-generated direct /tmp scratch; no accepted evidence dependency
/tmp/task10-sparse-time.txt	1003	regular file	271	ed1fe11c44253502e4083c165a86036451be7d21106a0dee8382ba35f8e435c5	delete	task-generated direct /tmp scratch; no accepted evidence dependency
/tmp/task10-stale-runtime-check.log	1003	regular empty file	0	e3b0c44298fc1c149afbf4c8996fb92427ae41e4649b934ca495991b7852b855	delete	task-generated direct /tmp scratch; no accepted evidence dependency
/tmp/task10-stale-runtime-nonmutating.log	1003	regular empty file	0	e3b0c44298fc1c149afbf4c8996fb92427ae41e4649b934ca495991b7852b855	delete	task-generated direct /tmp scratch; no accepted evidence dependency
/tmp/task10-stale-trace.log	1003	regular file	39689	568b56e6fa2df7a4c9f90cd36bf1ed7e116463673f63cf1ae3a91a8354866881	delete	task-generated direct /tmp scratch; no accepted evidence dependency
/tmp/task10-storage-cleanup-targets.tsv	1003	regular file	16781	f49fc9c425c575a7605b451e1fc8f5fe220fe8ebebd6acedd15cdef88da7fea6	delete	task-generated direct /tmp scratch; no accepted evidence dependency
/tmp/task10-storage-cleanup-targets.txt	1003	regular file	8332	afc59169b4a3e7062d0894728032f6ec2fc9bd97cbbce34504c6d846fc6d3d6c	delete	task-generated direct /tmp scratch; no accepted evidence dependency
/tmp/task10-storage-inputs-v1-old-SHA256SUMS	1003	regular file	86182	551119d92a53185a88804f5ee23e65bd341c28f149b1b434e3e37498fa1fcb99	delete	task-generated direct /tmp scratch; no accepted evidence dependency
/tmp/task10-storage-preflight-v12.log	1003	regular file	145702	c080c78c4497286098418c411377e4950f3fb306fa47d92e416a6c93c5d7313c	delete	task-generated direct /tmp scratch; no accepted evidence dependency
/tmp/task10-storage-preflight-v12b.log	1003	regular file	221405	3d9651be00ed6a86f151945c23baf2f8d79c05ec9f69ddb1c12cd0fdc5164bb9	delete	task-generated direct /tmp scratch; no accepted evidence dependency
/tmp/task10-storage-recovery-final-path.txt	1003	regular file	42	8d5a96cedb0a533fa5575d25b1d3445e7b57f3c9505c323ca2ddf518db0157a0	delete	task-generated direct /tmp scratch; no accepted evidence dependency
/tmp/task10-storage-recovery-path.txt	1003	regular file	36	a4cc83ed91b936984095356e782bfa86590c1a30c419d02c4b31f9190d7c32f3	delete	task-generated direct /tmp scratch; no accepted evidence dependency
/tmp/task10-storage-still-present.txt	1003	regular empty file	0	e3b0c44298fc1c149afbf4c8996fb92427ae41e4649b934ca495991b7852b855	delete	task-generated direct /tmp scratch; no accepted evidence dependency
/tmp/task10-storage-v5-SHA256SUMS	1003	regular file	88334	5cf692b1d3a45a6abbb42d6bb0a9a1324fa0c75d34c406785c35c4ca16408ba6	delete	task-generated direct /tmp scratch; no accepted evidence dependency
/tmp/task10-storage-v5-runtime-origin.tsv	1003	regular file	6582	0589046eea1f13d88d3976f0564d795bdb1120b1cb04dd2d9210b61a8d309709	delete	task-generated direct /tmp scratch; no accepted evidence dependency
/tmp/task10-string-trans-fixed.log	1003	regular file	5208	c881773ef8e4fb0bc0a56f8006430f525e2f43eacb4cc4548d0a47482a2d67be	delete	task-generated direct /tmp scratch; no accepted evidence dependency
/tmp/task10-targeted-before-ablation.log	1003	regular file	14769	a29d787bbc92bc4d7cd484849e76118106b04a96297d2167ef0499eb19ff8188	delete	task-generated direct /tmp scratch; no accepted evidence dependency
/tmp/task10-targeted-final-preablation.log	1003	regular file	14769	703455f0420d277bce7807014b47725106198bf29ab70ffa10bf0fdfe41aab5c	delete	task-generated direct /tmp scratch; no accepted evidence dependency
/tmp/task10-time.txt	1003	regular file	271	fecc5f118fdc32268e8321bac1f07f58b00a1c2d9a851778c37a3e1cf638794b	delete	task-generated direct /tmp scratch; no accepted evidence dependency
/tmp/task10-timing.log	1003	regular file	3048	7e83f667512c7831246d48c82ea5ef8dce8c9d47a8d8f7935c41db2f1770f0bb	delete	task-generated direct /tmp scratch; no accepted evidence dependency
/tmp/task10-timing2.log	1003	regular file	2874	64b36a4f00da95ff8f8ae14ef7dfea2f54f201780c9d86dc31ef553ef385d882	delete	task-generated direct /tmp scratch; no accepted evidence dependency
/tmp/task10-tmpfs-roots.tsv	1003	regular file	4614	d1f5be0284766a8e4d627fb6de71f1c37666eb9d1ba92aead878b9c7b940a772	delete	task-generated direct /tmp scratch; no accepted evidence dependency
/tmp/task10-top-level-sizes.tsv	1003	regular file	6700	9be8eac353aead6f453b312584853eb00ffb391643cdc2880fea6a3f6dce4c53	delete	task-generated direct /tmp scratch; no accepted evidence dependency
/tmp/task10-trans-stage.log	1003	regular file	3544	5c85056c35e772ab530934d6409a42119b4c1304d458ddb976ca18da93c9eb89	delete	task-generated direct /tmp scratch; no accepted evidence dependency
/tmp/task10-transfix-debug.log	1003	regular file	44683	b738dd6e8fd53517c96b4046dd96b21802130ba03170b2777d629c6bec2c6b6c	delete	task-generated direct /tmp scratch; no accepted evidence dependency
/tmp/task10-transfix-time.txt	1003	regular file	229	293e3f22fa3d5e6ea45271ed91dc1c298e24b48695980c61f72826f92b4ec6bf	delete	task-generated direct /tmp scratch; no accepted evidence dependency
/tmp/task10-transient-build48.tsv	1003	regular file	3030	1a4f23cb09f135149e37c63572b60d0b74e329d4780306d6bb8a91f34072f01d	delete	task-generated direct /tmp scratch; no accepted evidence dependency
/tmp/task10-verify-v18.log	1003	regular file	216794	e16937998ee54681e53c928af1f30c176471081efb7f3957d54a37c07ac33fdb	delete	task-generated direct /tmp scratch; no accepted evidence dependency
/tmp/task10-verify-v19.log	1003	regular file	230012	607297921b7e8274dd19117d4d935b3c757a3b718a0442212ce7f11f7993e016	delete	task-generated direct /tmp scratch; no accepted evidence dependency
/tmp/task10-work-files	1003	regular file	6071	6df51be9d5dd46a9cd61d69522096eba9d2ed81a295e39e41b8b1af537800db5	delete	task-generated direct /tmp scratch; no accepted evidence dependency
/tmp/task10_emit_try.sml	1003	regular file	171	02434b12b49127f3d54f0951547a9aa790cab0b1f9d4fb17dee2997884b65835	delete	task-generated direct /tmp scratch; no accepted evidence dependency
/tmp/task10_fix_replay.diff	1003	regular file	56839	62369ab951b04fab166aa11f45924c05ec78e41aa1763bb71d84b5d72f55c59c	delete	task-generated direct /tmp scratch; no accepted evidence dependency
/tmp/task10_fix_tests.diff	1003	regular file	12445	c3a7e41262cf9ad242a74955fb9627767a1de27bd0f549ede54cd5354e79b363	delete	task-generated direct /tmp scratch; no accepted evidence dependency
/tmp/task10_fix_types_parser.diff	1003	regular file	21540	54d1c4b43b7626a19831c376ba42c248e265f6990ffadd27a65f1c8905ceb25e	delete	task-generated direct /tmp scratch; no accepted evidence dependency
/tmp/task10_int_div.smt2	1003	regular file	118	d6a87e661a7f4e2714471616bcf60673dfb9780535a14eb807ec043ecdd0d280	delete	task-generated direct /tmp scratch; no accepted evidence dependency
/tmp/task10_parser.diff	1003	regular file	15692	abfd4bb15655d154d5d626d3a089535994abe5bfb51882639f8f10654b1e9835	delete	task-generated direct /tmp scratch; no accepted evidence dependency
/tmp/task10_probe.sml	1003	regular file	2466	07b3e7ae65004ffb7767f4f0891f399d2cf28e6a32ccf815cc44d3c87ee70d63	delete	task-generated direct /tmp scratch; no accepted evidence dependency
/tmp/task10_replay.diff	1003	regular file	9563	407b3e2db7da08b13a49aac419712f0c33737483198160a5186b6a3062a47605	delete	task-generated direct /tmp scratch; no accepted evidence dependency
/tmp/task10_review_input_check.log	1003	regular file	47680	898be3be35b52521cc955ddb203d0db31f099ac3f63df127d0eaf0a1d4620982	delete	task-generated direct /tmp scratch; no accepted evidence dependency
/tmp/task12-keyed-result.json	1003	regular file	4101	f07711939e9f2003804d1a492085cd62f41462b8f1a6a986ff758ae9db23b875	delete	task-generated direct /tmp scratch; no accepted evidence dependency
