ASCIInumbers-0-of-5	ASCIInumbers	0	5	/home/lukasz/dev/HOL/worktrees/holyhammer/src/string
ASCIInumbers-1-of-5	ASCIInumbers	1	5	/home/lukasz/dev/HOL/worktrees/holyhammer/src/string
ASCIInumbers-2-of-5	ASCIInumbers	2	5	/home/lukasz/dev/HOL/worktrees/holyhammer/src/string
ASCIInumbers-3-of-5	ASCIInumbers	3	5	/home/lukasz/dev/HOL/worktrees/holyhammer/src/string
ASCIInumbers-4-of-5	ASCIInumbers	4	5	/home/lukasz/dev/HOL/worktrees/holyhammer/src/string
Coder-0-of-2	Coder	0	2	/home/lukasz/dev/HOL/worktrees/holyhammer/src/Boolify/src
Coder-1-of-2	Coder	1	2	/home/lukasz/dev/HOL/worktrees/holyhammer/src/Boolify/src
ConseqConv-0-of-5	ConseqConv	0	5	/home/lukasz/dev/HOL/worktrees/holyhammer/src/quantHeuristics
ConseqConv-1-of-5	ConseqConv	1	5	/home/lukasz/dev/HOL/worktrees/holyhammer/src/quantHeuristics
ConseqConv-2-of-5	ConseqConv	2	5	/home/lukasz/dev/HOL/worktrees/holyhammer/src/quantHeuristics
ConseqConv-3-of-5	ConseqConv	3	5	/home/lukasz/dev/HOL/worktrees/holyhammer/src/quantHeuristics
ConseqConv-4-of-5	ConseqConv	4	5	/home/lukasz/dev/HOL/worktrees/holyhammer/src/quantHeuristics
Decode-0-of-6	Decode	0	6	/home/lukasz/dev/HOL/worktrees/holyhammer/src/Boolify/src
Decode-1-of-6	Decode	1	6	/home/lukasz/dev/HOL/worktrees/holyhammer/src/Boolify/src
Decode-2-of-6	Decode	2	6	/home/lukasz/dev/HOL/worktrees/holyhammer/src/Boolify/src
Decode-3-of-6	Decode	3	6	/home/lukasz/dev/HOL/worktrees/holyhammer/src/Boolify/src
Decode-4-of-6	Decode	4	6	/home/lukasz/dev/HOL/worktrees/holyhammer/src/Boolify/src
Decode-5-of-6	Decode	5	6	/home/lukasz/dev/HOL/worktrees/holyhammer/src/Boolify/src
DeepSyntax-0-of-3	DeepSyntax	0	3	/home/lukasz/dev/HOL/worktrees/holyhammer/src/integer
DeepSyntax-1-of-3	DeepSyntax	1	3	/home/lukasz/dev/HOL/worktrees/holyhammer/src/integer
DeepSyntax-2-of-3	DeepSyntax	2	3	/home/lukasz/dev/HOL/worktrees/holyhammer/src/integer
Encode-0-of-6	Encode	0	6	/home/lukasz/dev/HOL/worktrees/holyhammer/src/Boolify/src
Encode-1-of-6	Encode	1	6	/home/lukasz/dev/HOL/worktrees/holyhammer/src/Boolify/src
Encode-2-of-6	Encode	2	6	/home/lukasz/dev/HOL/worktrees/holyhammer/src/Boolify/src
Encode-3-of-6	Encode	3	6	/home/lukasz/dev/HOL/worktrees/holyhammer/src/Boolify/src
Encode-4-of-6	Encode	4	6	/home/lukasz/dev/HOL/worktrees/holyhammer/src/Boolify/src
Encode-5-of-6	Encode	5	6	/home/lukasz/dev/HOL/worktrees/holyhammer/src/Boolify/src
EncodeVar-0-of-2	EncodeVar	0	2	/home/lukasz/dev/HOL/worktrees/holyhammer/src/Boolify/src
EncodeVar-1-of-2	EncodeVar	1	2	/home/lukasz/dev/HOL/worktrees/holyhammer/src/Boolify/src
HolSmt-0-of-46	HolSmt	0	46	/home/lukasz/dev/HOL/worktrees/holyhammer/src/HolSmt
HolSmt-1-of-46	HolSmt	1	46	/home/lukasz/dev/HOL/worktrees/holyhammer/src/HolSmt
HolSmt-2-of-46	HolSmt	2	46	/home/lukasz/dev/HOL/worktrees/holyhammer/src/HolSmt
HolSmt-3-of-46	HolSmt	3	46	/home/lukasz/dev/HOL/worktrees/holyhammer/src/HolSmt
HolSmt-4-of-46	HolSmt	4	46	/home/lukasz/dev/HOL/worktrees/holyhammer/src/HolSmt
HolSmt-5-of-46	HolSmt	5	46	/home/lukasz/dev/HOL/worktrees/holyhammer/src/HolSmt
HolSmt-6-of-46	HolSmt	6	46	/home/lukasz/dev/HOL/worktrees/holyhammer/src/HolSmt
HolSmt-7-of-46	HolSmt	7	46	/home/lukasz/dev/HOL/worktrees/holyhammer/src/HolSmt
HolSmt-8-of-46	HolSmt	8	46	/home/lukasz/dev/HOL/worktrees/holyhammer/src/HolSmt
HolSmt-9-of-46	HolSmt	9	46	/home/lukasz/dev/HOL/worktrees/holyhammer/src/HolSmt
HolSmt-10-of-46	HolSmt	10	46	/home/lukasz/dev/HOL/worktrees/holyhammer/src/HolSmt
HolSmt-11-of-46	HolSmt	11	46	/home/lukasz/dev/HOL/worktrees/holyhammer/src/HolSmt
HolSmt-12-of-46	HolSmt	12	46	/home/lukasz/dev/HOL/worktrees/holyhammer/src/HolSmt
HolSmt-13-of-46	HolSmt	13	46	/home/lukasz/dev/HOL/worktrees/holyhammer/src/HolSmt
HolSmt-14-of-46	HolSmt	14	46	/home/lukasz/dev/HOL/worktrees/holyhammer/src/HolSmt
HolSmt-15-of-46	HolSmt	15	46	/home/lukasz/dev/HOL/worktrees/holyhammer/src/HolSmt
HolSmt-16-of-46	HolSmt	16	46	/home/lukasz/dev/HOL/worktrees/holyhammer/src/HolSmt
HolSmt-17-of-46	HolSmt	17	46	/home/lukasz/dev/HOL/worktrees/holyhammer/src/HolSmt
HolSmt-18-of-46	HolSmt	18	46	/home/lukasz/dev/HOL/worktrees/holyhammer/src/HolSmt
HolSmt-19-of-46	HolSmt	19	46	/home/lukasz/dev/HOL/worktrees/holyhammer/src/HolSmt
HolSmt-20-of-46	HolSmt	20	46	/home/lukasz/dev/HOL/worktrees/holyhammer/src/HolSmt
HolSmt-21-of-46	HolSmt	21	46	/home/lukasz/dev/HOL/worktrees/holyhammer/src/HolSmt
HolSmt-22-of-46	HolSmt	22	46	/home/lukasz/dev/HOL/worktrees/holyhammer/src/HolSmt
HolSmt-23-of-46	HolSmt	23	46	/home/lukasz/dev/HOL/worktrees/holyhammer/src/HolSmt
HolSmt-24-of-46	HolSmt	24	46	/home/lukasz/dev/HOL/worktrees/holyhammer/src/HolSmt
HolSmt-25-of-46	HolSmt	25	46	/home/lukasz/dev/HOL/worktrees/holyhammer/src/HolSmt
HolSmt-26-of-46	HolSmt	26	46	/home/lukasz/dev/HOL/worktrees/holyhammer/src/HolSmt
HolSmt-27-of-46	HolSmt	27	46	/home/lukasz/dev/HOL/worktrees/holyhammer/src/HolSmt
HolSmt-28-of-46	HolSmt	28	46	/home/lukasz/dev/HOL/worktrees/holyhammer/src/HolSmt
HolSmt-29-of-46	HolSmt	29	46	/home/lukasz/dev/HOL/worktrees/holyhammer/src/HolSmt
HolSmt-30-of-46	HolSmt	30	46	/home/lukasz/dev/HOL/worktrees/holyhammer/src/HolSmt
HolSmt-31-of-46	HolSmt	31	46	/home/lukasz/dev/HOL/worktrees/holyhammer/src/HolSmt
HolSmt-32-of-46	HolSmt	32	46	/home/lukasz/dev/HOL/worktrees/holyhammer/src/HolSmt
HolSmt-33-of-46	HolSmt	33	46	/home/lukasz/dev/HOL/worktrees/holyhammer/src/HolSmt
HolSmt-34-of-46	HolSmt	34	46	/home/lukasz/dev/HOL/worktrees/holyhammer/src/HolSmt
HolSmt-35-of-46	HolSmt	35	46	/home/lukasz/dev/HOL/worktrees/holyhammer/src/HolSmt
HolSmt-36-of-46	HolSmt	36	46	/home/lukasz/dev/HOL/worktrees/holyhammer/src/HolSmt
HolSmt-37-of-46	HolSmt	37	46	/home/lukasz/dev/HOL/worktrees/holyhammer/src/HolSmt
HolSmt-38-of-46	HolSmt	38	46	/home/lukasz/dev/HOL/worktrees/holyhammer/src/HolSmt
HolSmt-39-of-46	HolSmt	39	46	/home/lukasz/dev/HOL/worktrees/holyhammer/src/HolSmt
HolSmt-40-of-46	HolSmt	40	46	/home/lukasz/dev/HOL/worktrees/holyhammer/src/HolSmt
HolSmt-41-of-46	HolSmt	41	46	/home/lukasz/dev/HOL/worktrees/holyhammer/src/HolSmt
HolSmt-42-of-46	HolSmt	42	46	/home/lukasz/dev/HOL/worktrees/holyhammer/src/HolSmt
HolSmt-43-of-46	HolSmt	43	46	/home/lukasz/dev/HOL/worktrees/holyhammer/src/HolSmt
HolSmt-44-of-46	HolSmt	44	46	/home/lukasz/dev/HOL/worktrees/holyhammer/src/HolSmt
HolSmt-45-of-46	HolSmt	45	46	/home/lukasz/dev/HOL/worktrees/holyhammer/src/HolSmt
Omega-0-of-11	Omega	0	11	/home/lukasz/dev/HOL/worktrees/holyhammer/src/integer
Omega-1-of-11	Omega	1	11	/home/lukasz/dev/HOL/worktrees/holyhammer/src/integer
Omega-2-of-11	Omega	2	11	/home/lukasz/dev/HOL/worktrees/holyhammer/src/integer
Omega-3-of-11	Omega	3	11	/home/lukasz/dev/HOL/worktrees/holyhammer/src/integer
Omega-4-of-11	Omega	4	11	/home/lukasz/dev/HOL/worktrees/holyhammer/src/integer
Omega-5-of-11	Omega	5	11	/home/lukasz/dev/HOL/worktrees/holyhammer/src/integer
Omega-6-of-11	Omega	6	11	/home/lukasz/dev/HOL/worktrees/holyhammer/src/integer
Omega-7-of-11	Omega	7	11	/home/lukasz/dev/HOL/worktrees/holyhammer/src/integer
Omega-8-of-11	Omega	8	11	/home/lukasz/dev/HOL/worktrees/holyhammer/src/integer
Omega-9-of-11	Omega	9	11	/home/lukasz/dev/HOL/worktrees/holyhammer/src/integer
Omega-10-of-11	Omega	10	11	/home/lukasz/dev/HOL/worktrees/holyhammer/src/integer
SGAUnicodeMergeB-0-of-1	SGAUnicodeMergeB	0	1	/home/lukasz/dev/HOL/worktrees/holyhammer/src/1/theory_tests
While-0-of-4	While	0	4	/home/lukasz/dev/HOL/worktrees/holyhammer/src/num/theories
While-1-of-4	While	1	4	/home/lukasz/dev/HOL/worktrees/holyhammer/src/num/theories
While-2-of-4	While	2	4	/home/lukasz/dev/HOL/worktrees/holyhammer/src/num/theories
While-3-of-4	While	3	4	/home/lukasz/dev/HOL/worktrees/holyhammer/src/num/theories
addDB-0-of-1	addDB	0	1	/home/lukasz/dev/HOL/worktrees/holyhammer/src/1/theory_tests
addMLdep1-0-of-1	addMLdep1	0	1	/home/lukasz/dev/HOL/worktrees/holyhammer/src/1/theory_tests
addMLdep2-0-of-1	addMLdep2	0	1	/home/lukasz/dev/HOL/worktrees/holyhammer/src/1/theory_tests
alignment-0-of-5	alignment	0	5	/home/lukasz/dev/HOL/worktrees/holyhammer/src/n-bit
alignment-1-of-5	alignment	1	5	/home/lukasz/dev/HOL/worktrees/holyhammer/src/n-bit
alignment-2-of-5	alignment	2	5	/home/lukasz/dev/HOL/worktrees/holyhammer/src/n-bit
alignment-3-of-5	alignment	3	5	/home/lukasz/dev/HOL/worktrees/holyhammer/src/n-bit
alignment-4-of-5	alignment	4	5	/home/lukasz/dev/HOL/worktrees/holyhammer/src/n-bit
alist-0-of-10	alist	0	10	/home/lukasz/dev/HOL/worktrees/holyhammer/src/finite_maps
alist-1-of-10	alist	1	10	/home/lukasz/dev/HOL/worktrees/holyhammer/src/finite_maps
alist-2-of-10	alist	2	10	/home/lukasz/dev/HOL/worktrees/holyhammer/src/finite_maps
alist-3-of-10	alist	3	10	/home/lukasz/dev/HOL/worktrees/holyhammer/src/finite_maps
alist-4-of-10	alist	4	10	/home/lukasz/dev/HOL/worktrees/holyhammer/src/finite_maps
alist-5-of-10	alist	5	10	/home/lukasz/dev/HOL/worktrees/holyhammer/src/finite_maps
alist-6-of-10	alist	6	10	/home/lukasz/dev/HOL/worktrees/holyhammer/src/finite_maps
alist-7-of-10	alist	7	10	/home/lukasz/dev/HOL/worktrees/holyhammer/src/finite_maps
alist-8-of-10	alist	8	10	/home/lukasz/dev/HOL/worktrees/holyhammer/src/finite_maps
alist-9-of-10	alist	9	10	/home/lukasz/dev/HOL/worktrees/holyhammer/src/finite_maps
alist_tree-0-of-5	alist_tree	0	5	/home/lukasz/dev/HOL/worktrees/holyhammer/src/finite_maps
alist_tree-1-of-5	alist_tree	1	5	/home/lukasz/dev/HOL/worktrees/holyhammer/src/finite_maps
alist_tree-2-of-5	alist_tree	2	5	/home/lukasz/dev/HOL/worktrees/holyhammer/src/finite_maps
alist_tree-3-of-5	alist_tree	3	5	/home/lukasz/dev/HOL/worktrees/holyhammer/src/finite_maps
alist_tree-4-of-5	alist_tree	4	5	/home/lukasz/dev/HOL/worktrees/holyhammer/src/finite_maps
arithmetic-0-of-63	arithmetic	0	63	/home/lukasz/dev/HOL/worktrees/holyhammer/src/num/theories
arithmetic-1-of-63	arithmetic	1	63	/home/lukasz/dev/HOL/worktrees/holyhammer/src/num/theories
arithmetic-2-of-63	arithmetic	2	63	/home/lukasz/dev/HOL/worktrees/holyhammer/src/num/theories
arithmetic-3-of-63	arithmetic	3	63	/home/lukasz/dev/HOL/worktrees/holyhammer/src/num/theories
arithmetic-4-of-63	arithmetic	4	63	/home/lukasz/dev/HOL/worktrees/holyhammer/src/num/theories
arithmetic-5-of-63	arithmetic	5	63	/home/lukasz/dev/HOL/worktrees/holyhammer/src/num/theories
arithmetic-6-of-63	arithmetic	6	63	/home/lukasz/dev/HOL/worktrees/holyhammer/src/num/theories
arithmetic-7-of-63	arithmetic	7	63	/home/lukasz/dev/HOL/worktrees/holyhammer/src/num/theories
arithmetic-8-of-63	arithmetic	8	63	/home/lukasz/dev/HOL/worktrees/holyhammer/src/num/theories
arithmetic-9-of-63	arithmetic	9	63	/home/lukasz/dev/HOL/worktrees/holyhammer/src/num/theories
arithmetic-10-of-63	arithmetic	10	63	/home/lukasz/dev/HOL/worktrees/holyhammer/src/num/theories
arithmetic-11-of-63	arithmetic	11	63	/home/lukasz/dev/HOL/worktrees/holyhammer/src/num/theories
arithmetic-12-of-63	arithmetic	12	63	/home/lukasz/dev/HOL/worktrees/holyhammer/src/num/theories
arithmetic-13-of-63	arithmetic	13	63	/home/lukasz/dev/HOL/worktrees/holyhammer/src/num/theories
arithmetic-14-of-63	arithmetic	14	63	/home/lukasz/dev/HOL/worktrees/holyhammer/src/num/theories
arithmetic-15-of-63	arithmetic	15	63	/home/lukasz/dev/HOL/worktrees/holyhammer/src/num/theories
arithmetic-16-of-63	arithmetic	16	63	/home/lukasz/dev/HOL/worktrees/holyhammer/src/num/theories
arithmetic-17-of-63	arithmetic	17	63	/home/lukasz/dev/HOL/worktrees/holyhammer/src/num/theories
arithmetic-18-of-63	arithmetic	18	63	/home/lukasz/dev/HOL/worktrees/holyhammer/src/num/theories
arithmetic-19-of-63	arithmetic	19	63	/home/lukasz/dev/HOL/worktrees/holyhammer/src/num/theories
arithmetic-20-of-63	arithmetic	20	63	/home/lukasz/dev/HOL/worktrees/holyhammer/src/num/theories
arithmetic-21-of-63	arithmetic	21	63	/home/lukasz/dev/HOL/worktrees/holyhammer/src/num/theories
arithmetic-22-of-63	arithmetic	22	63	/home/lukasz/dev/HOL/worktrees/holyhammer/src/num/theories
arithmetic-23-of-63	arithmetic	23	63	/home/lukasz/dev/HOL/worktrees/holyhammer/src/num/theories
arithmetic-24-of-63	arithmetic	24	63	/home/lukasz/dev/HOL/worktrees/holyhammer/src/num/theories
arithmetic-25-of-63	arithmetic	25	63	/home/lukasz/dev/HOL/worktrees/holyhammer/src/num/theories
arithmetic-26-of-63	arithmetic	26	63	/home/lukasz/dev/HOL/worktrees/holyhammer/src/num/theories
arithmetic-27-of-63	arithmetic	27	63	/home/lukasz/dev/HOL/worktrees/holyhammer/src/num/theories
arithmetic-28-of-63	arithmetic	28	63	/home/lukasz/dev/HOL/worktrees/holyhammer/src/num/theories
arithmetic-29-of-63	arithmetic	29	63	/home/lukasz/dev/HOL/worktrees/holyhammer/src/num/theories
arithmetic-30-of-63	arithmetic	30	63	/home/lukasz/dev/HOL/worktrees/holyhammer/src/num/theories
arithmetic-31-of-63	arithmetic	31	63	/home/lukasz/dev/HOL/worktrees/holyhammer/src/num/theories
arithmetic-32-of-63	arithmetic	32	63	/home/lukasz/dev/HOL/worktrees/holyhammer/src/num/theories
arithmetic-33-of-63	arithmetic	33	63	/home/lukasz/dev/HOL/worktrees/holyhammer/src/num/theories
arithmetic-34-of-63	arithmetic	34	63	/home/lukasz/dev/HOL/worktrees/holyhammer/src/num/theories
arithmetic-35-of-63	arithmetic	35	63	/home/lukasz/dev/HOL/worktrees/holyhammer/src/num/theories
arithmetic-36-of-63	arithmetic	36	63	/home/lukasz/dev/HOL/worktrees/holyhammer/src/num/theories
arithmetic-37-of-63	arithmetic	37	63	/home/lukasz/dev/HOL/worktrees/holyhammer/src/num/theories
arithmetic-38-of-63	arithmetic	38	63	/home/lukasz/dev/HOL/worktrees/holyhammer/src/num/theories
arithmetic-39-of-63	arithmetic	39	63	/home/lukasz/dev/HOL/worktrees/holyhammer/src/num/theories
arithmetic-40-of-63	arithmetic	40	63	/home/lukasz/dev/HOL/worktrees/holyhammer/src/num/theories
arithmetic-41-of-63	arithmetic	41	63	/home/lukasz/dev/HOL/worktrees/holyhammer/src/num/theories
arithmetic-42-of-63	arithmetic	42	63	/home/lukasz/dev/HOL/worktrees/holyhammer/src/num/theories
arithmetic-43-of-63	arithmetic	43	63	/home/lukasz/dev/HOL/worktrees/holyhammer/src/num/theories
arithmetic-44-of-63	arithmetic	44	63	/home/lukasz/dev/HOL/worktrees/holyhammer/src/num/theories
arithmetic-45-of-63	arithmetic	45	63	/home/lukasz/dev/HOL/worktrees/holyhammer/src/num/theories
arithmetic-46-of-63	arithmetic	46	63	/home/lukasz/dev/HOL/worktrees/holyhammer/src/num/theories
arithmetic-47-of-63	arithmetic	47	63	/home/lukasz/dev/HOL/worktrees/holyhammer/src/num/theories
arithmetic-48-of-63	arithmetic	48	63	/home/lukasz/dev/HOL/worktrees/holyhammer/src/num/theories
arithmetic-49-of-63	arithmetic	49	63	/home/lukasz/dev/HOL/worktrees/holyhammer/src/num/theories
arithmetic-50-of-63	arithmetic	50	63	/home/lukasz/dev/HOL/worktrees/holyhammer/src/num/theories
arithmetic-51-of-63	arithmetic	51	63	/home/lukasz/dev/HOL/worktrees/holyhammer/src/num/theories
arithmetic-52-of-63	arithmetic	52	63	/home/lukasz/dev/HOL/worktrees/holyhammer/src/num/theories
arithmetic-53-of-63	arithmetic	53	63	/home/lukasz/dev/HOL/worktrees/holyhammer/src/num/theories
arithmetic-54-of-63	arithmetic	54	63	/home/lukasz/dev/HOL/worktrees/holyhammer/src/num/theories
arithmetic-55-of-63	arithmetic	55	63	/home/lukasz/dev/HOL/worktrees/holyhammer/src/num/theories
arithmetic-56-of-63	arithmetic	56	63	/home/lukasz/dev/HOL/worktrees/holyhammer/src/num/theories
arithmetic-57-of-63	arithmetic	57	63	/home/lukasz/dev/HOL/worktrees/holyhammer/src/num/theories
arithmetic-58-of-63	arithmetic	58	63	/home/lukasz/dev/HOL/worktrees/holyhammer/src/num/theories
arithmetic-59-of-63	arithmetic	59	63	/home/lukasz/dev/HOL/worktrees/holyhammer/src/num/theories
arithmetic-60-of-63	arithmetic	60	63	/home/lukasz/dev/HOL/worktrees/holyhammer/src/num/theories
arithmetic-61-of-63	arithmetic	61	63	/home/lukasz/dev/HOL/worktrees/holyhammer/src/num/theories
arithmetic-62-of-63	arithmetic	62	63	/home/lukasz/dev/HOL/worktrees/holyhammer/src/num/theories
bag-0-of-35	bag	0	35	/home/lukasz/dev/HOL/worktrees/holyhammer/src/bag
bag-1-of-35	bag	1	35	/home/lukasz/dev/HOL/worktrees/holyhammer/src/bag
bag-2-of-35	bag	2	35	/home/lukasz/dev/HOL/worktrees/holyhammer/src/bag
bag-3-of-35	bag	3	35	/home/lukasz/dev/HOL/worktrees/holyhammer/src/bag
bag-4-of-35	bag	4	35	/home/lukasz/dev/HOL/worktrees/holyhammer/src/bag
bag-5-of-35	bag	5	35	/home/lukasz/dev/HOL/worktrees/holyhammer/src/bag
bag-6-of-35	bag	6	35	/home/lukasz/dev/HOL/worktrees/holyhammer/src/bag
bag-7-of-35	bag	7	35	/home/lukasz/dev/HOL/worktrees/holyhammer/src/bag
bag-8-of-35	bag	8	35	/home/lukasz/dev/HOL/worktrees/holyhammer/src/bag
bag-9-of-35	bag	9	35	/home/lukasz/dev/HOL/worktrees/holyhammer/src/bag
bag-10-of-35	bag	10	35	/home/lukasz/dev/HOL/worktrees/holyhammer/src/bag
bag-11-of-35	bag	11	35	/home/lukasz/dev/HOL/worktrees/holyhammer/src/bag
bag-12-of-35	bag	12	35	/home/lukasz/dev/HOL/worktrees/holyhammer/src/bag
bag-13-of-35	bag	13	35	/home/lukasz/dev/HOL/worktrees/holyhammer/src/bag
bag-14-of-35	bag	14	35	/home/lukasz/dev/HOL/worktrees/holyhammer/src/bag
bag-15-of-35	bag	15	35	/home/lukasz/dev/HOL/worktrees/holyhammer/src/bag
bag-16-of-35	bag	16	35	/home/lukasz/dev/HOL/worktrees/holyhammer/src/bag
bag-17-of-35	bag	17	35	/home/lukasz/dev/HOL/worktrees/holyhammer/src/bag
bag-18-of-35	bag	18	35	/home/lukasz/dev/HOL/worktrees/holyhammer/src/bag
bag-19-of-35	bag	19	35	/home/lukasz/dev/HOL/worktrees/holyhammer/src/bag
bag-20-of-35	bag	20	35	/home/lukasz/dev/HOL/worktrees/holyhammer/src/bag
bag-21-of-35	bag	21	35	/home/lukasz/dev/HOL/worktrees/holyhammer/src/bag
bag-22-of-35	bag	22	35	/home/lukasz/dev/HOL/worktrees/holyhammer/src/bag
bag-23-of-35	bag	23	35	/home/lukasz/dev/HOL/worktrees/holyhammer/src/bag
bag-24-of-35	bag	24	35	/home/lukasz/dev/HOL/worktrees/holyhammer/src/bag
bag-25-of-35	bag	25	35	/home/lukasz/dev/HOL/worktrees/holyhammer/src/bag
bag-26-of-35	bag	26	35	/home/lukasz/dev/HOL/worktrees/holyhammer/src/bag
bag-27-of-35	bag	27	35	/home/lukasz/dev/HOL/worktrees/holyhammer/src/bag
bag-28-of-35	bag	28	35	/home/lukasz/dev/HOL/worktrees/holyhammer/src/bag
bag-29-of-35	bag	29	35	/home/lukasz/dev/HOL/worktrees/holyhammer/src/bag
bag-30-of-35	bag	30	35	/home/lukasz/dev/HOL/worktrees/holyhammer/src/bag
bag-31-of-35	bag	31	35	/home/lukasz/dev/HOL/worktrees/holyhammer/src/bag
bag-32-of-35	bag	32	35	/home/lukasz/dev/HOL/worktrees/holyhammer/src/bag
bag-33-of-35	bag	33	35	/home/lukasz/dev/HOL/worktrees/holyhammer/src/bag
bag-34-of-35	bag	34	35	/home/lukasz/dev/HOL/worktrees/holyhammer/src/bag
bar260-0-of-3	bar260	0	3	/home/lukasz/dev/HOL/worktrees/holyhammer/src/datatype/theory_tests
bar260-1-of-3	bar260	1	3	/home/lukasz/dev/HOL/worktrees/holyhammer/src/datatype/theory_tests
bar260-2-of-3	bar260	2	3	/home/lukasz/dev/HOL/worktrees/holyhammer/src/datatype/theory_tests
basicSize-0-of-1	basicSize	0	1	/home/lukasz/dev/HOL/worktrees/holyhammer/src/num/theories
basis_emit-0-of-1	basis_emit	0	1	/home/lukasz/dev/HOL/worktrees/holyhammer/src/emit
bft-0-of-2	bft	0	2	/home/lukasz/dev/HOL/worktrees/holyhammer/src/search
bft-1-of-2	bft	1	2	/home/lukasz/dev/HOL/worktrees/holyhammer/src/search
binary_ieee-0-of-34	binary_ieee	0	34	/home/lukasz/dev/HOL/worktrees/holyhammer/src/floating-point
binary_ieee-1-of-34	binary_ieee	1	34	/home/lukasz/dev/HOL/worktrees/holyhammer/src/floating-point
binary_ieee-2-of-34	binary_ieee	2	34	/home/lukasz/dev/HOL/worktrees/holyhammer/src/floating-point
binary_ieee-3-of-34	binary_ieee	3	34	/home/lukasz/dev/HOL/worktrees/holyhammer/src/floating-point
binary_ieee-4-of-34	binary_ieee	4	34	/home/lukasz/dev/HOL/worktrees/holyhammer/src/floating-point
binary_ieee-5-of-34	binary_ieee	5	34	/home/lukasz/dev/HOL/worktrees/holyhammer/src/floating-point
binary_ieee-6-of-34	binary_ieee	6	34	/home/lukasz/dev/HOL/worktrees/holyhammer/src/floating-point
binary_ieee-7-of-34	binary_ieee	7	34	/home/lukasz/dev/HOL/worktrees/holyhammer/src/floating-point
binary_ieee-8-of-34	binary_ieee	8	34	/home/lukasz/dev/HOL/worktrees/holyhammer/src/floating-point
binary_ieee-9-of-34	binary_ieee	9	34	/home/lukasz/dev/HOL/worktrees/holyhammer/src/floating-point
binary_ieee-10-of-34	binary_ieee	10	34	/home/lukasz/dev/HOL/worktrees/holyhammer/src/floating-point
binary_ieee-11-of-34	binary_ieee	11	34	/home/lukasz/dev/HOL/worktrees/holyhammer/src/floating-point
binary_ieee-12-of-34	binary_ieee	12	34	/home/lukasz/dev/HOL/worktrees/holyhammer/src/floating-point
binary_ieee-13-of-34	binary_ieee	13	34	/home/lukasz/dev/HOL/worktrees/holyhammer/src/floating-point
binary_ieee-14-of-34	binary_ieee	14	34	/home/lukasz/dev/HOL/worktrees/holyhammer/src/floating-point
binary_ieee-15-of-34	binary_ieee	15	34	/home/lukasz/dev/HOL/worktrees/holyhammer/src/floating-point
binary_ieee-16-of-34	binary_ieee	16	34	/home/lukasz/dev/HOL/worktrees/holyhammer/src/floating-point
binary_ieee-17-of-34	binary_ieee	17	34	/home/lukasz/dev/HOL/worktrees/holyhammer/src/floating-point
binary_ieee-18-of-34	binary_ieee	18	34	/home/lukasz/dev/HOL/worktrees/holyhammer/src/floating-point
binary_ieee-19-of-34	binary_ieee	19	34	/home/lukasz/dev/HOL/worktrees/holyhammer/src/floating-point
binary_ieee-20-of-34	binary_ieee	20	34	/home/lukasz/dev/HOL/worktrees/holyhammer/src/floating-point
binary_ieee-21-of-34	binary_ieee	21	34	/home/lukasz/dev/HOL/worktrees/holyhammer/src/floating-point
binary_ieee-22-of-34	binary_ieee	22	34	/home/lukasz/dev/HOL/worktrees/holyhammer/src/floating-point
binary_ieee-23-of-34	binary_ieee	23	34	/home/lukasz/dev/HOL/worktrees/holyhammer/src/floating-point
binary_ieee-24-of-34	binary_ieee	24	34	/home/lukasz/dev/HOL/worktrees/holyhammer/src/floating-point
binary_ieee-25-of-34	binary_ieee	25	34	/home/lukasz/dev/HOL/worktrees/holyhammer/src/floating-point
binary_ieee-26-of-34	binary_ieee	26	34	/home/lukasz/dev/HOL/worktrees/holyhammer/src/floating-point
binary_ieee-27-of-34	binary_ieee	27	34	/home/lukasz/dev/HOL/worktrees/holyhammer/src/floating-point
binary_ieee-28-of-34	binary_ieee	28	34	/home/lukasz/dev/HOL/worktrees/holyhammer/src/floating-point
binary_ieee-29-of-34	binary_ieee	29	34	/home/lukasz/dev/HOL/worktrees/holyhammer/src/floating-point
binary_ieee-30-of-34	binary_ieee	30	34	/home/lukasz/dev/HOL/worktrees/holyhammer/src/floating-point
binary_ieee-31-of-34	binary_ieee	31	34	/home/lukasz/dev/HOL/worktrees/holyhammer/src/floating-point
binary_ieee-32-of-34	binary_ieee	32	34	/home/lukasz/dev/HOL/worktrees/holyhammer/src/floating-point
binary_ieee-33-of-34	binary_ieee	33	34	/home/lukasz/dev/HOL/worktrees/holyhammer/src/floating-point
binary_ieeeProps-0-of-3	binary_ieeeProps	0	3	/home/lukasz/dev/HOL/worktrees/holyhammer/src/floating-point
binary_ieeeProps-1-of-3	binary_ieeeProps	1	3	/home/lukasz/dev/HOL/worktrees/holyhammer/src/floating-point
binary_ieeeProps-2-of-3	binary_ieeeProps	2	3	/home/lukasz/dev/HOL/worktrees/holyhammer/src/floating-point
bisimulation-0-of-4	bisimulation	0	4	/home/lukasz/dev/HOL/worktrees/holyhammer/src/relation
bisimulation-1-of-4	bisimulation	1	4	/home/lukasz/dev/HOL/worktrees/holyhammer/src/relation
bisimulation-2-of-4	bisimulation	2	4	/home/lukasz/dev/HOL/worktrees/holyhammer/src/relation
bisimulation-3-of-4	bisimulation	3	4	/home/lukasz/dev/HOL/worktrees/holyhammer/src/relation
bit-0-of-16	bit	0	16	/home/lukasz/dev/HOL/worktrees/holyhammer/src/num/extra_theories
bit-1-of-16	bit	1	16	/home/lukasz/dev/HOL/worktrees/holyhammer/src/num/extra_theories
bit-2-of-16	bit	2	16	/home/lukasz/dev/HOL/worktrees/holyhammer/src/num/extra_theories
bit-3-of-16	bit	3	16	/home/lukasz/dev/HOL/worktrees/holyhammer/src/num/extra_theories
bit-4-of-16	bit	4	16	/home/lukasz/dev/HOL/worktrees/holyhammer/src/num/extra_theories
bit-5-of-16	bit	5	16	/home/lukasz/dev/HOL/worktrees/holyhammer/src/num/extra_theories
bit-6-of-16	bit	6	16	/home/lukasz/dev/HOL/worktrees/holyhammer/src/num/extra_theories
bit-7-of-16	bit	7	16	/home/lukasz/dev/HOL/worktrees/holyhammer/src/num/extra_theories
bit-8-of-16	bit	8	16	/home/lukasz/dev/HOL/worktrees/holyhammer/src/num/extra_theories
bit-9-of-16	bit	9	16	/home/lukasz/dev/HOL/worktrees/holyhammer/src/num/extra_theories
bit-10-of-16	bit	10	16	/home/lukasz/dev/HOL/worktrees/holyhammer/src/num/extra_theories
bit-11-of-16	bit	11	16	/home/lukasz/dev/HOL/worktrees/holyhammer/src/num/extra_theories
bit-12-of-16	bit	12	16	/home/lukasz/dev/HOL/worktrees/holyhammer/src/num/extra_theories
bit-13-of-16	bit	13	16	/home/lukasz/dev/HOL/worktrees/holyhammer/src/num/extra_theories
bit-14-of-16	bit	14	16	/home/lukasz/dev/HOL/worktrees/holyhammer/src/num/extra_theories
bit-15-of-16	bit	15	16	/home/lukasz/dev/HOL/worktrees/holyhammer/src/num/extra_theories
bitArith-0-of-7	bitArith	0	7	/home/lukasz/dev/HOL/worktrees/holyhammer/src/real
bitArith-1-of-7	bitArith	1	7	/home/lukasz/dev/HOL/worktrees/holyhammer/src/real
bitArith-2-of-7	bitArith	2	7	/home/lukasz/dev/HOL/worktrees/holyhammer/src/real
bitArith-3-of-7	bitArith	3	7	/home/lukasz/dev/HOL/worktrees/holyhammer/src/real
bitArith-4-of-7	bitArith	4	7	/home/lukasz/dev/HOL/worktrees/holyhammer/src/real
bitArith-5-of-7	bitArith	5	7	/home/lukasz/dev/HOL/worktrees/holyhammer/src/real
bitArith-6-of-7	bitArith	6	7	/home/lukasz/dev/HOL/worktrees/holyhammer/src/real
bitstring-0-of-12	bitstring	0	12	/home/lukasz/dev/HOL/worktrees/holyhammer/src/n-bit
bitstring-1-of-12	bitstring	1	12	/home/lukasz/dev/HOL/worktrees/holyhammer/src/n-bit
bitstring-2-of-12	bitstring	2	12	/home/lukasz/dev/HOL/worktrees/holyhammer/src/n-bit
bitstring-3-of-12	bitstring	3	12	/home/lukasz/dev/HOL/worktrees/holyhammer/src/n-bit
bitstring-4-of-12	bitstring	4	12	/home/lukasz/dev/HOL/worktrees/holyhammer/src/n-bit
bitstring-5-of-12	bitstring	5	12	/home/lukasz/dev/HOL/worktrees/holyhammer/src/n-bit
bitstring-6-of-12	bitstring	6	12	/home/lukasz/dev/HOL/worktrees/holyhammer/src/n-bit
bitstring-7-of-12	bitstring	7	12	/home/lukasz/dev/HOL/worktrees/holyhammer/src/n-bit
bitstring-8-of-12	bitstring	8	12	/home/lukasz/dev/HOL/worktrees/holyhammer/src/n-bit
bitstring-9-of-12	bitstring	9	12	/home/lukasz/dev/HOL/worktrees/holyhammer/src/n-bit
bitstring-10-of-12	bitstring	10	12	/home/lukasz/dev/HOL/worktrees/holyhammer/src/n-bit
bitstring-11-of-12	bitstring	11	12	/home/lukasz/dev/HOL/worktrees/holyhammer/src/n-bit
blast-0-of-2	blast	0	2	/home/lukasz/dev/HOL/worktrees/holyhammer/src/n-bit
blast-1-of-2	blast	1	2	/home/lukasz/dev/HOL/worktrees/holyhammer/src/n-bit
bnfPrelims-0-of-6	bnfPrelims	0	6	/home/lukasz/dev/HOL/worktrees/holyhammer/src/datatype
bnfPrelims-1-of-6	bnfPrelims	1	6	/home/lukasz/dev/HOL/worktrees/holyhammer/src/datatype
bnfPrelims-2-of-6	bnfPrelims	2	6	/home/lukasz/dev/HOL/worktrees/holyhammer/src/datatype
bnfPrelims-3-of-6	bnfPrelims	3	6	/home/lukasz/dev/HOL/worktrees/holyhammer/src/datatype
bnfPrelims-4-of-6	bnfPrelims	4	6	/home/lukasz/dev/HOL/worktrees/holyhammer/src/datatype
bnfPrelims-5-of-6	bnfPrelims	5	6	/home/lukasz/dev/HOL/worktrees/holyhammer/src/datatype
bool-0-of-21	bool	0	21	/home/lukasz/dev/HOL/worktrees/holyhammer/src/bool
bool-1-of-21	bool	1	21	/home/lukasz/dev/HOL/worktrees/holyhammer/src/bool
bool-2-of-21	bool	2	21	/home/lukasz/dev/HOL/worktrees/holyhammer/src/bool
bool-3-of-21	bool	3	21	/home/lukasz/dev/HOL/worktrees/holyhammer/src/bool
bool-4-of-21	bool	4	21	/home/lukasz/dev/HOL/worktrees/holyhammer/src/bool
bool-5-of-21	bool	5	21	/home/lukasz/dev/HOL/worktrees/holyhammer/src/bool
bool-6-of-21	bool	6	21	/home/lukasz/dev/HOL/worktrees/holyhammer/src/bool
bool-7-of-21	bool	7	21	/home/lukasz/dev/HOL/worktrees/holyhammer/src/bool
bool-8-of-21	bool	8	21	/home/lukasz/dev/HOL/worktrees/holyhammer/src/bool
bool-9-of-21	bool	9	21	/home/lukasz/dev/HOL/worktrees/holyhammer/src/bool
bool-10-of-21	bool	10	21	/home/lukasz/dev/HOL/worktrees/holyhammer/src/bool
bool-11-of-21	bool	11	21	/home/lukasz/dev/HOL/worktrees/holyhammer/src/bool
bool-12-of-21	bool	12	21	/home/lukasz/dev/HOL/worktrees/holyhammer/src/bool
bool-13-of-21	bool	13	21	/home/lukasz/dev/HOL/worktrees/holyhammer/src/bool
bool-14-of-21	bool	14	21	/home/lukasz/dev/HOL/worktrees/holyhammer/src/bool
bool-15-of-21	bool	15	21	/home/lukasz/dev/HOL/worktrees/holyhammer/src/bool
bool-16-of-21	bool	16	21	/home/lukasz/dev/HOL/worktrees/holyhammer/src/bool
bool-17-of-21	bool	17	21	/home/lukasz/dev/HOL/worktrees/holyhammer/src/bool
bool-18-of-21	bool	18	21	/home/lukasz/dev/HOL/worktrees/holyhammer/src/bool
bool-19-of-21	bool	19	21	/home/lukasz/dev/HOL/worktrees/holyhammer/src/bool
bool-20-of-21	bool	20	21	/home/lukasz/dev/HOL/worktrees/holyhammer/src/bool
borel-0-of-27	borel	0	27	/home/lukasz/dev/HOL/worktrees/holyhammer/src/probability
borel-1-of-27	borel	1	27	/home/lukasz/dev/HOL/worktrees/holyhammer/src/probability
borel-2-of-27	borel	2	27	/home/lukasz/dev/HOL/worktrees/holyhammer/src/probability
borel-3-of-27	borel	3	27	/home/lukasz/dev/HOL/worktrees/holyhammer/src/probability
borel-4-of-27	borel	4	27	/home/lukasz/dev/HOL/worktrees/holyhammer/src/probability
borel-5-of-27	borel	5	27	/home/lukasz/dev/HOL/worktrees/holyhammer/src/probability
borel-6-of-27	borel	6	27	/home/lukasz/dev/HOL/worktrees/holyhammer/src/probability
borel-7-of-27	borel	7	27	/home/lukasz/dev/HOL/worktrees/holyhammer/src/probability
borel-8-of-27	borel	8	27	/home/lukasz/dev/HOL/worktrees/holyhammer/src/probability
borel-9-of-27	borel	9	27	/home/lukasz/dev/HOL/worktrees/holyhammer/src/probability
borel-10-of-27	borel	10	27	/home/lukasz/dev/HOL/worktrees/holyhammer/src/probability
borel-11-of-27	borel	11	27	/home/lukasz/dev/HOL/worktrees/holyhammer/src/probability
borel-12-of-27	borel	12	27	/home/lukasz/dev/HOL/worktrees/holyhammer/src/probability
borel-13-of-27	borel	13	27	/home/lukasz/dev/HOL/worktrees/holyhammer/src/probability
borel-14-of-27	borel	14	27	/home/lukasz/dev/HOL/worktrees/holyhammer/src/probability
borel-15-of-27	borel	15	27	/home/lukasz/dev/HOL/worktrees/holyhammer/src/probability
borel-16-of-27	borel	16	27	/home/lukasz/dev/HOL/worktrees/holyhammer/src/probability
borel-17-of-27	borel	17	27	/home/lukasz/dev/HOL/worktrees/holyhammer/src/probability
borel-18-of-27	borel	18	27	/home/lukasz/dev/HOL/worktrees/holyhammer/src/probability
borel-19-of-27	borel	19	27	/home/lukasz/dev/HOL/worktrees/holyhammer/src/probability
borel-20-of-27	borel	20	27	/home/lukasz/dev/HOL/worktrees/holyhammer/src/probability
borel-21-of-27	borel	21	27	/home/lukasz/dev/HOL/worktrees/holyhammer/src/probability
borel-22-of-27	borel	22	27	/home/lukasz/dev/HOL/worktrees/holyhammer/src/probability
borel-23-of-27	borel	23	27	/home/lukasz/dev/HOL/worktrees/holyhammer/src/probability
borel-24-of-27	borel	24	27	/home/lukasz/dev/HOL/worktrees/holyhammer/src/probability
borel-25-of-27	borel	25	27	/home/lukasz/dev/HOL/worktrees/holyhammer/src/probability
borel-26-of-27	borel	26	27	/home/lukasz/dev/HOL/worktrees/holyhammer/src/probability
byte-0-of-8	byte	0	8	/home/lukasz/dev/HOL/worktrees/holyhammer/src/n-bit
byte-1-of-8	byte	1	8	/home/lukasz/dev/HOL/worktrees/holyhammer/src/n-bit
byte-2-of-8	byte	2	8	/home/lukasz/dev/HOL/worktrees/holyhammer/src/n-bit
byte-3-of-8	byte	3	8	/home/lukasz/dev/HOL/worktrees/holyhammer/src/n-bit
byte-4-of-8	byte	4	8	/home/lukasz/dev/HOL/worktrees/holyhammer/src/n-bit
byte-5-of-8	byte	5	8	/home/lukasz/dev/HOL/worktrees/holyhammer/src/n-bit
byte-6-of-8	byte	6	8	/home/lukasz/dev/HOL/worktrees/holyhammer/src/n-bit
byte-7-of-8	byte	7	8	/home/lukasz/dev/HOL/worktrees/holyhammer/src/n-bit
cardinal-0-of-34	cardinal	0	34	/home/lukasz/dev/HOL/worktrees/holyhammer/src/pred_set/src
cardinal-1-of-34	cardinal	1	34	/home/lukasz/dev/HOL/worktrees/holyhammer/src/pred_set/src
cardinal-2-of-34	cardinal	2	34	/home/lukasz/dev/HOL/worktrees/holyhammer/src/pred_set/src
cardinal-3-of-34	cardinal	3	34	/home/lukasz/dev/HOL/worktrees/holyhammer/src/pred_set/src
cardinal-4-of-34	cardinal	4	34	/home/lukasz/dev/HOL/worktrees/holyhammer/src/pred_set/src
cardinal-5-of-34	cardinal	5	34	/home/lukasz/dev/HOL/worktrees/holyhammer/src/pred_set/src
cardinal-6-of-34	cardinal	6	34	/home/lukasz/dev/HOL/worktrees/holyhammer/src/pred_set/src
cardinal-7-of-34	cardinal	7	34	/home/lukasz/dev/HOL/worktrees/holyhammer/src/pred_set/src
cardinal-8-of-34	cardinal	8	34	/home/lukasz/dev/HOL/worktrees/holyhammer/src/pred_set/src
cardinal-9-of-34	cardinal	9	34	/home/lukasz/dev/HOL/worktrees/holyhammer/src/pred_set/src
cardinal-10-of-34	cardinal	10	34	/home/lukasz/dev/HOL/worktrees/holyhammer/src/pred_set/src
cardinal-11-of-34	cardinal	11	34	/home/lukasz/dev/HOL/worktrees/holyhammer/src/pred_set/src
cardinal-12-of-34	cardinal	12	34	/home/lukasz/dev/HOL/worktrees/holyhammer/src/pred_set/src
cardinal-13-of-34	cardinal	13	34	/home/lukasz/dev/HOL/worktrees/holyhammer/src/pred_set/src
cardinal-14-of-34	cardinal	14	34	/home/lukasz/dev/HOL/worktrees/holyhammer/src/pred_set/src
cardinal-15-of-34	cardinal	15	34	/home/lukasz/dev/HOL/worktrees/holyhammer/src/pred_set/src
cardinal-16-of-34	cardinal	16	34	/home/lukasz/dev/HOL/worktrees/holyhammer/src/pred_set/src
cardinal-17-of-34	cardinal	17	34	/home/lukasz/dev/HOL/worktrees/holyhammer/src/pred_set/src
cardinal-18-of-34	cardinal	18	34	/home/lukasz/dev/HOL/worktrees/holyhammer/src/pred_set/src
cardinal-19-of-34	cardinal	19	34	/home/lukasz/dev/HOL/worktrees/holyhammer/src/pred_set/src
cardinal-20-of-34	cardinal	20	34	/home/lukasz/dev/HOL/worktrees/holyhammer/src/pred_set/src
cardinal-21-of-34	cardinal	21	34	/home/lukasz/dev/HOL/worktrees/holyhammer/src/pred_set/src
cardinal-22-of-34	cardinal	22	34	/home/lukasz/dev/HOL/worktrees/holyhammer/src/pred_set/src
cardinal-23-of-34	cardinal	23	34	/home/lukasz/dev/HOL/worktrees/holyhammer/src/pred_set/src
cardinal-24-of-34	cardinal	24	34	/home/lukasz/dev/HOL/worktrees/holyhammer/src/pred_set/src
cardinal-25-of-34	cardinal	25	34	/home/lukasz/dev/HOL/worktrees/holyhammer/src/pred_set/src
cardinal-26-of-34	cardinal	26	34	/home/lukasz/dev/HOL/worktrees/holyhammer/src/pred_set/src
cardinal-27-of-34	cardinal	27	34	/home/lukasz/dev/HOL/worktrees/holyhammer/src/pred_set/src
cardinal-28-of-34	cardinal	28	34	/home/lukasz/dev/HOL/worktrees/holyhammer/src/pred_set/src
cardinal-29-of-34	cardinal	29	34	/home/lukasz/dev/HOL/worktrees/holyhammer/src/pred_set/src
cardinal-30-of-34	cardinal	30	34	/home/lukasz/dev/HOL/worktrees/holyhammer/src/pred_set/src
cardinal-31-of-34	cardinal	31	34	/home/lukasz/dev/HOL/worktrees/holyhammer/src/pred_set/src
cardinal-32-of-34	cardinal	32	34	/home/lukasz/dev/HOL/worktrees/holyhammer/src/pred_set/src
cardinal-33-of-34	cardinal	33	34	/home/lukasz/dev/HOL/worktrees/holyhammer/src/pred_set/src
coalgAxioms-0-of-9	coalgAxioms	0	9	/home/lukasz/dev/HOL/worktrees/holyhammer/src/coalgebras
coalgAxioms-1-of-9	coalgAxioms	1	9	/home/lukasz/dev/HOL/worktrees/holyhammer/src/coalgebras
coalgAxioms-2-of-9	coalgAxioms	2	9	/home/lukasz/dev/HOL/worktrees/holyhammer/src/coalgebras
coalgAxioms-3-of-9	coalgAxioms	3	9	/home/lukasz/dev/HOL/worktrees/holyhammer/src/coalgebras
coalgAxioms-4-of-9	coalgAxioms	4	9	/home/lukasz/dev/HOL/worktrees/holyhammer/src/coalgebras
coalgAxioms-5-of-9	coalgAxioms	5	9	/home/lukasz/dev/HOL/worktrees/holyhammer/src/coalgebras
coalgAxioms-6-of-9	coalgAxioms	6	9	/home/lukasz/dev/HOL/worktrees/holyhammer/src/coalgebras
coalgAxioms-7-of-9	coalgAxioms	7	9	/home/lukasz/dev/HOL/worktrees/holyhammer/src/coalgebras
coalgAxioms-8-of-9	coalgAxioms	8	9	/home/lukasz/dev/HOL/worktrees/holyhammer/src/coalgebras
combin-0-of-7	combin	0	7	/home/lukasz/dev/HOL/worktrees/holyhammer/src/combin
combin-1-of-7	combin	1	7	/home/lukasz/dev/HOL/worktrees/holyhammer/src/combin
combin-2-of-7	combin	2	7	/home/lukasz/dev/HOL/worktrees/holyhammer/src/combin
combin-3-of-7	combin	3	7	/home/lukasz/dev/HOL/worktrees/holyhammer/src/combin
combin-4-of-7	combin	4	7	/home/lukasz/dev/HOL/worktrees/holyhammer/src/combin
combin-5-of-7	combin	5	7	/home/lukasz/dev/HOL/worktrees/holyhammer/src/combin
combin-6-of-7	combin	6	7	/home/lukasz/dev/HOL/worktrees/holyhammer/src/combin
combinatorics-0-of-83	combinatorics	0	83	/home/lukasz/dev/HOL/worktrees/holyhammer/src/algebra/base
combinatorics-1-of-83	combinatorics	1	83	/home/lukasz/dev/HOL/worktrees/holyhammer/src/algebra/base
combinatorics-2-of-83	combinatorics	2	83	/home/lukasz/dev/HOL/worktrees/holyhammer/src/algebra/base
combinatorics-3-of-83	combinatorics	3	83	/home/lukasz/dev/HOL/worktrees/holyhammer/src/algebra/base
combinatorics-4-of-83	combinatorics	4	83	/home/lukasz/dev/HOL/worktrees/holyhammer/src/algebra/base
combinatorics-5-of-83	combinatorics	5	83	/home/lukasz/dev/HOL/worktrees/holyhammer/src/algebra/base
combinatorics-6-of-83	combinatorics	6	83	/home/lukasz/dev/HOL/worktrees/holyhammer/src/algebra/base
combinatorics-7-of-83	combinatorics	7	83	/home/lukasz/dev/HOL/worktrees/holyhammer/src/algebra/base
combinatorics-8-of-83	combinatorics	8	83	/home/lukasz/dev/HOL/worktrees/holyhammer/src/algebra/base
combinatorics-9-of-83	combinatorics	9	83	/home/lukasz/dev/HOL/worktrees/holyhammer/src/algebra/base
combinatorics-10-of-83	combinatorics	10	83	/home/lukasz/dev/HOL/worktrees/holyhammer/src/algebra/base
combinatorics-11-of-83	combinatorics	11	83	/home/lukasz/dev/HOL/worktrees/holyhammer/src/algebra/base
combinatorics-12-of-83	combinatorics	12	83	/home/lukasz/dev/HOL/worktrees/holyhammer/src/algebra/base
combinatorics-13-of-83	combinatorics	13	83	/home/lukasz/dev/HOL/worktrees/holyhammer/src/algebra/base
combinatorics-14-of-83	combinatorics	14	83	/home/lukasz/dev/HOL/worktrees/holyhammer/src/algebra/base
combinatorics-15-of-83	combinatorics	15	83	/home/lukasz/dev/HOL/worktrees/holyhammer/src/algebra/base
combinatorics-16-of-83	combinatorics	16	83	/home/lukasz/dev/HOL/worktrees/holyhammer/src/algebra/base
combinatorics-17-of-83	combinatorics	17	83	/home/lukasz/dev/HOL/worktrees/holyhammer/src/algebra/base
combinatorics-18-of-83	combinatorics	18	83	/home/lukasz/dev/HOL/worktrees/holyhammer/src/algebra/base
combinatorics-19-of-83	combinatorics	19	83	/home/lukasz/dev/HOL/worktrees/holyhammer/src/algebra/base
combinatorics-20-of-83	combinatorics	20	83	/home/lukasz/dev/HOL/worktrees/holyhammer/src/algebra/base
combinatorics-21-of-83	combinatorics	21	83	/home/lukasz/dev/HOL/worktrees/holyhammer/src/algebra/base
combinatorics-22-of-83	combinatorics	22	83	/home/lukasz/dev/HOL/worktrees/holyhammer/src/algebra/base
combinatorics-23-of-83	combinatorics	23	83	/home/lukasz/dev/HOL/worktrees/holyhammer/src/algebra/base
combinatorics-24-of-83	combinatorics	24	83	/home/lukasz/dev/HOL/worktrees/holyhammer/src/algebra/base
combinatorics-25-of-83	combinatorics	25	83	/home/lukasz/dev/HOL/worktrees/holyhammer/src/algebra/base
combinatorics-26-of-83	combinatorics	26	83	/home/lukasz/dev/HOL/worktrees/holyhammer/src/algebra/base
combinatorics-27-of-83	combinatorics	27	83	/home/lukasz/dev/HOL/worktrees/holyhammer/src/algebra/base
combinatorics-28-of-83	combinatorics	28	83	/home/lukasz/dev/HOL/worktrees/holyhammer/src/algebra/base
combinatorics-29-of-83	combinatorics	29	83	/home/lukasz/dev/HOL/worktrees/holyhammer/src/algebra/base
combinatorics-30-of-83	combinatorics	30	83	/home/lukasz/dev/HOL/worktrees/holyhammer/src/algebra/base
combinatorics-31-of-83	combinatorics	31	83	/home/lukasz/dev/HOL/worktrees/holyhammer/src/algebra/base
combinatorics-32-of-83	combinatorics	32	83	/home/lukasz/dev/HOL/worktrees/holyhammer/src/algebra/base
combinatorics-33-of-83	combinatorics	33	83	/home/lukasz/dev/HOL/worktrees/holyhammer/src/algebra/base
combinatorics-34-of-83	combinatorics	34	83	/home/lukasz/dev/HOL/worktrees/holyhammer/src/algebra/base
combinatorics-35-of-83	combinatorics	35	83	/home/lukasz/dev/HOL/worktrees/holyhammer/src/algebra/base
combinatorics-36-of-83	combinatorics	36	83	/home/lukasz/dev/HOL/worktrees/holyhammer/src/algebra/base
combinatorics-37-of-83	combinatorics	37	83	/home/lukasz/dev/HOL/worktrees/holyhammer/src/algebra/base
combinatorics-38-of-83	combinatorics	38	83	/home/lukasz/dev/HOL/worktrees/holyhammer/src/algebra/base
combinatorics-39-of-83	combinatorics	39	83	/home/lukasz/dev/HOL/worktrees/holyhammer/src/algebra/base
combinatorics-40-of-83	combinatorics	40	83	/home/lukasz/dev/HOL/worktrees/holyhammer/src/algebra/base
combinatorics-41-of-83	combinatorics	41	83	/home/lukasz/dev/HOL/worktrees/holyhammer/src/algebra/base
combinatorics-42-of-83	combinatorics	42	83	/home/lukasz/dev/HOL/worktrees/holyhammer/src/algebra/base
combinatorics-43-of-83	combinatorics	43	83	/home/lukasz/dev/HOL/worktrees/holyhammer/src/algebra/base
combinatorics-44-of-83	combinatorics	44	83	/home/lukasz/dev/HOL/worktrees/holyhammer/src/algebra/base
combinatorics-45-of-83	combinatorics	45	83	/home/lukasz/dev/HOL/worktrees/holyhammer/src/algebra/base
combinatorics-46-of-83	combinatorics	46	83	/home/lukasz/dev/HOL/worktrees/holyhammer/src/algebra/base
combinatorics-47-of-83	combinatorics	47	83	/home/lukasz/dev/HOL/worktrees/holyhammer/src/algebra/base
combinatorics-48-of-83	combinatorics	48	83	/home/lukasz/dev/HOL/worktrees/holyhammer/src/algebra/base
combinatorics-49-of-83	combinatorics	49	83	/home/lukasz/dev/HOL/worktrees/holyhammer/src/algebra/base
combinatorics-50-of-83	combinatorics	50	83	/home/lukasz/dev/HOL/worktrees/holyhammer/src/algebra/base
combinatorics-51-of-83	combinatorics	51	83	/home/lukasz/dev/HOL/worktrees/holyhammer/src/algebra/base
combinatorics-52-of-83	combinatorics	52	83	/home/lukasz/dev/HOL/worktrees/holyhammer/src/algebra/base
combinatorics-53-of-83	combinatorics	53	83	/home/lukasz/dev/HOL/worktrees/holyhammer/src/algebra/base
combinatorics-54-of-83	combinatorics	54	83	/home/lukasz/dev/HOL/worktrees/holyhammer/src/algebra/base
combinatorics-55-of-83	combinatorics	55	83	/home/lukasz/dev/HOL/worktrees/holyhammer/src/algebra/base
combinatorics-56-of-83	combinatorics	56	83	/home/lukasz/dev/HOL/worktrees/holyhammer/src/algebra/base
combinatorics-57-of-83	combinatorics	57	83	/home/lukasz/dev/HOL/worktrees/holyhammer/src/algebra/base
combinatorics-58-of-83	combinatorics	58	83	/home/lukasz/dev/HOL/worktrees/holyhammer/src/algebra/base
combinatorics-59-of-83	combinatorics	59	83	/home/lukasz/dev/HOL/worktrees/holyhammer/src/algebra/base
combinatorics-60-of-83	combinatorics	60	83	/home/lukasz/dev/HOL/worktrees/holyhammer/src/algebra/base
combinatorics-61-of-83	combinatorics	61	83	/home/lukasz/dev/HOL/worktrees/holyhammer/src/algebra/base
combinatorics-62-of-83	combinatorics	62	83	/home/lukasz/dev/HOL/worktrees/holyhammer/src/algebra/base
combinatorics-63-of-83	combinatorics	63	83	/home/lukasz/dev/HOL/worktrees/holyhammer/src/algebra/base
combinatorics-64-of-83	combinatorics	64	83	/home/lukasz/dev/HOL/worktrees/holyhammer/src/algebra/base
combinatorics-65-of-83	combinatorics	65	83	/home/lukasz/dev/HOL/worktrees/holyhammer/src/algebra/base
combinatorics-66-of-83	combinatorics	66	83	/home/lukasz/dev/HOL/worktrees/holyhammer/src/algebra/base
combinatorics-67-of-83	combinatorics	67	83	/home/lukasz/dev/HOL/worktrees/holyhammer/src/algebra/base
combinatorics-68-of-83	combinatorics	68	83	/home/lukasz/dev/HOL/worktrees/holyhammer/src/algebra/base
combinatorics-69-of-83	combinatorics	69	83	/home/lukasz/dev/HOL/worktrees/holyhammer/src/algebra/base
combinatorics-70-of-83	combinatorics	70	83	/home/lukasz/dev/HOL/worktrees/holyhammer/src/algebra/base
combinatorics-71-of-83	combinatorics	71	83	/home/lukasz/dev/HOL/worktrees/holyhammer/src/algebra/base
combinatorics-72-of-83	combinatorics	72	83	/home/lukasz/dev/HOL/worktrees/holyhammer/src/algebra/base
combinatorics-73-of-83	combinatorics	73	83	/home/lukasz/dev/HOL/worktrees/holyhammer/src/algebra/base
combinatorics-74-of-83	combinatorics	74	83	/home/lukasz/dev/HOL/worktrees/holyhammer/src/algebra/base
combinatorics-75-of-83	combinatorics	75	83	/home/lukasz/dev/HOL/worktrees/holyhammer/src/algebra/base
combinatorics-76-of-83	combinatorics	76	83	/home/lukasz/dev/HOL/worktrees/holyhammer/src/algebra/base
combinatorics-77-of-83	combinatorics	77	83	/home/lukasz/dev/HOL/worktrees/holyhammer/src/algebra/base
combinatorics-78-of-83	combinatorics	78	83	/home/lukasz/dev/HOL/worktrees/holyhammer/src/algebra/base
combinatorics-79-of-83	combinatorics	79	83	/home/lukasz/dev/HOL/worktrees/holyhammer/src/algebra/base
combinatorics-80-of-83	combinatorics	80	83	/home/lukasz/dev/HOL/worktrees/holyhammer/src/algebra/base
combinatorics-81-of-83	combinatorics	81	83	/home/lukasz/dev/HOL/worktrees/holyhammer/src/algebra/base
combinatorics-82-of-83	combinatorics	82	83	/home/lukasz/dev/HOL/worktrees/holyhammer/src/algebra/base
companion-0-of-6	companion	0	6	/home/lukasz/dev/HOL/worktrees/holyhammer/src/coalgebras
companion-1-of-6	companion	1	6	/home/lukasz/dev/HOL/worktrees/holyhammer/src/coalgebras
companion-2-of-6	companion	2	6	/home/lukasz/dev/HOL/worktrees/holyhammer/src/coalgebras
companion-3-of-6	companion	3	6	/home/lukasz/dev/HOL/worktrees/holyhammer/src/coalgebras
companion-4-of-6	companion	4	6	/home/lukasz/dev/HOL/worktrees/holyhammer/src/coalgebras
companion-5-of-6	companion	5	6	/home/lukasz/dev/HOL/worktrees/holyhammer/src/coalgebras
comparison-0-of-6	comparison	0	6	/home/lukasz/dev/HOL/worktrees/holyhammer/src/finite_maps
comparison-1-of-6	comparison	1	6	/home/lukasz/dev/HOL/worktrees/holyhammer/src/finite_maps
comparison-2-of-6	comparison	2	6	/home/lukasz/dev/HOL/worktrees/holyhammer/src/finite_maps
comparison-3-of-6	comparison	3	6	/home/lukasz/dev/HOL/worktrees/holyhammer/src/finite_maps
comparison-4-of-6	comparison	4	6	/home/lukasz/dev/HOL/worktrees/holyhammer/src/finite_maps
comparison-5-of-6	comparison	5	6	/home/lukasz/dev/HOL/worktrees/holyhammer/src/finite_maps
complex-0-of-29	complex	0	29	/home/lukasz/dev/HOL/worktrees/holyhammer/src/real/analysis
complex-1-of-29	complex	1	29	/home/lukasz/dev/HOL/worktrees/holyhammer/src/real/analysis
complex-2-of-29	complex	2	29	/home/lukasz/dev/HOL/worktrees/holyhammer/src/real/analysis
complex-3-of-29	complex	3	29	/home/lukasz/dev/HOL/worktrees/holyhammer/src/real/analysis
complex-4-of-29	complex	4	29	/home/lukasz/dev/HOL/worktrees/holyhammer/src/real/analysis
complex-5-of-29	complex	5	29	/home/lukasz/dev/HOL/worktrees/holyhammer/src/real/analysis
complex-6-of-29	complex	6	29	/home/lukasz/dev/HOL/worktrees/holyhammer/src/real/analysis
complex-7-of-29	complex	7	29	/home/lukasz/dev/HOL/worktrees/holyhammer/src/real/analysis
complex-8-of-29	complex	8	29	/home/lukasz/dev/HOL/worktrees/holyhammer/src/real/analysis
complex-9-of-29	complex	9	29	/home/lukasz/dev/HOL/worktrees/holyhammer/src/real/analysis
complex-10-of-29	complex	10	29	/home/lukasz/dev/HOL/worktrees/holyhammer/src/real/analysis
complex-11-of-29	complex	11	29	/home/lukasz/dev/HOL/worktrees/holyhammer/src/real/analysis
complex-12-of-29	complex	12	29	/home/lukasz/dev/HOL/worktrees/holyhammer/src/real/analysis
complex-13-of-29	complex	13	29	/home/lukasz/dev/HOL/worktrees/holyhammer/src/real/analysis
complex-14-of-29	complex	14	29	/home/lukasz/dev/HOL/worktrees/holyhammer/src/real/analysis
complex-15-of-29	complex	15	29	/home/lukasz/dev/HOL/worktrees/holyhammer/src/real/analysis
complex-16-of-29	complex	16	29	/home/lukasz/dev/HOL/worktrees/holyhammer/src/real/analysis
complex-17-of-29	complex	17	29	/home/lukasz/dev/HOL/worktrees/holyhammer/src/real/analysis
complex-18-of-29	complex	18	29	/home/lukasz/dev/HOL/worktrees/holyhammer/src/real/analysis
complex-19-of-29	complex	19	29	/home/lukasz/dev/HOL/worktrees/holyhammer/src/real/analysis
complex-20-of-29	complex	20	29	/home/lukasz/dev/HOL/worktrees/holyhammer/src/real/analysis
complex-21-of-29	complex	21	29	/home/lukasz/dev/HOL/worktrees/holyhammer/src/real/analysis
complex-22-of-29	complex	22	29	/home/lukasz/dev/HOL/worktrees/holyhammer/src/real/analysis
complex-23-of-29	complex	23	29	/home/lukasz/dev/HOL/worktrees/holyhammer/src/real/analysis
complex-24-of-29	complex	24	29	/home/lukasz/dev/HOL/worktrees/holyhammer/src/real/analysis
complex-25-of-29	complex	25	29	/home/lukasz/dev/HOL/worktrees/holyhammer/src/real/analysis
complex-26-of-29	complex	26	29	/home/lukasz/dev/HOL/worktrees/holyhammer/src/real/analysis
complex-27-of-29	complex	27	29	/home/lukasz/dev/HOL/worktrees/holyhammer/src/real/analysis
complex-28-of-29	complex	28	29	/home/lukasz/dev/HOL/worktrees/holyhammer/src/real/analysis
container-0-of-5	container	0	5	/home/lukasz/dev/HOL/worktrees/holyhammer/src/finite_maps
container-1-of-5	container	1	5	/home/lukasz/dev/HOL/worktrees/holyhammer/src/finite_maps
container-2-of-5	container	2	5	/home/lukasz/dev/HOL/worktrees/holyhammer/src/finite_maps
container-3-of-5	container	3	5	/home/lukasz/dev/HOL/worktrees/holyhammer/src/finite_maps
container-4-of-5	container	4	5	/home/lukasz/dev/HOL/worktrees/holyhammer/src/finite_maps
cooper-0-of-4	cooper	0	4	/home/lukasz/dev/HOL/worktrees/holyhammer/src/integer
cooper-1-of-4	cooper	1	4	/home/lukasz/dev/HOL/worktrees/holyhammer/src/integer
cooper-2-of-4	cooper	2	4	/home/lukasz/dev/HOL/worktrees/holyhammer/src/integer
cooper-3-of-4	cooper	3	4	/home/lukasz/dev/HOL/worktrees/holyhammer/src/integer
countable_types-0-of-1	countable_types	0	1	/home/lukasz/dev/HOL/worktrees/holyhammer/src/pred_set/src/more_theories
cv-0-of-7	cv	0	7	/home/lukasz/dev/HOL/worktrees/holyhammer/src/num/theories
cv-1-of-7	cv	1	7	/home/lukasz/dev/HOL/worktrees/holyhammer/src/num/theories
cv-2-of-7	cv	2	7	/home/lukasz/dev/HOL/worktrees/holyhammer/src/num/theories
cv-3-of-7	cv	3	7	/home/lukasz/dev/HOL/worktrees/holyhammer/src/num/theories
cv-4-of-7	cv	4	7	/home/lukasz/dev/HOL/worktrees/holyhammer/src/num/theories
cv-5-of-7	cv	5	7	/home/lukasz/dev/HOL/worktrees/holyhammer/src/num/theories
cv-6-of-7	cv	6	7	/home/lukasz/dev/HOL/worktrees/holyhammer/src/num/theories
cv_compute_unsound-0-of-1	cv_compute_unsound	0	1	/home/lukasz/dev/HOL/worktrees/holyhammer/src/num/theories/cv_compute/soundness_check
cv_prim-0-of-15	cv_prim	0	15	/home/lukasz/dev/HOL/worktrees/holyhammer/src/num/theories/cv_compute/automation
cv_prim-1-of-15	cv_prim	1	15	/home/lukasz/dev/HOL/worktrees/holyhammer/src/num/theories/cv_compute/automation
cv_prim-2-of-15	cv_prim	2	15	/home/lukasz/dev/HOL/worktrees/holyhammer/src/num/theories/cv_compute/automation
cv_prim-3-of-15	cv_prim	3	15	/home/lukasz/dev/HOL/worktrees/holyhammer/src/num/theories/cv_compute/automation
cv_prim-4-of-15	cv_prim	4	15	/home/lukasz/dev/HOL/worktrees/holyhammer/src/num/theories/cv_compute/automation
cv_prim-5-of-15	cv_prim	5	15	/home/lukasz/dev/HOL/worktrees/holyhammer/src/num/theories/cv_compute/automation
cv_prim-6-of-15	cv_prim	6	15	/home/lukasz/dev/HOL/worktrees/holyhammer/src/num/theories/cv_compute/automation
cv_prim-7-of-15	cv_prim	7	15	/home/lukasz/dev/HOL/worktrees/holyhammer/src/num/theories/cv_compute/automation
cv_prim-8-of-15	cv_prim	8	15	/home/lukasz/dev/HOL/worktrees/holyhammer/src/num/theories/cv_compute/automation
cv_prim-9-of-15	cv_prim	9	15	/home/lukasz/dev/HOL/worktrees/holyhammer/src/num/theories/cv_compute/automation
cv_prim-10-of-15	cv_prim	10	15	/home/lukasz/dev/HOL/worktrees/holyhammer/src/num/theories/cv_compute/automation
cv_prim-11-of-15	cv_prim	11	15	/home/lukasz/dev/HOL/worktrees/holyhammer/src/num/theories/cv_compute/automation
cv_prim-12-of-15	cv_prim	12	15	/home/lukasz/dev/HOL/worktrees/holyhammer/src/num/theories/cv_compute/automation
cv_prim-13-of-15	cv_prim	13	15	/home/lukasz/dev/HOL/worktrees/holyhammer/src/num/theories/cv_compute/automation
cv_prim-14-of-15	cv_prim	14	15	/home/lukasz/dev/HOL/worktrees/holyhammer/src/num/theories/cv_compute/automation
cv_rep-0-of-2	cv_rep	0	2	/home/lukasz/dev/HOL/worktrees/holyhammer/src/num/theories/cv_compute/automation
cv_rep-1-of-2	cv_rep	1	2	/home/lukasz/dev/HOL/worktrees/holyhammer/src/num/theories/cv_compute/automation
cv_std-0-of-31	cv_std	0	31	/home/lukasz/dev/HOL/worktrees/holyhammer/src/num/theories/cv_compute/automation
cv_std-1-of-31	cv_std	1	31	/home/lukasz/dev/HOL/worktrees/holyhammer/src/num/theories/cv_compute/automation
cv_std-2-of-31	cv_std	2	31	/home/lukasz/dev/HOL/worktrees/holyhammer/src/num/theories/cv_compute/automation
cv_std-3-of-31	cv_std	3	31	/home/lukasz/dev/HOL/worktrees/holyhammer/src/num/theories/cv_compute/automation
cv_std-4-of-31	cv_std	4	31	/home/lukasz/dev/HOL/worktrees/holyhammer/src/num/theories/cv_compute/automation
cv_std-5-of-31	cv_std	5	31	/home/lukasz/dev/HOL/worktrees/holyhammer/src/num/theories/cv_compute/automation
cv_std-6-of-31	cv_std	6	31	/home/lukasz/dev/HOL/worktrees/holyhammer/src/num/theories/cv_compute/automation
cv_std-7-of-31	cv_std	7	31	/home/lukasz/dev/HOL/worktrees/holyhammer/src/num/theories/cv_compute/automation
cv_std-8-of-31	cv_std	8	31	/home/lukasz/dev/HOL/worktrees/holyhammer/src/num/theories/cv_compute/automation
cv_std-9-of-31	cv_std	9	31	/home/lukasz/dev/HOL/worktrees/holyhammer/src/num/theories/cv_compute/automation
cv_std-10-of-31	cv_std	10	31	/home/lukasz/dev/HOL/worktrees/holyhammer/src/num/theories/cv_compute/automation
cv_std-11-of-31	cv_std	11	31	/home/lukasz/dev/HOL/worktrees/holyhammer/src/num/theories/cv_compute/automation
cv_std-12-of-31	cv_std	12	31	/home/lukasz/dev/HOL/worktrees/holyhammer/src/num/theories/cv_compute/automation
cv_std-13-of-31	cv_std	13	31	/home/lukasz/dev/HOL/worktrees/holyhammer/src/num/theories/cv_compute/automation
cv_std-14-of-31	cv_std	14	31	/home/lukasz/dev/HOL/worktrees/holyhammer/src/num/theories/cv_compute/automation
cv_std-15-of-31	cv_std	15	31	/home/lukasz/dev/HOL/worktrees/holyhammer/src/num/theories/cv_compute/automation
cv_std-16-of-31	cv_std	16	31	/home/lukasz/dev/HOL/worktrees/holyhammer/src/num/theories/cv_compute/automation
cv_std-17-of-31	cv_std	17	31	/home/lukasz/dev/HOL/worktrees/holyhammer/src/num/theories/cv_compute/automation
cv_std-18-of-31	cv_std	18	31	/home/lukasz/dev/HOL/worktrees/holyhammer/src/num/theories/cv_compute/automation
cv_std-19-of-31	cv_std	19	31	/home/lukasz/dev/HOL/worktrees/holyhammer/src/num/theories/cv_compute/automation
cv_std-20-of-31	cv_std	20	31	/home/lukasz/dev/HOL/worktrees/holyhammer/src/num/theories/cv_compute/automation
cv_std-21-of-31	cv_std	21	31	/home/lukasz/dev/HOL/worktrees/holyhammer/src/num/theories/cv_compute/automation
cv_std-22-of-31	cv_std	22	31	/home/lukasz/dev/HOL/worktrees/holyhammer/src/num/theories/cv_compute/automation
cv_std-23-of-31	cv_std	23	31	/home/lukasz/dev/HOL/worktrees/holyhammer/src/num/theories/cv_compute/automation
cv_std-24-of-31	cv_std	24	31	/home/lukasz/dev/HOL/worktrees/holyhammer/src/num/theories/cv_compute/automation
cv_std-25-of-31	cv_std	25	31	/home/lukasz/dev/HOL/worktrees/holyhammer/src/num/theories/cv_compute/automation
cv_std-26-of-31	cv_std	26	31	/home/lukasz/dev/HOL/worktrees/holyhammer/src/num/theories/cv_compute/automation
cv_std-27-of-31	cv_std	27	31	/home/lukasz/dev/HOL/worktrees/holyhammer/src/num/theories/cv_compute/automation
cv_std-28-of-31	cv_std	28	31	/home/lukasz/dev/HOL/worktrees/holyhammer/src/num/theories/cv_compute/automation
cv_std-29-of-31	cv_std	29	31	/home/lukasz/dev/HOL/worktrees/holyhammer/src/num/theories/cv_compute/automation
cv_std-30-of-31	cv_std	30	31	/home/lukasz/dev/HOL/worktrees/holyhammer/src/num/theories/cv_compute/automation
cv_string_fmap-0-of-12	cv_string_fmap	0	12	/home/lukasz/dev/HOL/worktrees/holyhammer/src/num/theories/cv_compute/automation
cv_string_fmap-1-of-12	cv_string_fmap	1	12	/home/lukasz/dev/HOL/worktrees/holyhammer/src/num/theories/cv_compute/automation
cv_string_fmap-2-of-12	cv_string_fmap	2	12	/home/lukasz/dev/HOL/worktrees/holyhammer/src/num/theories/cv_compute/automation
cv_string_fmap-3-of-12	cv_string_fmap	3	12	/home/lukasz/dev/HOL/worktrees/holyhammer/src/num/theories/cv_compute/automation
cv_string_fmap-4-of-12	cv_string_fmap	4	12	/home/lukasz/dev/HOL/worktrees/holyhammer/src/num/theories/cv_compute/automation
cv_string_fmap-5-of-12	cv_string_fmap	5	12	/home/lukasz/dev/HOL/worktrees/holyhammer/src/num/theories/cv_compute/automation
cv_string_fmap-6-of-12	cv_string_fmap	6	12	/home/lukasz/dev/HOL/worktrees/holyhammer/src/num/theories/cv_compute/automation
cv_string_fmap-7-of-12	cv_string_fmap	7	12	/home/lukasz/dev/HOL/worktrees/holyhammer/src/num/theories/cv_compute/automation
cv_string_fmap-8-of-12	cv_string_fmap	8	12	/home/lukasz/dev/HOL/worktrees/holyhammer/src/num/theories/cv_compute/automation
cv_string_fmap-9-of-12	cv_string_fmap	9	12	/home/lukasz/dev/HOL/worktrees/holyhammer/src/num/theories/cv_compute/automation
cv_string_fmap-10-of-12	cv_string_fmap	10	12	/home/lukasz/dev/HOL/worktrees/holyhammer/src/num/theories/cv_compute/automation
cv_string_fmap-11-of-12	cv_string_fmap	11	12	/home/lukasz/dev/HOL/worktrees/holyhammer/src/num/theories/cv_compute/automation
cv_type-0-of-4	cv_type	0	4	/home/lukasz/dev/HOL/worktrees/holyhammer/src/num/theories/cv_compute/automation
cv_type-1-of-4	cv_type	1	4	/home/lukasz/dev/HOL/worktrees/holyhammer/src/num/theories/cv_compute/automation
cv_type-2-of-4	cv_type	2	4	/home/lukasz/dev/HOL/worktrees/holyhammer/src/num/theories/cv_compute/automation
cv_type-3-of-4	cv_type	3	4	/home/lukasz/dev/HOL/worktrees/holyhammer/src/num/theories/cv_compute/automation
defCNF-0-of-2	defCNF	0	2	/home/lukasz/dev/HOL/worktrees/holyhammer/src/HolSat/vector_def_CNF
defCNF-1-of-2	defCNF	1	2	/home/lukasz/dev/HOL/worktrees/holyhammer/src/HolSat/vector_def_CNF
derivative-0-of-18	derivative	0	18	/home/lukasz/dev/HOL/worktrees/holyhammer/src/real/analysis
derivative-1-of-18	derivative	1	18	/home/lukasz/dev/HOL/worktrees/holyhammer/src/real/analysis
derivative-2-of-18	derivative	2	18	/home/lukasz/dev/HOL/worktrees/holyhammer/src/real/analysis
derivative-3-of-18	derivative	3	18	/home/lukasz/dev/HOL/worktrees/holyhammer/src/real/analysis
derivative-4-of-18	derivative	4	18	/home/lukasz/dev/HOL/worktrees/holyhammer/src/real/analysis
derivative-5-of-18	derivative	5	18	/home/lukasz/dev/HOL/worktrees/holyhammer/src/real/analysis
derivative-6-of-18	derivative	6	18	/home/lukasz/dev/HOL/worktrees/holyhammer/src/real/analysis
derivative-7-of-18	derivative	7	18	/home/lukasz/dev/HOL/worktrees/holyhammer/src/real/analysis
derivative-8-of-18	derivative	8	18	/home/lukasz/dev/HOL/worktrees/holyhammer/src/real/analysis
derivative-9-of-18	derivative	9	18	/home/lukasz/dev/HOL/worktrees/holyhammer/src/real/analysis
derivative-10-of-18	derivative	10	18	/home/lukasz/dev/HOL/worktrees/holyhammer/src/real/analysis
derivative-11-of-18	derivative	11	18	/home/lukasz/dev/HOL/worktrees/holyhammer/src/real/analysis
derivative-12-of-18	derivative	12	18	/home/lukasz/dev/HOL/worktrees/holyhammer/src/real/analysis
derivative-13-of-18	derivative	13	18	/home/lukasz/dev/HOL/worktrees/holyhammer/src/real/analysis
derivative-14-of-18	derivative	14	18	/home/lukasz/dev/HOL/worktrees/holyhammer/src/real/analysis
derivative-15-of-18	derivative	15	18	/home/lukasz/dev/HOL/worktrees/holyhammer/src/real/analysis
derivative-16-of-18	derivative	16	18	/home/lukasz/dev/HOL/worktrees/holyhammer/src/real/analysis
derivative-17-of-18	derivative	17	18	/home/lukasz/dev/HOL/worktrees/holyhammer/src/real/analysis
dft-0-of-2	dft	0	2	/home/lukasz/dev/HOL/worktrees/holyhammer/src/search
dft-1-of-2	dft	1	2	/home/lukasz/dev/HOL/worktrees/holyhammer/src/search
dirGraph-0-of-1	dirGraph	0	1	/home/lukasz/dev/HOL/worktrees/holyhammer/src/search
divides-0-of-11	divides	0	11	/home/lukasz/dev/HOL/worktrees/holyhammer/src/num/extra_theories
divides-1-of-11	divides	1	11	/home/lukasz/dev/HOL/worktrees/holyhammer/src/num/extra_theories
divides-2-of-11	divides	2	11	/home/lukasz/dev/HOL/worktrees/holyhammer/src/num/extra_theories
divides-3-of-11	divides	3	11	/home/lukasz/dev/HOL/worktrees/holyhammer/src/num/extra_theories
divides-4-of-11	divides	4	11	/home/lukasz/dev/HOL/worktrees/holyhammer/src/num/extra_theories
divides-5-of-11	divides	5	11	/home/lukasz/dev/HOL/worktrees/holyhammer/src/num/extra_theories
divides-6-of-11	divides	6	11	/home/lukasz/dev/HOL/worktrees/holyhammer/src/num/extra_theories
divides-7-of-11	divides	7	11	/home/lukasz/dev/HOL/worktrees/holyhammer/src/num/extra_theories
divides-8-of-11	divides	8	11	/home/lukasz/dev/HOL/worktrees/holyhammer/src/num/extra_theories
divides-9-of-11	divides	9	11	/home/lukasz/dev/HOL/worktrees/holyhammer/src/num/extra_theories
divides-10-of-11	divides	10	11	/home/lukasz/dev/HOL/worktrees/holyhammer/src/num/extra_theories
enumeral-0-of-8	enumeral	0	8	/home/lukasz/dev/HOL/worktrees/holyhammer/src/finite_maps
enumeral-1-of-8	enumeral	1	8	/home/lukasz/dev/HOL/worktrees/holyhammer/src/finite_maps
enumeral-2-of-8	enumeral	2	8	/home/lukasz/dev/HOL/worktrees/holyhammer/src/finite_maps
enumeral-3-of-8	enumeral	3	8	/home/lukasz/dev/HOL/worktrees/holyhammer/src/finite_maps
enumeral-4-of-8	enumeral	4	8	/home/lukasz/dev/HOL/worktrees/holyhammer/src/finite_maps
enumeral-5-of-8	enumeral	5	8	/home/lukasz/dev/HOL/worktrees/holyhammer/src/finite_maps
enumeral-6-of-8	enumeral	6	8	/home/lukasz/dev/HOL/worktrees/holyhammer/src/finite_maps
enumeral-7-of-8	enumeral	7	8	/home/lukasz/dev/HOL/worktrees/holyhammer/src/finite_maps
errorLogMonad-0-of-1	errorLogMonad	0	1	/home/lukasz/dev/HOL/worktrees/holyhammer/src/monad/more_monads
errorMonad-0-of-2	errorMonad	0	2	/home/lukasz/dev/HOL/worktrees/holyhammer/src/monad/more_monads
errorMonad-1-of-2	errorMonad	1	2	/home/lukasz/dev/HOL/worktrees/holyhammer/src/monad/more_monads
errorStateMonad-0-of-5	errorStateMonad	0	5	/home/lukasz/dev/HOL/worktrees/holyhammer/src/monad/more_monads
errorStateMonad-1-of-5	errorStateMonad	1	5	/home/lukasz/dev/HOL/worktrees/holyhammer/src/monad/more_monads
errorStateMonad-2-of-5	errorStateMonad	2	5	/home/lukasz/dev/HOL/worktrees/holyhammer/src/monad/more_monads
errorStateMonad-3-of-5	errorStateMonad	3	5	/home/lukasz/dev/HOL/worktrees/holyhammer/src/monad/more_monads
errorStateMonad-4-of-5	errorStateMonad	4	5	/home/lukasz/dev/HOL/worktrees/holyhammer/src/monad/more_monads
exclSimps-0-of-1	exclSimps	0	1	/home/lukasz/dev/HOL/worktrees/holyhammer/src/basicProof/theory_tests
extended_emit-0-of-1	extended_emit	0	1	/home/lukasz/dev/HOL/worktrees/holyhammer/src/emit
extreal-0-of-105	extreal	0	105	/home/lukasz/dev/HOL/worktrees/holyhammer/src/probability
extreal-1-of-105	extreal	1	105	/home/lukasz/dev/HOL/worktrees/holyhammer/src/probability
extreal-2-of-105	extreal	2	105	/home/lukasz/dev/HOL/worktrees/holyhammer/src/probability
extreal-3-of-105	extreal	3	105	/home/lukasz/dev/HOL/worktrees/holyhammer/src/probability
extreal-4-of-105	extreal	4	105	/home/lukasz/dev/HOL/worktrees/holyhammer/src/probability
extreal-5-of-105	extreal	5	105	/home/lukasz/dev/HOL/worktrees/holyhammer/src/probability
extreal-6-of-105	extreal	6	105	/home/lukasz/dev/HOL/worktrees/holyhammer/src/probability
extreal-7-of-105	extreal	7	105	/home/lukasz/dev/HOL/worktrees/holyhammer/src/probability
extreal-8-of-105	extreal	8	105	/home/lukasz/dev/HOL/worktrees/holyhammer/src/probability
extreal-9-of-105	extreal	9	105	/home/lukasz/dev/HOL/worktrees/holyhammer/src/probability
extreal-10-of-105	extreal	10	105	/home/lukasz/dev/HOL/worktrees/holyhammer/src/probability
extreal-11-of-105	extreal	11	105	/home/lukasz/dev/HOL/worktrees/holyhammer/src/probability
extreal-12-of-105	extreal	12	105	/home/lukasz/dev/HOL/worktrees/holyhammer/src/probability
extreal-13-of-105	extreal	13	105	/home/lukasz/dev/HOL/worktrees/holyhammer/src/probability
extreal-14-of-105	extreal	14	105	/home/lukasz/dev/HOL/worktrees/holyhammer/src/probability
extreal-15-of-105	extreal	15	105	/home/lukasz/dev/HOL/worktrees/holyhammer/src/probability
extreal-16-of-105	extreal	16	105	/home/lukasz/dev/HOL/worktrees/holyhammer/src/probability
extreal-17-of-105	extreal	17	105	/home/lukasz/dev/HOL/worktrees/holyhammer/src/probability
extreal-18-of-105	extreal	18	105	/home/lukasz/dev/HOL/worktrees/holyhammer/src/probability
extreal-19-of-105	extreal	19	105	/home/lukasz/dev/HOL/worktrees/holyhammer/src/probability
extreal-20-of-105	extreal	20	105	/home/lukasz/dev/HOL/worktrees/holyhammer/src/probability
extreal-21-of-105	extreal	21	105	/home/lukasz/dev/HOL/worktrees/holyhammer/src/probability
extreal-22-of-105	extreal	22	105	/home/lukasz/dev/HOL/worktrees/holyhammer/src/probability
extreal-23-of-105	extreal	23	105	/home/lukasz/dev/HOL/worktrees/holyhammer/src/probability
extreal-24-of-105	extreal	24	105	/home/lukasz/dev/HOL/worktrees/holyhammer/src/probability
extreal-25-of-105	extreal	25	105	/home/lukasz/dev/HOL/worktrees/holyhammer/src/probability
extreal-26-of-105	extreal	26	105	/home/lukasz/dev/HOL/worktrees/holyhammer/src/probability
extreal-27-of-105	extreal	27	105	/home/lukasz/dev/HOL/worktrees/holyhammer/src/probability
extreal-28-of-105	extreal	28	105	/home/lukasz/dev/HOL/worktrees/holyhammer/src/probability
extreal-29-of-105	extreal	29	105	/home/lukasz/dev/HOL/worktrees/holyhammer/src/probability
extreal-30-of-105	extreal	30	105	/home/lukasz/dev/HOL/worktrees/holyhammer/src/probability
extreal-31-of-105	extreal	31	105	/home/lukasz/dev/HOL/worktrees/holyhammer/src/probability
extreal-32-of-105	extreal	32	105	/home/lukasz/dev/HOL/worktrees/holyhammer/src/probability
extreal-33-of-105	extreal	33	105	/home/lukasz/dev/HOL/worktrees/holyhammer/src/probability
extreal-34-of-105	extreal	34	105	/home/lukasz/dev/HOL/worktrees/holyhammer/src/probability
extreal-35-of-105	extreal	35	105	/home/lukasz/dev/HOL/worktrees/holyhammer/src/probability
extreal-36-of-105	extreal	36	105	/home/lukasz/dev/HOL/worktrees/holyhammer/src/probability
extreal-37-of-105	extreal	37	105	/home/lukasz/dev/HOL/worktrees/holyhammer/src/probability
extreal-38-of-105	extreal	38	105	/home/lukasz/dev/HOL/worktrees/holyhammer/src/probability
extreal-39-of-105	extreal	39	105	/home/lukasz/dev/HOL/worktrees/holyhammer/src/probability
extreal-40-of-105	extreal	40	105	/home/lukasz/dev/HOL/worktrees/holyhammer/src/probability
extreal-41-of-105	extreal	41	105	/home/lukasz/dev/HOL/worktrees/holyhammer/src/probability
extreal-42-of-105	extreal	42	105	/home/lukasz/dev/HOL/worktrees/holyhammer/src/probability
extreal-43-of-105	extreal	43	105	/home/lukasz/dev/HOL/worktrees/holyhammer/src/probability
extreal-44-of-105	extreal	44	105	/home/lukasz/dev/HOL/worktrees/holyhammer/src/probability
extreal-45-of-105	extreal	45	105	/home/lukasz/dev/HOL/worktrees/holyhammer/src/probability
extreal-46-of-105	extreal	46	105	/home/lukasz/dev/HOL/worktrees/holyhammer/src/probability
extreal-47-of-105	extreal	47	105	/home/lukasz/dev/HOL/worktrees/holyhammer/src/probability
extreal-48-of-105	extreal	48	105	/home/lukasz/dev/HOL/worktrees/holyhammer/src/probability
extreal-49-of-105	extreal	49	105	/home/lukasz/dev/HOL/worktrees/holyhammer/src/probability
extreal-50-of-105	extreal	50	105	/home/lukasz/dev/HOL/worktrees/holyhammer/src/probability
extreal-51-of-105	extreal	51	105	/home/lukasz/dev/HOL/worktrees/holyhammer/src/probability
extreal-52-of-105	extreal	52	105	/home/lukasz/dev/HOL/worktrees/holyhammer/src/probability
extreal-53-of-105	extreal	53	105	/home/lukasz/dev/HOL/worktrees/holyhammer/src/probability
extreal-54-of-105	extreal	54	105	/home/lukasz/dev/HOL/worktrees/holyhammer/src/probability
extreal-55-of-105	extreal	55	105	/home/lukasz/dev/HOL/worktrees/holyhammer/src/probability
extreal-56-of-105	extreal	56	105	/home/lukasz/dev/HOL/worktrees/holyhammer/src/probability
extreal-57-of-105	extreal	57	105	/home/lukasz/dev/HOL/worktrees/holyhammer/src/probability
extreal-58-of-105	extreal	58	105	/home/lukasz/dev/HOL/worktrees/holyhammer/src/probability
extreal-59-of-105	extreal	59	105	/home/lukasz/dev/HOL/worktrees/holyhammer/src/probability
extreal-60-of-105	extreal	60	105	/home/lukasz/dev/HOL/worktrees/holyhammer/src/probability
extreal-61-of-105	extreal	61	105	/home/lukasz/dev/HOL/worktrees/holyhammer/src/probability
extreal-62-of-105	extreal	62	105	/home/lukasz/dev/HOL/worktrees/holyhammer/src/probability
extreal-63-of-105	extreal	63	105	/home/lukasz/dev/HOL/worktrees/holyhammer/src/probability
extreal-64-of-105	extreal	64	105	/home/lukasz/dev/HOL/worktrees/holyhammer/src/probability
extreal-65-of-105	extreal	65	105	/home/lukasz/dev/HOL/worktrees/holyhammer/src/probability
extreal-66-of-105	extreal	66	105	/home/lukasz/dev/HOL/worktrees/holyhammer/src/probability
extreal-67-of-105	extreal	67	105	/home/lukasz/dev/HOL/worktrees/holyhammer/src/probability
extreal-68-of-105	extreal	68	105	/home/lukasz/dev/HOL/worktrees/holyhammer/src/probability
extreal-69-of-105	extreal	69	105	/home/lukasz/dev/HOL/worktrees/holyhammer/src/probability
extreal-70-of-105	extreal	70	105	/home/lukasz/dev/HOL/worktrees/holyhammer/src/probability
extreal-71-of-105	extreal	71	105	/home/lukasz/dev/HOL/worktrees/holyhammer/src/probability
extreal-72-of-105	extreal	72	105	/home/lukasz/dev/HOL/worktrees/holyhammer/src/probability
extreal-73-of-105	extreal	73	105	/home/lukasz/dev/HOL/worktrees/holyhammer/src/probability
extreal-74-of-105	extreal	74	105	/home/lukasz/dev/HOL/worktrees/holyhammer/src/probability
extreal-75-of-105	extreal	75	105	/home/lukasz/dev/HOL/worktrees/holyhammer/src/probability
extreal-76-of-105	extreal	76	105	/home/lukasz/dev/HOL/worktrees/holyhammer/src/probability
extreal-77-of-105	extreal	77	105	/home/lukasz/dev/HOL/worktrees/holyhammer/src/probability
extreal-78-of-105	extreal	78	105	/home/lukasz/dev/HOL/worktrees/holyhammer/src/probability
extreal-79-of-105	extreal	79	105	/home/lukasz/dev/HOL/worktrees/holyhammer/src/probability
extreal-80-of-105	extreal	80	105	/home/lukasz/dev/HOL/worktrees/holyhammer/src/probability
extreal-81-of-105	extreal	81	105	/home/lukasz/dev/HOL/worktrees/holyhammer/src/probability
extreal-82-of-105	extreal	82	105	/home/lukasz/dev/HOL/worktrees/holyhammer/src/probability
extreal-83-of-105	extreal	83	105	/home/lukasz/dev/HOL/worktrees/holyhammer/src/probability
extreal-84-of-105	extreal	84	105	/home/lukasz/dev/HOL/worktrees/holyhammer/src/probability
extreal-85-of-105	extreal	85	105	/home/lukasz/dev/HOL/worktrees/holyhammer/src/probability
extreal-86-of-105	extreal	86	105	/home/lukasz/dev/HOL/worktrees/holyhammer/src/probability
extreal-87-of-105	extreal	87	105	/home/lukasz/dev/HOL/worktrees/holyhammer/src/probability
extreal-88-of-105	extreal	88	105	/home/lukasz/dev/HOL/worktrees/holyhammer/src/probability
extreal-89-of-105	extreal	89	105	/home/lukasz/dev/HOL/worktrees/holyhammer/src/probability
extreal-90-of-105	extreal	90	105	/home/lukasz/dev/HOL/worktrees/holyhammer/src/probability
extreal-91-of-105	extreal	91	105	/home/lukasz/dev/HOL/worktrees/holyhammer/src/probability
extreal-92-of-105	extreal	92	105	/home/lukasz/dev/HOL/worktrees/holyhammer/src/probability
extreal-93-of-105	extreal	93	105	/home/lukasz/dev/HOL/worktrees/holyhammer/src/probability
extreal-94-of-105	extreal	94	105	/home/lukasz/dev/HOL/worktrees/holyhammer/src/probability
extreal-95-of-105	extreal	95	105	/home/lukasz/dev/HOL/worktrees/holyhammer/src/probability
extreal-96-of-105	extreal	96	105	/home/lukasz/dev/HOL/worktrees/holyhammer/src/probability
extreal-97-of-105	extreal	97	105	/home/lukasz/dev/HOL/worktrees/holyhammer/src/probability
extreal-98-of-105	extreal	98	105	/home/lukasz/dev/HOL/worktrees/holyhammer/src/probability
extreal-99-of-105	extreal	99	105	/home/lukasz/dev/HOL/worktrees/holyhammer/src/probability
extreal-100-of-105	extreal	100	105	/home/lukasz/dev/HOL/worktrees/holyhammer/src/probability
extreal-101-of-105	extreal	101	105	/home/lukasz/dev/HOL/worktrees/holyhammer/src/probability
extreal-102-of-105	extreal	102	105	/home/lukasz/dev/HOL/worktrees/holyhammer/src/probability
extreal-103-of-105	extreal	103	105	/home/lukasz/dev/HOL/worktrees/holyhammer/src/probability
extreal-104-of-105	extreal	104	105	/home/lukasz/dev/HOL/worktrees/holyhammer/src/probability
extreal_base-0-of-53	extreal_base	0	53	/home/lukasz/dev/HOL/worktrees/holyhammer/src/real
extreal_base-1-of-53	extreal_base	1	53	/home/lukasz/dev/HOL/worktrees/holyhammer/src/real
extreal_base-2-of-53	extreal_base	2	53	/home/lukasz/dev/HOL/worktrees/holyhammer/src/real
extreal_base-3-of-53	extreal_base	3	53	/home/lukasz/dev/HOL/worktrees/holyhammer/src/real
extreal_base-4-of-53	extreal_base	4	53	/home/lukasz/dev/HOL/worktrees/holyhammer/src/real
extreal_base-5-of-53	extreal_base	5	53	/home/lukasz/dev/HOL/worktrees/holyhammer/src/real
extreal_base-6-of-53	extreal_base	6	53	/home/lukasz/dev/HOL/worktrees/holyhammer/src/real
extreal_base-7-of-53	extreal_base	7	53	/home/lukasz/dev/HOL/worktrees/holyhammer/src/real
extreal_base-8-of-53	extreal_base	8	53	/home/lukasz/dev/HOL/worktrees/holyhammer/src/real
extreal_base-9-of-53	extreal_base	9	53	/home/lukasz/dev/HOL/worktrees/holyhammer/src/real
extreal_base-10-of-53	extreal_base	10	53	/home/lukasz/dev/HOL/worktrees/holyhammer/src/real
extreal_base-11-of-53	extreal_base	11	53	/home/lukasz/dev/HOL/worktrees/holyhammer/src/real
extreal_base-12-of-53	extreal_base	12	53	/home/lukasz/dev/HOL/worktrees/holyhammer/src/real
extreal_base-13-of-53	extreal_base	13	53	/home/lukasz/dev/HOL/worktrees/holyhammer/src/real
extreal_base-14-of-53	extreal_base	14	53	/home/lukasz/dev/HOL/worktrees/holyhammer/src/real
extreal_base-15-of-53	extreal_base	15	53	/home/lukasz/dev/HOL/worktrees/holyhammer/src/real
extreal_base-16-of-53	extreal_base	16	53	/home/lukasz/dev/HOL/worktrees/holyhammer/src/real
extreal_base-17-of-53	extreal_base	17	53	/home/lukasz/dev/HOL/worktrees/holyhammer/src/real
extreal_base-18-of-53	extreal_base	18	53	/home/lukasz/dev/HOL/worktrees/holyhammer/src/real
extreal_base-19-of-53	extreal_base	19	53	/home/lukasz/dev/HOL/worktrees/holyhammer/src/real
extreal_base-20-of-53	extreal_base	20	53	/home/lukasz/dev/HOL/worktrees/holyhammer/src/real
extreal_base-21-of-53	extreal_base	21	53	/home/lukasz/dev/HOL/worktrees/holyhammer/src/real
extreal_base-22-of-53	extreal_base	22	53	/home/lukasz/dev/HOL/worktrees/holyhammer/src/real
extreal_base-23-of-53	extreal_base	23	53	/home/lukasz/dev/HOL/worktrees/holyhammer/src/real
extreal_base-24-of-53	extreal_base	24	53	/home/lukasz/dev/HOL/worktrees/holyhammer/src/real
extreal_base-25-of-53	extreal_base	25	53	/home/lukasz/dev/HOL/worktrees/holyhammer/src/real
extreal_base-26-of-53	extreal_base	26	53	/home/lukasz/dev/HOL/worktrees/holyhammer/src/real
extreal_base-27-of-53	extreal_base	27	53	/home/lukasz/dev/HOL/worktrees/holyhammer/src/real
extreal_base-28-of-53	extreal_base	28	53	/home/lukasz/dev/HOL/worktrees/holyhammer/src/real
extreal_base-29-of-53	extreal_base	29	53	/home/lukasz/dev/HOL/worktrees/holyhammer/src/real
extreal_base-30-of-53	extreal_base	30	53	/home/lukasz/dev/HOL/worktrees/holyhammer/src/real
extreal_base-31-of-53	extreal_base	31	53	/home/lukasz/dev/HOL/worktrees/holyhammer/src/real
extreal_base-32-of-53	extreal_base	32	53	/home/lukasz/dev/HOL/worktrees/holyhammer/src/real
extreal_base-33-of-53	extreal_base	33	53	/home/lukasz/dev/HOL/worktrees/holyhammer/src/real
extreal_base-34-of-53	extreal_base	34	53	/home/lukasz/dev/HOL/worktrees/holyhammer/src/real
extreal_base-35-of-53	extreal_base	35	53	/home/lukasz/dev/HOL/worktrees/holyhammer/src/real
extreal_base-36-of-53	extreal_base	36	53	/home/lukasz/dev/HOL/worktrees/holyhammer/src/real
extreal_base-37-of-53	extreal_base	37	53	/home/lukasz/dev/HOL/worktrees/holyhammer/src/real
extreal_base-38-of-53	extreal_base	38	53	/home/lukasz/dev/HOL/worktrees/holyhammer/src/real
extreal_base-39-of-53	extreal_base	39	53	/home/lukasz/dev/HOL/worktrees/holyhammer/src/real
extreal_base-40-of-53	extreal_base	40	53	/home/lukasz/dev/HOL/worktrees/holyhammer/src/real
extreal_base-41-of-53	extreal_base	41	53	/home/lukasz/dev/HOL/worktrees/holyhammer/src/real
extreal_base-42-of-53	extreal_base	42	53	/home/lukasz/dev/HOL/worktrees/holyhammer/src/real
extreal_base-43-of-53	extreal_base	43	53	/home/lukasz/dev/HOL/worktrees/holyhammer/src/real
extreal_base-44-of-53	extreal_base	44	53	/home/lukasz/dev/HOL/worktrees/holyhammer/src/real
extreal_base-45-of-53	extreal_base	45	53	/home/lukasz/dev/HOL/worktrees/holyhammer/src/real
extreal_base-46-of-53	extreal_base	46	53	/home/lukasz/dev/HOL/worktrees/holyhammer/src/real
extreal_base-47-of-53	extreal_base	47	53	/home/lukasz/dev/HOL/worktrees/holyhammer/src/real
extreal_base-48-of-53	extreal_base	48	53	/home/lukasz/dev/HOL/worktrees/holyhammer/src/real
extreal_base-49-of-53	extreal_base	49	53	/home/lukasz/dev/HOL/worktrees/holyhammer/src/real
extreal_base-50-of-53	extreal_base	50	53	/home/lukasz/dev/HOL/worktrees/holyhammer/src/real
extreal_base-51-of-53	extreal_base	51	53	/home/lukasz/dev/HOL/worktrees/holyhammer/src/real
extreal_base-52-of-53	extreal_base	52	53	/home/lukasz/dev/HOL/worktrees/holyhammer/src/real
fcp-0-of-8	fcp	0	8	/home/lukasz/dev/HOL/worktrees/holyhammer/src/n-bit
fcp-1-of-8	fcp	1	8	/home/lukasz/dev/HOL/worktrees/holyhammer/src/n-bit
fcp-2-of-8	fcp	2	8	/home/lukasz/dev/HOL/worktrees/holyhammer/src/n-bit
fcp-3-of-8	fcp	3	8	/home/lukasz/dev/HOL/worktrees/holyhammer/src/n-bit
fcp-4-of-8	fcp	4	8	/home/lukasz/dev/HOL/worktrees/holyhammer/src/n-bit
fcp-5-of-8	fcp	5	8	/home/lukasz/dev/HOL/worktrees/holyhammer/src/n-bit
fcp-6-of-8	fcp	6	8	/home/lukasz/dev/HOL/worktrees/holyhammer/src/n-bit
fcp-7-of-8	fcp	7	8	/home/lukasz/dev/HOL/worktrees/holyhammer/src/n-bit
finite_map-0-of-40	finite_map	0	40	/home/lukasz/dev/HOL/worktrees/holyhammer/src/finite_maps
finite_map-1-of-40	finite_map	1	40	/home/lukasz/dev/HOL/worktrees/holyhammer/src/finite_maps
finite_map-2-of-40	finite_map	2	40	/home/lukasz/dev/HOL/worktrees/holyhammer/src/finite_maps
finite_map-3-of-40	finite_map	3	40	/home/lukasz/dev/HOL/worktrees/holyhammer/src/finite_maps
finite_map-4-of-40	finite_map	4	40	/home/lukasz/dev/HOL/worktrees/holyhammer/src/finite_maps
finite_map-5-of-40	finite_map	5	40	/home/lukasz/dev/HOL/worktrees/holyhammer/src/finite_maps
finite_map-6-of-40	finite_map	6	40	/home/lukasz/dev/HOL/worktrees/holyhammer/src/finite_maps
finite_map-7-of-40	finite_map	7	40	/home/lukasz/dev/HOL/worktrees/holyhammer/src/finite_maps
finite_map-8-of-40	finite_map	8	40	/home/lukasz/dev/HOL/worktrees/holyhammer/src/finite_maps
finite_map-9-of-40	finite_map	9	40	/home/lukasz/dev/HOL/worktrees/holyhammer/src/finite_maps
finite_map-10-of-40	finite_map	10	40	/home/lukasz/dev/HOL/worktrees/holyhammer/src/finite_maps
finite_map-11-of-40	finite_map	11	40	/home/lukasz/dev/HOL/worktrees/holyhammer/src/finite_maps
finite_map-12-of-40	finite_map	12	40	/home/lukasz/dev/HOL/worktrees/holyhammer/src/finite_maps
finite_map-13-of-40	finite_map	13	40	/home/lukasz/dev/HOL/worktrees/holyhammer/src/finite_maps
finite_map-14-of-40	finite_map	14	40	/home/lukasz/dev/HOL/worktrees/holyhammer/src/finite_maps
finite_map-15-of-40	finite_map	15	40	/home/lukasz/dev/HOL/worktrees/holyhammer/src/finite_maps
finite_map-16-of-40	finite_map	16	40	/home/lukasz/dev/HOL/worktrees/holyhammer/src/finite_maps
finite_map-17-of-40	finite_map	17	40	/home/lukasz/dev/HOL/worktrees/holyhammer/src/finite_maps
finite_map-18-of-40	finite_map	18	40	/home/lukasz/dev/HOL/worktrees/holyhammer/src/finite_maps
finite_map-19-of-40	finite_map	19	40	/home/lukasz/dev/HOL/worktrees/holyhammer/src/finite_maps
finite_map-20-of-40	finite_map	20	40	/home/lukasz/dev/HOL/worktrees/holyhammer/src/finite_maps
finite_map-21-of-40	finite_map	21	40	/home/lukasz/dev/HOL/worktrees/holyhammer/src/finite_maps
finite_map-22-of-40	finite_map	22	40	/home/lukasz/dev/HOL/worktrees/holyhammer/src/finite_maps
finite_map-23-of-40	finite_map	23	40	/home/lukasz/dev/HOL/worktrees/holyhammer/src/finite_maps
finite_map-24-of-40	finite_map	24	40	/home/lukasz/dev/HOL/worktrees/holyhammer/src/finite_maps
finite_map-25-of-40	finite_map	25	40	/home/lukasz/dev/HOL/worktrees/holyhammer/src/finite_maps
finite_map-26-of-40	finite_map	26	40	/home/lukasz/dev/HOL/worktrees/holyhammer/src/finite_maps
finite_map-27-of-40	finite_map	27	40	/home/lukasz/dev/HOL/worktrees/holyhammer/src/finite_maps
finite_map-28-of-40	finite_map	28	40	/home/lukasz/dev/HOL/worktrees/holyhammer/src/finite_maps
finite_map-29-of-40	finite_map	29	40	/home/lukasz/dev/HOL/worktrees/holyhammer/src/finite_maps
finite_map-30-of-40	finite_map	30	40	/home/lukasz/dev/HOL/worktrees/holyhammer/src/finite_maps
finite_map-31-of-40	finite_map	31	40	/home/lukasz/dev/HOL/worktrees/holyhammer/src/finite_maps
finite_map-32-of-40	finite_map	32	40	/home/lukasz/dev/HOL/worktrees/holyhammer/src/finite_maps
finite_map-33-of-40	finite_map	33	40	/home/lukasz/dev/HOL/worktrees/holyhammer/src/finite_maps
finite_map-34-of-40	finite_map	34	40	/home/lukasz/dev/HOL/worktrees/holyhammer/src/finite_maps
finite_map-35-of-40	finite_map	35	40	/home/lukasz/dev/HOL/worktrees/holyhammer/src/finite_maps
finite_map-36-of-40	finite_map	36	40	/home/lukasz/dev/HOL/worktrees/holyhammer/src/finite_maps
finite_map-37-of-40	finite_map	37	40	/home/lukasz/dev/HOL/worktrees/holyhammer/src/finite_maps
finite_map-38-of-40	finite_map	38	40	/home/lukasz/dev/HOL/worktrees/holyhammer/src/finite_maps
finite_map-39-of-40	finite_map	39	40	/home/lukasz/dev/HOL/worktrees/holyhammer/src/finite_maps
finite_set-0-of-18	finite_set	0	18	/home/lukasz/dev/HOL/worktrees/holyhammer/src/pred_set/src/more_theories
finite_set-1-of-18	finite_set	1	18	/home/lukasz/dev/HOL/worktrees/holyhammer/src/pred_set/src/more_theories
finite_set-2-of-18	finite_set	2	18	/home/lukasz/dev/HOL/worktrees/holyhammer/src/pred_set/src/more_theories
finite_set-3-of-18	finite_set	3	18	/home/lukasz/dev/HOL/worktrees/holyhammer/src/pred_set/src/more_theories
finite_set-4-of-18	finite_set	4	18	/home/lukasz/dev/HOL/worktrees/holyhammer/src/pred_set/src/more_theories
finite_set-5-of-18	finite_set	5	18	/home/lukasz/dev/HOL/worktrees/holyhammer/src/pred_set/src/more_theories
finite_set-6-of-18	finite_set	6	18	/home/lukasz/dev/HOL/worktrees/holyhammer/src/pred_set/src/more_theories
finite_set-7-of-18	finite_set	7	18	/home/lukasz/dev/HOL/worktrees/holyhammer/src/pred_set/src/more_theories
finite_set-8-of-18	finite_set	8	18	/home/lukasz/dev/HOL/worktrees/holyhammer/src/pred_set/src/more_theories
finite_set-9-of-18	finite_set	9	18	/home/lukasz/dev/HOL/worktrees/holyhammer/src/pred_set/src/more_theories
finite_set-10-of-18	finite_set	10	18	/home/lukasz/dev/HOL/worktrees/holyhammer/src/pred_set/src/more_theories
finite_set-11-of-18	finite_set	11	18	/home/lukasz/dev/HOL/worktrees/holyhammer/src/pred_set/src/more_theories
finite_set-12-of-18	finite_set	12	18	/home/lukasz/dev/HOL/worktrees/holyhammer/src/pred_set/src/more_theories
finite_set-13-of-18	finite_set	13	18	/home/lukasz/dev/HOL/worktrees/holyhammer/src/pred_set/src/more_theories
finite_set-14-of-18	finite_set	14	18	/home/lukasz/dev/HOL/worktrees/holyhammer/src/pred_set/src/more_theories
finite_set-15-of-18	finite_set	15	18	/home/lukasz/dev/HOL/worktrees/holyhammer/src/pred_set/src/more_theories
finite_set-16-of-18	finite_set	16	18	/home/lukasz/dev/HOL/worktrees/holyhammer/src/pred_set/src/more_theories
finite_set-17-of-18	finite_set	17	18	/home/lukasz/dev/HOL/worktrees/holyhammer/src/pred_set/src/more_theories
fixedPoint-0-of-3	fixedPoint	0	3	/home/lukasz/dev/HOL/worktrees/holyhammer/src/pred_set/src
fixedPoint-1-of-3	fixedPoint	1	3	/home/lukasz/dev/HOL/worktrees/holyhammer/src/pred_set/src
fixedPoint-2-of-3	fixedPoint	2	3	/home/lukasz/dev/HOL/worktrees/holyhammer/src/pred_set/src
float-0-of-8	float	0	8	/home/lukasz/dev/HOL/worktrees/holyhammer/src/float
float-1-of-8	float	1	8	/home/lukasz/dev/HOL/worktrees/holyhammer/src/float
float-2-of-8	float	2	8	/home/lukasz/dev/HOL/worktrees/holyhammer/src/float
float-3-of-8	float	3	8	/home/lukasz/dev/HOL/worktrees/holyhammer/src/float
float-4-of-8	float	4	8	/home/lukasz/dev/HOL/worktrees/holyhammer/src/float
float-5-of-8	float	5	8	/home/lukasz/dev/HOL/worktrees/holyhammer/src/float
float-6-of-8	float	6	8	/home/lukasz/dev/HOL/worktrees/holyhammer/src/float
float-7-of-8	float	7	8	/home/lukasz/dev/HOL/worktrees/holyhammer/src/float
fmapal-0-of-11	fmapal	0	11	/home/lukasz/dev/HOL/worktrees/holyhammer/src/finite_maps
fmapal-1-of-11	fmapal	1	11	/home/lukasz/dev/HOL/worktrees/holyhammer/src/finite_maps
fmapal-2-of-11	fmapal	2	11	/home/lukasz/dev/HOL/worktrees/holyhammer/src/finite_maps
fmapal-3-of-11	fmapal	3	11	/home/lukasz/dev/HOL/worktrees/holyhammer/src/finite_maps
fmapal-4-of-11	fmapal	4	11	/home/lukasz/dev/HOL/worktrees/holyhammer/src/finite_maps
fmapal-5-of-11	fmapal	5	11	/home/lukasz/dev/HOL/worktrees/holyhammer/src/finite_maps
fmapal-6-of-11	fmapal	6	11	/home/lukasz/dev/HOL/worktrees/holyhammer/src/finite_maps
fmapal-7-of-11	fmapal	7	11	/home/lukasz/dev/HOL/worktrees/holyhammer/src/finite_maps
fmapal-8-of-11	fmapal	8	11	/home/lukasz/dev/HOL/worktrees/holyhammer/src/finite_maps
fmapal-9-of-11	fmapal	9	11	/home/lukasz/dev/HOL/worktrees/holyhammer/src/finite_maps
fmapal-10-of-11	fmapal	10	11	/home/lukasz/dev/HOL/worktrees/holyhammer/src/finite_maps
fmaptree-0-of-3	fmaptree	0	3	/home/lukasz/dev/HOL/worktrees/holyhammer/src/finite_maps
fmaptree-1-of-3	fmaptree	1	3	/home/lukasz/dev/HOL/worktrees/holyhammer/src/finite_maps
fmaptree-2-of-3	fmaptree	2	3	/home/lukasz/dev/HOL/worktrees/holyhammer/src/finite_maps
foo-0-of-3	foo	0	3	/home/lukasz/dev/HOL/worktrees/holyhammer/src/datatype/theory_tests
foo-1-of-3	foo	1	3	/home/lukasz/dev/HOL/worktrees/holyhammer/src/datatype/theory_tests
foo-2-of-3	foo	2	3	/home/lukasz/dev/HOL/worktrees/holyhammer/src/datatype/theory_tests
foo260-0-of-3	foo260	0	3	/home/lukasz/dev/HOL/worktrees/holyhammer/src/datatype/theory_tests
foo260-1-of-3	foo260	1	3	/home/lukasz/dev/HOL/worktrees/holyhammer/src/datatype/theory_tests
foo260-2-of-3	foo260	2	3	/home/lukasz/dev/HOL/worktrees/holyhammer/src/datatype/theory_tests
frac-0-of-7	frac	0	7	/home/lukasz/dev/HOL/worktrees/holyhammer/src/rational
frac-1-of-7	frac	1	7	/home/lukasz/dev/HOL/worktrees/holyhammer/src/rational
frac-2-of-7	frac	2	7	/home/lukasz/dev/HOL/worktrees/holyhammer/src/rational
frac-3-of-7	frac	3	7	/home/lukasz/dev/HOL/worktrees/holyhammer/src/rational
frac-4-of-7	frac	4	7	/home/lukasz/dev/HOL/worktrees/holyhammer/src/rational
frac-5-of-7	frac	5	7	/home/lukasz/dev/HOL/worktrees/holyhammer/src/rational
frac-6-of-7	frac	6	7	/home/lukasz/dev/HOL/worktrees/holyhammer/src/rational
gcd-0-of-15	gcd	0	15	/home/lukasz/dev/HOL/worktrees/holyhammer/src/num/extra_theories
gcd-1-of-15	gcd	1	15	/home/lukasz/dev/HOL/worktrees/holyhammer/src/num/extra_theories
gcd-2-of-15	gcd	2	15	/home/lukasz/dev/HOL/worktrees/holyhammer/src/num/extra_theories
gcd-3-of-15	gcd	3	15	/home/lukasz/dev/HOL/worktrees/holyhammer/src/num/extra_theories
gcd-4-of-15	gcd	4	15	/home/lukasz/dev/HOL/worktrees/holyhammer/src/num/extra_theories
gcd-5-of-15	gcd	5	15	/home/lukasz/dev/HOL/worktrees/holyhammer/src/num/extra_theories
gcd-6-of-15	gcd	6	15	/home/lukasz/dev/HOL/worktrees/holyhammer/src/num/extra_theories
gcd-7-of-15	gcd	7	15	/home/lukasz/dev/HOL/worktrees/holyhammer/src/num/extra_theories
gcd-8-of-15	gcd	8	15	/home/lukasz/dev/HOL/worktrees/holyhammer/src/num/extra_theories
gcd-9-of-15	gcd	9	15	/home/lukasz/dev/HOL/worktrees/holyhammer/src/num/extra_theories
gcd-10-of-15	gcd	10	15	/home/lukasz/dev/HOL/worktrees/holyhammer/src/num/extra_theories
gcd-11-of-15	gcd	11	15	/home/lukasz/dev/HOL/worktrees/holyhammer/src/num/extra_theories
gcd-12-of-15	gcd	12	15	/home/lukasz/dev/HOL/worktrees/holyhammer/src/num/extra_theories
gcd-13-of-15	gcd	13	15	/home/lukasz/dev/HOL/worktrees/holyhammer/src/num/extra_theories
gcd-14-of-15	gcd	14	15	/home/lukasz/dev/HOL/worktrees/holyhammer/src/num/extra_theories
gcdset-0-of-7	gcdset	0	7	/home/lukasz/dev/HOL/worktrees/holyhammer/src/pred_set/src
gcdset-1-of-7	gcdset	1	7	/home/lukasz/dev/HOL/worktrees/holyhammer/src/pred_set/src
gcdset-2-of-7	gcdset	2	7	/home/lukasz/dev/HOL/worktrees/holyhammer/src/pred_set/src
gcdset-3-of-7	gcdset	3	7	/home/lukasz/dev/HOL/worktrees/holyhammer/src/pred_set/src
gcdset-4-of-7	gcdset	4	7	/home/lukasz/dev/HOL/worktrees/holyhammer/src/pred_set/src
gcdset-5-of-7	gcdset	5	7	/home/lukasz/dev/HOL/worktrees/holyhammer/src/pred_set/src
gcdset-6-of-7	gcdset	6	7	/home/lukasz/dev/HOL/worktrees/holyhammer/src/pred_set/src
gh179a-0-of-1	gh179a	0	1	/home/lukasz/dev/HOL/worktrees/holyhammer/src/proofman/tests
gh224a-0-of-7	gh224a	0	7	/home/lukasz/dev/HOL/worktrees/holyhammer/src/datatype/theory_tests
gh224a-1-of-7	gh224a	1	7	/home/lukasz/dev/HOL/worktrees/holyhammer/src/datatype/theory_tests
gh224a-2-of-7	gh224a	2	7	/home/lukasz/dev/HOL/worktrees/holyhammer/src/datatype/theory_tests
gh224a-3-of-7	gh224a	3	7	/home/lukasz/dev/HOL/worktrees/holyhammer/src/datatype/theory_tests
gh224a-4-of-7	gh224a	4	7	/home/lukasz/dev/HOL/worktrees/holyhammer/src/datatype/theory_tests
gh224a-5-of-7	gh224a	5	7	/home/lukasz/dev/HOL/worktrees/holyhammer/src/datatype/theory_tests
gh224a-6-of-7	gh224a	6	7	/home/lukasz/dev/HOL/worktrees/holyhammer/src/datatype/theory_tests
gh224b-0-of-1	gh224b	0	1	/home/lukasz/dev/HOL/worktrees/holyhammer/src/datatype/theory_tests
gh225a-0-of-1	gh225a	0	1	/home/lukasz/dev/HOL/worktrees/holyhammer/src/1/theory_tests
gh225b-0-of-1	gh225b	0	1	/home/lukasz/dev/HOL/worktrees/holyhammer/src/1/theory_tests
gh403a-0-of-1	gh403a	0	1	/home/lukasz/dev/HOL/worktrees/holyhammer/src/1/theory_tests
gh403b-0-of-1	gh403b	0	1	/home/lukasz/dev/HOL/worktrees/holyhammer/src/1/theory_tests
gh725-0-of-1	gh725	0	1	/home/lukasz/dev/HOL/worktrees/holyhammer/src/proofman/tests
github115a-0-of-1	github115a	0	1	/home/lukasz/dev/HOL/worktrees/holyhammer/src/1/theory_tests
github115b-0-of-1	github115b	0	1	/home/lukasz/dev/HOL/worktrees/holyhammer/src/1/theory_tests
github130b-0-of-1	github130b	0	1	/home/lukasz/dev/HOL/worktrees/holyhammer/src/1/theory_tests
github234b-0-of-1	github234b	0	1	/home/lukasz/dev/HOL/worktrees/holyhammer/src/1/theory_tests
group-0-of-83	group	0	83	/home/lukasz/dev/HOL/worktrees/holyhammer/src/algebra/construction
group-1-of-83	group	1	83	/home/lukasz/dev/HOL/worktrees/holyhammer/src/algebra/construction
group-2-of-83	group	2	83	/home/lukasz/dev/HOL/worktrees/holyhammer/src/algebra/construction
group-3-of-83	group	3	83	/home/lukasz/dev/HOL/worktrees/holyhammer/src/algebra/construction
group-4-of-83	group	4	83	/home/lukasz/dev/HOL/worktrees/holyhammer/src/algebra/construction
group-5-of-83	group	5	83	/home/lukasz/dev/HOL/worktrees/holyhammer/src/algebra/construction
group-6-of-83	group	6	83	/home/lukasz/dev/HOL/worktrees/holyhammer/src/algebra/construction
group-7-of-83	group	7	83	/home/lukasz/dev/HOL/worktrees/holyhammer/src/algebra/construction
group-8-of-83	group	8	83	/home/lukasz/dev/HOL/worktrees/holyhammer/src/algebra/construction
group-9-of-83	group	9	83	/home/lukasz/dev/HOL/worktrees/holyhammer/src/algebra/construction
group-10-of-83	group	10	83	/home/lukasz/dev/HOL/worktrees/holyhammer/src/algebra/construction
group-11-of-83	group	11	83	/home/lukasz/dev/HOL/worktrees/holyhammer/src/algebra/construction
group-12-of-83	group	12	83	/home/lukasz/dev/HOL/worktrees/holyhammer/src/algebra/construction
group-13-of-83	group	13	83	/home/lukasz/dev/HOL/worktrees/holyhammer/src/algebra/construction
group-14-of-83	group	14	83	/home/lukasz/dev/HOL/worktrees/holyhammer/src/algebra/construction
group-15-of-83	group	15	83	/home/lukasz/dev/HOL/worktrees/holyhammer/src/algebra/construction
group-16-of-83	group	16	83	/home/lukasz/dev/HOL/worktrees/holyhammer/src/algebra/construction
group-17-of-83	group	17	83	/home/lukasz/dev/HOL/worktrees/holyhammer/src/algebra/construction
group-18-of-83	group	18	83	/home/lukasz/dev/HOL/worktrees/holyhammer/src/algebra/construction
group-19-of-83	group	19	83	/home/lukasz/dev/HOL/worktrees/holyhammer/src/algebra/construction
group-20-of-83	group	20	83	/home/lukasz/dev/HOL/worktrees/holyhammer/src/algebra/construction
group-21-of-83	group	21	83	/home/lukasz/dev/HOL/worktrees/holyhammer/src/algebra/construction
group-22-of-83	group	22	83	/home/lukasz/dev/HOL/worktrees/holyhammer/src/algebra/construction
group-23-of-83	group	23	83	/home/lukasz/dev/HOL/worktrees/holyhammer/src/algebra/construction
group-24-of-83	group	24	83	/home/lukasz/dev/HOL/worktrees/holyhammer/src/algebra/construction
group-25-of-83	group	25	83	/home/lukasz/dev/HOL/worktrees/holyhammer/src/algebra/construction
group-26-of-83	group	26	83	/home/lukasz/dev/HOL/worktrees/holyhammer/src/algebra/construction
group-27-of-83	group	27	83	/home/lukasz/dev/HOL/worktrees/holyhammer/src/algebra/construction
group-28-of-83	group	28	83	/home/lukasz/dev/HOL/worktrees/holyhammer/src/algebra/construction
group-29-of-83	group	29	83	/home/lukasz/dev/HOL/worktrees/holyhammer/src/algebra/construction
group-30-of-83	group	30	83	/home/lukasz/dev/HOL/worktrees/holyhammer/src/algebra/construction
group-31-of-83	group	31	83	/home/lukasz/dev/HOL/worktrees/holyhammer/src/algebra/construction
group-32-of-83	group	32	83	/home/lukasz/dev/HOL/worktrees/holyhammer/src/algebra/construction
group-33-of-83	group	33	83	/home/lukasz/dev/HOL/worktrees/holyhammer/src/algebra/construction
group-34-of-83	group	34	83	/home/lukasz/dev/HOL/worktrees/holyhammer/src/algebra/construction
group-35-of-83	group	35	83	/home/lukasz/dev/HOL/worktrees/holyhammer/src/algebra/construction
group-36-of-83	group	36	83	/home/lukasz/dev/HOL/worktrees/holyhammer/src/algebra/construction
group-37-of-83	group	37	83	/home/lukasz/dev/HOL/worktrees/holyhammer/src/algebra/construction
group-38-of-83	group	38	83	/home/lukasz/dev/HOL/worktrees/holyhammer/src/algebra/construction
group-39-of-83	group	39	83	/home/lukasz/dev/HOL/worktrees/holyhammer/src/algebra/construction
group-40-of-83	group	40	83	/home/lukasz/dev/HOL/worktrees/holyhammer/src/algebra/construction
group-41-of-83	group	41	83	/home/lukasz/dev/HOL/worktrees/holyhammer/src/algebra/construction
group-42-of-83	group	42	83	/home/lukasz/dev/HOL/worktrees/holyhammer/src/algebra/construction
group-43-of-83	group	43	83	/home/lukasz/dev/HOL/worktrees/holyhammer/src/algebra/construction
group-44-of-83	group	44	83	/home/lukasz/dev/HOL/worktrees/holyhammer/src/algebra/construction
group-45-of-83	group	45	83	/home/lukasz/dev/HOL/worktrees/holyhammer/src/algebra/construction
group-46-of-83	group	46	83	/home/lukasz/dev/HOL/worktrees/holyhammer/src/algebra/construction
group-47-of-83	group	47	83	/home/lukasz/dev/HOL/worktrees/holyhammer/src/algebra/construction
group-48-of-83	group	48	83	/home/lukasz/dev/HOL/worktrees/holyhammer/src/algebra/construction
group-49-of-83	group	49	83	/home/lukasz/dev/HOL/worktrees/holyhammer/src/algebra/construction
group-50-of-83	group	50	83	/home/lukasz/dev/HOL/worktrees/holyhammer/src/algebra/construction
group-51-of-83	group	51	83	/home/lukasz/dev/HOL/worktrees/holyhammer/src/algebra/construction
group-52-of-83	group	52	83	/home/lukasz/dev/HOL/worktrees/holyhammer/src/algebra/construction
group-53-of-83	group	53	83	/home/lukasz/dev/HOL/worktrees/holyhammer/src/algebra/construction
group-54-of-83	group	54	83	/home/lukasz/dev/HOL/worktrees/holyhammer/src/algebra/construction
group-55-of-83	group	55	83	/home/lukasz/dev/HOL/worktrees/holyhammer/src/algebra/construction
group-56-of-83	group	56	83	/home/lukasz/dev/HOL/worktrees/holyhammer/src/algebra/construction
group-57-of-83	group	57	83	/home/lukasz/dev/HOL/worktrees/holyhammer/src/algebra/construction
group-58-of-83	group	58	83	/home/lukasz/dev/HOL/worktrees/holyhammer/src/algebra/construction
group-59-of-83	group	59	83	/home/lukasz/dev/HOL/worktrees/holyhammer/src/algebra/construction
group-60-of-83	group	60	83	/home/lukasz/dev/HOL/worktrees/holyhammer/src/algebra/construction
group-61-of-83	group	61	83	/home/lukasz/dev/HOL/worktrees/holyhammer/src/algebra/construction
group-62-of-83	group	62	83	/home/lukasz/dev/HOL/worktrees/holyhammer/src/algebra/construction
group-63-of-83	group	63	83	/home/lukasz/dev/HOL/worktrees/holyhammer/src/algebra/construction
group-64-of-83	group	64	83	/home/lukasz/dev/HOL/worktrees/holyhammer/src/algebra/construction
group-65-of-83	group	65	83	/home/lukasz/dev/HOL/worktrees/holyhammer/src/algebra/construction
group-66-of-83	group	66	83	/home/lukasz/dev/HOL/worktrees/holyhammer/src/algebra/construction
group-67-of-83	group	67	83	/home/lukasz/dev/HOL/worktrees/holyhammer/src/algebra/construction
group-68-of-83	group	68	83	/home/lukasz/dev/HOL/worktrees/holyhammer/src/algebra/construction
group-69-of-83	group	69	83	/home/lukasz/dev/HOL/worktrees/holyhammer/src/algebra/construction
group-70-of-83	group	70	83	/home/lukasz/dev/HOL/worktrees/holyhammer/src/algebra/construction
group-71-of-83	group	71	83	/home/lukasz/dev/HOL/worktrees/holyhammer/src/algebra/construction
group-72-of-83	group	72	83	/home/lukasz/dev/HOL/worktrees/holyhammer/src/algebra/construction
group-73-of-83	group	73	83	/home/lukasz/dev/HOL/worktrees/holyhammer/src/algebra/construction
group-74-of-83	group	74	83	/home/lukasz/dev/HOL/worktrees/holyhammer/src/algebra/construction
group-75-of-83	group	75	83	/home/lukasz/dev/HOL/worktrees/holyhammer/src/algebra/construction
group-76-of-83	group	76	83	/home/lukasz/dev/HOL/worktrees/holyhammer/src/algebra/construction
group-77-of-83	group	77	83	/home/lukasz/dev/HOL/worktrees/holyhammer/src/algebra/construction
group-78-of-83	group	78	83	/home/lukasz/dev/HOL/worktrees/holyhammer/src/algebra/construction
group-79-of-83	group	79	83	/home/lukasz/dev/HOL/worktrees/holyhammer/src/algebra/construction
group-80-of-83	group	80	83	/home/lukasz/dev/HOL/worktrees/holyhammer/src/algebra/construction
group-81-of-83	group	81	83	/home/lukasz/dev/HOL/worktrees/holyhammer/src/algebra/construction
group-82-of-83	group	82	83	/home/lukasz/dev/HOL/worktrees/holyhammer/src/algebra/construction
hrat-0-of-5	hrat	0	5	/home/lukasz/dev/HOL/worktrees/holyhammer/src/real
hrat-1-of-5	hrat	1	5	/home/lukasz/dev/HOL/worktrees/holyhammer/src/real
hrat-2-of-5	hrat	2	5	/home/lukasz/dev/HOL/worktrees/holyhammer/src/real
hrat-3-of-5	hrat	3	5	/home/lukasz/dev/HOL/worktrees/holyhammer/src/real
hrat-4-of-5	hrat	4	5	/home/lukasz/dev/HOL/worktrees/holyhammer/src/real
hreal-0-of-13	hreal	0	13	/home/lukasz/dev/HOL/worktrees/holyhammer/src/real
hreal-1-of-13	hreal	1	13	/home/lukasz/dev/HOL/worktrees/holyhammer/src/real
hreal-2-of-13	hreal	2	13	/home/lukasz/dev/HOL/worktrees/holyhammer/src/real
hreal-3-of-13	hreal	3	13	/home/lukasz/dev/HOL/worktrees/holyhammer/src/real
hreal-4-of-13	hreal	4	13	/home/lukasz/dev/HOL/worktrees/holyhammer/src/real
hreal-5-of-13	hreal	5	13	/home/lukasz/dev/HOL/worktrees/holyhammer/src/real
hreal-6-of-13	hreal	6	13	/home/lukasz/dev/HOL/worktrees/holyhammer/src/real
hreal-7-of-13	hreal	7	13	/home/lukasz/dev/HOL/worktrees/holyhammer/src/real
hreal-8-of-13	hreal	8	13	/home/lukasz/dev/HOL/worktrees/holyhammer/src/real
hreal-9-of-13	hreal	9	13	/home/lukasz/dev/HOL/worktrees/holyhammer/src/real
hreal-10-of-13	hreal	10	13	/home/lukasz/dev/HOL/worktrees/holyhammer/src/real
hreal-11-of-13	hreal	11	13	/home/lukasz/dev/HOL/worktrees/holyhammer/src/real
hreal-12-of-13	hreal	12	13	/home/lukasz/dev/HOL/worktrees/holyhammer/src/real
ieee-0-of-5	ieee	0	5	/home/lukasz/dev/HOL/worktrees/holyhammer/src/float
ieee-1-of-5	ieee	1	5	/home/lukasz/dev/HOL/worktrees/holyhammer/src/float
ieee-2-of-5	ieee	2	5	/home/lukasz/dev/HOL/worktrees/holyhammer/src/float
ieee-3-of-5	ieee	3	5	/home/lukasz/dev/HOL/worktrees/holyhammer/src/float
ieee-4-of-5	ieee	4	5	/home/lukasz/dev/HOL/worktrees/holyhammer/src/float
ind_type-0-of-3	ind_type	0	3	/home/lukasz/dev/HOL/worktrees/holyhammer/src/datatype
ind_type-1-of-3	ind_type	1	3	/home/lukasz/dev/HOL/worktrees/holyhammer/src/datatype
ind_type-2-of-3	ind_type	2	3	/home/lukasz/dev/HOL/worktrees/holyhammer/src/datatype
indexedLists-0-of-6	indexedLists	0	6	/home/lukasz/dev/HOL/worktrees/holyhammer/src/list/src
indexedLists-1-of-6	indexedLists	1	6	/home/lukasz/dev/HOL/worktrees/holyhammer/src/list/src
indexedLists-2-of-6	indexedLists	2	6	/home/lukasz/dev/HOL/worktrees/holyhammer/src/list/src
indexedLists-3-of-6	indexedLists	3	6	/home/lukasz/dev/HOL/worktrees/holyhammer/src/list/src
indexedLists-4-of-6	indexedLists	4	6	/home/lukasz/dev/HOL/worktrees/holyhammer/src/list/src
indexedLists-5-of-6	indexedLists	5	6	/home/lukasz/dev/HOL/worktrees/holyhammer/src/list/src
inftree-0-of-2	inftree	0	2	/home/lukasz/dev/HOL/worktrees/holyhammer/src/datatype/inftree
inftree-1-of-2	inftree	1	2	/home/lukasz/dev/HOL/worktrees/holyhammer/src/datatype/inftree
inheritCase1-0-of-1	inheritCase1	0	1	/home/lukasz/dev/HOL/worktrees/holyhammer/src/datatype/theory_tests
intExtension-0-of-4	intExtension	0	4	/home/lukasz/dev/HOL/worktrees/holyhammer/src/rational
intExtension-1-of-4	intExtension	1	4	/home/lukasz/dev/HOL/worktrees/holyhammer/src/rational
intExtension-2-of-4	intExtension	2	4	/home/lukasz/dev/HOL/worktrees/holyhammer/src/rational
intExtension-3-of-4	intExtension	3	4	/home/lukasz/dev/HOL/worktrees/holyhammer/src/rational
intReduce-0-of-2	intReduce	0	2	/home/lukasz/dev/HOL/worktrees/holyhammer/src/integer
intReduce-1-of-2	intReduce	1	2	/home/lukasz/dev/HOL/worktrees/holyhammer/src/integer
int_arith-0-of-9	int_arith	0	9	/home/lukasz/dev/HOL/worktrees/holyhammer/src/integer
int_arith-1-of-9	int_arith	1	9	/home/lukasz/dev/HOL/worktrees/holyhammer/src/integer
int_arith-2-of-9	int_arith	2	9	/home/lukasz/dev/HOL/worktrees/holyhammer/src/integer
int_arith-3-of-9	int_arith	3	9	/home/lukasz/dev/HOL/worktrees/holyhammer/src/integer
int_arith-4-of-9	int_arith	4	9	/home/lukasz/dev/HOL/worktrees/holyhammer/src/integer
int_arith-5-of-9	int_arith	5	9	/home/lukasz/dev/HOL/worktrees/holyhammer/src/integer
int_arith-6-of-9	int_arith	6	9	/home/lukasz/dev/HOL/worktrees/holyhammer/src/integer
int_arith-7-of-9	int_arith	7	9	/home/lukasz/dev/HOL/worktrees/holyhammer/src/integer
int_arith-8-of-9	int_arith	8	9	/home/lukasz/dev/HOL/worktrees/holyhammer/src/integer
int_bitwise-0-of-3	int_bitwise	0	3	/home/lukasz/dev/HOL/worktrees/holyhammer/src/integer
int_bitwise-1-of-3	int_bitwise	1	3	/home/lukasz/dev/HOL/worktrees/holyhammer/src/integer
int_bitwise-2-of-3	int_bitwise	2	3	/home/lukasz/dev/HOL/worktrees/holyhammer/src/integer
integer-0-of-45	integer	0	45	/home/lukasz/dev/HOL/worktrees/holyhammer/src/integer
integer-1-of-45	integer	1	45	/home/lukasz/dev/HOL/worktrees/holyhammer/src/integer
integer-2-of-45	integer	2	45	/home/lukasz/dev/HOL/worktrees/holyhammer/src/integer
integer-3-of-45	integer	3	45	/home/lukasz/dev/HOL/worktrees/holyhammer/src/integer
integer-4-of-45	integer	4	45	/home/lukasz/dev/HOL/worktrees/holyhammer/src/integer
integer-5-of-45	integer	5	45	/home/lukasz/dev/HOL/worktrees/holyhammer/src/integer
integer-6-of-45	integer	6	45	/home/lukasz/dev/HOL/worktrees/holyhammer/src/integer
integer-7-of-45	integer	7	45	/home/lukasz/dev/HOL/worktrees/holyhammer/src/integer
integer-8-of-45	integer	8	45	/home/lukasz/dev/HOL/worktrees/holyhammer/src/integer
integer-9-of-45	integer	9	45	/home/lukasz/dev/HOL/worktrees/holyhammer/src/integer
integer-10-of-45	integer	10	45	/home/lukasz/dev/HOL/worktrees/holyhammer/src/integer
integer-11-of-45	integer	11	45	/home/lukasz/dev/HOL/worktrees/holyhammer/src/integer
integer-12-of-45	integer	12	45	/home/lukasz/dev/HOL/worktrees/holyhammer/src/integer
integer-13-of-45	integer	13	45	/home/lukasz/dev/HOL/worktrees/holyhammer/src/integer
integer-14-of-45	integer	14	45	/home/lukasz/dev/HOL/worktrees/holyhammer/src/integer
integer-15-of-45	integer	15	45	/home/lukasz/dev/HOL/worktrees/holyhammer/src/integer
integer-16-of-45	integer	16	45	/home/lukasz/dev/HOL/worktrees/holyhammer/src/integer
integer-17-of-45	integer	17	45	/home/lukasz/dev/HOL/worktrees/holyhammer/src/integer
integer-18-of-45	integer	18	45	/home/lukasz/dev/HOL/worktrees/holyhammer/src/integer
integer-19-of-45	integer	19	45	/home/lukasz/dev/HOL/worktrees/holyhammer/src/integer
integer-20-of-45	integer	20	45	/home/lukasz/dev/HOL/worktrees/holyhammer/src/integer
integer-21-of-45	integer	21	45	/home/lukasz/dev/HOL/worktrees/holyhammer/src/integer
integer-22-of-45	integer	22	45	/home/lukasz/dev/HOL/worktrees/holyhammer/src/integer
integer-23-of-45	integer	23	45	/home/lukasz/dev/HOL/worktrees/holyhammer/src/integer
integer-24-of-45	integer	24	45	/home/lukasz/dev/HOL/worktrees/holyhammer/src/integer
integer-25-of-45	integer	25	45	/home/lukasz/dev/HOL/worktrees/holyhammer/src/integer
integer-26-of-45	integer	26	45	/home/lukasz/dev/HOL/worktrees/holyhammer/src/integer
integer-27-of-45	integer	27	45	/home/lukasz/dev/HOL/worktrees/holyhammer/src/integer
integer-28-of-45	integer	28	45	/home/lukasz/dev/HOL/worktrees/holyhammer/src/integer
integer-29-of-45	integer	29	45	/home/lukasz/dev/HOL/worktrees/holyhammer/src/integer
integer-30-of-45	integer	30	45	/home/lukasz/dev/HOL/worktrees/holyhammer/src/integer
integer-31-of-45	integer	31	45	/home/lukasz/dev/HOL/worktrees/holyhammer/src/integer
integer-32-of-45	integer	32	45	/home/lukasz/dev/HOL/worktrees/holyhammer/src/integer
integer-33-of-45	integer	33	45	/home/lukasz/dev/HOL/worktrees/holyhammer/src/integer
integer-34-of-45	integer	34	45	/home/lukasz/dev/HOL/worktrees/holyhammer/src/integer
integer-35-of-45	integer	35	45	/home/lukasz/dev/HOL/worktrees/holyhammer/src/integer
integer-36-of-45	integer	36	45	/home/lukasz/dev/HOL/worktrees/holyhammer/src/integer
integer-37-of-45	integer	37	45	/home/lukasz/dev/HOL/worktrees/holyhammer/src/integer
integer-38-of-45	integer	38	45	/home/lukasz/dev/HOL/worktrees/holyhammer/src/integer
integer-39-of-45	integer	39	45	/home/lukasz/dev/HOL/worktrees/holyhammer/src/integer
integer-40-of-45	integer	40	45	/home/lukasz/dev/HOL/worktrees/holyhammer/src/integer
integer-41-of-45	integer	41	45	/home/lukasz/dev/HOL/worktrees/holyhammer/src/integer
integer-42-of-45	integer	42	45	/home/lukasz/dev/HOL/worktrees/holyhammer/src/integer
integer-43-of-45	integer	43	45	/home/lukasz/dev/HOL/worktrees/holyhammer/src/integer
integer-44-of-45	integer	44	45	/home/lukasz/dev/HOL/worktrees/holyhammer/src/integer
integer_word-0-of-11	integer_word	0	11	/home/lukasz/dev/HOL/worktrees/holyhammer/src/integer
integer_word-1-of-11	integer_word	1	11	/home/lukasz/dev/HOL/worktrees/holyhammer/src/integer
integer_word-2-of-11	integer_word	2	11	/home/lukasz/dev/HOL/worktrees/holyhammer/src/integer
integer_word-3-of-11	integer_word	3	11	/home/lukasz/dev/HOL/worktrees/holyhammer/src/integer
integer_word-4-of-11	integer_word	4	11	/home/lukasz/dev/HOL/worktrees/holyhammer/src/integer
integer_word-5-of-11	integer_word	5	11	/home/lukasz/dev/HOL/worktrees/holyhammer/src/integer
integer_word-6-of-11	integer_word	6	11	/home/lukasz/dev/HOL/worktrees/holyhammer/src/integer
integer_word-7-of-11	integer_word	7	11	/home/lukasz/dev/HOL/worktrees/holyhammer/src/integer
integer_word-8-of-11	integer_word	8	11	/home/lukasz/dev/HOL/worktrees/holyhammer/src/integer
integer_word-9-of-11	integer_word	9	11	/home/lukasz/dev/HOL/worktrees/holyhammer/src/integer
integer_word-10-of-11	integer_word	10	11	/home/lukasz/dev/HOL/worktrees/holyhammer/src/integer
integral-0-of-12	integral	0	12	/home/lukasz/dev/HOL/worktrees/holyhammer/src/real/analysis
integral-1-of-12	integral	1	12	/home/lukasz/dev/HOL/worktrees/holyhammer/src/real/analysis
integral-2-of-12	integral	2	12	/home/lukasz/dev/HOL/worktrees/holyhammer/src/real/analysis
integral-3-of-12	integral	3	12	/home/lukasz/dev/HOL/worktrees/holyhammer/src/real/analysis
integral-4-of-12	integral	4	12	/home/lukasz/dev/HOL/worktrees/holyhammer/src/real/analysis
integral-5-of-12	integral	5	12	/home/lukasz/dev/HOL/worktrees/holyhammer/src/real/analysis
integral-6-of-12	integral	6	12	/home/lukasz/dev/HOL/worktrees/holyhammer/src/real/analysis
integral-7-of-12	integral	7	12	/home/lukasz/dev/HOL/worktrees/holyhammer/src/real/analysis
integral-8-of-12	integral	8	12	/home/lukasz/dev/HOL/worktrees/holyhammer/src/real/analysis
integral-9-of-12	integral	9	12	/home/lukasz/dev/HOL/worktrees/holyhammer/src/real/analysis
integral-10-of-12	integral	10	12	/home/lukasz/dev/HOL/worktrees/holyhammer/src/real/analysis
integral-11-of-12	integral	11	12	/home/lukasz/dev/HOL/worktrees/holyhammer/src/real/analysis
integration-0-of-74	integration	0	74	/home/lukasz/dev/HOL/worktrees/holyhammer/src/real/analysis
integration-1-of-74	integration	1	74	/home/lukasz/dev/HOL/worktrees/holyhammer/src/real/analysis
integration-2-of-74	integration	2	74	/home/lukasz/dev/HOL/worktrees/holyhammer/src/real/analysis
integration-3-of-74	integration	3	74	/home/lukasz/dev/HOL/worktrees/holyhammer/src/real/analysis
integration-4-of-74	integration	4	74	/home/lukasz/dev/HOL/worktrees/holyhammer/src/real/analysis
integration-5-of-74	integration	5	74	/home/lukasz/dev/HOL/worktrees/holyhammer/src/real/analysis
integration-6-of-74	integration	6	74	/home/lukasz/dev/HOL/worktrees/holyhammer/src/real/analysis
integration-7-of-74	integration	7	74	/home/lukasz/dev/HOL/worktrees/holyhammer/src/real/analysis
integration-8-of-74	integration	8	74	/home/lukasz/dev/HOL/worktrees/holyhammer/src/real/analysis
integration-9-of-74	integration	9	74	/home/lukasz/dev/HOL/worktrees/holyhammer/src/real/analysis
integration-10-of-74	integration	10	74	/home/lukasz/dev/HOL/worktrees/holyhammer/src/real/analysis
integration-11-of-74	integration	11	74	/home/lukasz/dev/HOL/worktrees/holyhammer/src/real/analysis
integration-12-of-74	integration	12	74	/home/lukasz/dev/HOL/worktrees/holyhammer/src/real/analysis
integration-13-of-74	integration	13	74	/home/lukasz/dev/HOL/worktrees/holyhammer/src/real/analysis
integration-14-of-74	integration	14	74	/home/lukasz/dev/HOL/worktrees/holyhammer/src/real/analysis
integration-15-of-74	integration	15	74	/home/lukasz/dev/HOL/worktrees/holyhammer/src/real/analysis
integration-16-of-74	integration	16	74	/home/lukasz/dev/HOL/worktrees/holyhammer/src/real/analysis
integration-17-of-74	integration	17	74	/home/lukasz/dev/HOL/worktrees/holyhammer/src/real/analysis
integration-18-of-74	integration	18	74	/home/lukasz/dev/HOL/worktrees/holyhammer/src/real/analysis
integration-19-of-74	integration	19	74	/home/lukasz/dev/HOL/worktrees/holyhammer/src/real/analysis
integration-20-of-74	integration	20	74	/home/lukasz/dev/HOL/worktrees/holyhammer/src/real/analysis
integration-21-of-74	integration	21	74	/home/lukasz/dev/HOL/worktrees/holyhammer/src/real/analysis
integration-22-of-74	integration	22	74	/home/lukasz/dev/HOL/worktrees/holyhammer/src/real/analysis
integration-23-of-74	integration	23	74	/home/lukasz/dev/HOL/worktrees/holyhammer/src/real/analysis
integration-24-of-74	integration	24	74	/home/lukasz/dev/HOL/worktrees/holyhammer/src/real/analysis
integration-25-of-74	integration	25	74	/home/lukasz/dev/HOL/worktrees/holyhammer/src/real/analysis
integration-26-of-74	integration	26	74	/home/lukasz/dev/HOL/worktrees/holyhammer/src/real/analysis
integration-27-of-74	integration	27	74	/home/lukasz/dev/HOL/worktrees/holyhammer/src/real/analysis
integration-28-of-74	integration	28	74	/home/lukasz/dev/HOL/worktrees/holyhammer/src/real/analysis
integration-29-of-74	integration	29	74	/home/lukasz/dev/HOL/worktrees/holyhammer/src/real/analysis
integration-30-of-74	integration	30	74	/home/lukasz/dev/HOL/worktrees/holyhammer/src/real/analysis
integration-31-of-74	integration	31	74	/home/lukasz/dev/HOL/worktrees/holyhammer/src/real/analysis
integration-32-of-74	integration	32	74	/home/lukasz/dev/HOL/worktrees/holyhammer/src/real/analysis
integration-33-of-74	integration	33	74	/home/lukasz/dev/HOL/worktrees/holyhammer/src/real/analysis
integration-34-of-74	integration	34	74	/home/lukasz/dev/HOL/worktrees/holyhammer/src/real/analysis
integration-35-of-74	integration	35	74	/home/lukasz/dev/HOL/worktrees/holyhammer/src/real/analysis
integration-36-of-74	integration	36	74	/home/lukasz/dev/HOL/worktrees/holyhammer/src/real/analysis
integration-37-of-74	integration	37	74	/home/lukasz/dev/HOL/worktrees/holyhammer/src/real/analysis
integration-38-of-74	integration	38	74	/home/lukasz/dev/HOL/worktrees/holyhammer/src/real/analysis
integration-39-of-74	integration	39	74	/home/lukasz/dev/HOL/worktrees/holyhammer/src/real/analysis
integration-40-of-74	integration	40	74	/home/lukasz/dev/HOL/worktrees/holyhammer/src/real/analysis
integration-41-of-74	integration	41	74	/home/lukasz/dev/HOL/worktrees/holyhammer/src/real/analysis
integration-42-of-74	integration	42	74	/home/lukasz/dev/HOL/worktrees/holyhammer/src/real/analysis
integration-43-of-74	integration	43	74	/home/lukasz/dev/HOL/worktrees/holyhammer/src/real/analysis
integration-44-of-74	integration	44	74	/home/lukasz/dev/HOL/worktrees/holyhammer/src/real/analysis
integration-45-of-74	integration	45	74	/home/lukasz/dev/HOL/worktrees/holyhammer/src/real/analysis
integration-46-of-74	integration	46	74	/home/lukasz/dev/HOL/worktrees/holyhammer/src/real/analysis
integration-47-of-74	integration	47	74	/home/lukasz/dev/HOL/worktrees/holyhammer/src/real/analysis
integration-48-of-74	integration	48	74	/home/lukasz/dev/HOL/worktrees/holyhammer/src/real/analysis
integration-49-of-74	integration	49	74	/home/lukasz/dev/HOL/worktrees/holyhammer/src/real/analysis
integration-50-of-74	integration	50	74	/home/lukasz/dev/HOL/worktrees/holyhammer/src/real/analysis
integration-51-of-74	integration	51	74	/home/lukasz/dev/HOL/worktrees/holyhammer/src/real/analysis
integration-52-of-74	integration	52	74	/home/lukasz/dev/HOL/worktrees/holyhammer/src/real/analysis
integration-53-of-74	integration	53	74	/home/lukasz/dev/HOL/worktrees/holyhammer/src/real/analysis
integration-54-of-74	integration	54	74	/home/lukasz/dev/HOL/worktrees/holyhammer/src/real/analysis
integration-55-of-74	integration	55	74	/home/lukasz/dev/HOL/worktrees/holyhammer/src/real/analysis
integration-56-of-74	integration	56	74	/home/lukasz/dev/HOL/worktrees/holyhammer/src/real/analysis
integration-57-of-74	integration	57	74	/home/lukasz/dev/HOL/worktrees/holyhammer/src/real/analysis
integration-58-of-74	integration	58	74	/home/lukasz/dev/HOL/worktrees/holyhammer/src/real/analysis
integration-59-of-74	integration	59	74	/home/lukasz/dev/HOL/worktrees/holyhammer/src/real/analysis
integration-60-of-74	integration	60	74	/home/lukasz/dev/HOL/worktrees/holyhammer/src/real/analysis
integration-61-of-74	integration	61	74	/home/lukasz/dev/HOL/worktrees/holyhammer/src/real/analysis
integration-62-of-74	integration	62	74	/home/lukasz/dev/HOL/worktrees/holyhammer/src/real/analysis
integration-63-of-74	integration	63	74	/home/lukasz/dev/HOL/worktrees/holyhammer/src/real/analysis
integration-64-of-74	integration	64	74	/home/lukasz/dev/HOL/worktrees/holyhammer/src/real/analysis
integration-65-of-74	integration	65	74	/home/lukasz/dev/HOL/worktrees/holyhammer/src/real/analysis
integration-66-of-74	integration	66	74	/home/lukasz/dev/HOL/worktrees/holyhammer/src/real/analysis
integration-67-of-74	integration	67	74	/home/lukasz/dev/HOL/worktrees/holyhammer/src/real/analysis
integration-68-of-74	integration	68	74	/home/lukasz/dev/HOL/worktrees/holyhammer/src/real/analysis
integration-69-of-74	integration	69	74	/home/lukasz/dev/HOL/worktrees/holyhammer/src/real/analysis
integration-70-of-74	integration	70	74	/home/lukasz/dev/HOL/worktrees/holyhammer/src/real/analysis
integration-71-of-74	integration	71	74	/home/lukasz/dev/HOL/worktrees/holyhammer/src/real/analysis
integration-72-of-74	integration	72	74	/home/lukasz/dev/HOL/worktrees/holyhammer/src/real/analysis
integration-73-of-74	integration	73	74	/home/lukasz/dev/HOL/worktrees/holyhammer/src/real/analysis
intreal-0-of-6	intreal	0	6	/home/lukasz/dev/HOL/worktrees/holyhammer/src/real
intreal-1-of-6	intreal	1	6	/home/lukasz/dev/HOL/worktrees/holyhammer/src/real
intreal-2-of-6	intreal	2	6	/home/lukasz/dev/HOL/worktrees/holyhammer/src/real
intreal-3-of-6	intreal	3	6	/home/lukasz/dev/HOL/worktrees/holyhammer/src/real
intreal-4-of-6	intreal	4	6	/home/lukasz/dev/HOL/worktrees/holyhammer/src/real
intreal-5-of-6	intreal	5	6	/home/lukasz/dev/HOL/worktrees/holyhammer/src/real
intto-0-of-2	intto	0	2	/home/lukasz/dev/HOL/worktrees/holyhammer/src/integer
intto-1-of-2	intto	1	2	/home/lukasz/dev/HOL/worktrees/holyhammer/src/integer
iterate-0-of-31	iterate	0	31	/home/lukasz/dev/HOL/worktrees/holyhammer/src/pred_set/src
iterate-1-of-31	iterate	1	31	/home/lukasz/dev/HOL/worktrees/holyhammer/src/pred_set/src
iterate-2-of-31	iterate	2	31	/home/lukasz/dev/HOL/worktrees/holyhammer/src/pred_set/src
iterate-3-of-31	iterate	3	31	/home/lukasz/dev/HOL/worktrees/holyhammer/src/pred_set/src
iterate-4-of-31	iterate	4	31	/home/lukasz/dev/HOL/worktrees/holyhammer/src/pred_set/src
iterate-5-of-31	iterate	5	31	/home/lukasz/dev/HOL/worktrees/holyhammer/src/pred_set/src
iterate-6-of-31	iterate	6	31	/home/lukasz/dev/HOL/worktrees/holyhammer/src/pred_set/src
iterate-7-of-31	iterate	7	31	/home/lukasz/dev/HOL/worktrees/holyhammer/src/pred_set/src
iterate-8-of-31	iterate	8	31	/home/lukasz/dev/HOL/worktrees/holyhammer/src/pred_set/src
iterate-9-of-31	iterate	9	31	/home/lukasz/dev/HOL/worktrees/holyhammer/src/pred_set/src
iterate-10-of-31	iterate	10	31	/home/lukasz/dev/HOL/worktrees/holyhammer/src/pred_set/src
iterate-11-of-31	iterate	11	31	/home/lukasz/dev/HOL/worktrees/holyhammer/src/pred_set/src
iterate-12-of-31	iterate	12	31	/home/lukasz/dev/HOL/worktrees/holyhammer/src/pred_set/src
iterate-13-of-31	iterate	13	31	/home/lukasz/dev/HOL/worktrees/holyhammer/src/pred_set/src
iterate-14-of-31	iterate	14	31	/home/lukasz/dev/HOL/worktrees/holyhammer/src/pred_set/src
iterate-15-of-31	iterate	15	31	/home/lukasz/dev/HOL/worktrees/holyhammer/src/pred_set/src
iterate-16-of-31	iterate	16	31	/home/lukasz/dev/HOL/worktrees/holyhammer/src/pred_set/src
iterate-17-of-31	iterate	17	31	/home/lukasz/dev/HOL/worktrees/holyhammer/src/pred_set/src
iterate-18-of-31	iterate	18	31	/home/lukasz/dev/HOL/worktrees/holyhammer/src/pred_set/src
iterate-19-of-31	iterate	19	31	/home/lukasz/dev/HOL/worktrees/holyhammer/src/pred_set/src
iterate-20-of-31	iterate	20	31	/home/lukasz/dev/HOL/worktrees/holyhammer/src/pred_set/src
iterate-21-of-31	iterate	21	31	/home/lukasz/dev/HOL/worktrees/holyhammer/src/pred_set/src
iterate-22-of-31	iterate	22	31	/home/lukasz/dev/HOL/worktrees/holyhammer/src/pred_set/src
iterate-23-of-31	iterate	23	31	/home/lukasz/dev/HOL/worktrees/holyhammer/src/pred_set/src
iterate-24-of-31	iterate	24	31	/home/lukasz/dev/HOL/worktrees/holyhammer/src/pred_set/src
iterate-25-of-31	iterate	25	31	/home/lukasz/dev/HOL/worktrees/holyhammer/src/pred_set/src
iterate-26-of-31	iterate	26	31	/home/lukasz/dev/HOL/worktrees/holyhammer/src/pred_set/src
iterate-27-of-31	iterate	27	31	/home/lukasz/dev/HOL/worktrees/holyhammer/src/pred_set/src
iterate-28-of-31	iterate	28	31	/home/lukasz/dev/HOL/worktrees/holyhammer/src/pred_set/src
iterate-29-of-31	iterate	29	31	/home/lukasz/dev/HOL/worktrees/holyhammer/src/pred_set/src
iterate-30-of-31	iterate	30	31	/home/lukasz/dev/HOL/worktrees/holyhammer/src/pred_set/src
itree-0-of-13	itree	0	13	/home/lukasz/dev/HOL/worktrees/holyhammer/src/coalgebras
itree-1-of-13	itree	1	13	/home/lukasz/dev/HOL/worktrees/holyhammer/src/coalgebras
itree-2-of-13	itree	2	13	/home/lukasz/dev/HOL/worktrees/holyhammer/src/coalgebras
itree-3-of-13	itree	3	13	/home/lukasz/dev/HOL/worktrees/holyhammer/src/coalgebras
itree-4-of-13	itree	4	13	/home/lukasz/dev/HOL/worktrees/holyhammer/src/coalgebras
itree-5-of-13	itree	5	13	/home/lukasz/dev/HOL/worktrees/holyhammer/src/coalgebras
itree-6-of-13	itree	6	13	/home/lukasz/dev/HOL/worktrees/holyhammer/src/coalgebras
itree-7-of-13	itree	7	13	/home/lukasz/dev/HOL/worktrees/holyhammer/src/coalgebras
itree-8-of-13	itree	8	13	/home/lukasz/dev/HOL/worktrees/holyhammer/src/coalgebras
itree-9-of-13	itree	9	13	/home/lukasz/dev/HOL/worktrees/holyhammer/src/coalgebras
itree-10-of-13	itree	10	13	/home/lukasz/dev/HOL/worktrees/holyhammer/src/coalgebras
itree-11-of-13	itree	11	13	/home/lukasz/dev/HOL/worktrees/holyhammer/src/coalgebras
itree-12-of-13	itree	12	13	/home/lukasz/dev/HOL/worktrees/holyhammer/src/coalgebras
itreeTau-0-of-18	itreeTau	0	18	/home/lukasz/dev/HOL/worktrees/holyhammer/src/coalgebras
itreeTau-1-of-18	itreeTau	1	18	/home/lukasz/dev/HOL/worktrees/holyhammer/src/coalgebras
itreeTau-2-of-18	itreeTau	2	18	/home/lukasz/dev/HOL/worktrees/holyhammer/src/coalgebras
itreeTau-3-of-18	itreeTau	3	18	/home/lukasz/dev/HOL/worktrees/holyhammer/src/coalgebras
itreeTau-4-of-18	itreeTau	4	18	/home/lukasz/dev/HOL/worktrees/holyhammer/src/coalgebras
itreeTau-5-of-18	itreeTau	5	18	/home/lukasz/dev/HOL/worktrees/holyhammer/src/coalgebras
itreeTau-6-of-18	itreeTau	6	18	/home/lukasz/dev/HOL/worktrees/holyhammer/src/coalgebras
itreeTau-7-of-18	itreeTau	7	18	/home/lukasz/dev/HOL/worktrees/holyhammer/src/coalgebras
itreeTau-8-of-18	itreeTau	8	18	/home/lukasz/dev/HOL/worktrees/holyhammer/src/coalgebras
itreeTau-9-of-18	itreeTau	9	18	/home/lukasz/dev/HOL/worktrees/holyhammer/src/coalgebras
itreeTau-10-of-18	itreeTau	10	18	/home/lukasz/dev/HOL/worktrees/holyhammer/src/coalgebras
itreeTau-11-of-18	itreeTau	11	18	/home/lukasz/dev/HOL/worktrees/holyhammer/src/coalgebras
itreeTau-12-of-18	itreeTau	12	18	/home/lukasz/dev/HOL/worktrees/holyhammer/src/coalgebras
itreeTau-13-of-18	itreeTau	13	18	/home/lukasz/dev/HOL/worktrees/holyhammer/src/coalgebras
itreeTau-14-of-18	itreeTau	14	18	/home/lukasz/dev/HOL/worktrees/holyhammer/src/coalgebras
itreeTau-15-of-18	itreeTau	15	18	/home/lukasz/dev/HOL/worktrees/holyhammer/src/coalgebras
itreeTau-16-of-18	itreeTau	16	18	/home/lukasz/dev/HOL/worktrees/holyhammer/src/coalgebras
itreeTau-17-of-18	itreeTau	17	18	/home/lukasz/dev/HOL/worktrees/holyhammer/src/coalgebras
lbtree-0-of-5	lbtree	0	5	/home/lukasz/dev/HOL/worktrees/holyhammer/src/coalgebras
lbtree-1-of-5	lbtree	1	5	/home/lukasz/dev/HOL/worktrees/holyhammer/src/coalgebras
lbtree-2-of-5	lbtree	2	5	/home/lukasz/dev/HOL/worktrees/holyhammer/src/coalgebras
lbtree-3-of-5	lbtree	3	5	/home/lukasz/dev/HOL/worktrees/holyhammer/src/coalgebras
lbtree-4-of-5	lbtree	4	5	/home/lukasz/dev/HOL/worktrees/holyhammer/src/coalgebras
lebesgue-0-of-22	lebesgue	0	22	/home/lukasz/dev/HOL/worktrees/holyhammer/src/probability
lebesgue-1-of-22	lebesgue	1	22	/home/lukasz/dev/HOL/worktrees/holyhammer/src/probability
lebesgue-2-of-22	lebesgue	2	22	/home/lukasz/dev/HOL/worktrees/holyhammer/src/probability
lebesgue-3-of-22	lebesgue	3	22	/home/lukasz/dev/HOL/worktrees/holyhammer/src/probability
lebesgue-4-of-22	lebesgue	4	22	/home/lukasz/dev/HOL/worktrees/holyhammer/src/probability
lebesgue-5-of-22	lebesgue	5	22	/home/lukasz/dev/HOL/worktrees/holyhammer/src/probability
lebesgue-6-of-22	lebesgue	6	22	/home/lukasz/dev/HOL/worktrees/holyhammer/src/probability
lebesgue-7-of-22	lebesgue	7	22	/home/lukasz/dev/HOL/worktrees/holyhammer/src/probability
lebesgue-8-of-22	lebesgue	8	22	/home/lukasz/dev/HOL/worktrees/holyhammer/src/probability
lebesgue-9-of-22	lebesgue	9	22	/home/lukasz/dev/HOL/worktrees/holyhammer/src/probability
lebesgue-10-of-22	lebesgue	10	22	/home/lukasz/dev/HOL/worktrees/holyhammer/src/probability
lebesgue-11-of-22	lebesgue	11	22	/home/lukasz/dev/HOL/worktrees/holyhammer/src/probability
lebesgue-12-of-22	lebesgue	12	22	/home/lukasz/dev/HOL/worktrees/holyhammer/src/probability
lebesgue-13-of-22	lebesgue	13	22	/home/lukasz/dev/HOL/worktrees/holyhammer/src/probability
lebesgue-14-of-22	lebesgue	14	22	/home/lukasz/dev/HOL/worktrees/holyhammer/src/probability
lebesgue-15-of-22	lebesgue	15	22	/home/lukasz/dev/HOL/worktrees/holyhammer/src/probability
lebesgue-16-of-22	lebesgue	16	22	/home/lukasz/dev/HOL/worktrees/holyhammer/src/probability
lebesgue-17-of-22	lebesgue	17	22	/home/lukasz/dev/HOL/worktrees/holyhammer/src/probability
lebesgue-18-of-22	lebesgue	18	22	/home/lukasz/dev/HOL/worktrees/holyhammer/src/probability
lebesgue-19-of-22	lebesgue	19	22	/home/lukasz/dev/HOL/worktrees/holyhammer/src/probability
lebesgue-20-of-22	lebesgue	20	22	/home/lukasz/dev/HOL/worktrees/holyhammer/src/probability
lebesgue-21-of-22	lebesgue	21	22	/home/lukasz/dev/HOL/worktrees/holyhammer/src/probability
lebesgue_measure-0-of-13	lebesgue_measure	0	13	/home/lukasz/dev/HOL/worktrees/holyhammer/src/probability
lebesgue_measure-1-of-13	lebesgue_measure	1	13	/home/lukasz/dev/HOL/worktrees/holyhammer/src/probability
lebesgue_measure-2-of-13	lebesgue_measure	2	13	/home/lukasz/dev/HOL/worktrees/holyhammer/src/probability
lebesgue_measure-3-of-13	lebesgue_measure	3	13	/home/lukasz/dev/HOL/worktrees/holyhammer/src/probability
lebesgue_measure-4-of-13	lebesgue_measure	4	13	/home/lukasz/dev/HOL/worktrees/holyhammer/src/probability
lebesgue_measure-5-of-13	lebesgue_measure	5	13	/home/lukasz/dev/HOL/worktrees/holyhammer/src/probability
lebesgue_measure-6-of-13	lebesgue_measure	6	13	/home/lukasz/dev/HOL/worktrees/holyhammer/src/probability
lebesgue_measure-7-of-13	lebesgue_measure	7	13	/home/lukasz/dev/HOL/worktrees/holyhammer/src/probability
lebesgue_measure-8-of-13	lebesgue_measure	8	13	/home/lukasz/dev/HOL/worktrees/holyhammer/src/probability
lebesgue_measure-9-of-13	lebesgue_measure	9	13	/home/lukasz/dev/HOL/worktrees/holyhammer/src/probability
lebesgue_measure-10-of-13	lebesgue_measure	10	13	/home/lukasz/dev/HOL/worktrees/holyhammer/src/probability
lebesgue_measure-11-of-13	lebesgue_measure	11	13	/home/lukasz/dev/HOL/worktrees/holyhammer/src/probability
lebesgue_measure-12-of-13	lebesgue_measure	12	13	/home/lukasz/dev/HOL/worktrees/holyhammer/src/probability
lift_ieee-0-of-7	lift_ieee	0	7	/home/lukasz/dev/HOL/worktrees/holyhammer/src/floating-point
lift_ieee-1-of-7	lift_ieee	1	7	/home/lukasz/dev/HOL/worktrees/holyhammer/src/floating-point
lift_ieee-2-of-7	lift_ieee	2	7	/home/lukasz/dev/HOL/worktrees/holyhammer/src/floating-point
lift_ieee-3-of-7	lift_ieee	3	7	/home/lukasz/dev/HOL/worktrees/holyhammer/src/floating-point
lift_ieee-4-of-7	lift_ieee	4	7	/home/lukasz/dev/HOL/worktrees/holyhammer/src/floating-point
lift_ieee-5-of-7	lift_ieee	5	7	/home/lukasz/dev/HOL/worktrees/holyhammer/src/floating-point
lift_ieee-6-of-7	lift_ieee	6	7	/home/lukasz/dev/HOL/worktrees/holyhammer/src/floating-point
lift_machine_ieee-0-of-3	lift_machine_ieee	0	3	/home/lukasz/dev/HOL/worktrees/holyhammer/src/floating-point
lift_machine_ieee-1-of-3	lift_machine_ieee	1	3	/home/lukasz/dev/HOL/worktrees/holyhammer/src/floating-point
lift_machine_ieee-2-of-3	lift_machine_ieee	2	3	/home/lukasz/dev/HOL/worktrees/holyhammer/src/floating-point
lifting-0-of-2	lifting	0	2	/home/lukasz/dev/HOL/worktrees/holyhammer/src/transfer
lifting-1-of-2	lifting	1	2	/home/lukasz/dev/HOL/worktrees/holyhammer/src/transfer
lim-0-of-21	lim	0	21	/home/lukasz/dev/HOL/worktrees/holyhammer/src/real/analysis
lim-1-of-21	lim	1	21	/home/lukasz/dev/HOL/worktrees/holyhammer/src/real/analysis
lim-2-of-21	lim	2	21	/home/lukasz/dev/HOL/worktrees/holyhammer/src/real/analysis
lim-3-of-21	lim	3	21	/home/lukasz/dev/HOL/worktrees/holyhammer/src/real/analysis
lim-4-of-21	lim	4	21	/home/lukasz/dev/HOL/worktrees/holyhammer/src/real/analysis
lim-5-of-21	lim	5	21	/home/lukasz/dev/HOL/worktrees/holyhammer/src/real/analysis
lim-6-of-21	lim	6	21	/home/lukasz/dev/HOL/worktrees/holyhammer/src/real/analysis
lim-7-of-21	lim	7	21	/home/lukasz/dev/HOL/worktrees/holyhammer/src/real/analysis
lim-8-of-21	lim	8	21	/home/lukasz/dev/HOL/worktrees/holyhammer/src/real/analysis
lim-9-of-21	lim	9	21	/home/lukasz/dev/HOL/worktrees/holyhammer/src/real/analysis
lim-10-of-21	lim	10	21	/home/lukasz/dev/HOL/worktrees/holyhammer/src/real/analysis
lim-11-of-21	lim	11	21	/home/lukasz/dev/HOL/worktrees/holyhammer/src/real/analysis
lim-12-of-21	lim	12	21	/home/lukasz/dev/HOL/worktrees/holyhammer/src/real/analysis
lim-13-of-21	lim	13	21	/home/lukasz/dev/HOL/worktrees/holyhammer/src/real/analysis
lim-14-of-21	lim	14	21	/home/lukasz/dev/HOL/worktrees/holyhammer/src/real/analysis
lim-15-of-21	lim	15	21	/home/lukasz/dev/HOL/worktrees/holyhammer/src/real/analysis
lim-16-of-21	lim	16	21	/home/lukasz/dev/HOL/worktrees/holyhammer/src/real/analysis
lim-17-of-21	lim	17	21	/home/lukasz/dev/HOL/worktrees/holyhammer/src/real/analysis
lim-18-of-21	lim	18	21	/home/lukasz/dev/HOL/worktrees/holyhammer/src/real/analysis
lim-19-of-21	lim	19	21	/home/lukasz/dev/HOL/worktrees/holyhammer/src/real/analysis
lim-20-of-21	lim	20	21	/home/lukasz/dev/HOL/worktrees/holyhammer/src/real/analysis
list-0-of-75	list	0	75	/home/lukasz/dev/HOL/worktrees/holyhammer/src/list/src
list-1-of-75	list	1	75	/home/lukasz/dev/HOL/worktrees/holyhammer/src/list/src
list-2-of-75	list	2	75	/home/lukasz/dev/HOL/worktrees/holyhammer/src/list/src
list-3-of-75	list	3	75	/home/lukasz/dev/HOL/worktrees/holyhammer/src/list/src
list-4-of-75	list	4	75	/home/lukasz/dev/HOL/worktrees/holyhammer/src/list/src
list-5-of-75	list	5	75	/home/lukasz/dev/HOL/worktrees/holyhammer/src/list/src
list-6-of-75	list	6	75	/home/lukasz/dev/HOL/worktrees/holyhammer/src/list/src
list-7-of-75	list	7	75	/home/lukasz/dev/HOL/worktrees/holyhammer/src/list/src
list-8-of-75	list	8	75	/home/lukasz/dev/HOL/worktrees/holyhammer/src/list/src
list-9-of-75	list	9	75	/home/lukasz/dev/HOL/worktrees/holyhammer/src/list/src
list-10-of-75	list	10	75	/home/lukasz/dev/HOL/worktrees/holyhammer/src/list/src
list-11-of-75	list	11	75	/home/lukasz/dev/HOL/worktrees/holyhammer/src/list/src
list-12-of-75	list	12	75	/home/lukasz/dev/HOL/worktrees/holyhammer/src/list/src
list-13-of-75	list	13	75	/home/lukasz/dev/HOL/worktrees/holyhammer/src/list/src
list-14-of-75	list	14	75	/home/lukasz/dev/HOL/worktrees/holyhammer/src/list/src
list-15-of-75	list	15	75	/home/lukasz/dev/HOL/worktrees/holyhammer/src/list/src
list-16-of-75	list	16	75	/home/lukasz/dev/HOL/worktrees/holyhammer/src/list/src
list-17-of-75	list	17	75	/home/lukasz/dev/HOL/worktrees/holyhammer/src/list/src
list-18-of-75	list	18	75	/home/lukasz/dev/HOL/worktrees/holyhammer/src/list/src
list-19-of-75	list	19	75	/home/lukasz/dev/HOL/worktrees/holyhammer/src/list/src
list-20-of-75	list	20	75	/home/lukasz/dev/HOL/worktrees/holyhammer/src/list/src
list-21-of-75	list	21	75	/home/lukasz/dev/HOL/worktrees/holyhammer/src/list/src
list-22-of-75	list	22	75	/home/lukasz/dev/HOL/worktrees/holyhammer/src/list/src
list-23-of-75	list	23	75	/home/lukasz/dev/HOL/worktrees/holyhammer/src/list/src
list-24-of-75	list	24	75	/home/lukasz/dev/HOL/worktrees/holyhammer/src/list/src
list-25-of-75	list	25	75	/home/lukasz/dev/HOL/worktrees/holyhammer/src/list/src
list-26-of-75	list	26	75	/home/lukasz/dev/HOL/worktrees/holyhammer/src/list/src
list-27-of-75	list	27	75	/home/lukasz/dev/HOL/worktrees/holyhammer/src/list/src
list-28-of-75	list	28	75	/home/lukasz/dev/HOL/worktrees/holyhammer/src/list/src
list-29-of-75	list	29	75	/home/lukasz/dev/HOL/worktrees/holyhammer/src/list/src
list-30-of-75	list	30	75	/home/lukasz/dev/HOL/worktrees/holyhammer/src/list/src
list-31-of-75	list	31	75	/home/lukasz/dev/HOL/worktrees/holyhammer/src/list/src
list-32-of-75	list	32	75	/home/lukasz/dev/HOL/worktrees/holyhammer/src/list/src
list-33-of-75	list	33	75	/home/lukasz/dev/HOL/worktrees/holyhammer/src/list/src
list-34-of-75	list	34	75	/home/lukasz/dev/HOL/worktrees/holyhammer/src/list/src
list-35-of-75	list	35	75	/home/lukasz/dev/HOL/worktrees/holyhammer/src/list/src
list-36-of-75	list	36	75	/home/lukasz/dev/HOL/worktrees/holyhammer/src/list/src
list-37-of-75	list	37	75	/home/lukasz/dev/HOL/worktrees/holyhammer/src/list/src
list-38-of-75	list	38	75	/home/lukasz/dev/HOL/worktrees/holyhammer/src/list/src
list-39-of-75	list	39	75	/home/lukasz/dev/HOL/worktrees/holyhammer/src/list/src
list-40-of-75	list	40	75	/home/lukasz/dev/HOL/worktrees/holyhammer/src/list/src
list-41-of-75	list	41	75	/home/lukasz/dev/HOL/worktrees/holyhammer/src/list/src
list-42-of-75	list	42	75	/home/lukasz/dev/HOL/worktrees/holyhammer/src/list/src
list-43-of-75	list	43	75	/home/lukasz/dev/HOL/worktrees/holyhammer/src/list/src
list-44-of-75	list	44	75	/home/lukasz/dev/HOL/worktrees/holyhammer/src/list/src
list-45-of-75	list	45	75	/home/lukasz/dev/HOL/worktrees/holyhammer/src/list/src
list-46-of-75	list	46	75	/home/lukasz/dev/HOL/worktrees/holyhammer/src/list/src
list-47-of-75	list	47	75	/home/lukasz/dev/HOL/worktrees/holyhammer/src/list/src
list-48-of-75	list	48	75	/home/lukasz/dev/HOL/worktrees/holyhammer/src/list/src
list-49-of-75	list	49	75	/home/lukasz/dev/HOL/worktrees/holyhammer/src/list/src
list-50-of-75	list	50	75	/home/lukasz/dev/HOL/worktrees/holyhammer/src/list/src
list-51-of-75	list	51	75	/home/lukasz/dev/HOL/worktrees/holyhammer/src/list/src
list-52-of-75	list	52	75	/home/lukasz/dev/HOL/worktrees/holyhammer/src/list/src
list-53-of-75	list	53	75	/home/lukasz/dev/HOL/worktrees/holyhammer/src/list/src
list-54-of-75	list	54	75	/home/lukasz/dev/HOL/worktrees/holyhammer/src/list/src
list-55-of-75	list	55	75	/home/lukasz/dev/HOL/worktrees/holyhammer/src/list/src
list-56-of-75	list	56	75	/home/lukasz/dev/HOL/worktrees/holyhammer/src/list/src
list-57-of-75	list	57	75	/home/lukasz/dev/HOL/worktrees/holyhammer/src/list/src
list-58-of-75	list	58	75	/home/lukasz/dev/HOL/worktrees/holyhammer/src/list/src
list-59-of-75	list	59	75	/home/lukasz/dev/HOL/worktrees/holyhammer/src/list/src
list-60-of-75	list	60	75	/home/lukasz/dev/HOL/worktrees/holyhammer/src/list/src
list-61-of-75	list	61	75	/home/lukasz/dev/HOL/worktrees/holyhammer/src/list/src
list-62-of-75	list	62	75	/home/lukasz/dev/HOL/worktrees/holyhammer/src/list/src
list-63-of-75	list	63	75	/home/lukasz/dev/HOL/worktrees/holyhammer/src/list/src
list-64-of-75	list	64	75	/home/lukasz/dev/HOL/worktrees/holyhammer/src/list/src
list-65-of-75	list	65	75	/home/lukasz/dev/HOL/worktrees/holyhammer/src/list/src
list-66-of-75	list	66	75	/home/lukasz/dev/HOL/worktrees/holyhammer/src/list/src
list-67-of-75	list	67	75	/home/lukasz/dev/HOL/worktrees/holyhammer/src/list/src
list-68-of-75	list	68	75	/home/lukasz/dev/HOL/worktrees/holyhammer/src/list/src
list-69-of-75	list	69	75	/home/lukasz/dev/HOL/worktrees/holyhammer/src/list/src
list-70-of-75	list	70	75	/home/lukasz/dev/HOL/worktrees/holyhammer/src/list/src
list-71-of-75	list	71	75	/home/lukasz/dev/HOL/worktrees/holyhammer/src/list/src
list-72-of-75	list	72	75	/home/lukasz/dev/HOL/worktrees/holyhammer/src/list/src
list-73-of-75	list	73	75	/home/lukasz/dev/HOL/worktrees/holyhammer/src/list/src
list-74-of-75	list	74	75	/home/lukasz/dev/HOL/worktrees/holyhammer/src/list/src
listCardinality-0-of-1	listCardinality	0	1	/home/lukasz/dev/HOL/worktrees/holyhammer/src/list/src
listRange-0-of-10	listRange	0	10	/home/lukasz/dev/HOL/worktrees/holyhammer/src/list/src
listRange-1-of-10	listRange	1	10	/home/lukasz/dev/HOL/worktrees/holyhammer/src/list/src
listRange-2-of-10	listRange	2	10	/home/lukasz/dev/HOL/worktrees/holyhammer/src/list/src
listRange-3-of-10	listRange	3	10	/home/lukasz/dev/HOL/worktrees/holyhammer/src/list/src
listRange-4-of-10	listRange	4	10	/home/lukasz/dev/HOL/worktrees/holyhammer/src/list/src
listRange-5-of-10	listRange	5	10	/home/lukasz/dev/HOL/worktrees/holyhammer/src/list/src
listRange-6-of-10	listRange	6	10	/home/lukasz/dev/HOL/worktrees/holyhammer/src/list/src
listRange-7-of-10	listRange	7	10	/home/lukasz/dev/HOL/worktrees/holyhammer/src/list/src
listRange-8-of-10	listRange	8	10	/home/lukasz/dev/HOL/worktrees/holyhammer/src/list/src
listRange-9-of-10	listRange	9	10	/home/lukasz/dev/HOL/worktrees/holyhammer/src/list/src
llist-0-of-39	llist	0	39	/home/lukasz/dev/HOL/worktrees/holyhammer/src/coalgebras
llist-1-of-39	llist	1	39	/home/lukasz/dev/HOL/worktrees/holyhammer/src/coalgebras
llist-2-of-39	llist	2	39	/home/lukasz/dev/HOL/worktrees/holyhammer/src/coalgebras
llist-3-of-39	llist	3	39	/home/lukasz/dev/HOL/worktrees/holyhammer/src/coalgebras
llist-4-of-39	llist	4	39	/home/lukasz/dev/HOL/worktrees/holyhammer/src/coalgebras
llist-5-of-39	llist	5	39	/home/lukasz/dev/HOL/worktrees/holyhammer/src/coalgebras
llist-6-of-39	llist	6	39	/home/lukasz/dev/HOL/worktrees/holyhammer/src/coalgebras
llist-7-of-39	llist	7	39	/home/lukasz/dev/HOL/worktrees/holyhammer/src/coalgebras
llist-8-of-39	llist	8	39	/home/lukasz/dev/HOL/worktrees/holyhammer/src/coalgebras
llist-9-of-39	llist	9	39	/home/lukasz/dev/HOL/worktrees/holyhammer/src/coalgebras
llist-10-of-39	llist	10	39	/home/lukasz/dev/HOL/worktrees/holyhammer/src/coalgebras
llist-11-of-39	llist	11	39	/home/lukasz/dev/HOL/worktrees/holyhammer/src/coalgebras
llist-12-of-39	llist	12	39	/home/lukasz/dev/HOL/worktrees/holyhammer/src/coalgebras
llist-13-of-39	llist	13	39	/home/lukasz/dev/HOL/worktrees/holyhammer/src/coalgebras
llist-14-of-39	llist	14	39	/home/lukasz/dev/HOL/worktrees/holyhammer/src/coalgebras
llist-15-of-39	llist	15	39	/home/lukasz/dev/HOL/worktrees/holyhammer/src/coalgebras
llist-16-of-39	llist	16	39	/home/lukasz/dev/HOL/worktrees/holyhammer/src/coalgebras
llist-17-of-39	llist	17	39	/home/lukasz/dev/HOL/worktrees/holyhammer/src/coalgebras
llist-18-of-39	llist	18	39	/home/lukasz/dev/HOL/worktrees/holyhammer/src/coalgebras
llist-19-of-39	llist	19	39	/home/lukasz/dev/HOL/worktrees/holyhammer/src/coalgebras
llist-20-of-39	llist	20	39	/home/lukasz/dev/HOL/worktrees/holyhammer/src/coalgebras
llist-21-of-39	llist	21	39	/home/lukasz/dev/HOL/worktrees/holyhammer/src/coalgebras
llist-22-of-39	llist	22	39	/home/lukasz/dev/HOL/worktrees/holyhammer/src/coalgebras
llist-23-of-39	llist	23	39	/home/lukasz/dev/HOL/worktrees/holyhammer/src/coalgebras
llist-24-of-39	llist	24	39	/home/lukasz/dev/HOL/worktrees/holyhammer/src/coalgebras
llist-25-of-39	llist	25	39	/home/lukasz/dev/HOL/worktrees/holyhammer/src/coalgebras
llist-26-of-39	llist	26	39	/home/lukasz/dev/HOL/worktrees/holyhammer/src/coalgebras
llist-27-of-39	llist	27	39	/home/lukasz/dev/HOL/worktrees/holyhammer/src/coalgebras
llist-28-of-39	llist	28	39	/home/lukasz/dev/HOL/worktrees/holyhammer/src/coalgebras
llist-29-of-39	llist	29	39	/home/lukasz/dev/HOL/worktrees/holyhammer/src/coalgebras
llist-30-of-39	llist	30	39	/home/lukasz/dev/HOL/worktrees/holyhammer/src/coalgebras
llist-31-of-39	llist	31	39	/home/lukasz/dev/HOL/worktrees/holyhammer/src/coalgebras
llist-32-of-39	llist	32	39	/home/lukasz/dev/HOL/worktrees/holyhammer/src/coalgebras
llist-33-of-39	llist	33	39	/home/lukasz/dev/HOL/worktrees/holyhammer/src/coalgebras
llist-34-of-39	llist	34	39	/home/lukasz/dev/HOL/worktrees/holyhammer/src/coalgebras
llist-35-of-39	llist	35	39	/home/lukasz/dev/HOL/worktrees/holyhammer/src/coalgebras
llist-36-of-39	llist	36	39	/home/lukasz/dev/HOL/worktrees/holyhammer/src/coalgebras
llist-37-of-39	llist	37	39	/home/lukasz/dev/HOL/worktrees/holyhammer/src/coalgebras
llist-38-of-39	llist	38	39	/home/lukasz/dev/HOL/worktrees/holyhammer/src/coalgebras
loadBNFPrelims-0-of-1	loadBNFPrelims	0	1	/home/lukasz/dev/HOL/worktrees/holyhammer/src/datatype/theory_tests
loadDatatypeA-0-of-10	loadDatatypeA	0	10	/home/lukasz/dev/HOL/worktrees/holyhammer/src/datatype/theory_tests
loadDatatypeA-1-of-10	loadDatatypeA	1	10	/home/lukasz/dev/HOL/worktrees/holyhammer/src/datatype/theory_tests
loadDatatypeA-2-of-10	loadDatatypeA	2	10	/home/lukasz/dev/HOL/worktrees/holyhammer/src/datatype/theory_tests
loadDatatypeA-3-of-10	loadDatatypeA	3	10	/home/lukasz/dev/HOL/worktrees/holyhammer/src/datatype/theory_tests
loadDatatypeA-4-of-10	loadDatatypeA	4	10	/home/lukasz/dev/HOL/worktrees/holyhammer/src/datatype/theory_tests
loadDatatypeA-5-of-10	loadDatatypeA	5	10	/home/lukasz/dev/HOL/worktrees/holyhammer/src/datatype/theory_tests
loadDatatypeA-6-of-10	loadDatatypeA	6	10	/home/lukasz/dev/HOL/worktrees/holyhammer/src/datatype/theory_tests
loadDatatypeA-7-of-10	loadDatatypeA	7	10	/home/lukasz/dev/HOL/worktrees/holyhammer/src/datatype/theory_tests
loadDatatypeA-8-of-10	loadDatatypeA	8	10	/home/lukasz/dev/HOL/worktrees/holyhammer/src/datatype/theory_tests
loadDatatypeA-9-of-10	loadDatatypeA	9	10	/home/lukasz/dev/HOL/worktrees/holyhammer/src/datatype/theory_tests
loadDatatypeB-0-of-1	loadDatatypeB	0	1	/home/lukasz/dev/HOL/worktrees/holyhammer/src/datatype/theory_tests
logroot-0-of-13	logroot	0	13	/home/lukasz/dev/HOL/worktrees/holyhammer/src/num/extra_theories
logroot-1-of-13	logroot	1	13	/home/lukasz/dev/HOL/worktrees/holyhammer/src/num/extra_theories
logroot-2-of-13	logroot	2	13	/home/lukasz/dev/HOL/worktrees/holyhammer/src/num/extra_theories
logroot-3-of-13	logroot	3	13	/home/lukasz/dev/HOL/worktrees/holyhammer/src/num/extra_theories
logroot-4-of-13	logroot	4	13	/home/lukasz/dev/HOL/worktrees/holyhammer/src/num/extra_theories
logroot-5-of-13	logroot	5	13	/home/lukasz/dev/HOL/worktrees/holyhammer/src/num/extra_theories
logroot-6-of-13	logroot	6	13	/home/lukasz/dev/HOL/worktrees/holyhammer/src/num/extra_theories
logroot-7-of-13	logroot	7	13	/home/lukasz/dev/HOL/worktrees/holyhammer/src/num/extra_theories
logroot-8-of-13	logroot	8	13	/home/lukasz/dev/HOL/worktrees/holyhammer/src/num/extra_theories
logroot-9-of-13	logroot	9	13	/home/lukasz/dev/HOL/worktrees/holyhammer/src/num/extra_theories
logroot-10-of-13	logroot	10	13	/home/lukasz/dev/HOL/worktrees/holyhammer/src/num/extra_theories
logroot-11-of-13	logroot	11	13	/home/lukasz/dev/HOL/worktrees/holyhammer/src/num/extra_theories
logroot-12-of-13	logroot	12	13	/home/lukasz/dev/HOL/worktrees/holyhammer/src/num/extra_theories
ltree-0-of-15	ltree	0	15	/home/lukasz/dev/HOL/worktrees/holyhammer/src/coalgebras
ltree-1-of-15	ltree	1	15	/home/lukasz/dev/HOL/worktrees/holyhammer/src/coalgebras
ltree-2-of-15	ltree	2	15	/home/lukasz/dev/HOL/worktrees/holyhammer/src/coalgebras
ltree-3-of-15	ltree	3	15	/home/lukasz/dev/HOL/worktrees/holyhammer/src/coalgebras
ltree-4-of-15	ltree	4	15	/home/lukasz/dev/HOL/worktrees/holyhammer/src/coalgebras
ltree-5-of-15	ltree	5	15	/home/lukasz/dev/HOL/worktrees/holyhammer/src/coalgebras
ltree-6-of-15	ltree	6	15	/home/lukasz/dev/HOL/worktrees/holyhammer/src/coalgebras
ltree-7-of-15	ltree	7	15	/home/lukasz/dev/HOL/worktrees/holyhammer/src/coalgebras
ltree-8-of-15	ltree	8	15	/home/lukasz/dev/HOL/worktrees/holyhammer/src/coalgebras
ltree-9-of-15	ltree	9	15	/home/lukasz/dev/HOL/worktrees/holyhammer/src/coalgebras
ltree-10-of-15	ltree	10	15	/home/lukasz/dev/HOL/worktrees/holyhammer/src/coalgebras
ltree-11-of-15	ltree	11	15	/home/lukasz/dev/HOL/worktrees/holyhammer/src/coalgebras
ltree-12-of-15	ltree	12	15	/home/lukasz/dev/HOL/worktrees/holyhammer/src/coalgebras
ltree-13-of-15	ltree	13	15	/home/lukasz/dev/HOL/worktrees/holyhammer/src/coalgebras
ltree-14-of-15	ltree	14	15	/home/lukasz/dev/HOL/worktrees/holyhammer/src/coalgebras
machine_ieee-0-of-16	machine_ieee	0	16	/home/lukasz/dev/HOL/worktrees/holyhammer/src/floating-point
machine_ieee-1-of-16	machine_ieee	1	16	/home/lukasz/dev/HOL/worktrees/holyhammer/src/floating-point
machine_ieee-2-of-16	machine_ieee	2	16	/home/lukasz/dev/HOL/worktrees/holyhammer/src/floating-point
machine_ieee-3-of-16	machine_ieee	3	16	/home/lukasz/dev/HOL/worktrees/holyhammer/src/floating-point
machine_ieee-4-of-16	machine_ieee	4	16	/home/lukasz/dev/HOL/worktrees/holyhammer/src/floating-point
machine_ieee-5-of-16	machine_ieee	5	16	/home/lukasz/dev/HOL/worktrees/holyhammer/src/floating-point
machine_ieee-6-of-16	machine_ieee	6	16	/home/lukasz/dev/HOL/worktrees/holyhammer/src/floating-point
machine_ieee-7-of-16	machine_ieee	7	16	/home/lukasz/dev/HOL/worktrees/holyhammer/src/floating-point
machine_ieee-8-of-16	machine_ieee	8	16	/home/lukasz/dev/HOL/worktrees/holyhammer/src/floating-point
machine_ieee-9-of-16	machine_ieee	9	16	/home/lukasz/dev/HOL/worktrees/holyhammer/src/floating-point
machine_ieee-10-of-16	machine_ieee	10	16	/home/lukasz/dev/HOL/worktrees/holyhammer/src/floating-point
machine_ieee-11-of-16	machine_ieee	11	16	/home/lukasz/dev/HOL/worktrees/holyhammer/src/floating-point
machine_ieee-12-of-16	machine_ieee	12	16	/home/lukasz/dev/HOL/worktrees/holyhammer/src/floating-point
machine_ieee-13-of-16	machine_ieee	13	16	/home/lukasz/dev/HOL/worktrees/holyhammer/src/floating-point
machine_ieee-14-of-16	machine_ieee	14	16	/home/lukasz/dev/HOL/worktrees/holyhammer/src/floating-point
machine_ieee-15-of-16	machine_ieee	15	16	/home/lukasz/dev/HOL/worktrees/holyhammer/src/floating-point
marker-0-of-1	marker	0	1	/home/lukasz/dev/HOL/worktrees/holyhammer/src/marker
martingale-0-of-24	martingale	0	24	/home/lukasz/dev/HOL/worktrees/holyhammer/src/probability
martingale-1-of-24	martingale	1	24	/home/lukasz/dev/HOL/worktrees/holyhammer/src/probability
martingale-2-of-24	martingale	2	24	/home/lukasz/dev/HOL/worktrees/holyhammer/src/probability
martingale-3-of-24	martingale	3	24	/home/lukasz/dev/HOL/worktrees/holyhammer/src/probability
martingale-4-of-24	martingale	4	24	/home/lukasz/dev/HOL/worktrees/holyhammer/src/probability
martingale-5-of-24	martingale	5	24	/home/lukasz/dev/HOL/worktrees/holyhammer/src/probability
martingale-6-of-24	martingale	6	24	/home/lukasz/dev/HOL/worktrees/holyhammer/src/probability
martingale-7-of-24	martingale	7	24	/home/lukasz/dev/HOL/worktrees/holyhammer/src/probability
martingale-8-of-24	martingale	8	24	/home/lukasz/dev/HOL/worktrees/holyhammer/src/probability
martingale-9-of-24	martingale	9	24	/home/lukasz/dev/HOL/worktrees/holyhammer/src/probability
martingale-10-of-24	martingale	10	24	/home/lukasz/dev/HOL/worktrees/holyhammer/src/probability
martingale-11-of-24	martingale	11	24	/home/lukasz/dev/HOL/worktrees/holyhammer/src/probability
martingale-12-of-24	martingale	12	24	/home/lukasz/dev/HOL/worktrees/holyhammer/src/probability
martingale-13-of-24	martingale	13	24	/home/lukasz/dev/HOL/worktrees/holyhammer/src/probability
martingale-14-of-24	martingale	14	24	/home/lukasz/dev/HOL/worktrees/holyhammer/src/probability
martingale-15-of-24	martingale	15	24	/home/lukasz/dev/HOL/worktrees/holyhammer/src/probability
martingale-16-of-24	martingale	16	24	/home/lukasz/dev/HOL/worktrees/holyhammer/src/probability
martingale-17-of-24	martingale	17	24	/home/lukasz/dev/HOL/worktrees/holyhammer/src/probability
martingale-18-of-24	martingale	18	24	/home/lukasz/dev/HOL/worktrees/holyhammer/src/probability
martingale-19-of-24	martingale	19	24	/home/lukasz/dev/HOL/worktrees/holyhammer/src/probability
martingale-20-of-24	martingale	20	24	/home/lukasz/dev/HOL/worktrees/holyhammer/src/probability
martingale-21-of-24	martingale	21	24	/home/lukasz/dev/HOL/worktrees/holyhammer/src/probability
martingale-22-of-24	martingale	22	24	/home/lukasz/dev/HOL/worktrees/holyhammer/src/probability
martingale-23-of-24	martingale	23	24	/home/lukasz/dev/HOL/worktrees/holyhammer/src/probability
measure-0-of-28	measure	0	28	/home/lukasz/dev/HOL/worktrees/holyhammer/src/probability
measure-1-of-28	measure	1	28	/home/lukasz/dev/HOL/worktrees/holyhammer/src/probability
measure-2-of-28	measure	2	28	/home/lukasz/dev/HOL/worktrees/holyhammer/src/probability
measure-3-of-28	measure	3	28	/home/lukasz/dev/HOL/worktrees/holyhammer/src/probability
measure-4-of-28	measure	4	28	/home/lukasz/dev/HOL/worktrees/holyhammer/src/probability
measure-5-of-28	measure	5	28	/home/lukasz/dev/HOL/worktrees/holyhammer/src/probability
measure-6-of-28	measure	6	28	/home/lukasz/dev/HOL/worktrees/holyhammer/src/probability
measure-7-of-28	measure	7	28	/home/lukasz/dev/HOL/worktrees/holyhammer/src/probability
measure-8-of-28	measure	8	28	/home/lukasz/dev/HOL/worktrees/holyhammer/src/probability
measure-9-of-28	measure	9	28	/home/lukasz/dev/HOL/worktrees/holyhammer/src/probability
measure-10-of-28	measure	10	28	/home/lukasz/dev/HOL/worktrees/holyhammer/src/probability
measure-11-of-28	measure	11	28	/home/lukasz/dev/HOL/worktrees/holyhammer/src/probability
measure-12-of-28	measure	12	28	/home/lukasz/dev/HOL/worktrees/holyhammer/src/probability
measure-13-of-28	measure	13	28	/home/lukasz/dev/HOL/worktrees/holyhammer/src/probability
measure-14-of-28	measure	14	28	/home/lukasz/dev/HOL/worktrees/holyhammer/src/probability
measure-15-of-28	measure	15	28	/home/lukasz/dev/HOL/worktrees/holyhammer/src/probability
measure-16-of-28	measure	16	28	/home/lukasz/dev/HOL/worktrees/holyhammer/src/probability
measure-17-of-28	measure	17	28	/home/lukasz/dev/HOL/worktrees/holyhammer/src/probability
measure-18-of-28	measure	18	28	/home/lukasz/dev/HOL/worktrees/holyhammer/src/probability
measure-19-of-28	measure	19	28	/home/lukasz/dev/HOL/worktrees/holyhammer/src/probability
measure-20-of-28	measure	20	28	/home/lukasz/dev/HOL/worktrees/holyhammer/src/probability
measure-21-of-28	measure	21	28	/home/lukasz/dev/HOL/worktrees/holyhammer/src/probability
measure-22-of-28	measure	22	28	/home/lukasz/dev/HOL/worktrees/holyhammer/src/probability
measure-23-of-28	measure	23	28	/home/lukasz/dev/HOL/worktrees/holyhammer/src/probability
measure-24-of-28	measure	24	28	/home/lukasz/dev/HOL/worktrees/holyhammer/src/probability
measure-25-of-28	measure	25	28	/home/lukasz/dev/HOL/worktrees/holyhammer/src/probability
measure-26-of-28	measure	26	28	/home/lukasz/dev/HOL/worktrees/holyhammer/src/probability
measure-27-of-28	measure	27	28	/home/lukasz/dev/HOL/worktrees/holyhammer/src/probability
mergeGrammarsA1-0-of-1	mergeGrammarsA1	0	1	/home/lukasz/dev/HOL/worktrees/holyhammer/src/1/theory_tests
mergeGrammarsA2-0-of-1	mergeGrammarsA2	0	1	/home/lukasz/dev/HOL/worktrees/holyhammer/src/1/theory_tests
mergeGrammarsB-0-of-1	mergeGrammarsB	0	1	/home/lukasz/dev/HOL/worktrees/holyhammer/src/1/theory_tests
mergeGrammarsC-0-of-1	mergeGrammarsC	0	1	/home/lukasz/dev/HOL/worktrees/holyhammer/src/1/theory_tests
mergesort-0-of-5	mergesort	0	5	/home/lukasz/dev/HOL/worktrees/holyhammer/src/sort
mergesort-1-of-5	mergesort	1	5	/home/lukasz/dev/HOL/worktrees/holyhammer/src/sort
mergesort-2-of-5	mergesort	2	5	/home/lukasz/dev/HOL/worktrees/holyhammer/src/sort
mergesort-3-of-5	mergesort	3	5	/home/lukasz/dev/HOL/worktrees/holyhammer/src/sort
mergesort-4-of-5	mergesort	4	5	/home/lukasz/dev/HOL/worktrees/holyhammer/src/sort
metric-0-of-20	metric	0	20	/home/lukasz/dev/HOL/worktrees/holyhammer/src/real
metric-1-of-20	metric	1	20	/home/lukasz/dev/HOL/worktrees/holyhammer/src/real
metric-2-of-20	metric	2	20	/home/lukasz/dev/HOL/worktrees/holyhammer/src/real
metric-3-of-20	metric	3	20	/home/lukasz/dev/HOL/worktrees/holyhammer/src/real
metric-4-of-20	metric	4	20	/home/lukasz/dev/HOL/worktrees/holyhammer/src/real
metric-5-of-20	metric	5	20	/home/lukasz/dev/HOL/worktrees/holyhammer/src/real
metric-6-of-20	metric	6	20	/home/lukasz/dev/HOL/worktrees/holyhammer/src/real
metric-7-of-20	metric	7	20	/home/lukasz/dev/HOL/worktrees/holyhammer/src/real
metric-8-of-20	metric	8	20	/home/lukasz/dev/HOL/worktrees/holyhammer/src/real
metric-9-of-20	metric	9	20	/home/lukasz/dev/HOL/worktrees/holyhammer/src/real
metric-10-of-20	metric	10	20	/home/lukasz/dev/HOL/worktrees/holyhammer/src/real
metric-11-of-20	metric	11	20	/home/lukasz/dev/HOL/worktrees/holyhammer/src/real
metric-12-of-20	metric	12	20	/home/lukasz/dev/HOL/worktrees/holyhammer/src/real
metric-13-of-20	metric	13	20	/home/lukasz/dev/HOL/worktrees/holyhammer/src/real
metric-14-of-20	metric	14	20	/home/lukasz/dev/HOL/worktrees/holyhammer/src/real
metric-15-of-20	metric	15	20	/home/lukasz/dev/HOL/worktrees/holyhammer/src/real
metric-16-of-20	metric	16	20	/home/lukasz/dev/HOL/worktrees/holyhammer/src/real
metric-17-of-20	metric	17	20	/home/lukasz/dev/HOL/worktrees/holyhammer/src/real
metric-18-of-20	metric	18	20	/home/lukasz/dev/HOL/worktrees/holyhammer/src/real
metric-19-of-20	metric	19	20	/home/lukasz/dev/HOL/worktrees/holyhammer/src/real
monofldA-0-of-3	monofldA	0	3	/home/lukasz/dev/HOL/worktrees/holyhammer/src/datatype/theory_tests
monofldA-1-of-3	monofldA	1	3	/home/lukasz/dev/HOL/worktrees/holyhammer/src/datatype/theory_tests
monofldA-2-of-3	monofldA	2	3	/home/lukasz/dev/HOL/worktrees/holyhammer/src/datatype/theory_tests
monofldB-0-of-1	monofldB	0	1	/home/lukasz/dev/HOL/worktrees/holyhammer/src/datatype/theory_tests
monoid-0-of-30	monoid	0	30	/home/lukasz/dev/HOL/worktrees/holyhammer/src/algebra/construction
monoid-1-of-30	monoid	1	30	/home/lukasz/dev/HOL/worktrees/holyhammer/src/algebra/construction
monoid-2-of-30	monoid	2	30	/home/lukasz/dev/HOL/worktrees/holyhammer/src/algebra/construction
monoid-3-of-30	monoid	3	30	/home/lukasz/dev/HOL/worktrees/holyhammer/src/algebra/construction
monoid-4-of-30	monoid	4	30	/home/lukasz/dev/HOL/worktrees/holyhammer/src/algebra/construction
monoid-5-of-30	monoid	5	30	/home/lukasz/dev/HOL/worktrees/holyhammer/src/algebra/construction
monoid-6-of-30	monoid	6	30	/home/lukasz/dev/HOL/worktrees/holyhammer/src/algebra/construction
monoid-7-of-30	monoid	7	30	/home/lukasz/dev/HOL/worktrees/holyhammer/src/algebra/construction
monoid-8-of-30	monoid	8	30	/home/lukasz/dev/HOL/worktrees/holyhammer/src/algebra/construction
monoid-9-of-30	monoid	9	30	/home/lukasz/dev/HOL/worktrees/holyhammer/src/algebra/construction
monoid-10-of-30	monoid	10	30	/home/lukasz/dev/HOL/worktrees/holyhammer/src/algebra/construction
monoid-11-of-30	monoid	11	30	/home/lukasz/dev/HOL/worktrees/holyhammer/src/algebra/construction
monoid-12-of-30	monoid	12	30	/home/lukasz/dev/HOL/worktrees/holyhammer/src/algebra/construction
monoid-13-of-30	monoid	13	30	/home/lukasz/dev/HOL/worktrees/holyhammer/src/algebra/construction
monoid-14-of-30	monoid	14	30	/home/lukasz/dev/HOL/worktrees/holyhammer/src/algebra/construction
monoid-15-of-30	monoid	15	30	/home/lukasz/dev/HOL/worktrees/holyhammer/src/algebra/construction
monoid-16-of-30	monoid	16	30	/home/lukasz/dev/HOL/worktrees/holyhammer/src/algebra/construction
monoid-17-of-30	monoid	17	30	/home/lukasz/dev/HOL/worktrees/holyhammer/src/algebra/construction
monoid-18-of-30	monoid	18	30	/home/lukasz/dev/HOL/worktrees/holyhammer/src/algebra/construction
monoid-19-of-30	monoid	19	30	/home/lukasz/dev/HOL/worktrees/holyhammer/src/algebra/construction
monoid-20-of-30	monoid	20	30	/home/lukasz/dev/HOL/worktrees/holyhammer/src/algebra/construction
monoid-21-of-30	monoid	21	30	/home/lukasz/dev/HOL/worktrees/holyhammer/src/algebra/construction
monoid-22-of-30	monoid	22	30	/home/lukasz/dev/HOL/worktrees/holyhammer/src/algebra/construction
monoid-23-of-30	monoid	23	30	/home/lukasz/dev/HOL/worktrees/holyhammer/src/algebra/construction
monoid-24-of-30	monoid	24	30	/home/lukasz/dev/HOL/worktrees/holyhammer/src/algebra/construction
monoid-25-of-30	monoid	25	30	/home/lukasz/dev/HOL/worktrees/holyhammer/src/algebra/construction
monoid-26-of-30	monoid	26	30	/home/lukasz/dev/HOL/worktrees/holyhammer/src/algebra/construction
monoid-27-of-30	monoid	27	30	/home/lukasz/dev/HOL/worktrees/holyhammer/src/algebra/construction
monoid-28-of-30	monoid	28	30	/home/lukasz/dev/HOL/worktrees/holyhammer/src/algebra/construction
monoid-29-of-30	monoid	29	30	/home/lukasz/dev/HOL/worktrees/holyhammer/src/algebra/construction
ndatatype_ind0-0-of-1	ndatatype_ind0	0	1	/home/lukasz/dev/HOL/worktrees/holyhammer/src/datatype/theory_tests
nets-0-of-13	nets	0	13	/home/lukasz/dev/HOL/worktrees/holyhammer/src/real
nets-1-of-13	nets	1	13	/home/lukasz/dev/HOL/worktrees/holyhammer/src/real
nets-2-of-13	nets	2	13	/home/lukasz/dev/HOL/worktrees/holyhammer/src/real
nets-3-of-13	nets	3	13	/home/lukasz/dev/HOL/worktrees/holyhammer/src/real
nets-4-of-13	nets	4	13	/home/lukasz/dev/HOL/worktrees/holyhammer/src/real
nets-5-of-13	nets	5	13	/home/lukasz/dev/HOL/worktrees/holyhammer/src/real
nets-6-of-13	nets	6	13	/home/lukasz/dev/HOL/worktrees/holyhammer/src/real
nets-7-of-13	nets	7	13	/home/lukasz/dev/HOL/worktrees/holyhammer/src/real
nets-8-of-13	nets	8	13	/home/lukasz/dev/HOL/worktrees/holyhammer/src/real
nets-9-of-13	nets	9	13	/home/lukasz/dev/HOL/worktrees/holyhammer/src/real
nets-10-of-13	nets	10	13	/home/lukasz/dev/HOL/worktrees/holyhammer/src/real
nets-11-of-13	nets	11	13	/home/lukasz/dev/HOL/worktrees/holyhammer/src/real
nets-12-of-13	nets	12	13	/home/lukasz/dev/HOL/worktrees/holyhammer/src/real
nlist-0-of-8	nlist	0	8	/home/lukasz/dev/HOL/worktrees/holyhammer/src/list/src
nlist-1-of-8	nlist	1	8	/home/lukasz/dev/HOL/worktrees/holyhammer/src/list/src
nlist-2-of-8	nlist	2	8	/home/lukasz/dev/HOL/worktrees/holyhammer/src/list/src
nlist-3-of-8	nlist	3	8	/home/lukasz/dev/HOL/worktrees/holyhammer/src/list/src
nlist-4-of-8	nlist	4	8	/home/lukasz/dev/HOL/worktrees/holyhammer/src/list/src
nlist-5-of-8	nlist	5	8	/home/lukasz/dev/HOL/worktrees/holyhammer/src/list/src
nlist-6-of-8	nlist	6	8	/home/lukasz/dev/HOL/worktrees/holyhammer/src/list/src
nlist-7-of-8	nlist	7	8	/home/lukasz/dev/HOL/worktrees/holyhammer/src/list/src
normalForms-0-of-1	normalForms	0	1	/home/lukasz/dev/HOL/worktrees/holyhammer/src/metis
normalizer-0-of-2	normalizer	0	2	/home/lukasz/dev/HOL/worktrees/holyhammer/src/num/reduce/src
normalizer-1-of-2	normalizer	1	2	/home/lukasz/dev/HOL/worktrees/holyhammer/src/num/reduce/src
num-0-of-1	num	0	1	/home/lukasz/dev/HOL/worktrees/holyhammer/src/num/theories
number-0-of-63	number	0	63	/home/lukasz/dev/HOL/worktrees/holyhammer/src/algebra/base
number-1-of-63	number	1	63	/home/lukasz/dev/HOL/worktrees/holyhammer/src/algebra/base
number-2-of-63	number	2	63	/home/lukasz/dev/HOL/worktrees/holyhammer/src/algebra/base
number-3-of-63	number	3	63	/home/lukasz/dev/HOL/worktrees/holyhammer/src/algebra/base
number-4-of-63	number	4	63	/home/lukasz/dev/HOL/worktrees/holyhammer/src/algebra/base
number-5-of-63	number	5	63	/home/lukasz/dev/HOL/worktrees/holyhammer/src/algebra/base
number-6-of-63	number	6	63	/home/lukasz/dev/HOL/worktrees/holyhammer/src/algebra/base
number-7-of-63	number	7	63	/home/lukasz/dev/HOL/worktrees/holyhammer/src/algebra/base
number-8-of-63	number	8	63	/home/lukasz/dev/HOL/worktrees/holyhammer/src/algebra/base
number-9-of-63	number	9	63	/home/lukasz/dev/HOL/worktrees/holyhammer/src/algebra/base
number-10-of-63	number	10	63	/home/lukasz/dev/HOL/worktrees/holyhammer/src/algebra/base
number-11-of-63	number	11	63	/home/lukasz/dev/HOL/worktrees/holyhammer/src/algebra/base
number-12-of-63	number	12	63	/home/lukasz/dev/HOL/worktrees/holyhammer/src/algebra/base
number-13-of-63	number	13	63	/home/lukasz/dev/HOL/worktrees/holyhammer/src/algebra/base
number-14-of-63	number	14	63	/home/lukasz/dev/HOL/worktrees/holyhammer/src/algebra/base
number-15-of-63	number	15	63	/home/lukasz/dev/HOL/worktrees/holyhammer/src/algebra/base
number-16-of-63	number	16	63	/home/lukasz/dev/HOL/worktrees/holyhammer/src/algebra/base
number-17-of-63	number	17	63	/home/lukasz/dev/HOL/worktrees/holyhammer/src/algebra/base
number-18-of-63	number	18	63	/home/lukasz/dev/HOL/worktrees/holyhammer/src/algebra/base
number-19-of-63	number	19	63	/home/lukasz/dev/HOL/worktrees/holyhammer/src/algebra/base
number-20-of-63	number	20	63	/home/lukasz/dev/HOL/worktrees/holyhammer/src/algebra/base
number-21-of-63	number	21	63	/home/lukasz/dev/HOL/worktrees/holyhammer/src/algebra/base
number-22-of-63	number	22	63	/home/lukasz/dev/HOL/worktrees/holyhammer/src/algebra/base
number-23-of-63	number	23	63	/home/lukasz/dev/HOL/worktrees/holyhammer/src/algebra/base
number-24-of-63	number	24	63	/home/lukasz/dev/HOL/worktrees/holyhammer/src/algebra/base
number-25-of-63	number	25	63	/home/lukasz/dev/HOL/worktrees/holyhammer/src/algebra/base
number-26-of-63	number	26	63	/home/lukasz/dev/HOL/worktrees/holyhammer/src/algebra/base
number-27-of-63	number	27	63	/home/lukasz/dev/HOL/worktrees/holyhammer/src/algebra/base
number-28-of-63	number	28	63	/home/lukasz/dev/HOL/worktrees/holyhammer/src/algebra/base
number-29-of-63	number	29	63	/home/lukasz/dev/HOL/worktrees/holyhammer/src/algebra/base
number-30-of-63	number	30	63	/home/lukasz/dev/HOL/worktrees/holyhammer/src/algebra/base
number-31-of-63	number	31	63	/home/lukasz/dev/HOL/worktrees/holyhammer/src/algebra/base
number-32-of-63	number	32	63	/home/lukasz/dev/HOL/worktrees/holyhammer/src/algebra/base
number-33-of-63	number	33	63	/home/lukasz/dev/HOL/worktrees/holyhammer/src/algebra/base
number-34-of-63	number	34	63	/home/lukasz/dev/HOL/worktrees/holyhammer/src/algebra/base
number-35-of-63	number	35	63	/home/lukasz/dev/HOL/worktrees/holyhammer/src/algebra/base
number-36-of-63	number	36	63	/home/lukasz/dev/HOL/worktrees/holyhammer/src/algebra/base
number-37-of-63	number	37	63	/home/lukasz/dev/HOL/worktrees/holyhammer/src/algebra/base
number-38-of-63	number	38	63	/home/lukasz/dev/HOL/worktrees/holyhammer/src/algebra/base
number-39-of-63	number	39	63	/home/lukasz/dev/HOL/worktrees/holyhammer/src/algebra/base
number-40-of-63	number	40	63	/home/lukasz/dev/HOL/worktrees/holyhammer/src/algebra/base
number-41-of-63	number	41	63	/home/lukasz/dev/HOL/worktrees/holyhammer/src/algebra/base
number-42-of-63	number	42	63	/home/lukasz/dev/HOL/worktrees/holyhammer/src/algebra/base
number-43-of-63	number	43	63	/home/lukasz/dev/HOL/worktrees/holyhammer/src/algebra/base
number-44-of-63	number	44	63	/home/lukasz/dev/HOL/worktrees/holyhammer/src/algebra/base
number-45-of-63	number	45	63	/home/lukasz/dev/HOL/worktrees/holyhammer/src/algebra/base
number-46-of-63	number	46	63	/home/lukasz/dev/HOL/worktrees/holyhammer/src/algebra/base
number-47-of-63	number	47	63	/home/lukasz/dev/HOL/worktrees/holyhammer/src/algebra/base
number-48-of-63	number	48	63	/home/lukasz/dev/HOL/worktrees/holyhammer/src/algebra/base
number-49-of-63	number	49	63	/home/lukasz/dev/HOL/worktrees/holyhammer/src/algebra/base
number-50-of-63	number	50	63	/home/lukasz/dev/HOL/worktrees/holyhammer/src/algebra/base
number-51-of-63	number	51	63	/home/lukasz/dev/HOL/worktrees/holyhammer/src/algebra/base
number-52-of-63	number	52	63	/home/lukasz/dev/HOL/worktrees/holyhammer/src/algebra/base
number-53-of-63	number	53	63	/home/lukasz/dev/HOL/worktrees/holyhammer/src/algebra/base
number-54-of-63	number	54	63	/home/lukasz/dev/HOL/worktrees/holyhammer/src/algebra/base
number-55-of-63	number	55	63	/home/lukasz/dev/HOL/worktrees/holyhammer/src/algebra/base
number-56-of-63	number	56	63	/home/lukasz/dev/HOL/worktrees/holyhammer/src/algebra/base
number-57-of-63	number	57	63	/home/lukasz/dev/HOL/worktrees/holyhammer/src/algebra/base
number-58-of-63	number	58	63	/home/lukasz/dev/HOL/worktrees/holyhammer/src/algebra/base
number-59-of-63	number	59	63	/home/lukasz/dev/HOL/worktrees/holyhammer/src/algebra/base
number-60-of-63	number	60	63	/home/lukasz/dev/HOL/worktrees/holyhammer/src/algebra/base
number-61-of-63	number	61	63	/home/lukasz/dev/HOL/worktrees/holyhammer/src/algebra/base
number-62-of-63	number	62	63	/home/lukasz/dev/HOL/worktrees/holyhammer/src/algebra/base
numeral-0-of-4	numeral	0	4	/home/lukasz/dev/HOL/worktrees/holyhammer/src/num/theories
numeral-1-of-4	numeral	1	4	/home/lukasz/dev/HOL/worktrees/holyhammer/src/num/theories
numeral-2-of-4	numeral	2	4	/home/lukasz/dev/HOL/worktrees/holyhammer/src/num/theories
numeral-3-of-4	numeral	3	4	/home/lukasz/dev/HOL/worktrees/holyhammer/src/num/theories
numeral_bit-0-of-4	numeral_bit	0	4	/home/lukasz/dev/HOL/worktrees/holyhammer/src/num/extra_theories
numeral_bit-1-of-4	numeral_bit	1	4	/home/lukasz/dev/HOL/worktrees/holyhammer/src/num/extra_theories
numeral_bit-2-of-4	numeral_bit	2	4	/home/lukasz/dev/HOL/worktrees/holyhammer/src/num/extra_theories
numeral_bit-3-of-4	numeral_bit	3	4	/home/lukasz/dev/HOL/worktrees/holyhammer/src/num/extra_theories
numpair-0-of-5	numpair	0	5	/home/lukasz/dev/HOL/worktrees/holyhammer/src/num/extra_theories
numpair-1-of-5	numpair	1	5	/home/lukasz/dev/HOL/worktrees/holyhammer/src/num/extra_theories
numpair-2-of-5	numpair	2	5	/home/lukasz/dev/HOL/worktrees/holyhammer/src/num/extra_theories
numpair-3-of-5	numpair	3	5	/home/lukasz/dev/HOL/worktrees/holyhammer/src/num/extra_theories
numpair-4-of-5	numpair	4	5	/home/lukasz/dev/HOL/worktrees/holyhammer/src/num/extra_theories
numposrep-0-of-5	numposrep	0	5	/home/lukasz/dev/HOL/worktrees/holyhammer/src/list/src
numposrep-1-of-5	numposrep	1	5	/home/lukasz/dev/HOL/worktrees/holyhammer/src/list/src
numposrep-2-of-5	numposrep	2	5	/home/lukasz/dev/HOL/worktrees/holyhammer/src/list/src
numposrep-3-of-5	numposrep	3	5	/home/lukasz/dev/HOL/worktrees/holyhammer/src/list/src
numposrep-4-of-5	numposrep	4	5	/home/lukasz/dev/HOL/worktrees/holyhammer/src/list/src
one-0-of-2	one	0	2	/home/lukasz/dev/HOL/worktrees/holyhammer/src/coretypes
one-1-of-2	one	1	2	/home/lukasz/dev/HOL/worktrees/holyhammer/src/coretypes
option-0-of-10	option	0	10	/home/lukasz/dev/HOL/worktrees/holyhammer/src/coretypes
option-1-of-10	option	1	10	/home/lukasz/dev/HOL/worktrees/holyhammer/src/coretypes
option-2-of-10	option	2	10	/home/lukasz/dev/HOL/worktrees/holyhammer/src/coretypes
option-3-of-10	option	3	10	/home/lukasz/dev/HOL/worktrees/holyhammer/src/coretypes
option-4-of-10	option	4	10	/home/lukasz/dev/HOL/worktrees/holyhammer/src/coretypes
option-5-of-10	option	5	10	/home/lukasz/dev/HOL/worktrees/holyhammer/src/coretypes
option-6-of-10	option	6	10	/home/lukasz/dev/HOL/worktrees/holyhammer/src/coretypes
option-7-of-10	option	7	10	/home/lukasz/dev/HOL/worktrees/holyhammer/src/coretypes
option-8-of-10	option	8	10	/home/lukasz/dev/HOL/worktrees/holyhammer/src/coretypes
option-9-of-10	option	9	10	/home/lukasz/dev/HOL/worktrees/holyhammer/src/coretypes
ordNotationSemantics-0-of-5	ordNotationSemantics	0	5	/home/lukasz/dev/HOL/worktrees/holyhammer/src/pred_set/src/more_theories
ordNotationSemantics-1-of-5	ordNotationSemantics	1	5	/home/lukasz/dev/HOL/worktrees/holyhammer/src/pred_set/src/more_theories
ordNotationSemantics-2-of-5	ordNotationSemantics	2	5	/home/lukasz/dev/HOL/worktrees/holyhammer/src/pred_set/src/more_theories
ordNotationSemantics-3-of-5	ordNotationSemantics	3	5	/home/lukasz/dev/HOL/worktrees/holyhammer/src/pred_set/src/more_theories
ordNotationSemantics-4-of-5	ordNotationSemantics	4	5	/home/lukasz/dev/HOL/worktrees/holyhammer/src/pred_set/src/more_theories
ordinal-0-of-14	ordinal	0	14	/home/lukasz/dev/HOL/worktrees/holyhammer/src/pred_set/src/more_theories
ordinal-1-of-14	ordinal	1	14	/home/lukasz/dev/HOL/worktrees/holyhammer/src/pred_set/src/more_theories
ordinal-2-of-14	ordinal	2	14	/home/lukasz/dev/HOL/worktrees/holyhammer/src/pred_set/src/more_theories
ordinal-3-of-14	ordinal	3	14	/home/lukasz/dev/HOL/worktrees/holyhammer/src/pred_set/src/more_theories
ordinal-4-of-14	ordinal	4	14	/home/lukasz/dev/HOL/worktrees/holyhammer/src/pred_set/src/more_theories
ordinal-5-of-14	ordinal	5	14	/home/lukasz/dev/HOL/worktrees/holyhammer/src/pred_set/src/more_theories
ordinal-6-of-14	ordinal	6	14	/home/lukasz/dev/HOL/worktrees/holyhammer/src/pred_set/src/more_theories
ordinal-7-of-14	ordinal	7	14	/home/lukasz/dev/HOL/worktrees/holyhammer/src/pred_set/src/more_theories
ordinal-8-of-14	ordinal	8	14	/home/lukasz/dev/HOL/worktrees/holyhammer/src/pred_set/src/more_theories
ordinal-9-of-14	ordinal	9	14	/home/lukasz/dev/HOL/worktrees/holyhammer/src/pred_set/src/more_theories
ordinal-10-of-14	ordinal	10	14	/home/lukasz/dev/HOL/worktrees/holyhammer/src/pred_set/src/more_theories
ordinal-11-of-14	ordinal	11	14	/home/lukasz/dev/HOL/worktrees/holyhammer/src/pred_set/src/more_theories
ordinal-12-of-14	ordinal	12	14	/home/lukasz/dev/HOL/worktrees/holyhammer/src/pred_set/src/more_theories
ordinal-13-of-14	ordinal	13	14	/home/lukasz/dev/HOL/worktrees/holyhammer/src/pred_set/src/more_theories
ordinalBasic-0-of-16	ordinalBasic	0	16	/home/lukasz/dev/HOL/worktrees/holyhammer/src/pred_set/src
ordinalBasic-1-of-16	ordinalBasic	1	16	/home/lukasz/dev/HOL/worktrees/holyhammer/src/pred_set/src
ordinalBasic-2-of-16	ordinalBasic	2	16	/home/lukasz/dev/HOL/worktrees/holyhammer/src/pred_set/src
ordinalBasic-3-of-16	ordinalBasic	3	16	/home/lukasz/dev/HOL/worktrees/holyhammer/src/pred_set/src
ordinalBasic-4-of-16	ordinalBasic	4	16	/home/lukasz/dev/HOL/worktrees/holyhammer/src/pred_set/src
ordinalBasic-5-of-16	ordinalBasic	5	16	/home/lukasz/dev/HOL/worktrees/holyhammer/src/pred_set/src
ordinalBasic-6-of-16	ordinalBasic	6	16	/home/lukasz/dev/HOL/worktrees/holyhammer/src/pred_set/src
ordinalBasic-7-of-16	ordinalBasic	7	16	/home/lukasz/dev/HOL/worktrees/holyhammer/src/pred_set/src
ordinalBasic-8-of-16	ordinalBasic	8	16	/home/lukasz/dev/HOL/worktrees/holyhammer/src/pred_set/src
ordinalBasic-9-of-16	ordinalBasic	9	16	/home/lukasz/dev/HOL/worktrees/holyhammer/src/pred_set/src
ordinalBasic-10-of-16	ordinalBasic	10	16	/home/lukasz/dev/HOL/worktrees/holyhammer/src/pred_set/src
ordinalBasic-11-of-16	ordinalBasic	11	16	/home/lukasz/dev/HOL/worktrees/holyhammer/src/pred_set/src
ordinalBasic-12-of-16	ordinalBasic	12	16	/home/lukasz/dev/HOL/worktrees/holyhammer/src/pred_set/src
ordinalBasic-13-of-16	ordinalBasic	13	16	/home/lukasz/dev/HOL/worktrees/holyhammer/src/pred_set/src
ordinalBasic-14-of-16	ordinalBasic	14	16	/home/lukasz/dev/HOL/worktrees/holyhammer/src/pred_set/src
ordinalBasic-15-of-16	ordinalBasic	15	16	/home/lukasz/dev/HOL/worktrees/holyhammer/src/pred_set/src
ordinalNotation-0-of-7	ordinalNotation	0	7	/home/lukasz/dev/HOL/worktrees/holyhammer/src/pred_set/src/more_theories
ordinalNotation-1-of-7	ordinalNotation	1	7	/home/lukasz/dev/HOL/worktrees/holyhammer/src/pred_set/src/more_theories
ordinalNotation-2-of-7	ordinalNotation	2	7	/home/lukasz/dev/HOL/worktrees/holyhammer/src/pred_set/src/more_theories
ordinalNotation-3-of-7	ordinalNotation	3	7	/home/lukasz/dev/HOL/worktrees/holyhammer/src/pred_set/src/more_theories
ordinalNotation-4-of-7	ordinalNotation	4	7	/home/lukasz/dev/HOL/worktrees/holyhammer/src/pred_set/src/more_theories
ordinalNotation-5-of-7	ordinalNotation	5	7	/home/lukasz/dev/HOL/worktrees/holyhammer/src/pred_set/src/more_theories
ordinalNotation-6-of-7	ordinalNotation	6	7	/home/lukasz/dev/HOL/worktrees/holyhammer/src/pred_set/src/more_theories
pair-0-of-13	pair	0	13	/home/lukasz/dev/HOL/worktrees/holyhammer/src/coretypes
pair-1-of-13	pair	1	13	/home/lukasz/dev/HOL/worktrees/holyhammer/src/coretypes
pair-2-of-13	pair	2	13	/home/lukasz/dev/HOL/worktrees/holyhammer/src/coretypes
pair-3-of-13	pair	3	13	/home/lukasz/dev/HOL/worktrees/holyhammer/src/coretypes
pair-4-of-13	pair	4	13	/home/lukasz/dev/HOL/worktrees/holyhammer/src/coretypes
pair-5-of-13	pair	5	13	/home/lukasz/dev/HOL/worktrees/holyhammer/src/coretypes
pair-6-of-13	pair	6	13	/home/lukasz/dev/HOL/worktrees/holyhammer/src/coretypes
pair-7-of-13	pair	7	13	/home/lukasz/dev/HOL/worktrees/holyhammer/src/coretypes
pair-8-of-13	pair	8	13	/home/lukasz/dev/HOL/worktrees/holyhammer/src/coretypes
pair-9-of-13	pair	9	13	/home/lukasz/dev/HOL/worktrees/holyhammer/src/coretypes
pair-10-of-13	pair	10	13	/home/lukasz/dev/HOL/worktrees/holyhammer/src/coretypes
pair-11-of-13	pair	11	13	/home/lukasz/dev/HOL/worktrees/holyhammer/src/coretypes
pair-12-of-13	pair	12	13	/home/lukasz/dev/HOL/worktrees/holyhammer/src/coretypes
parseUnicodeLambda-0-of-1	parseUnicodeLambda	0	1	/home/lukasz/dev/HOL/worktrees/holyhammer/src/1/theory_tests
path-0-of-16	path	0	16	/home/lukasz/dev/HOL/worktrees/holyhammer/src/coalgebras
path-1-of-16	path	1	16	/home/lukasz/dev/HOL/worktrees/holyhammer/src/coalgebras
path-2-of-16	path	2	16	/home/lukasz/dev/HOL/worktrees/holyhammer/src/coalgebras
path-3-of-16	path	3	16	/home/lukasz/dev/HOL/worktrees/holyhammer/src/coalgebras
path-4-of-16	path	4	16	/home/lukasz/dev/HOL/worktrees/holyhammer/src/coalgebras
path-5-of-16	path	5	16	/home/lukasz/dev/HOL/worktrees/holyhammer/src/coalgebras
path-6-of-16	path	6	16	/home/lukasz/dev/HOL/worktrees/holyhammer/src/coalgebras
path-7-of-16	path	7	16	/home/lukasz/dev/HOL/worktrees/holyhammer/src/coalgebras
path-8-of-16	path	8	16	/home/lukasz/dev/HOL/worktrees/holyhammer/src/coalgebras
path-9-of-16	path	9	16	/home/lukasz/dev/HOL/worktrees/holyhammer/src/coalgebras
path-10-of-16	path	10	16	/home/lukasz/dev/HOL/worktrees/holyhammer/src/coalgebras
path-11-of-16	path	11	16	/home/lukasz/dev/HOL/worktrees/holyhammer/src/coalgebras
path-12-of-16	path	12	16	/home/lukasz/dev/HOL/worktrees/holyhammer/src/coalgebras
path-13-of-16	path	13	16	/home/lukasz/dev/HOL/worktrees/holyhammer/src/coalgebras
path-14-of-16	path	14	16	/home/lukasz/dev/HOL/worktrees/holyhammer/src/coalgebras
path-15-of-16	path	15	16	/home/lukasz/dev/HOL/worktrees/holyhammer/src/coalgebras
patricia-0-of-14	patricia	0	14	/home/lukasz/dev/HOL/worktrees/holyhammer/src/finite_maps
patricia-1-of-14	patricia	1	14	/home/lukasz/dev/HOL/worktrees/holyhammer/src/finite_maps
patricia-2-of-14	patricia	2	14	/home/lukasz/dev/HOL/worktrees/holyhammer/src/finite_maps
patricia-3-of-14	patricia	3	14	/home/lukasz/dev/HOL/worktrees/holyhammer/src/finite_maps
patricia-4-of-14	patricia	4	14	/home/lukasz/dev/HOL/worktrees/holyhammer/src/finite_maps
patricia-5-of-14	patricia	5	14	/home/lukasz/dev/HOL/worktrees/holyhammer/src/finite_maps
patricia-6-of-14	patricia	6	14	/home/lukasz/dev/HOL/worktrees/holyhammer/src/finite_maps
patricia-7-of-14	patricia	7	14	/home/lukasz/dev/HOL/worktrees/holyhammer/src/finite_maps
patricia-8-of-14	patricia	8	14	/home/lukasz/dev/HOL/worktrees/holyhammer/src/finite_maps
patricia-9-of-14	patricia	9	14	/home/lukasz/dev/HOL/worktrees/holyhammer/src/finite_maps
patricia-10-of-14	patricia	10	14	/home/lukasz/dev/HOL/worktrees/holyhammer/src/finite_maps
patricia-11-of-14	patricia	11	14	/home/lukasz/dev/HOL/worktrees/holyhammer/src/finite_maps
patricia-12-of-14	patricia	12	14	/home/lukasz/dev/HOL/worktrees/holyhammer/src/finite_maps
patricia-13-of-14	patricia	13	14	/home/lukasz/dev/HOL/worktrees/holyhammer/src/finite_maps
patricia_casts-0-of-3	patricia_casts	0	3	/home/lukasz/dev/HOL/worktrees/holyhammer/src/finite_maps
patricia_casts-1-of-3	patricia_casts	1	3	/home/lukasz/dev/HOL/worktrees/holyhammer/src/finite_maps
patricia_casts-2-of-3	patricia_casts	2	3	/home/lukasz/dev/HOL/worktrees/holyhammer/src/finite_maps
patternMatches-0-of-11	patternMatches	0	11	/home/lukasz/dev/HOL/worktrees/holyhammer/src/pattern_matches
patternMatches-1-of-11	patternMatches	1	11	/home/lukasz/dev/HOL/worktrees/holyhammer/src/pattern_matches
patternMatches-2-of-11	patternMatches	2	11	/home/lukasz/dev/HOL/worktrees/holyhammer/src/pattern_matches
patternMatches-3-of-11	patternMatches	3	11	/home/lukasz/dev/HOL/worktrees/holyhammer/src/pattern_matches
patternMatches-4-of-11	patternMatches	4	11	/home/lukasz/dev/HOL/worktrees/holyhammer/src/pattern_matches
patternMatches-5-of-11	patternMatches	5	11	/home/lukasz/dev/HOL/worktrees/holyhammer/src/pattern_matches
patternMatches-6-of-11	patternMatches	6	11	/home/lukasz/dev/HOL/worktrees/holyhammer/src/pattern_matches
patternMatches-7-of-11	patternMatches	7	11	/home/lukasz/dev/HOL/worktrees/holyhammer/src/pattern_matches
patternMatches-8-of-11	patternMatches	8	11	/home/lukasz/dev/HOL/worktrees/holyhammer/src/pattern_matches
patternMatches-9-of-11	patternMatches	9	11	/home/lukasz/dev/HOL/worktrees/holyhammer/src/pattern_matches
patternMatches-10-of-11	patternMatches	10	11	/home/lukasz/dev/HOL/worktrees/holyhammer/src/pattern_matches
permutes-0-of-11	permutes	0	11	/home/lukasz/dev/HOL/worktrees/holyhammer/src/pred_set/src
permutes-1-of-11	permutes	1	11	/home/lukasz/dev/HOL/worktrees/holyhammer/src/pred_set/src
permutes-2-of-11	permutes	2	11	/home/lukasz/dev/HOL/worktrees/holyhammer/src/pred_set/src
permutes-3-of-11	permutes	3	11	/home/lukasz/dev/HOL/worktrees/holyhammer/src/pred_set/src
permutes-4-of-11	permutes	4	11	/home/lukasz/dev/HOL/worktrees/holyhammer/src/pred_set/src
permutes-5-of-11	permutes	5	11	/home/lukasz/dev/HOL/worktrees/holyhammer/src/pred_set/src
permutes-6-of-11	permutes	6	11	/home/lukasz/dev/HOL/worktrees/holyhammer/src/pred_set/src
permutes-7-of-11	permutes	7	11	/home/lukasz/dev/HOL/worktrees/holyhammer/src/pred_set/src
permutes-8-of-11	permutes	8	11	/home/lukasz/dev/HOL/worktrees/holyhammer/src/pred_set/src
permutes-9-of-11	permutes	9	11	/home/lukasz/dev/HOL/worktrees/holyhammer/src/pred_set/src
permutes-10-of-11	permutes	10	11	/home/lukasz/dev/HOL/worktrees/holyhammer/src/pred_set/src
poly-0-of-10	poly	0	10	/home/lukasz/dev/HOL/worktrees/holyhammer/src/real/analysis
poly-1-of-10	poly	1	10	/home/lukasz/dev/HOL/worktrees/holyhammer/src/real/analysis
poly-2-of-10	poly	2	10	/home/lukasz/dev/HOL/worktrees/holyhammer/src/real/analysis
poly-3-of-10	poly	3	10	/home/lukasz/dev/HOL/worktrees/holyhammer/src/real/analysis
poly-4-of-10	poly	4	10	/home/lukasz/dev/HOL/worktrees/holyhammer/src/real/analysis
poly-5-of-10	poly	5	10	/home/lukasz/dev/HOL/worktrees/holyhammer/src/real/analysis
poly-6-of-10	poly	6	10	/home/lukasz/dev/HOL/worktrees/holyhammer/src/real/analysis
poly-7-of-10	poly	7	10	/home/lukasz/dev/HOL/worktrees/holyhammer/src/real/analysis
poly-8-of-10	poly	8	10	/home/lukasz/dev/HOL/worktrees/holyhammer/src/real/analysis
poly-9-of-10	poly	9	10	/home/lukasz/dev/HOL/worktrees/holyhammer/src/real/analysis
poset-0-of-3	poset	0	3	/home/lukasz/dev/HOL/worktrees/holyhammer/src/coretypes
poset-1-of-3	poset	1	3	/home/lukasz/dev/HOL/worktrees/holyhammer/src/coretypes
poset-2-of-3	poset	2	3	/home/lukasz/dev/HOL/worktrees/holyhammer/src/coretypes
powser-0-of-2	powser	0	2	/home/lukasz/dev/HOL/worktrees/holyhammer/src/real/analysis
powser-1-of-2	powser	1	2	/home/lukasz/dev/HOL/worktrees/holyhammer/src/real/analysis
pre_emit-0-of-1	pre_emit	0	1	/home/lukasz/dev/HOL/worktrees/holyhammer/src/emit
pred_set-0-of-98	pred_set	0	98	/home/lukasz/dev/HOL/worktrees/holyhammer/src/pred_set/src
pred_set-1-of-98	pred_set	1	98	/home/lukasz/dev/HOL/worktrees/holyhammer/src/pred_set/src
pred_set-2-of-98	pred_set	2	98	/home/lukasz/dev/HOL/worktrees/holyhammer/src/pred_set/src
pred_set-3-of-98	pred_set	3	98	/home/lukasz/dev/HOL/worktrees/holyhammer/src/pred_set/src
pred_set-4-of-98	pred_set	4	98	/home/lukasz/dev/HOL/worktrees/holyhammer/src/pred_set/src
pred_set-5-of-98	pred_set	5	98	/home/lukasz/dev/HOL/worktrees/holyhammer/src/pred_set/src
pred_set-6-of-98	pred_set	6	98	/home/lukasz/dev/HOL/worktrees/holyhammer/src/pred_set/src
pred_set-7-of-98	pred_set	7	98	/home/lukasz/dev/HOL/worktrees/holyhammer/src/pred_set/src
pred_set-8-of-98	pred_set	8	98	/home/lukasz/dev/HOL/worktrees/holyhammer/src/pred_set/src
pred_set-9-of-98	pred_set	9	98	/home/lukasz/dev/HOL/worktrees/holyhammer/src/pred_set/src
pred_set-10-of-98	pred_set	10	98	/home/lukasz/dev/HOL/worktrees/holyhammer/src/pred_set/src
pred_set-11-of-98	pred_set	11	98	/home/lukasz/dev/HOL/worktrees/holyhammer/src/pred_set/src
pred_set-12-of-98	pred_set	12	98	/home/lukasz/dev/HOL/worktrees/holyhammer/src/pred_set/src
pred_set-13-of-98	pred_set	13	98	/home/lukasz/dev/HOL/worktrees/holyhammer/src/pred_set/src
pred_set-14-of-98	pred_set	14	98	/home/lukasz/dev/HOL/worktrees/holyhammer/src/pred_set/src
pred_set-15-of-98	pred_set	15	98	/home/lukasz/dev/HOL/worktrees/holyhammer/src/pred_set/src
pred_set-16-of-98	pred_set	16	98	/home/lukasz/dev/HOL/worktrees/holyhammer/src/pred_set/src
pred_set-17-of-98	pred_set	17	98	/home/lukasz/dev/HOL/worktrees/holyhammer/src/pred_set/src
pred_set-18-of-98	pred_set	18	98	/home/lukasz/dev/HOL/worktrees/holyhammer/src/pred_set/src
pred_set-19-of-98	pred_set	19	98	/home/lukasz/dev/HOL/worktrees/holyhammer/src/pred_set/src
pred_set-20-of-98	pred_set	20	98	/home/lukasz/dev/HOL/worktrees/holyhammer/src/pred_set/src
pred_set-21-of-98	pred_set	21	98	/home/lukasz/dev/HOL/worktrees/holyhammer/src/pred_set/src
pred_set-22-of-98	pred_set	22	98	/home/lukasz/dev/HOL/worktrees/holyhammer/src/pred_set/src
pred_set-23-of-98	pred_set	23	98	/home/lukasz/dev/HOL/worktrees/holyhammer/src/pred_set/src
pred_set-24-of-98	pred_set	24	98	/home/lukasz/dev/HOL/worktrees/holyhammer/src/pred_set/src
pred_set-25-of-98	pred_set	25	98	/home/lukasz/dev/HOL/worktrees/holyhammer/src/pred_set/src
pred_set-26-of-98	pred_set	26	98	/home/lukasz/dev/HOL/worktrees/holyhammer/src/pred_set/src
pred_set-27-of-98	pred_set	27	98	/home/lukasz/dev/HOL/worktrees/holyhammer/src/pred_set/src
pred_set-28-of-98	pred_set	28	98	/home/lukasz/dev/HOL/worktrees/holyhammer/src/pred_set/src
pred_set-29-of-98	pred_set	29	98	/home/lukasz/dev/HOL/worktrees/holyhammer/src/pred_set/src
pred_set-30-of-98	pred_set	30	98	/home/lukasz/dev/HOL/worktrees/holyhammer/src/pred_set/src
pred_set-31-of-98	pred_set	31	98	/home/lukasz/dev/HOL/worktrees/holyhammer/src/pred_set/src
pred_set-32-of-98	pred_set	32	98	/home/lukasz/dev/HOL/worktrees/holyhammer/src/pred_set/src
pred_set-33-of-98	pred_set	33	98	/home/lukasz/dev/HOL/worktrees/holyhammer/src/pred_set/src
pred_set-34-of-98	pred_set	34	98	/home/lukasz/dev/HOL/worktrees/holyhammer/src/pred_set/src
pred_set-35-of-98	pred_set	35	98	/home/lukasz/dev/HOL/worktrees/holyhammer/src/pred_set/src
pred_set-36-of-98	pred_set	36	98	/home/lukasz/dev/HOL/worktrees/holyhammer/src/pred_set/src
pred_set-37-of-98	pred_set	37	98	/home/lukasz/dev/HOL/worktrees/holyhammer/src/pred_set/src
pred_set-38-of-98	pred_set	38	98	/home/lukasz/dev/HOL/worktrees/holyhammer/src/pred_set/src
pred_set-39-of-98	pred_set	39	98	/home/lukasz/dev/HOL/worktrees/holyhammer/src/pred_set/src
pred_set-40-of-98	pred_set	40	98	/home/lukasz/dev/HOL/worktrees/holyhammer/src/pred_set/src
pred_set-41-of-98	pred_set	41	98	/home/lukasz/dev/HOL/worktrees/holyhammer/src/pred_set/src
pred_set-42-of-98	pred_set	42	98	/home/lukasz/dev/HOL/worktrees/holyhammer/src/pred_set/src
pred_set-43-of-98	pred_set	43	98	/home/lukasz/dev/HOL/worktrees/holyhammer/src/pred_set/src
pred_set-44-of-98	pred_set	44	98	/home/lukasz/dev/HOL/worktrees/holyhammer/src/pred_set/src
pred_set-45-of-98	pred_set	45	98	/home/lukasz/dev/HOL/worktrees/holyhammer/src/pred_set/src
pred_set-46-of-98	pred_set	46	98	/home/lukasz/dev/HOL/worktrees/holyhammer/src/pred_set/src
pred_set-47-of-98	pred_set	47	98	/home/lukasz/dev/HOL/worktrees/holyhammer/src/pred_set/src
pred_set-48-of-98	pred_set	48	98	/home/lukasz/dev/HOL/worktrees/holyhammer/src/pred_set/src
pred_set-49-of-98	pred_set	49	98	/home/lukasz/dev/HOL/worktrees/holyhammer/src/pred_set/src
pred_set-50-of-98	pred_set	50	98	/home/lukasz/dev/HOL/worktrees/holyhammer/src/pred_set/src
pred_set-51-of-98	pred_set	51	98	/home/lukasz/dev/HOL/worktrees/holyhammer/src/pred_set/src
pred_set-52-of-98	pred_set	52	98	/home/lukasz/dev/HOL/worktrees/holyhammer/src/pred_set/src
pred_set-53-of-98	pred_set	53	98	/home/lukasz/dev/HOL/worktrees/holyhammer/src/pred_set/src
pred_set-54-of-98	pred_set	54	98	/home/lukasz/dev/HOL/worktrees/holyhammer/src/pred_set/src
pred_set-55-of-98	pred_set	55	98	/home/lukasz/dev/HOL/worktrees/holyhammer/src/pred_set/src
pred_set-56-of-98	pred_set	56	98	/home/lukasz/dev/HOL/worktrees/holyhammer/src/pred_set/src
pred_set-57-of-98	pred_set	57	98	/home/lukasz/dev/HOL/worktrees/holyhammer/src/pred_set/src
pred_set-58-of-98	pred_set	58	98	/home/lukasz/dev/HOL/worktrees/holyhammer/src/pred_set/src
pred_set-59-of-98	pred_set	59	98	/home/lukasz/dev/HOL/worktrees/holyhammer/src/pred_set/src
pred_set-60-of-98	pred_set	60	98	/home/lukasz/dev/HOL/worktrees/holyhammer/src/pred_set/src
pred_set-61-of-98	pred_set	61	98	/home/lukasz/dev/HOL/worktrees/holyhammer/src/pred_set/src
pred_set-62-of-98	pred_set	62	98	/home/lukasz/dev/HOL/worktrees/holyhammer/src/pred_set/src
pred_set-63-of-98	pred_set	63	98	/home/lukasz/dev/HOL/worktrees/holyhammer/src/pred_set/src
pred_set-64-of-98	pred_set	64	98	/home/lukasz/dev/HOL/worktrees/holyhammer/src/pred_set/src
pred_set-65-of-98	pred_set	65	98	/home/lukasz/dev/HOL/worktrees/holyhammer/src/pred_set/src
pred_set-66-of-98	pred_set	66	98	/home/lukasz/dev/HOL/worktrees/holyhammer/src/pred_set/src
pred_set-67-of-98	pred_set	67	98	/home/lukasz/dev/HOL/worktrees/holyhammer/src/pred_set/src
pred_set-68-of-98	pred_set	68	98	/home/lukasz/dev/HOL/worktrees/holyhammer/src/pred_set/src
pred_set-69-of-98	pred_set	69	98	/home/lukasz/dev/HOL/worktrees/holyhammer/src/pred_set/src
pred_set-70-of-98	pred_set	70	98	/home/lukasz/dev/HOL/worktrees/holyhammer/src/pred_set/src
pred_set-71-of-98	pred_set	71	98	/home/lukasz/dev/HOL/worktrees/holyhammer/src/pred_set/src
pred_set-72-of-98	pred_set	72	98	/home/lukasz/dev/HOL/worktrees/holyhammer/src/pred_set/src
pred_set-73-of-98	pred_set	73	98	/home/lukasz/dev/HOL/worktrees/holyhammer/src/pred_set/src
pred_set-74-of-98	pred_set	74	98	/home/lukasz/dev/HOL/worktrees/holyhammer/src/pred_set/src
pred_set-75-of-98	pred_set	75	98	/home/lukasz/dev/HOL/worktrees/holyhammer/src/pred_set/src
pred_set-76-of-98	pred_set	76	98	/home/lukasz/dev/HOL/worktrees/holyhammer/src/pred_set/src
pred_set-77-of-98	pred_set	77	98	/home/lukasz/dev/HOL/worktrees/holyhammer/src/pred_set/src
pred_set-78-of-98	pred_set	78	98	/home/lukasz/dev/HOL/worktrees/holyhammer/src/pred_set/src
pred_set-79-of-98	pred_set	79	98	/home/lukasz/dev/HOL/worktrees/holyhammer/src/pred_set/src
pred_set-80-of-98	pred_set	80	98	/home/lukasz/dev/HOL/worktrees/holyhammer/src/pred_set/src
pred_set-81-of-98	pred_set	81	98	/home/lukasz/dev/HOL/worktrees/holyhammer/src/pred_set/src
pred_set-82-of-98	pred_set	82	98	/home/lukasz/dev/HOL/worktrees/holyhammer/src/pred_set/src
pred_set-83-of-98	pred_set	83	98	/home/lukasz/dev/HOL/worktrees/holyhammer/src/pred_set/src
pred_set-84-of-98	pred_set	84	98	/home/lukasz/dev/HOL/worktrees/holyhammer/src/pred_set/src
pred_set-85-of-98	pred_set	85	98	/home/lukasz/dev/HOL/worktrees/holyhammer/src/pred_set/src
pred_set-86-of-98	pred_set	86	98	/home/lukasz/dev/HOL/worktrees/holyhammer/src/pred_set/src
pred_set-87-of-98	pred_set	87	98	/home/lukasz/dev/HOL/worktrees/holyhammer/src/pred_set/src
pred_set-88-of-98	pred_set	88	98	/home/lukasz/dev/HOL/worktrees/holyhammer/src/pred_set/src
pred_set-89-of-98	pred_set	89	98	/home/lukasz/dev/HOL/worktrees/holyhammer/src/pred_set/src
pred_set-90-of-98	pred_set	90	98	/home/lukasz/dev/HOL/worktrees/holyhammer/src/pred_set/src
pred_set-91-of-98	pred_set	91	98	/home/lukasz/dev/HOL/worktrees/holyhammer/src/pred_set/src
pred_set-92-of-98	pred_set	92	98	/home/lukasz/dev/HOL/worktrees/holyhammer/src/pred_set/src
pred_set-93-of-98	pred_set	93	98	/home/lukasz/dev/HOL/worktrees/holyhammer/src/pred_set/src
pred_set-94-of-98	pred_set	94	98	/home/lukasz/dev/HOL/worktrees/holyhammer/src/pred_set/src
pred_set-95-of-98	pred_set	95	98	/home/lukasz/dev/HOL/worktrees/holyhammer/src/pred_set/src
pred_set-96-of-98	pred_set	96	98	/home/lukasz/dev/HOL/worktrees/holyhammer/src/pred_set/src
pred_set-97-of-98	pred_set	97	98	/home/lukasz/dev/HOL/worktrees/holyhammer/src/pred_set/src
prim_rec-0-of-5	prim_rec	0	5	/home/lukasz/dev/HOL/worktrees/holyhammer/src/num/theories
prim_rec-1-of-5	prim_rec	1	5	/home/lukasz/dev/HOL/worktrees/holyhammer/src/num/theories
prim_rec-2-of-5	prim_rec	2	5	/home/lukasz/dev/HOL/worktrees/holyhammer/src/num/theories
prim_rec-3-of-5	prim_rec	3	5	/home/lukasz/dev/HOL/worktrees/holyhammer/src/num/theories
prim_rec-4-of-5	prim_rec	4	5	/home/lukasz/dev/HOL/worktrees/holyhammer/src/num/theories
prime-0-of-55	prime	0	55	/home/lukasz/dev/HOL/worktrees/holyhammer/src/algebra/base
prime-1-of-55	prime	1	55	/home/lukasz/dev/HOL/worktrees/holyhammer/src/algebra/base
prime-2-of-55	prime	2	55	/home/lukasz/dev/HOL/worktrees/holyhammer/src/algebra/base
prime-3-of-55	prime	3	55	/home/lukasz/dev/HOL/worktrees/holyhammer/src/algebra/base
prime-4-of-55	prime	4	55	/home/lukasz/dev/HOL/worktrees/holyhammer/src/algebra/base
prime-5-of-55	prime	5	55	/home/lukasz/dev/HOL/worktrees/holyhammer/src/algebra/base
prime-6-of-55	prime	6	55	/home/lukasz/dev/HOL/worktrees/holyhammer/src/algebra/base
prime-7-of-55	prime	7	55	/home/lukasz/dev/HOL/worktrees/holyhammer/src/algebra/base
prime-8-of-55	prime	8	55	/home/lukasz/dev/HOL/worktrees/holyhammer/src/algebra/base
prime-9-of-55	prime	9	55	/home/lukasz/dev/HOL/worktrees/holyhammer/src/algebra/base
prime-10-of-55	prime	10	55	/home/lukasz/dev/HOL/worktrees/holyhammer/src/algebra/base
prime-11-of-55	prime	11	55	/home/lukasz/dev/HOL/worktrees/holyhammer/src/algebra/base
prime-12-of-55	prime	12	55	/home/lukasz/dev/HOL/worktrees/holyhammer/src/algebra/base
prime-13-of-55	prime	13	55	/home/lukasz/dev/HOL/worktrees/holyhammer/src/algebra/base
prime-14-of-55	prime	14	55	/home/lukasz/dev/HOL/worktrees/holyhammer/src/algebra/base
prime-15-of-55	prime	15	55	/home/lukasz/dev/HOL/worktrees/holyhammer/src/algebra/base
prime-16-of-55	prime	16	55	/home/lukasz/dev/HOL/worktrees/holyhammer/src/algebra/base
prime-17-of-55	prime	17	55	/home/lukasz/dev/HOL/worktrees/holyhammer/src/algebra/base
prime-18-of-55	prime	18	55	/home/lukasz/dev/HOL/worktrees/holyhammer/src/algebra/base
prime-19-of-55	prime	19	55	/home/lukasz/dev/HOL/worktrees/holyhammer/src/algebra/base
prime-20-of-55	prime	20	55	/home/lukasz/dev/HOL/worktrees/holyhammer/src/algebra/base
prime-21-of-55	prime	21	55	/home/lukasz/dev/HOL/worktrees/holyhammer/src/algebra/base
prime-22-of-55	prime	22	55	/home/lukasz/dev/HOL/worktrees/holyhammer/src/algebra/base
prime-23-of-55	prime	23	55	/home/lukasz/dev/HOL/worktrees/holyhammer/src/algebra/base
prime-24-of-55	prime	24	55	/home/lukasz/dev/HOL/worktrees/holyhammer/src/algebra/base
prime-25-of-55	prime	25	55	/home/lukasz/dev/HOL/worktrees/holyhammer/src/algebra/base
prime-26-of-55	prime	26	55	/home/lukasz/dev/HOL/worktrees/holyhammer/src/algebra/base
prime-27-of-55	prime	27	55	/home/lukasz/dev/HOL/worktrees/holyhammer/src/algebra/base
prime-28-of-55	prime	28	55	/home/lukasz/dev/HOL/worktrees/holyhammer/src/algebra/base
prime-29-of-55	prime	29	55	/home/lukasz/dev/HOL/worktrees/holyhammer/src/algebra/base
prime-30-of-55	prime	30	55	/home/lukasz/dev/HOL/worktrees/holyhammer/src/algebra/base
prime-31-of-55	prime	31	55	/home/lukasz/dev/HOL/worktrees/holyhammer/src/algebra/base
prime-32-of-55	prime	32	55	/home/lukasz/dev/HOL/worktrees/holyhammer/src/algebra/base
prime-33-of-55	prime	33	55	/home/lukasz/dev/HOL/worktrees/holyhammer/src/algebra/base
prime-34-of-55	prime	34	55	/home/lukasz/dev/HOL/worktrees/holyhammer/src/algebra/base
prime-35-of-55	prime	35	55	/home/lukasz/dev/HOL/worktrees/holyhammer/src/algebra/base
prime-36-of-55	prime	36	55	/home/lukasz/dev/HOL/worktrees/holyhammer/src/algebra/base
prime-37-of-55	prime	37	55	/home/lukasz/dev/HOL/worktrees/holyhammer/src/algebra/base
prime-38-of-55	prime	38	55	/home/lukasz/dev/HOL/worktrees/holyhammer/src/algebra/base
prime-39-of-55	prime	39	55	/home/lukasz/dev/HOL/worktrees/holyhammer/src/algebra/base
prime-40-of-55	prime	40	55	/home/lukasz/dev/HOL/worktrees/holyhammer/src/algebra/base
prime-41-of-55	prime	41	55	/home/lukasz/dev/HOL/worktrees/holyhammer/src/algebra/base
prime-42-of-55	prime	42	55	/home/lukasz/dev/HOL/worktrees/holyhammer/src/algebra/base
prime-43-of-55	prime	43	55	/home/lukasz/dev/HOL/worktrees/holyhammer/src/algebra/base
prime-44-of-55	prime	44	55	/home/lukasz/dev/HOL/worktrees/holyhammer/src/algebra/base
prime-45-of-55	prime	45	55	/home/lukasz/dev/HOL/worktrees/holyhammer/src/algebra/base
prime-46-of-55	prime	46	55	/home/lukasz/dev/HOL/worktrees/holyhammer/src/algebra/base
prime-47-of-55	prime	47	55	/home/lukasz/dev/HOL/worktrees/holyhammer/src/algebra/base
prime-48-of-55	prime	48	55	/home/lukasz/dev/HOL/worktrees/holyhammer/src/algebra/base
prime-49-of-55	prime	49	55	/home/lukasz/dev/HOL/worktrees/holyhammer/src/algebra/base
prime-50-of-55	prime	50	55	/home/lukasz/dev/HOL/worktrees/holyhammer/src/algebra/base
prime-51-of-55	prime	51	55	/home/lukasz/dev/HOL/worktrees/holyhammer/src/algebra/base
prime-52-of-55	prime	52	55	/home/lukasz/dev/HOL/worktrees/holyhammer/src/algebra/base
prime-53-of-55	prime	53	55	/home/lukasz/dev/HOL/worktrees/holyhammer/src/algebra/base
prime-54-of-55	prime	54	55	/home/lukasz/dev/HOL/worktrees/holyhammer/src/algebra/base
primeFactor-0-of-2	primeFactor	0	2	/home/lukasz/dev/HOL/worktrees/holyhammer/src/bag
primeFactor-1-of-2	primeFactor	1	2	/home/lukasz/dev/HOL/worktrees/holyhammer/src/bag
probability-0-of-43	probability	0	43	/home/lukasz/dev/HOL/worktrees/holyhammer/src/probability
probability-1-of-43	probability	1	43	/home/lukasz/dev/HOL/worktrees/holyhammer/src/probability
probability-2-of-43	probability	2	43	/home/lukasz/dev/HOL/worktrees/holyhammer/src/probability
probability-3-of-43	probability	3	43	/home/lukasz/dev/HOL/worktrees/holyhammer/src/probability
probability-4-of-43	probability	4	43	/home/lukasz/dev/HOL/worktrees/holyhammer/src/probability
probability-5-of-43	probability	5	43	/home/lukasz/dev/HOL/worktrees/holyhammer/src/probability
probability-6-of-43	probability	6	43	/home/lukasz/dev/HOL/worktrees/holyhammer/src/probability
probability-7-of-43	probability	7	43	/home/lukasz/dev/HOL/worktrees/holyhammer/src/probability
probability-8-of-43	probability	8	43	/home/lukasz/dev/HOL/worktrees/holyhammer/src/probability
probability-9-of-43	probability	9	43	/home/lukasz/dev/HOL/worktrees/holyhammer/src/probability
probability-10-of-43	probability	10	43	/home/lukasz/dev/HOL/worktrees/holyhammer/src/probability
probability-11-of-43	probability	11	43	/home/lukasz/dev/HOL/worktrees/holyhammer/src/probability
probability-12-of-43	probability	12	43	/home/lukasz/dev/HOL/worktrees/holyhammer/src/probability
probability-13-of-43	probability	13	43	/home/lukasz/dev/HOL/worktrees/holyhammer/src/probability
probability-14-of-43	probability	14	43	/home/lukasz/dev/HOL/worktrees/holyhammer/src/probability
probability-15-of-43	probability	15	43	/home/lukasz/dev/HOL/worktrees/holyhammer/src/probability
probability-16-of-43	probability	16	43	/home/lukasz/dev/HOL/worktrees/holyhammer/src/probability
probability-17-of-43	probability	17	43	/home/lukasz/dev/HOL/worktrees/holyhammer/src/probability
probability-18-of-43	probability	18	43	/home/lukasz/dev/HOL/worktrees/holyhammer/src/probability
probability-19-of-43	probability	19	43	/home/lukasz/dev/HOL/worktrees/holyhammer/src/probability
probability-20-of-43	probability	20	43	/home/lukasz/dev/HOL/worktrees/holyhammer/src/probability
probability-21-of-43	probability	21	43	/home/lukasz/dev/HOL/worktrees/holyhammer/src/probability
probability-22-of-43	probability	22	43	/home/lukasz/dev/HOL/worktrees/holyhammer/src/probability
probability-23-of-43	probability	23	43	/home/lukasz/dev/HOL/worktrees/holyhammer/src/probability
probability-24-of-43	probability	24	43	/home/lukasz/dev/HOL/worktrees/holyhammer/src/probability
probability-25-of-43	probability	25	43	/home/lukasz/dev/HOL/worktrees/holyhammer/src/probability
probability-26-of-43	probability	26	43	/home/lukasz/dev/HOL/worktrees/holyhammer/src/probability
probability-27-of-43	probability	27	43	/home/lukasz/dev/HOL/worktrees/holyhammer/src/probability
probability-28-of-43	probability	28	43	/home/lukasz/dev/HOL/worktrees/holyhammer/src/probability
probability-29-of-43	probability	29	43	/home/lukasz/dev/HOL/worktrees/holyhammer/src/probability
probability-30-of-43	probability	30	43	/home/lukasz/dev/HOL/worktrees/holyhammer/src/probability
probability-31-of-43	probability	31	43	/home/lukasz/dev/HOL/worktrees/holyhammer/src/probability
probability-32-of-43	probability	32	43	/home/lukasz/dev/HOL/worktrees/holyhammer/src/probability
probability-33-of-43	probability	33	43	/home/lukasz/dev/HOL/worktrees/holyhammer/src/probability
probability-34-of-43	probability	34	43	/home/lukasz/dev/HOL/worktrees/holyhammer/src/probability
probability-35-of-43	probability	35	43	/home/lukasz/dev/HOL/worktrees/holyhammer/src/probability
probability-36-of-43	probability	36	43	/home/lukasz/dev/HOL/worktrees/holyhammer/src/probability
probability-37-of-43	probability	37	43	/home/lukasz/dev/HOL/worktrees/holyhammer/src/probability
probability-38-of-43	probability	38	43	/home/lukasz/dev/HOL/worktrees/holyhammer/src/probability
probability-39-of-43	probability	39	43	/home/lukasz/dev/HOL/worktrees/holyhammer/src/probability
probability-40-of-43	probability	40	43	/home/lukasz/dev/HOL/worktrees/holyhammer/src/probability
probability-41-of-43	probability	41	43	/home/lukasz/dev/HOL/worktrees/holyhammer/src/probability
probability-42-of-43	probability	42	43	/home/lukasz/dev/HOL/worktrees/holyhammer/src/probability
quantHeuristics-0-of-14	quantHeuristics	0	14	/home/lukasz/dev/HOL/worktrees/holyhammer/src/quantHeuristics
quantHeuristics-1-of-14	quantHeuristics	1	14	/home/lukasz/dev/HOL/worktrees/holyhammer/src/quantHeuristics
quantHeuristics-2-of-14	quantHeuristics	2	14	/home/lukasz/dev/HOL/worktrees/holyhammer/src/quantHeuristics
quantHeuristics-3-of-14	quantHeuristics	3	14	/home/lukasz/dev/HOL/worktrees/holyhammer/src/quantHeuristics
quantHeuristics-4-of-14	quantHeuristics	4	14	/home/lukasz/dev/HOL/worktrees/holyhammer/src/quantHeuristics
quantHeuristics-5-of-14	quantHeuristics	5	14	/home/lukasz/dev/HOL/worktrees/holyhammer/src/quantHeuristics
quantHeuristics-6-of-14	quantHeuristics	6	14	/home/lukasz/dev/HOL/worktrees/holyhammer/src/quantHeuristics
quantHeuristics-7-of-14	quantHeuristics	7	14	/home/lukasz/dev/HOL/worktrees/holyhammer/src/quantHeuristics
quantHeuristics-8-of-14	quantHeuristics	8	14	/home/lukasz/dev/HOL/worktrees/holyhammer/src/quantHeuristics
quantHeuristics-9-of-14	quantHeuristics	9	14	/home/lukasz/dev/HOL/worktrees/holyhammer/src/quantHeuristics
quantHeuristics-10-of-14	quantHeuristics	10	14	/home/lukasz/dev/HOL/worktrees/holyhammer/src/quantHeuristics
quantHeuristics-11-of-14	quantHeuristics	11	14	/home/lukasz/dev/HOL/worktrees/holyhammer/src/quantHeuristics
quantHeuristics-12-of-14	quantHeuristics	12	14	/home/lukasz/dev/HOL/worktrees/holyhammer/src/quantHeuristics
quantHeuristics-13-of-14	quantHeuristics	13	14	/home/lukasz/dev/HOL/worktrees/holyhammer/src/quantHeuristics
quotient-0-of-12	quotient	0	12	/home/lukasz/dev/HOL/worktrees/holyhammer/src/quotient/src
quotient-1-of-12	quotient	1	12	/home/lukasz/dev/HOL/worktrees/holyhammer/src/quotient/src
quotient-2-of-12	quotient	2	12	/home/lukasz/dev/HOL/worktrees/holyhammer/src/quotient/src
quotient-3-of-12	quotient	3	12	/home/lukasz/dev/HOL/worktrees/holyhammer/src/quotient/src
quotient-4-of-12	quotient	4	12	/home/lukasz/dev/HOL/worktrees/holyhammer/src/quotient/src
quotient-5-of-12	quotient	5	12	/home/lukasz/dev/HOL/worktrees/holyhammer/src/quotient/src
quotient-6-of-12	quotient	6	12	/home/lukasz/dev/HOL/worktrees/holyhammer/src/quotient/src
quotient-7-of-12	quotient	7	12	/home/lukasz/dev/HOL/worktrees/holyhammer/src/quotient/src
quotient-8-of-12	quotient	8	12	/home/lukasz/dev/HOL/worktrees/holyhammer/src/quotient/src
quotient-9-of-12	quotient	9	12	/home/lukasz/dev/HOL/worktrees/holyhammer/src/quotient/src
quotient-10-of-12	quotient	10	12	/home/lukasz/dev/HOL/worktrees/holyhammer/src/quotient/src
quotient-11-of-12	quotient	11	12	/home/lukasz/dev/HOL/worktrees/holyhammer/src/quotient/src
rat-0-of-38	rat	0	38	/home/lukasz/dev/HOL/worktrees/holyhammer/src/rational
rat-1-of-38	rat	1	38	/home/lukasz/dev/HOL/worktrees/holyhammer/src/rational
rat-2-of-38	rat	2	38	/home/lukasz/dev/HOL/worktrees/holyhammer/src/rational
rat-3-of-38	rat	3	38	/home/lukasz/dev/HOL/worktrees/holyhammer/src/rational
rat-4-of-38	rat	4	38	/home/lukasz/dev/HOL/worktrees/holyhammer/src/rational
rat-5-of-38	rat	5	38	/home/lukasz/dev/HOL/worktrees/holyhammer/src/rational
rat-6-of-38	rat	6	38	/home/lukasz/dev/HOL/worktrees/holyhammer/src/rational
rat-7-of-38	rat	7	38	/home/lukasz/dev/HOL/worktrees/holyhammer/src/rational
rat-8-of-38	rat	8	38	/home/lukasz/dev/HOL/worktrees/holyhammer/src/rational
rat-9-of-38	rat	9	38	/home/lukasz/dev/HOL/worktrees/holyhammer/src/rational
rat-10-of-38	rat	10	38	/home/lukasz/dev/HOL/worktrees/holyhammer/src/rational
rat-11-of-38	rat	11	38	/home/lukasz/dev/HOL/worktrees/holyhammer/src/rational
rat-12-of-38	rat	12	38	/home/lukasz/dev/HOL/worktrees/holyhammer/src/rational
rat-13-of-38	rat	13	38	/home/lukasz/dev/HOL/worktrees/holyhammer/src/rational
rat-14-of-38	rat	14	38	/home/lukasz/dev/HOL/worktrees/holyhammer/src/rational
rat-15-of-38	rat	15	38	/home/lukasz/dev/HOL/worktrees/holyhammer/src/rational
rat-16-of-38	rat	16	38	/home/lukasz/dev/HOL/worktrees/holyhammer/src/rational
rat-17-of-38	rat	17	38	/home/lukasz/dev/HOL/worktrees/holyhammer/src/rational
rat-18-of-38	rat	18	38	/home/lukasz/dev/HOL/worktrees/holyhammer/src/rational
rat-19-of-38	rat	19	38	/home/lukasz/dev/HOL/worktrees/holyhammer/src/rational
rat-20-of-38	rat	20	38	/home/lukasz/dev/HOL/worktrees/holyhammer/src/rational
rat-21-of-38	rat	21	38	/home/lukasz/dev/HOL/worktrees/holyhammer/src/rational
rat-22-of-38	rat	22	38	/home/lukasz/dev/HOL/worktrees/holyhammer/src/rational
rat-23-of-38	rat	23	38	/home/lukasz/dev/HOL/worktrees/holyhammer/src/rational
rat-24-of-38	rat	24	38	/home/lukasz/dev/HOL/worktrees/holyhammer/src/rational
rat-25-of-38	rat	25	38	/home/lukasz/dev/HOL/worktrees/holyhammer/src/rational
rat-26-of-38	rat	26	38	/home/lukasz/dev/HOL/worktrees/holyhammer/src/rational
rat-27-of-38	rat	27	38	/home/lukasz/dev/HOL/worktrees/holyhammer/src/rational
rat-28-of-38	rat	28	38	/home/lukasz/dev/HOL/worktrees/holyhammer/src/rational
rat-29-of-38	rat	29	38	/home/lukasz/dev/HOL/worktrees/holyhammer/src/rational
rat-30-of-38	rat	30	38	/home/lukasz/dev/HOL/worktrees/holyhammer/src/rational
rat-31-of-38	rat	31	38	/home/lukasz/dev/HOL/worktrees/holyhammer/src/rational
rat-32-of-38	rat	32	38	/home/lukasz/dev/HOL/worktrees/holyhammer/src/rational
rat-33-of-38	rat	33	38	/home/lukasz/dev/HOL/worktrees/holyhammer/src/rational
rat-34-of-38	rat	34	38	/home/lukasz/dev/HOL/worktrees/holyhammer/src/rational
rat-35-of-38	rat	35	38	/home/lukasz/dev/HOL/worktrees/holyhammer/src/rational
rat-36-of-38	rat	36	38	/home/lukasz/dev/HOL/worktrees/holyhammer/src/rational
rat-37-of-38	rat	37	38	/home/lukasz/dev/HOL/worktrees/holyhammer/src/rational
readerMonad-0-of-2	readerMonad	0	2	/home/lukasz/dev/HOL/worktrees/holyhammer/src/monad/more_monads
readerMonad-1-of-2	readerMonad	1	2	/home/lukasz/dev/HOL/worktrees/holyhammer/src/monad/more_monads
readthm1-0-of-1	readthm1	0	1	/home/lukasz/dev/HOL/worktrees/holyhammer/src/1/theory_tests
readthm2-0-of-1	readthm2	0	1	/home/lukasz/dev/HOL/worktrees/holyhammer/src/1/theory_tests
real-0-of-82	real	0	82	/home/lukasz/dev/HOL/worktrees/holyhammer/src/real
real-1-of-82	real	1	82	/home/lukasz/dev/HOL/worktrees/holyhammer/src/real
real-2-of-82	real	2	82	/home/lukasz/dev/HOL/worktrees/holyhammer/src/real
real-3-of-82	real	3	82	/home/lukasz/dev/HOL/worktrees/holyhammer/src/real
real-4-of-82	real	4	82	/home/lukasz/dev/HOL/worktrees/holyhammer/src/real
real-5-of-82	real	5	82	/home/lukasz/dev/HOL/worktrees/holyhammer/src/real
real-6-of-82	real	6	82	/home/lukasz/dev/HOL/worktrees/holyhammer/src/real
real-7-of-82	real	7	82	/home/lukasz/dev/HOL/worktrees/holyhammer/src/real
real-8-of-82	real	8	82	/home/lukasz/dev/HOL/worktrees/holyhammer/src/real
real-9-of-82	real	9	82	/home/lukasz/dev/HOL/worktrees/holyhammer/src/real
real-10-of-82	real	10	82	/home/lukasz/dev/HOL/worktrees/holyhammer/src/real
real-11-of-82	real	11	82	/home/lukasz/dev/HOL/worktrees/holyhammer/src/real
real-12-of-82	real	12	82	/home/lukasz/dev/HOL/worktrees/holyhammer/src/real
real-13-of-82	real	13	82	/home/lukasz/dev/HOL/worktrees/holyhammer/src/real
real-14-of-82	real	14	82	/home/lukasz/dev/HOL/worktrees/holyhammer/src/real
real-15-of-82	real	15	82	/home/lukasz/dev/HOL/worktrees/holyhammer/src/real
real-16-of-82	real	16	82	/home/lukasz/dev/HOL/worktrees/holyhammer/src/real
real-17-of-82	real	17	82	/home/lukasz/dev/HOL/worktrees/holyhammer/src/real
real-18-of-82	real	18	82	/home/lukasz/dev/HOL/worktrees/holyhammer/src/real
real-19-of-82	real	19	82	/home/lukasz/dev/HOL/worktrees/holyhammer/src/real
real-20-of-82	real	20	82	/home/lukasz/dev/HOL/worktrees/holyhammer/src/real
real-21-of-82	real	21	82	/home/lukasz/dev/HOL/worktrees/holyhammer/src/real
real-22-of-82	real	22	82	/home/lukasz/dev/HOL/worktrees/holyhammer/src/real
real-23-of-82	real	23	82	/home/lukasz/dev/HOL/worktrees/holyhammer/src/real
real-24-of-82	real	24	82	/home/lukasz/dev/HOL/worktrees/holyhammer/src/real
real-25-of-82	real	25	82	/home/lukasz/dev/HOL/worktrees/holyhammer/src/real
real-26-of-82	real	26	82	/home/lukasz/dev/HOL/worktrees/holyhammer/src/real
real-27-of-82	real	27	82	/home/lukasz/dev/HOL/worktrees/holyhammer/src/real
real-28-of-82	real	28	82	/home/lukasz/dev/HOL/worktrees/holyhammer/src/real
real-29-of-82	real	29	82	/home/lukasz/dev/HOL/worktrees/holyhammer/src/real
real-30-of-82	real	30	82	/home/lukasz/dev/HOL/worktrees/holyhammer/src/real
real-31-of-82	real	31	82	/home/lukasz/dev/HOL/worktrees/holyhammer/src/real
real-32-of-82	real	32	82	/home/lukasz/dev/HOL/worktrees/holyhammer/src/real
real-33-of-82	real	33	82	/home/lukasz/dev/HOL/worktrees/holyhammer/src/real
real-34-of-82	real	34	82	/home/lukasz/dev/HOL/worktrees/holyhammer/src/real
real-35-of-82	real	35	82	/home/lukasz/dev/HOL/worktrees/holyhammer/src/real
real-36-of-82	real	36	82	/home/lukasz/dev/HOL/worktrees/holyhammer/src/real
real-37-of-82	real	37	82	/home/lukasz/dev/HOL/worktrees/holyhammer/src/real
real-38-of-82	real	38	82	/home/lukasz/dev/HOL/worktrees/holyhammer/src/real
real-39-of-82	real	39	82	/home/lukasz/dev/HOL/worktrees/holyhammer/src/real
real-40-of-82	real	40	82	/home/lukasz/dev/HOL/worktrees/holyhammer/src/real
real-41-of-82	real	41	82	/home/lukasz/dev/HOL/worktrees/holyhammer/src/real
real-42-of-82	real	42	82	/home/lukasz/dev/HOL/worktrees/holyhammer/src/real
real-43-of-82	real	43	82	/home/lukasz/dev/HOL/worktrees/holyhammer/src/real
real-44-of-82	real	44	82	/home/lukasz/dev/HOL/worktrees/holyhammer/src/real
real-45-of-82	real	45	82	/home/lukasz/dev/HOL/worktrees/holyhammer/src/real
real-46-of-82	real	46	82	/home/lukasz/dev/HOL/worktrees/holyhammer/src/real
real-47-of-82	real	47	82	/home/lukasz/dev/HOL/worktrees/holyhammer/src/real
real-48-of-82	real	48	82	/home/lukasz/dev/HOL/worktrees/holyhammer/src/real
real-49-of-82	real	49	82	/home/lukasz/dev/HOL/worktrees/holyhammer/src/real
real-50-of-82	real	50	82	/home/lukasz/dev/HOL/worktrees/holyhammer/src/real
real-51-of-82	real	51	82	/home/lukasz/dev/HOL/worktrees/holyhammer/src/real
real-52-of-82	real	52	82	/home/lukasz/dev/HOL/worktrees/holyhammer/src/real
real-53-of-82	real	53	82	/home/lukasz/dev/HOL/worktrees/holyhammer/src/real
real-54-of-82	real	54	82	/home/lukasz/dev/HOL/worktrees/holyhammer/src/real
real-55-of-82	real	55	82	/home/lukasz/dev/HOL/worktrees/holyhammer/src/real
real-56-of-82	real	56	82	/home/lukasz/dev/HOL/worktrees/holyhammer/src/real
real-57-of-82	real	57	82	/home/lukasz/dev/HOL/worktrees/holyhammer/src/real
real-58-of-82	real	58	82	/home/lukasz/dev/HOL/worktrees/holyhammer/src/real
real-59-of-82	real	59	82	/home/lukasz/dev/HOL/worktrees/holyhammer/src/real
real-60-of-82	real	60	82	/home/lukasz/dev/HOL/worktrees/holyhammer/src/real
real-61-of-82	real	61	82	/home/lukasz/dev/HOL/worktrees/holyhammer/src/real
real-62-of-82	real	62	82	/home/lukasz/dev/HOL/worktrees/holyhammer/src/real
real-63-of-82	real	63	82	/home/lukasz/dev/HOL/worktrees/holyhammer/src/real
real-64-of-82	real	64	82	/home/lukasz/dev/HOL/worktrees/holyhammer/src/real
real-65-of-82	real	65	82	/home/lukasz/dev/HOL/worktrees/holyhammer/src/real
real-66-of-82	real	66	82	/home/lukasz/dev/HOL/worktrees/holyhammer/src/real
real-67-of-82	real	67	82	/home/lukasz/dev/HOL/worktrees/holyhammer/src/real
real-68-of-82	real	68	82	/home/lukasz/dev/HOL/worktrees/holyhammer/src/real
real-69-of-82	real	69	82	/home/lukasz/dev/HOL/worktrees/holyhammer/src/real
real-70-of-82	real	70	82	/home/lukasz/dev/HOL/worktrees/holyhammer/src/real
real-71-of-82	real	71	82	/home/lukasz/dev/HOL/worktrees/holyhammer/src/real
real-72-of-82	real	72	82	/home/lukasz/dev/HOL/worktrees/holyhammer/src/real
real-73-of-82	real	73	82	/home/lukasz/dev/HOL/worktrees/holyhammer/src/real
real-74-of-82	real	74	82	/home/lukasz/dev/HOL/worktrees/holyhammer/src/real
real-75-of-82	real	75	82	/home/lukasz/dev/HOL/worktrees/holyhammer/src/real
real-76-of-82	real	76	82	/home/lukasz/dev/HOL/worktrees/holyhammer/src/real
real-77-of-82	real	77	82	/home/lukasz/dev/HOL/worktrees/holyhammer/src/real
real-78-of-82	real	78	82	/home/lukasz/dev/HOL/worktrees/holyhammer/src/real
real-79-of-82	real	79	82	/home/lukasz/dev/HOL/worktrees/holyhammer/src/real
real-80-of-82	real	80	82	/home/lukasz/dev/HOL/worktrees/holyhammer/src/real
real-81-of-82	real	81	82	/home/lukasz/dev/HOL/worktrees/holyhammer/src/real
real_algebra-0-of-2	real_algebra	0	2	/home/lukasz/dev/HOL/worktrees/holyhammer/src/real
real_algebra-1-of-2	real_algebra	1	2	/home/lukasz/dev/HOL/worktrees/holyhammer/src/real
real_arith-0-of-1	real_arith	0	1	/home/lukasz/dev/HOL/worktrees/holyhammer/src/real
real_borel-0-of-21	real_borel	0	21	/home/lukasz/dev/HOL/worktrees/holyhammer/src/probability
real_borel-1-of-21	real_borel	1	21	/home/lukasz/dev/HOL/worktrees/holyhammer/src/probability
real_borel-2-of-21	real_borel	2	21	/home/lukasz/dev/HOL/worktrees/holyhammer/src/probability
real_borel-3-of-21	real_borel	3	21	/home/lukasz/dev/HOL/worktrees/holyhammer/src/probability
real_borel-4-of-21	real_borel	4	21	/home/lukasz/dev/HOL/worktrees/holyhammer/src/probability
real_borel-5-of-21	real_borel	5	21	/home/lukasz/dev/HOL/worktrees/holyhammer/src/probability
real_borel-6-of-21	real_borel	6	21	/home/lukasz/dev/HOL/worktrees/holyhammer/src/probability
real_borel-7-of-21	real_borel	7	21	/home/lukasz/dev/HOL/worktrees/holyhammer/src/probability
real_borel-8-of-21	real_borel	8	21	/home/lukasz/dev/HOL/worktrees/holyhammer/src/probability
real_borel-9-of-21	real_borel	9	21	/home/lukasz/dev/HOL/worktrees/holyhammer/src/probability
real_borel-10-of-21	real_borel	10	21	/home/lukasz/dev/HOL/worktrees/holyhammer/src/probability
real_borel-11-of-21	real_borel	11	21	/home/lukasz/dev/HOL/worktrees/holyhammer/src/probability
real_borel-12-of-21	real_borel	12	21	/home/lukasz/dev/HOL/worktrees/holyhammer/src/probability
real_borel-13-of-21	real_borel	13	21	/home/lukasz/dev/HOL/worktrees/holyhammer/src/probability
real_borel-14-of-21	real_borel	14	21	/home/lukasz/dev/HOL/worktrees/holyhammer/src/probability
real_borel-15-of-21	real_borel	15	21	/home/lukasz/dev/HOL/worktrees/holyhammer/src/probability
real_borel-16-of-21	real_borel	16	21	/home/lukasz/dev/HOL/worktrees/holyhammer/src/probability
real_borel-17-of-21	real_borel	17	21	/home/lukasz/dev/HOL/worktrees/holyhammer/src/probability
real_borel-18-of-21	real_borel	18	21	/home/lukasz/dev/HOL/worktrees/holyhammer/src/probability
real_borel-19-of-21	real_borel	19	21	/home/lukasz/dev/HOL/worktrees/holyhammer/src/probability
real_borel-20-of-21	real_borel	20	21	/home/lukasz/dev/HOL/worktrees/holyhammer/src/probability
real_of_rat-0-of-7	real_of_rat	0	7	/home/lukasz/dev/HOL/worktrees/holyhammer/src/real
real_of_rat-1-of-7	real_of_rat	1	7	/home/lukasz/dev/HOL/worktrees/holyhammer/src/real
real_of_rat-2-of-7	real_of_rat	2	7	/home/lukasz/dev/HOL/worktrees/holyhammer/src/real
real_of_rat-3-of-7	real_of_rat	3	7	/home/lukasz/dev/HOL/worktrees/holyhammer/src/real
real_of_rat-4-of-7	real_of_rat	4	7	/home/lukasz/dev/HOL/worktrees/holyhammer/src/real
real_of_rat-5-of-7	real_of_rat	5	7	/home/lukasz/dev/HOL/worktrees/holyhammer/src/real
real_of_rat-6-of-7	real_of_rat	6	7	/home/lukasz/dev/HOL/worktrees/holyhammer/src/real
real_sigma-0-of-45	real_sigma	0	45	/home/lukasz/dev/HOL/worktrees/holyhammer/src/real
real_sigma-1-of-45	real_sigma	1	45	/home/lukasz/dev/HOL/worktrees/holyhammer/src/real
real_sigma-2-of-45	real_sigma	2	45	/home/lukasz/dev/HOL/worktrees/holyhammer/src/real
real_sigma-3-of-45	real_sigma	3	45	/home/lukasz/dev/HOL/worktrees/holyhammer/src/real
real_sigma-4-of-45	real_sigma	4	45	/home/lukasz/dev/HOL/worktrees/holyhammer/src/real
real_sigma-5-of-45	real_sigma	5	45	/home/lukasz/dev/HOL/worktrees/holyhammer/src/real
real_sigma-6-of-45	real_sigma	6	45	/home/lukasz/dev/HOL/worktrees/holyhammer/src/real
real_sigma-7-of-45	real_sigma	7	45	/home/lukasz/dev/HOL/worktrees/holyhammer/src/real
real_sigma-8-of-45	real_sigma	8	45	/home/lukasz/dev/HOL/worktrees/holyhammer/src/real
real_sigma-9-of-45	real_sigma	9	45	/home/lukasz/dev/HOL/worktrees/holyhammer/src/real
real_sigma-10-of-45	real_sigma	10	45	/home/lukasz/dev/HOL/worktrees/holyhammer/src/real
real_sigma-11-of-45	real_sigma	11	45	/home/lukasz/dev/HOL/worktrees/holyhammer/src/real
real_sigma-12-of-45	real_sigma	12	45	/home/lukasz/dev/HOL/worktrees/holyhammer/src/real
real_sigma-13-of-45	real_sigma	13	45	/home/lukasz/dev/HOL/worktrees/holyhammer/src/real
real_sigma-14-of-45	real_sigma	14	45	/home/lukasz/dev/HOL/worktrees/holyhammer/src/real
real_sigma-15-of-45	real_sigma	15	45	/home/lukasz/dev/HOL/worktrees/holyhammer/src/real
real_sigma-16-of-45	real_sigma	16	45	/home/lukasz/dev/HOL/worktrees/holyhammer/src/real
real_sigma-17-of-45	real_sigma	17	45	/home/lukasz/dev/HOL/worktrees/holyhammer/src/real
real_sigma-18-of-45	real_sigma	18	45	/home/lukasz/dev/HOL/worktrees/holyhammer/src/real
real_sigma-19-of-45	real_sigma	19	45	/home/lukasz/dev/HOL/worktrees/holyhammer/src/real
real_sigma-20-of-45	real_sigma	20	45	/home/lukasz/dev/HOL/worktrees/holyhammer/src/real
real_sigma-21-of-45	real_sigma	21	45	/home/lukasz/dev/HOL/worktrees/holyhammer/src/real
real_sigma-22-of-45	real_sigma	22	45	/home/lukasz/dev/HOL/worktrees/holyhammer/src/real
real_sigma-23-of-45	real_sigma	23	45	/home/lukasz/dev/HOL/worktrees/holyhammer/src/real
real_sigma-24-of-45	real_sigma	24	45	/home/lukasz/dev/HOL/worktrees/holyhammer/src/real
real_sigma-25-of-45	real_sigma	25	45	/home/lukasz/dev/HOL/worktrees/holyhammer/src/real
real_sigma-26-of-45	real_sigma	26	45	/home/lukasz/dev/HOL/worktrees/holyhammer/src/real
real_sigma-27-of-45	real_sigma	27	45	/home/lukasz/dev/HOL/worktrees/holyhammer/src/real
real_sigma-28-of-45	real_sigma	28	45	/home/lukasz/dev/HOL/worktrees/holyhammer/src/real
real_sigma-29-of-45	real_sigma	29	45	/home/lukasz/dev/HOL/worktrees/holyhammer/src/real
real_sigma-30-of-45	real_sigma	30	45	/home/lukasz/dev/HOL/worktrees/holyhammer/src/real
real_sigma-31-of-45	real_sigma	31	45	/home/lukasz/dev/HOL/worktrees/holyhammer/src/real
real_sigma-32-of-45	real_sigma	32	45	/home/lukasz/dev/HOL/worktrees/holyhammer/src/real
real_sigma-33-of-45	real_sigma	33	45	/home/lukasz/dev/HOL/worktrees/holyhammer/src/real
real_sigma-34-of-45	real_sigma	34	45	/home/lukasz/dev/HOL/worktrees/holyhammer/src/real
real_sigma-35-of-45	real_sigma	35	45	/home/lukasz/dev/HOL/worktrees/holyhammer/src/real
real_sigma-36-of-45	real_sigma	36	45	/home/lukasz/dev/HOL/worktrees/holyhammer/src/real
real_sigma-37-of-45	real_sigma	37	45	/home/lukasz/dev/HOL/worktrees/holyhammer/src/real
real_sigma-38-of-45	real_sigma	38	45	/home/lukasz/dev/HOL/worktrees/holyhammer/src/real
real_sigma-39-of-45	real_sigma	39	45	/home/lukasz/dev/HOL/worktrees/holyhammer/src/real
real_sigma-40-of-45	real_sigma	40	45	/home/lukasz/dev/HOL/worktrees/holyhammer/src/real
real_sigma-41-of-45	real_sigma	41	45	/home/lukasz/dev/HOL/worktrees/holyhammer/src/real
real_sigma-42-of-45	real_sigma	42	45	/home/lukasz/dev/HOL/worktrees/holyhammer/src/real
real_sigma-43-of-45	real_sigma	43	45	/home/lukasz/dev/HOL/worktrees/holyhammer/src/real
real_sigma-44-of-45	real_sigma	44	45	/home/lukasz/dev/HOL/worktrees/holyhammer/src/real
real_topology-0-of-200	real_topology	0	200	/home/lukasz/dev/HOL/worktrees/holyhammer/src/real/analysis
real_topology-1-of-200	real_topology	1	200	/home/lukasz/dev/HOL/worktrees/holyhammer/src/real/analysis
real_topology-2-of-200	real_topology	2	200	/home/lukasz/dev/HOL/worktrees/holyhammer/src/real/analysis
real_topology-3-of-200	real_topology	3	200	/home/lukasz/dev/HOL/worktrees/holyhammer/src/real/analysis
real_topology-4-of-200	real_topology	4	200	/home/lukasz/dev/HOL/worktrees/holyhammer/src/real/analysis
real_topology-5-of-200	real_topology	5	200	/home/lukasz/dev/HOL/worktrees/holyhammer/src/real/analysis
real_topology-6-of-200	real_topology	6	200	/home/lukasz/dev/HOL/worktrees/holyhammer/src/real/analysis
real_topology-7-of-200	real_topology	7	200	/home/lukasz/dev/HOL/worktrees/holyhammer/src/real/analysis
real_topology-8-of-200	real_topology	8	200	/home/lukasz/dev/HOL/worktrees/holyhammer/src/real/analysis
real_topology-9-of-200	real_topology	9	200	/home/lukasz/dev/HOL/worktrees/holyhammer/src/real/analysis
real_topology-10-of-200	real_topology	10	200	/home/lukasz/dev/HOL/worktrees/holyhammer/src/real/analysis
real_topology-11-of-200	real_topology	11	200	/home/lukasz/dev/HOL/worktrees/holyhammer/src/real/analysis
real_topology-12-of-200	real_topology	12	200	/home/lukasz/dev/HOL/worktrees/holyhammer/src/real/analysis
real_topology-13-of-200	real_topology	13	200	/home/lukasz/dev/HOL/worktrees/holyhammer/src/real/analysis
real_topology-14-of-200	real_topology	14	200	/home/lukasz/dev/HOL/worktrees/holyhammer/src/real/analysis
real_topology-15-of-200	real_topology	15	200	/home/lukasz/dev/HOL/worktrees/holyhammer/src/real/analysis
real_topology-16-of-200	real_topology	16	200	/home/lukasz/dev/HOL/worktrees/holyhammer/src/real/analysis
real_topology-17-of-200	real_topology	17	200	/home/lukasz/dev/HOL/worktrees/holyhammer/src/real/analysis
real_topology-18-of-200	real_topology	18	200	/home/lukasz/dev/HOL/worktrees/holyhammer/src/real/analysis
real_topology-19-of-200	real_topology	19	200	/home/lukasz/dev/HOL/worktrees/holyhammer/src/real/analysis
real_topology-20-of-200	real_topology	20	200	/home/lukasz/dev/HOL/worktrees/holyhammer/src/real/analysis
real_topology-21-of-200	real_topology	21	200	/home/lukasz/dev/HOL/worktrees/holyhammer/src/real/analysis
real_topology-22-of-200	real_topology	22	200	/home/lukasz/dev/HOL/worktrees/holyhammer/src/real/analysis
real_topology-23-of-200	real_topology	23	200	/home/lukasz/dev/HOL/worktrees/holyhammer/src/real/analysis
real_topology-24-of-200	real_topology	24	200	/home/lukasz/dev/HOL/worktrees/holyhammer/src/real/analysis
real_topology-25-of-200	real_topology	25	200	/home/lukasz/dev/HOL/worktrees/holyhammer/src/real/analysis
real_topology-26-of-200	real_topology	26	200	/home/lukasz/dev/HOL/worktrees/holyhammer/src/real/analysis
real_topology-27-of-200	real_topology	27	200	/home/lukasz/dev/HOL/worktrees/holyhammer/src/real/analysis
real_topology-28-of-200	real_topology	28	200	/home/lukasz/dev/HOL/worktrees/holyhammer/src/real/analysis
real_topology-29-of-200	real_topology	29	200	/home/lukasz/dev/HOL/worktrees/holyhammer/src/real/analysis
real_topology-30-of-200	real_topology	30	200	/home/lukasz/dev/HOL/worktrees/holyhammer/src/real/analysis
real_topology-31-of-200	real_topology	31	200	/home/lukasz/dev/HOL/worktrees/holyhammer/src/real/analysis
real_topology-32-of-200	real_topology	32	200	/home/lukasz/dev/HOL/worktrees/holyhammer/src/real/analysis
real_topology-33-of-200	real_topology	33	200	/home/lukasz/dev/HOL/worktrees/holyhammer/src/real/analysis
real_topology-34-of-200	real_topology	34	200	/home/lukasz/dev/HOL/worktrees/holyhammer/src/real/analysis
real_topology-35-of-200	real_topology	35	200	/home/lukasz/dev/HOL/worktrees/holyhammer/src/real/analysis
real_topology-36-of-200	real_topology	36	200	/home/lukasz/dev/HOL/worktrees/holyhammer/src/real/analysis
real_topology-37-of-200	real_topology	37	200	/home/lukasz/dev/HOL/worktrees/holyhammer/src/real/analysis
real_topology-38-of-200	real_topology	38	200	/home/lukasz/dev/HOL/worktrees/holyhammer/src/real/analysis
real_topology-39-of-200	real_topology	39	200	/home/lukasz/dev/HOL/worktrees/holyhammer/src/real/analysis
real_topology-40-of-200	real_topology	40	200	/home/lukasz/dev/HOL/worktrees/holyhammer/src/real/analysis
real_topology-41-of-200	real_topology	41	200	/home/lukasz/dev/HOL/worktrees/holyhammer/src/real/analysis
real_topology-42-of-200	real_topology	42	200	/home/lukasz/dev/HOL/worktrees/holyhammer/src/real/analysis
real_topology-43-of-200	real_topology	43	200	/home/lukasz/dev/HOL/worktrees/holyhammer/src/real/analysis
real_topology-44-of-200	real_topology	44	200	/home/lukasz/dev/HOL/worktrees/holyhammer/src/real/analysis
real_topology-45-of-200	real_topology	45	200	/home/lukasz/dev/HOL/worktrees/holyhammer/src/real/analysis
real_topology-46-of-200	real_topology	46	200	/home/lukasz/dev/HOL/worktrees/holyhammer/src/real/analysis
real_topology-47-of-200	real_topology	47	200	/home/lukasz/dev/HOL/worktrees/holyhammer/src/real/analysis
real_topology-48-of-200	real_topology	48	200	/home/lukasz/dev/HOL/worktrees/holyhammer/src/real/analysis
real_topology-49-of-200	real_topology	49	200	/home/lukasz/dev/HOL/worktrees/holyhammer/src/real/analysis
real_topology-50-of-200	real_topology	50	200	/home/lukasz/dev/HOL/worktrees/holyhammer/src/real/analysis
real_topology-51-of-200	real_topology	51	200	/home/lukasz/dev/HOL/worktrees/holyhammer/src/real/analysis
real_topology-52-of-200	real_topology	52	200	/home/lukasz/dev/HOL/worktrees/holyhammer/src/real/analysis
real_topology-53-of-200	real_topology	53	200	/home/lukasz/dev/HOL/worktrees/holyhammer/src/real/analysis
real_topology-54-of-200	real_topology	54	200	/home/lukasz/dev/HOL/worktrees/holyhammer/src/real/analysis
real_topology-55-of-200	real_topology	55	200	/home/lukasz/dev/HOL/worktrees/holyhammer/src/real/analysis
real_topology-56-of-200	real_topology	56	200	/home/lukasz/dev/HOL/worktrees/holyhammer/src/real/analysis
real_topology-57-of-200	real_topology	57	200	/home/lukasz/dev/HOL/worktrees/holyhammer/src/real/analysis
real_topology-58-of-200	real_topology	58	200	/home/lukasz/dev/HOL/worktrees/holyhammer/src/real/analysis
real_topology-59-of-200	real_topology	59	200	/home/lukasz/dev/HOL/worktrees/holyhammer/src/real/analysis
real_topology-60-of-200	real_topology	60	200	/home/lukasz/dev/HOL/worktrees/holyhammer/src/real/analysis
real_topology-61-of-200	real_topology	61	200	/home/lukasz/dev/HOL/worktrees/holyhammer/src/real/analysis
real_topology-62-of-200	real_topology	62	200	/home/lukasz/dev/HOL/worktrees/holyhammer/src/real/analysis
real_topology-63-of-200	real_topology	63	200	/home/lukasz/dev/HOL/worktrees/holyhammer/src/real/analysis
real_topology-64-of-200	real_topology	64	200	/home/lukasz/dev/HOL/worktrees/holyhammer/src/real/analysis
real_topology-65-of-200	real_topology	65	200	/home/lukasz/dev/HOL/worktrees/holyhammer/src/real/analysis
real_topology-66-of-200	real_topology	66	200	/home/lukasz/dev/HOL/worktrees/holyhammer/src/real/analysis
real_topology-67-of-200	real_topology	67	200	/home/lukasz/dev/HOL/worktrees/holyhammer/src/real/analysis
real_topology-68-of-200	real_topology	68	200	/home/lukasz/dev/HOL/worktrees/holyhammer/src/real/analysis
real_topology-69-of-200	real_topology	69	200	/home/lukasz/dev/HOL/worktrees/holyhammer/src/real/analysis
real_topology-70-of-200	real_topology	70	200	/home/lukasz/dev/HOL/worktrees/holyhammer/src/real/analysis
real_topology-71-of-200	real_topology	71	200	/home/lukasz/dev/HOL/worktrees/holyhammer/src/real/analysis
real_topology-72-of-200	real_topology	72	200	/home/lukasz/dev/HOL/worktrees/holyhammer/src/real/analysis
real_topology-73-of-200	real_topology	73	200	/home/lukasz/dev/HOL/worktrees/holyhammer/src/real/analysis
real_topology-74-of-200	real_topology	74	200	/home/lukasz/dev/HOL/worktrees/holyhammer/src/real/analysis
real_topology-75-of-200	real_topology	75	200	/home/lukasz/dev/HOL/worktrees/holyhammer/src/real/analysis
real_topology-76-of-200	real_topology	76	200	/home/lukasz/dev/HOL/worktrees/holyhammer/src/real/analysis
real_topology-77-of-200	real_topology	77	200	/home/lukasz/dev/HOL/worktrees/holyhammer/src/real/analysis
real_topology-78-of-200	real_topology	78	200	/home/lukasz/dev/HOL/worktrees/holyhammer/src/real/analysis
real_topology-79-of-200	real_topology	79	200	/home/lukasz/dev/HOL/worktrees/holyhammer/src/real/analysis
real_topology-80-of-200	real_topology	80	200	/home/lukasz/dev/HOL/worktrees/holyhammer/src/real/analysis
real_topology-81-of-200	real_topology	81	200	/home/lukasz/dev/HOL/worktrees/holyhammer/src/real/analysis
real_topology-82-of-200	real_topology	82	200	/home/lukasz/dev/HOL/worktrees/holyhammer/src/real/analysis
real_topology-83-of-200	real_topology	83	200	/home/lukasz/dev/HOL/worktrees/holyhammer/src/real/analysis
real_topology-84-of-200	real_topology	84	200	/home/lukasz/dev/HOL/worktrees/holyhammer/src/real/analysis
real_topology-85-of-200	real_topology	85	200	/home/lukasz/dev/HOL/worktrees/holyhammer/src/real/analysis
real_topology-86-of-200	real_topology	86	200	/home/lukasz/dev/HOL/worktrees/holyhammer/src/real/analysis
real_topology-87-of-200	real_topology	87	200	/home/lukasz/dev/HOL/worktrees/holyhammer/src/real/analysis
real_topology-88-of-200	real_topology	88	200	/home/lukasz/dev/HOL/worktrees/holyhammer/src/real/analysis
real_topology-89-of-200	real_topology	89	200	/home/lukasz/dev/HOL/worktrees/holyhammer/src/real/analysis
real_topology-90-of-200	real_topology	90	200	/home/lukasz/dev/HOL/worktrees/holyhammer/src/real/analysis
real_topology-91-of-200	real_topology	91	200	/home/lukasz/dev/HOL/worktrees/holyhammer/src/real/analysis
real_topology-92-of-200	real_topology	92	200	/home/lukasz/dev/HOL/worktrees/holyhammer/src/real/analysis
real_topology-93-of-200	real_topology	93	200	/home/lukasz/dev/HOL/worktrees/holyhammer/src/real/analysis
real_topology-94-of-200	real_topology	94	200	/home/lukasz/dev/HOL/worktrees/holyhammer/src/real/analysis
real_topology-95-of-200	real_topology	95	200	/home/lukasz/dev/HOL/worktrees/holyhammer/src/real/analysis
real_topology-96-of-200	real_topology	96	200	/home/lukasz/dev/HOL/worktrees/holyhammer/src/real/analysis
real_topology-97-of-200	real_topology	97	200	/home/lukasz/dev/HOL/worktrees/holyhammer/src/real/analysis
real_topology-98-of-200	real_topology	98	200	/home/lukasz/dev/HOL/worktrees/holyhammer/src/real/analysis
real_topology-99-of-200	real_topology	99	200	/home/lukasz/dev/HOL/worktrees/holyhammer/src/real/analysis
real_topology-100-of-200	real_topology	100	200	/home/lukasz/dev/HOL/worktrees/holyhammer/src/real/analysis
real_topology-101-of-200	real_topology	101	200	/home/lukasz/dev/HOL/worktrees/holyhammer/src/real/analysis
real_topology-102-of-200	real_topology	102	200	/home/lukasz/dev/HOL/worktrees/holyhammer/src/real/analysis
real_topology-103-of-200	real_topology	103	200	/home/lukasz/dev/HOL/worktrees/holyhammer/src/real/analysis
real_topology-104-of-200	real_topology	104	200	/home/lukasz/dev/HOL/worktrees/holyhammer/src/real/analysis
real_topology-105-of-200	real_topology	105	200	/home/lukasz/dev/HOL/worktrees/holyhammer/src/real/analysis
real_topology-106-of-200	real_topology	106	200	/home/lukasz/dev/HOL/worktrees/holyhammer/src/real/analysis
real_topology-107-of-200	real_topology	107	200	/home/lukasz/dev/HOL/worktrees/holyhammer/src/real/analysis
real_topology-108-of-200	real_topology	108	200	/home/lukasz/dev/HOL/worktrees/holyhammer/src/real/analysis
real_topology-109-of-200	real_topology	109	200	/home/lukasz/dev/HOL/worktrees/holyhammer/src/real/analysis
real_topology-110-of-200	real_topology	110	200	/home/lukasz/dev/HOL/worktrees/holyhammer/src/real/analysis
real_topology-111-of-200	real_topology	111	200	/home/lukasz/dev/HOL/worktrees/holyhammer/src/real/analysis
real_topology-112-of-200	real_topology	112	200	/home/lukasz/dev/HOL/worktrees/holyhammer/src/real/analysis
real_topology-113-of-200	real_topology	113	200	/home/lukasz/dev/HOL/worktrees/holyhammer/src/real/analysis
real_topology-114-of-200	real_topology	114	200	/home/lukasz/dev/HOL/worktrees/holyhammer/src/real/analysis
real_topology-115-of-200	real_topology	115	200	/home/lukasz/dev/HOL/worktrees/holyhammer/src/real/analysis
real_topology-116-of-200	real_topology	116	200	/home/lukasz/dev/HOL/worktrees/holyhammer/src/real/analysis
real_topology-117-of-200	real_topology	117	200	/home/lukasz/dev/HOL/worktrees/holyhammer/src/real/analysis
real_topology-118-of-200	real_topology	118	200	/home/lukasz/dev/HOL/worktrees/holyhammer/src/real/analysis
real_topology-119-of-200	real_topology	119	200	/home/lukasz/dev/HOL/worktrees/holyhammer/src/real/analysis
real_topology-120-of-200	real_topology	120	200	/home/lukasz/dev/HOL/worktrees/holyhammer/src/real/analysis
real_topology-121-of-200	real_topology	121	200	/home/lukasz/dev/HOL/worktrees/holyhammer/src/real/analysis
real_topology-122-of-200	real_topology	122	200	/home/lukasz/dev/HOL/worktrees/holyhammer/src/real/analysis
real_topology-123-of-200	real_topology	123	200	/home/lukasz/dev/HOL/worktrees/holyhammer/src/real/analysis
real_topology-124-of-200	real_topology	124	200	/home/lukasz/dev/HOL/worktrees/holyhammer/src/real/analysis
real_topology-125-of-200	real_topology	125	200	/home/lukasz/dev/HOL/worktrees/holyhammer/src/real/analysis
real_topology-126-of-200	real_topology	126	200	/home/lukasz/dev/HOL/worktrees/holyhammer/src/real/analysis
real_topology-127-of-200	real_topology	127	200	/home/lukasz/dev/HOL/worktrees/holyhammer/src/real/analysis
real_topology-128-of-200	real_topology	128	200	/home/lukasz/dev/HOL/worktrees/holyhammer/src/real/analysis
real_topology-129-of-200	real_topology	129	200	/home/lukasz/dev/HOL/worktrees/holyhammer/src/real/analysis
real_topology-130-of-200	real_topology	130	200	/home/lukasz/dev/HOL/worktrees/holyhammer/src/real/analysis
real_topology-131-of-200	real_topology	131	200	/home/lukasz/dev/HOL/worktrees/holyhammer/src/real/analysis
real_topology-132-of-200	real_topology	132	200	/home/lukasz/dev/HOL/worktrees/holyhammer/src/real/analysis
real_topology-133-of-200	real_topology	133	200	/home/lukasz/dev/HOL/worktrees/holyhammer/src/real/analysis
real_topology-134-of-200	real_topology	134	200	/home/lukasz/dev/HOL/worktrees/holyhammer/src/real/analysis
real_topology-135-of-200	real_topology	135	200	/home/lukasz/dev/HOL/worktrees/holyhammer/src/real/analysis
real_topology-136-of-200	real_topology	136	200	/home/lukasz/dev/HOL/worktrees/holyhammer/src/real/analysis
real_topology-137-of-200	real_topology	137	200	/home/lukasz/dev/HOL/worktrees/holyhammer/src/real/analysis
real_topology-138-of-200	real_topology	138	200	/home/lukasz/dev/HOL/worktrees/holyhammer/src/real/analysis
real_topology-139-of-200	real_topology	139	200	/home/lukasz/dev/HOL/worktrees/holyhammer/src/real/analysis
real_topology-140-of-200	real_topology	140	200	/home/lukasz/dev/HOL/worktrees/holyhammer/src/real/analysis
real_topology-141-of-200	real_topology	141	200	/home/lukasz/dev/HOL/worktrees/holyhammer/src/real/analysis
real_topology-142-of-200	real_topology	142	200	/home/lukasz/dev/HOL/worktrees/holyhammer/src/real/analysis
real_topology-143-of-200	real_topology	143	200	/home/lukasz/dev/HOL/worktrees/holyhammer/src/real/analysis
real_topology-144-of-200	real_topology	144	200	/home/lukasz/dev/HOL/worktrees/holyhammer/src/real/analysis
real_topology-145-of-200	real_topology	145	200	/home/lukasz/dev/HOL/worktrees/holyhammer/src/real/analysis
real_topology-146-of-200	real_topology	146	200	/home/lukasz/dev/HOL/worktrees/holyhammer/src/real/analysis
real_topology-147-of-200	real_topology	147	200	/home/lukasz/dev/HOL/worktrees/holyhammer/src/real/analysis
real_topology-148-of-200	real_topology	148	200	/home/lukasz/dev/HOL/worktrees/holyhammer/src/real/analysis
real_topology-149-of-200	real_topology	149	200	/home/lukasz/dev/HOL/worktrees/holyhammer/src/real/analysis
real_topology-150-of-200	real_topology	150	200	/home/lukasz/dev/HOL/worktrees/holyhammer/src/real/analysis
real_topology-151-of-200	real_topology	151	200	/home/lukasz/dev/HOL/worktrees/holyhammer/src/real/analysis
real_topology-152-of-200	real_topology	152	200	/home/lukasz/dev/HOL/worktrees/holyhammer/src/real/analysis
real_topology-153-of-200	real_topology	153	200	/home/lukasz/dev/HOL/worktrees/holyhammer/src/real/analysis
real_topology-154-of-200	real_topology	154	200	/home/lukasz/dev/HOL/worktrees/holyhammer/src/real/analysis
real_topology-155-of-200	real_topology	155	200	/home/lukasz/dev/HOL/worktrees/holyhammer/src/real/analysis
real_topology-156-of-200	real_topology	156	200	/home/lukasz/dev/HOL/worktrees/holyhammer/src/real/analysis
real_topology-157-of-200	real_topology	157	200	/home/lukasz/dev/HOL/worktrees/holyhammer/src/real/analysis
real_topology-158-of-200	real_topology	158	200	/home/lukasz/dev/HOL/worktrees/holyhammer/src/real/analysis
real_topology-159-of-200	real_topology	159	200	/home/lukasz/dev/HOL/worktrees/holyhammer/src/real/analysis
real_topology-160-of-200	real_topology	160	200	/home/lukasz/dev/HOL/worktrees/holyhammer/src/real/analysis
real_topology-161-of-200	real_topology	161	200	/home/lukasz/dev/HOL/worktrees/holyhammer/src/real/analysis
real_topology-162-of-200	real_topology	162	200	/home/lukasz/dev/HOL/worktrees/holyhammer/src/real/analysis
real_topology-163-of-200	real_topology	163	200	/home/lukasz/dev/HOL/worktrees/holyhammer/src/real/analysis
real_topology-164-of-200	real_topology	164	200	/home/lukasz/dev/HOL/worktrees/holyhammer/src/real/analysis
real_topology-165-of-200	real_topology	165	200	/home/lukasz/dev/HOL/worktrees/holyhammer/src/real/analysis
real_topology-166-of-200	real_topology	166	200	/home/lukasz/dev/HOL/worktrees/holyhammer/src/real/analysis
real_topology-167-of-200	real_topology	167	200	/home/lukasz/dev/HOL/worktrees/holyhammer/src/real/analysis
real_topology-168-of-200	real_topology	168	200	/home/lukasz/dev/HOL/worktrees/holyhammer/src/real/analysis
real_topology-169-of-200	real_topology	169	200	/home/lukasz/dev/HOL/worktrees/holyhammer/src/real/analysis
real_topology-170-of-200	real_topology	170	200	/home/lukasz/dev/HOL/worktrees/holyhammer/src/real/analysis
real_topology-171-of-200	real_topology	171	200	/home/lukasz/dev/HOL/worktrees/holyhammer/src/real/analysis
real_topology-172-of-200	real_topology	172	200	/home/lukasz/dev/HOL/worktrees/holyhammer/src/real/analysis
real_topology-173-of-200	real_topology	173	200	/home/lukasz/dev/HOL/worktrees/holyhammer/src/real/analysis
real_topology-174-of-200	real_topology	174	200	/home/lukasz/dev/HOL/worktrees/holyhammer/src/real/analysis
real_topology-175-of-200	real_topology	175	200	/home/lukasz/dev/HOL/worktrees/holyhammer/src/real/analysis
real_topology-176-of-200	real_topology	176	200	/home/lukasz/dev/HOL/worktrees/holyhammer/src/real/analysis
real_topology-177-of-200	real_topology	177	200	/home/lukasz/dev/HOL/worktrees/holyhammer/src/real/analysis
real_topology-178-of-200	real_topology	178	200	/home/lukasz/dev/HOL/worktrees/holyhammer/src/real/analysis
real_topology-179-of-200	real_topology	179	200	/home/lukasz/dev/HOL/worktrees/holyhammer/src/real/analysis
real_topology-180-of-200	real_topology	180	200	/home/lukasz/dev/HOL/worktrees/holyhammer/src/real/analysis
real_topology-181-of-200	real_topology	181	200	/home/lukasz/dev/HOL/worktrees/holyhammer/src/real/analysis
real_topology-182-of-200	real_topology	182	200	/home/lukasz/dev/HOL/worktrees/holyhammer/src/real/analysis
real_topology-183-of-200	real_topology	183	200	/home/lukasz/dev/HOL/worktrees/holyhammer/src/real/analysis
real_topology-184-of-200	real_topology	184	200	/home/lukasz/dev/HOL/worktrees/holyhammer/src/real/analysis
real_topology-185-of-200	real_topology	185	200	/home/lukasz/dev/HOL/worktrees/holyhammer/src/real/analysis
real_topology-186-of-200	real_topology	186	200	/home/lukasz/dev/HOL/worktrees/holyhammer/src/real/analysis
real_topology-187-of-200	real_topology	187	200	/home/lukasz/dev/HOL/worktrees/holyhammer/src/real/analysis
real_topology-188-of-200	real_topology	188	200	/home/lukasz/dev/HOL/worktrees/holyhammer/src/real/analysis
real_topology-189-of-200	real_topology	189	200	/home/lukasz/dev/HOL/worktrees/holyhammer/src/real/analysis
real_topology-190-of-200	real_topology	190	200	/home/lukasz/dev/HOL/worktrees/holyhammer/src/real/analysis
real_topology-191-of-200	real_topology	191	200	/home/lukasz/dev/HOL/worktrees/holyhammer/src/real/analysis
real_topology-192-of-200	real_topology	192	200	/home/lukasz/dev/HOL/worktrees/holyhammer/src/real/analysis
real_topology-193-of-200	real_topology	193	200	/home/lukasz/dev/HOL/worktrees/holyhammer/src/real/analysis
real_topology-194-of-200	real_topology	194	200	/home/lukasz/dev/HOL/worktrees/holyhammer/src/real/analysis
real_topology-195-of-200	real_topology	195	200	/home/lukasz/dev/HOL/worktrees/holyhammer/src/real/analysis
real_topology-196-of-200	real_topology	196	200	/home/lukasz/dev/HOL/worktrees/holyhammer/src/real/analysis
real_topology-197-of-200	real_topology	197	200	/home/lukasz/dev/HOL/worktrees/holyhammer/src/real/analysis
real_topology-198-of-200	real_topology	198	200	/home/lukasz/dev/HOL/worktrees/holyhammer/src/real/analysis
real_topology-199-of-200	real_topology	199	200	/home/lukasz/dev/HOL/worktrees/holyhammer/src/real/analysis
realax-0-of-21	realax	0	21	/home/lukasz/dev/HOL/worktrees/holyhammer/src/real
realax-1-of-21	realax	1	21	/home/lukasz/dev/HOL/worktrees/holyhammer/src/real
realax-2-of-21	realax	2	21	/home/lukasz/dev/HOL/worktrees/holyhammer/src/real
realax-3-of-21	realax	3	21	/home/lukasz/dev/HOL/worktrees/holyhammer/src/real
realax-4-of-21	realax	4	21	/home/lukasz/dev/HOL/worktrees/holyhammer/src/real
realax-5-of-21	realax	5	21	/home/lukasz/dev/HOL/worktrees/holyhammer/src/real
realax-6-of-21	realax	6	21	/home/lukasz/dev/HOL/worktrees/holyhammer/src/real
realax-7-of-21	realax	7	21	/home/lukasz/dev/HOL/worktrees/holyhammer/src/real
realax-8-of-21	realax	8	21	/home/lukasz/dev/HOL/worktrees/holyhammer/src/real
realax-9-of-21	realax	9	21	/home/lukasz/dev/HOL/worktrees/holyhammer/src/real
realax-10-of-21	realax	10	21	/home/lukasz/dev/HOL/worktrees/holyhammer/src/real
realax-11-of-21	realax	11	21	/home/lukasz/dev/HOL/worktrees/holyhammer/src/real
realax-12-of-21	realax	12	21	/home/lukasz/dev/HOL/worktrees/holyhammer/src/real
realax-13-of-21	realax	13	21	/home/lukasz/dev/HOL/worktrees/holyhammer/src/real
realax-14-of-21	realax	14	21	/home/lukasz/dev/HOL/worktrees/holyhammer/src/real
realax-15-of-21	realax	15	21	/home/lukasz/dev/HOL/worktrees/holyhammer/src/real
realax-16-of-21	realax	16	21	/home/lukasz/dev/HOL/worktrees/holyhammer/src/real
realax-17-of-21	realax	17	21	/home/lukasz/dev/HOL/worktrees/holyhammer/src/real
realax-18-of-21	realax	18	21	/home/lukasz/dev/HOL/worktrees/holyhammer/src/real
realax-19-of-21	realax	19	21	/home/lukasz/dev/HOL/worktrees/holyhammer/src/real
realax-20-of-21	realax	20	21	/home/lukasz/dev/HOL/worktrees/holyhammer/src/real
recordEnumSimpsA-0-of-9	recordEnumSimpsA	0	9	/home/lukasz/dev/HOL/worktrees/holyhammer/src/datatype/theory_tests
recordEnumSimpsA-1-of-9	recordEnumSimpsA	1	9	/home/lukasz/dev/HOL/worktrees/holyhammer/src/datatype/theory_tests
recordEnumSimpsA-2-of-9	recordEnumSimpsA	2	9	/home/lukasz/dev/HOL/worktrees/holyhammer/src/datatype/theory_tests
recordEnumSimpsA-3-of-9	recordEnumSimpsA	3	9	/home/lukasz/dev/HOL/worktrees/holyhammer/src/datatype/theory_tests
recordEnumSimpsA-4-of-9	recordEnumSimpsA	4	9	/home/lukasz/dev/HOL/worktrees/holyhammer/src/datatype/theory_tests
recordEnumSimpsA-5-of-9	recordEnumSimpsA	5	9	/home/lukasz/dev/HOL/worktrees/holyhammer/src/datatype/theory_tests
recordEnumSimpsA-6-of-9	recordEnumSimpsA	6	9	/home/lukasz/dev/HOL/worktrees/holyhammer/src/datatype/theory_tests
recordEnumSimpsA-7-of-9	recordEnumSimpsA	7	9	/home/lukasz/dev/HOL/worktrees/holyhammer/src/datatype/theory_tests
recordEnumSimpsA-8-of-9	recordEnumSimpsA	8	9	/home/lukasz/dev/HOL/worktrees/holyhammer/src/datatype/theory_tests
recordEnumSimpsB-0-of-1	recordEnumSimpsB	0	1	/home/lukasz/dev/HOL/worktrees/holyhammer/src/datatype/theory_tests
reduce-0-of-1	reduce	0	1	/home/lukasz/dev/HOL/worktrees/holyhammer/src/num/reduce/src
relation-0-of-27	relation	0	27	/home/lukasz/dev/HOL/worktrees/holyhammer/src/relation
relation-1-of-27	relation	1	27	/home/lukasz/dev/HOL/worktrees/holyhammer/src/relation
relation-2-of-27	relation	2	27	/home/lukasz/dev/HOL/worktrees/holyhammer/src/relation
relation-3-of-27	relation	3	27	/home/lukasz/dev/HOL/worktrees/holyhammer/src/relation
relation-4-of-27	relation	4	27	/home/lukasz/dev/HOL/worktrees/holyhammer/src/relation
relation-5-of-27	relation	5	27	/home/lukasz/dev/HOL/worktrees/holyhammer/src/relation
relation-6-of-27	relation	6	27	/home/lukasz/dev/HOL/worktrees/holyhammer/src/relation
relation-7-of-27	relation	7	27	/home/lukasz/dev/HOL/worktrees/holyhammer/src/relation
relation-8-of-27	relation	8	27	/home/lukasz/dev/HOL/worktrees/holyhammer/src/relation
relation-9-of-27	relation	9	27	/home/lukasz/dev/HOL/worktrees/holyhammer/src/relation
relation-10-of-27	relation	10	27	/home/lukasz/dev/HOL/worktrees/holyhammer/src/relation
relation-11-of-27	relation	11	27	/home/lukasz/dev/HOL/worktrees/holyhammer/src/relation
relation-12-of-27	relation	12	27	/home/lukasz/dev/HOL/worktrees/holyhammer/src/relation
relation-13-of-27	relation	13	27	/home/lukasz/dev/HOL/worktrees/holyhammer/src/relation
relation-14-of-27	relation	14	27	/home/lukasz/dev/HOL/worktrees/holyhammer/src/relation
relation-15-of-27	relation	15	27	/home/lukasz/dev/HOL/worktrees/holyhammer/src/relation
relation-16-of-27	relation	16	27	/home/lukasz/dev/HOL/worktrees/holyhammer/src/relation
relation-17-of-27	relation	17	27	/home/lukasz/dev/HOL/worktrees/holyhammer/src/relation
relation-18-of-27	relation	18	27	/home/lukasz/dev/HOL/worktrees/holyhammer/src/relation
relation-19-of-27	relation	19	27	/home/lukasz/dev/HOL/worktrees/holyhammer/src/relation
relation-20-of-27	relation	20	27	/home/lukasz/dev/HOL/worktrees/holyhammer/src/relation
relation-21-of-27	relation	21	27	/home/lukasz/dev/HOL/worktrees/holyhammer/src/relation
relation-22-of-27	relation	22	27	/home/lukasz/dev/HOL/worktrees/holyhammer/src/relation
relation-23-of-27	relation	23	27	/home/lukasz/dev/HOL/worktrees/holyhammer/src/relation
relation-24-of-27	relation	24	27	/home/lukasz/dev/HOL/worktrees/holyhammer/src/relation
relation-25-of-27	relation	25	27	/home/lukasz/dev/HOL/worktrees/holyhammer/src/relation
relation-26-of-27	relation	26	27	/home/lukasz/dev/HOL/worktrees/holyhammer/src/relation
res_quan-0-of-8	res_quan	0	8	/home/lukasz/dev/HOL/worktrees/holyhammer/src/res_quan/src
res_quan-1-of-8	res_quan	1	8	/home/lukasz/dev/HOL/worktrees/holyhammer/src/res_quan/src
res_quan-2-of-8	res_quan	2	8	/home/lukasz/dev/HOL/worktrees/holyhammer/src/res_quan/src
res_quan-3-of-8	res_quan	3	8	/home/lukasz/dev/HOL/worktrees/holyhammer/src/res_quan/src
res_quan-4-of-8	res_quan	4	8	/home/lukasz/dev/HOL/worktrees/holyhammer/src/res_quan/src
res_quan-5-of-8	res_quan	5	8	/home/lukasz/dev/HOL/worktrees/holyhammer/src/res_quan/src
res_quan-6-of-8	res_quan	6	8	/home/lukasz/dev/HOL/worktrees/holyhammer/src/res_quan/src
res_quan-7-of-8	res_quan	7	8	/home/lukasz/dev/HOL/worktrees/holyhammer/src/res_quan/src
rich_list-0-of-96	rich_list	0	96	/home/lukasz/dev/HOL/worktrees/holyhammer/src/list/src
rich_list-1-of-96	rich_list	1	96	/home/lukasz/dev/HOL/worktrees/holyhammer/src/list/src
rich_list-2-of-96	rich_list	2	96	/home/lukasz/dev/HOL/worktrees/holyhammer/src/list/src
rich_list-3-of-96	rich_list	3	96	/home/lukasz/dev/HOL/worktrees/holyhammer/src/list/src
rich_list-4-of-96	rich_list	4	96	/home/lukasz/dev/HOL/worktrees/holyhammer/src/list/src
rich_list-5-of-96	rich_list	5	96	/home/lukasz/dev/HOL/worktrees/holyhammer/src/list/src
rich_list-6-of-96	rich_list	6	96	/home/lukasz/dev/HOL/worktrees/holyhammer/src/list/src
rich_list-7-of-96	rich_list	7	96	/home/lukasz/dev/HOL/worktrees/holyhammer/src/list/src
rich_list-8-of-96	rich_list	8	96	/home/lukasz/dev/HOL/worktrees/holyhammer/src/list/src
rich_list-9-of-96	rich_list	9	96	/home/lukasz/dev/HOL/worktrees/holyhammer/src/list/src
rich_list-10-of-96	rich_list	10	96	/home/lukasz/dev/HOL/worktrees/holyhammer/src/list/src
rich_list-11-of-96	rich_list	11	96	/home/lukasz/dev/HOL/worktrees/holyhammer/src/list/src
rich_list-12-of-96	rich_list	12	96	/home/lukasz/dev/HOL/worktrees/holyhammer/src/list/src
rich_list-13-of-96	rich_list	13	96	/home/lukasz/dev/HOL/worktrees/holyhammer/src/list/src
rich_list-14-of-96	rich_list	14	96	/home/lukasz/dev/HOL/worktrees/holyhammer/src/list/src
rich_list-15-of-96	rich_list	15	96	/home/lukasz/dev/HOL/worktrees/holyhammer/src/list/src
rich_list-16-of-96	rich_list	16	96	/home/lukasz/dev/HOL/worktrees/holyhammer/src/list/src
rich_list-17-of-96	rich_list	17	96	/home/lukasz/dev/HOL/worktrees/holyhammer/src/list/src
rich_list-18-of-96	rich_list	18	96	/home/lukasz/dev/HOL/worktrees/holyhammer/src/list/src
rich_list-19-of-96	rich_list	19	96	/home/lukasz/dev/HOL/worktrees/holyhammer/src/list/src
rich_list-20-of-96	rich_list	20	96	/home/lukasz/dev/HOL/worktrees/holyhammer/src/list/src
rich_list-21-of-96	rich_list	21	96	/home/lukasz/dev/HOL/worktrees/holyhammer/src/list/src
rich_list-22-of-96	rich_list	22	96	/home/lukasz/dev/HOL/worktrees/holyhammer/src/list/src
rich_list-23-of-96	rich_list	23	96	/home/lukasz/dev/HOL/worktrees/holyhammer/src/list/src
rich_list-24-of-96	rich_list	24	96	/home/lukasz/dev/HOL/worktrees/holyhammer/src/list/src
rich_list-25-of-96	rich_list	25	96	/home/lukasz/dev/HOL/worktrees/holyhammer/src/list/src
rich_list-26-of-96	rich_list	26	96	/home/lukasz/dev/HOL/worktrees/holyhammer/src/list/src
rich_list-27-of-96	rich_list	27	96	/home/lukasz/dev/HOL/worktrees/holyhammer/src/list/src
rich_list-28-of-96	rich_list	28	96	/home/lukasz/dev/HOL/worktrees/holyhammer/src/list/src
rich_list-29-of-96	rich_list	29	96	/home/lukasz/dev/HOL/worktrees/holyhammer/src/list/src
rich_list-30-of-96	rich_list	30	96	/home/lukasz/dev/HOL/worktrees/holyhammer/src/list/src
rich_list-31-of-96	rich_list	31	96	/home/lukasz/dev/HOL/worktrees/holyhammer/src/list/src
rich_list-32-of-96	rich_list	32	96	/home/lukasz/dev/HOL/worktrees/holyhammer/src/list/src
rich_list-33-of-96	rich_list	33	96	/home/lukasz/dev/HOL/worktrees/holyhammer/src/list/src
rich_list-34-of-96	rich_list	34	96	/home/lukasz/dev/HOL/worktrees/holyhammer/src/list/src
rich_list-35-of-96	rich_list	35	96	/home/lukasz/dev/HOL/worktrees/holyhammer/src/list/src
rich_list-36-of-96	rich_list	36	96	/home/lukasz/dev/HOL/worktrees/holyhammer/src/list/src
rich_list-37-of-96	rich_list	37	96	/home/lukasz/dev/HOL/worktrees/holyhammer/src/list/src
rich_list-38-of-96	rich_list	38	96	/home/lukasz/dev/HOL/worktrees/holyhammer/src/list/src
rich_list-39-of-96	rich_list	39	96	/home/lukasz/dev/HOL/worktrees/holyhammer/src/list/src
rich_list-40-of-96	rich_list	40	96	/home/lukasz/dev/HOL/worktrees/holyhammer/src/list/src
rich_list-41-of-96	rich_list	41	96	/home/lukasz/dev/HOL/worktrees/holyhammer/src/list/src
rich_list-42-of-96	rich_list	42	96	/home/lukasz/dev/HOL/worktrees/holyhammer/src/list/src
rich_list-43-of-96	rich_list	43	96	/home/lukasz/dev/HOL/worktrees/holyhammer/src/list/src
rich_list-44-of-96	rich_list	44	96	/home/lukasz/dev/HOL/worktrees/holyhammer/src/list/src
rich_list-45-of-96	rich_list	45	96	/home/lukasz/dev/HOL/worktrees/holyhammer/src/list/src
rich_list-46-of-96	rich_list	46	96	/home/lukasz/dev/HOL/worktrees/holyhammer/src/list/src
rich_list-47-of-96	rich_list	47	96	/home/lukasz/dev/HOL/worktrees/holyhammer/src/list/src
rich_list-48-of-96	rich_list	48	96	/home/lukasz/dev/HOL/worktrees/holyhammer/src/list/src
rich_list-49-of-96	rich_list	49	96	/home/lukasz/dev/HOL/worktrees/holyhammer/src/list/src
rich_list-50-of-96	rich_list	50	96	/home/lukasz/dev/HOL/worktrees/holyhammer/src/list/src
rich_list-51-of-96	rich_list	51	96	/home/lukasz/dev/HOL/worktrees/holyhammer/src/list/src
rich_list-52-of-96	rich_list	52	96	/home/lukasz/dev/HOL/worktrees/holyhammer/src/list/src
rich_list-53-of-96	rich_list	53	96	/home/lukasz/dev/HOL/worktrees/holyhammer/src/list/src
rich_list-54-of-96	rich_list	54	96	/home/lukasz/dev/HOL/worktrees/holyhammer/src/list/src
rich_list-55-of-96	rich_list	55	96	/home/lukasz/dev/HOL/worktrees/holyhammer/src/list/src
rich_list-56-of-96	rich_list	56	96	/home/lukasz/dev/HOL/worktrees/holyhammer/src/list/src
rich_list-57-of-96	rich_list	57	96	/home/lukasz/dev/HOL/worktrees/holyhammer/src/list/src
rich_list-58-of-96	rich_list	58	96	/home/lukasz/dev/HOL/worktrees/holyhammer/src/list/src
rich_list-59-of-96	rich_list	59	96	/home/lukasz/dev/HOL/worktrees/holyhammer/src/list/src
rich_list-60-of-96	rich_list	60	96	/home/lukasz/dev/HOL/worktrees/holyhammer/src/list/src
rich_list-61-of-96	rich_list	61	96	/home/lukasz/dev/HOL/worktrees/holyhammer/src/list/src
rich_list-62-of-96	rich_list	62	96	/home/lukasz/dev/HOL/worktrees/holyhammer/src/list/src
rich_list-63-of-96	rich_list	63	96	/home/lukasz/dev/HOL/worktrees/holyhammer/src/list/src
rich_list-64-of-96	rich_list	64	96	/home/lukasz/dev/HOL/worktrees/holyhammer/src/list/src
rich_list-65-of-96	rich_list	65	96	/home/lukasz/dev/HOL/worktrees/holyhammer/src/list/src
rich_list-66-of-96	rich_list	66	96	/home/lukasz/dev/HOL/worktrees/holyhammer/src/list/src
rich_list-67-of-96	rich_list	67	96	/home/lukasz/dev/HOL/worktrees/holyhammer/src/list/src
rich_list-68-of-96	rich_list	68	96	/home/lukasz/dev/HOL/worktrees/holyhammer/src/list/src
rich_list-69-of-96	rich_list	69	96	/home/lukasz/dev/HOL/worktrees/holyhammer/src/list/src
rich_list-70-of-96	rich_list	70	96	/home/lukasz/dev/HOL/worktrees/holyhammer/src/list/src
rich_list-71-of-96	rich_list	71	96	/home/lukasz/dev/HOL/worktrees/holyhammer/src/list/src
rich_list-72-of-96	rich_list	72	96	/home/lukasz/dev/HOL/worktrees/holyhammer/src/list/src
rich_list-73-of-96	rich_list	73	96	/home/lukasz/dev/HOL/worktrees/holyhammer/src/list/src
rich_list-74-of-96	rich_list	74	96	/home/lukasz/dev/HOL/worktrees/holyhammer/src/list/src
rich_list-75-of-96	rich_list	75	96	/home/lukasz/dev/HOL/worktrees/holyhammer/src/list/src
rich_list-76-of-96	rich_list	76	96	/home/lukasz/dev/HOL/worktrees/holyhammer/src/list/src
rich_list-77-of-96	rich_list	77	96	/home/lukasz/dev/HOL/worktrees/holyhammer/src/list/src
rich_list-78-of-96	rich_list	78	96	/home/lukasz/dev/HOL/worktrees/holyhammer/src/list/src
rich_list-79-of-96	rich_list	79	96	/home/lukasz/dev/HOL/worktrees/holyhammer/src/list/src
rich_list-80-of-96	rich_list	80	96	/home/lukasz/dev/HOL/worktrees/holyhammer/src/list/src
rich_list-81-of-96	rich_list	81	96	/home/lukasz/dev/HOL/worktrees/holyhammer/src/list/src
rich_list-82-of-96	rich_list	82	96	/home/lukasz/dev/HOL/worktrees/holyhammer/src/list/src
rich_list-83-of-96	rich_list	83	96	/home/lukasz/dev/HOL/worktrees/holyhammer/src/list/src
rich_list-84-of-96	rich_list	84	96	/home/lukasz/dev/HOL/worktrees/holyhammer/src/list/src
rich_list-85-of-96	rich_list	85	96	/home/lukasz/dev/HOL/worktrees/holyhammer/src/list/src
rich_list-86-of-96	rich_list	86	96	/home/lukasz/dev/HOL/worktrees/holyhammer/src/list/src
rich_list-87-of-96	rich_list	87	96	/home/lukasz/dev/HOL/worktrees/holyhammer/src/list/src
rich_list-88-of-96	rich_list	88	96	/home/lukasz/dev/HOL/worktrees/holyhammer/src/list/src
rich_list-89-of-96	rich_list	89	96	/home/lukasz/dev/HOL/worktrees/holyhammer/src/list/src
rich_list-90-of-96	rich_list	90	96	/home/lukasz/dev/HOL/worktrees/holyhammer/src/list/src
rich_list-91-of-96	rich_list	91	96	/home/lukasz/dev/HOL/worktrees/holyhammer/src/list/src
rich_list-92-of-96	rich_list	92	96	/home/lukasz/dev/HOL/worktrees/holyhammer/src/list/src
rich_list-93-of-96	rich_list	93	96	/home/lukasz/dev/HOL/worktrees/holyhammer/src/list/src
rich_list-94-of-96	rich_list	94	96	/home/lukasz/dev/HOL/worktrees/holyhammer/src/list/src
rich_list-95-of-96	rich_list	95	96	/home/lukasz/dev/HOL/worktrees/holyhammer/src/list/src
ring-0-of-84	ring	0	84	/home/lukasz/dev/HOL/worktrees/holyhammer/src/algebra/construction
ring-1-of-84	ring	1	84	/home/lukasz/dev/HOL/worktrees/holyhammer/src/algebra/construction
ring-2-of-84	ring	2	84	/home/lukasz/dev/HOL/worktrees/holyhammer/src/algebra/construction
ring-3-of-84	ring	3	84	/home/lukasz/dev/HOL/worktrees/holyhammer/src/algebra/construction
ring-4-of-84	ring	4	84	/home/lukasz/dev/HOL/worktrees/holyhammer/src/algebra/construction
ring-5-of-84	ring	5	84	/home/lukasz/dev/HOL/worktrees/holyhammer/src/algebra/construction
ring-6-of-84	ring	6	84	/home/lukasz/dev/HOL/worktrees/holyhammer/src/algebra/construction
ring-7-of-84	ring	7	84	/home/lukasz/dev/HOL/worktrees/holyhammer/src/algebra/construction
ring-8-of-84	ring	8	84	/home/lukasz/dev/HOL/worktrees/holyhammer/src/algebra/construction
ring-9-of-84	ring	9	84	/home/lukasz/dev/HOL/worktrees/holyhammer/src/algebra/construction
ring-10-of-84	ring	10	84	/home/lukasz/dev/HOL/worktrees/holyhammer/src/algebra/construction
ring-11-of-84	ring	11	84	/home/lukasz/dev/HOL/worktrees/holyhammer/src/algebra/construction
ring-12-of-84	ring	12	84	/home/lukasz/dev/HOL/worktrees/holyhammer/src/algebra/construction
ring-13-of-84	ring	13	84	/home/lukasz/dev/HOL/worktrees/holyhammer/src/algebra/construction
ring-14-of-84	ring	14	84	/home/lukasz/dev/HOL/worktrees/holyhammer/src/algebra/construction
ring-15-of-84	ring	15	84	/home/lukasz/dev/HOL/worktrees/holyhammer/src/algebra/construction
ring-16-of-84	ring	16	84	/home/lukasz/dev/HOL/worktrees/holyhammer/src/algebra/construction
ring-17-of-84	ring	17	84	/home/lukasz/dev/HOL/worktrees/holyhammer/src/algebra/construction
ring-18-of-84	ring	18	84	/home/lukasz/dev/HOL/worktrees/holyhammer/src/algebra/construction
ring-19-of-84	ring	19	84	/home/lukasz/dev/HOL/worktrees/holyhammer/src/algebra/construction
ring-20-of-84	ring	20	84	/home/lukasz/dev/HOL/worktrees/holyhammer/src/algebra/construction
ring-21-of-84	ring	21	84	/home/lukasz/dev/HOL/worktrees/holyhammer/src/algebra/construction
ring-22-of-84	ring	22	84	/home/lukasz/dev/HOL/worktrees/holyhammer/src/algebra/construction
ring-23-of-84	ring	23	84	/home/lukasz/dev/HOL/worktrees/holyhammer/src/algebra/construction
ring-24-of-84	ring	24	84	/home/lukasz/dev/HOL/worktrees/holyhammer/src/algebra/construction
ring-25-of-84	ring	25	84	/home/lukasz/dev/HOL/worktrees/holyhammer/src/algebra/construction
ring-26-of-84	ring	26	84	/home/lukasz/dev/HOL/worktrees/holyhammer/src/algebra/construction
ring-27-of-84	ring	27	84	/home/lukasz/dev/HOL/worktrees/holyhammer/src/algebra/construction
ring-28-of-84	ring	28	84	/home/lukasz/dev/HOL/worktrees/holyhammer/src/algebra/construction
ring-29-of-84	ring	29	84	/home/lukasz/dev/HOL/worktrees/holyhammer/src/algebra/construction
ring-30-of-84	ring	30	84	/home/lukasz/dev/HOL/worktrees/holyhammer/src/algebra/construction
ring-31-of-84	ring	31	84	/home/lukasz/dev/HOL/worktrees/holyhammer/src/algebra/construction
ring-32-of-84	ring	32	84	/home/lukasz/dev/HOL/worktrees/holyhammer/src/algebra/construction
ring-33-of-84	ring	33	84	/home/lukasz/dev/HOL/worktrees/holyhammer/src/algebra/construction
ring-34-of-84	ring	34	84	/home/lukasz/dev/HOL/worktrees/holyhammer/src/algebra/construction
ring-35-of-84	ring	35	84	/home/lukasz/dev/HOL/worktrees/holyhammer/src/algebra/construction
ring-36-of-84	ring	36	84	/home/lukasz/dev/HOL/worktrees/holyhammer/src/algebra/construction
ring-37-of-84	ring	37	84	/home/lukasz/dev/HOL/worktrees/holyhammer/src/algebra/construction
ring-38-of-84	ring	38	84	/home/lukasz/dev/HOL/worktrees/holyhammer/src/algebra/construction
ring-39-of-84	ring	39	84	/home/lukasz/dev/HOL/worktrees/holyhammer/src/algebra/construction
ring-40-of-84	ring	40	84	/home/lukasz/dev/HOL/worktrees/holyhammer/src/algebra/construction
ring-41-of-84	ring	41	84	/home/lukasz/dev/HOL/worktrees/holyhammer/src/algebra/construction
ring-42-of-84	ring	42	84	/home/lukasz/dev/HOL/worktrees/holyhammer/src/algebra/construction
ring-43-of-84	ring	43	84	/home/lukasz/dev/HOL/worktrees/holyhammer/src/algebra/construction
ring-44-of-84	ring	44	84	/home/lukasz/dev/HOL/worktrees/holyhammer/src/algebra/construction
ring-45-of-84	ring	45	84	/home/lukasz/dev/HOL/worktrees/holyhammer/src/algebra/construction
ring-46-of-84	ring	46	84	/home/lukasz/dev/HOL/worktrees/holyhammer/src/algebra/construction
ring-47-of-84	ring	47	84	/home/lukasz/dev/HOL/worktrees/holyhammer/src/algebra/construction
ring-48-of-84	ring	48	84	/home/lukasz/dev/HOL/worktrees/holyhammer/src/algebra/construction
ring-49-of-84	ring	49	84	/home/lukasz/dev/HOL/worktrees/holyhammer/src/algebra/construction
ring-50-of-84	ring	50	84	/home/lukasz/dev/HOL/worktrees/holyhammer/src/algebra/construction
ring-51-of-84	ring	51	84	/home/lukasz/dev/HOL/worktrees/holyhammer/src/algebra/construction
ring-52-of-84	ring	52	84	/home/lukasz/dev/HOL/worktrees/holyhammer/src/algebra/construction
ring-53-of-84	ring	53	84	/home/lukasz/dev/HOL/worktrees/holyhammer/src/algebra/construction
ring-54-of-84	ring	54	84	/home/lukasz/dev/HOL/worktrees/holyhammer/src/algebra/construction
ring-55-of-84	ring	55	84	/home/lukasz/dev/HOL/worktrees/holyhammer/src/algebra/construction
ring-56-of-84	ring	56	84	/home/lukasz/dev/HOL/worktrees/holyhammer/src/algebra/construction
ring-57-of-84	ring	57	84	/home/lukasz/dev/HOL/worktrees/holyhammer/src/algebra/construction
ring-58-of-84	ring	58	84	/home/lukasz/dev/HOL/worktrees/holyhammer/src/algebra/construction
ring-59-of-84	ring	59	84	/home/lukasz/dev/HOL/worktrees/holyhammer/src/algebra/construction
ring-60-of-84	ring	60	84	/home/lukasz/dev/HOL/worktrees/holyhammer/src/algebra/construction
ring-61-of-84	ring	61	84	/home/lukasz/dev/HOL/worktrees/holyhammer/src/algebra/construction
ring-62-of-84	ring	62	84	/home/lukasz/dev/HOL/worktrees/holyhammer/src/algebra/construction
ring-63-of-84	ring	63	84	/home/lukasz/dev/HOL/worktrees/holyhammer/src/algebra/construction
ring-64-of-84	ring	64	84	/home/lukasz/dev/HOL/worktrees/holyhammer/src/algebra/construction
ring-65-of-84	ring	65	84	/home/lukasz/dev/HOL/worktrees/holyhammer/src/algebra/construction
ring-66-of-84	ring	66	84	/home/lukasz/dev/HOL/worktrees/holyhammer/src/algebra/construction
ring-67-of-84	ring	67	84	/home/lukasz/dev/HOL/worktrees/holyhammer/src/algebra/construction
ring-68-of-84	ring	68	84	/home/lukasz/dev/HOL/worktrees/holyhammer/src/algebra/construction
ring-69-of-84	ring	69	84	/home/lukasz/dev/HOL/worktrees/holyhammer/src/algebra/construction
ring-70-of-84	ring	70	84	/home/lukasz/dev/HOL/worktrees/holyhammer/src/algebra/construction
ring-71-of-84	ring	71	84	/home/lukasz/dev/HOL/worktrees/holyhammer/src/algebra/construction
ring-72-of-84	ring	72	84	/home/lukasz/dev/HOL/worktrees/holyhammer/src/algebra/construction
ring-73-of-84	ring	73	84	/home/lukasz/dev/HOL/worktrees/holyhammer/src/algebra/construction
ring-74-of-84	ring	74	84	/home/lukasz/dev/HOL/worktrees/holyhammer/src/algebra/construction
ring-75-of-84	ring	75	84	/home/lukasz/dev/HOL/worktrees/holyhammer/src/algebra/construction
ring-76-of-84	ring	76	84	/home/lukasz/dev/HOL/worktrees/holyhammer/src/algebra/construction
ring-77-of-84	ring	77	84	/home/lukasz/dev/HOL/worktrees/holyhammer/src/algebra/construction
ring-78-of-84	ring	78	84	/home/lukasz/dev/HOL/worktrees/holyhammer/src/algebra/construction
ring-79-of-84	ring	79	84	/home/lukasz/dev/HOL/worktrees/holyhammer/src/algebra/construction
ring-80-of-84	ring	80	84	/home/lukasz/dev/HOL/worktrees/holyhammer/src/algebra/construction
ring-81-of-84	ring	81	84	/home/lukasz/dev/HOL/worktrees/holyhammer/src/algebra/construction
ring-82-of-84	ring	82	84	/home/lukasz/dev/HOL/worktrees/holyhammer/src/algebra/construction
ring-83-of-84	ring	83	84	/home/lukasz/dev/HOL/worktrees/holyhammer/src/algebra/construction
sat-0-of-3	sat	0	3	/home/lukasz/dev/HOL/worktrees/holyhammer/src/HolSat
sat-1-of-3	sat	1	3	/home/lukasz/dev/HOL/worktrees/holyhammer/src/HolSat
sat-2-of-3	sat	2	3	/home/lukasz/dev/HOL/worktrees/holyhammer/src/HolSat
seq-0-of-12	seq	0	12	/home/lukasz/dev/HOL/worktrees/holyhammer/src/real/analysis
seq-1-of-12	seq	1	12	/home/lukasz/dev/HOL/worktrees/holyhammer/src/real/analysis
seq-2-of-12	seq	2	12	/home/lukasz/dev/HOL/worktrees/holyhammer/src/real/analysis
seq-3-of-12	seq	3	12	/home/lukasz/dev/HOL/worktrees/holyhammer/src/real/analysis
seq-4-of-12	seq	4	12	/home/lukasz/dev/HOL/worktrees/holyhammer/src/real/analysis
seq-5-of-12	seq	5	12	/home/lukasz/dev/HOL/worktrees/holyhammer/src/real/analysis
seq-6-of-12	seq	6	12	/home/lukasz/dev/HOL/worktrees/holyhammer/src/real/analysis
seq-7-of-12	seq	7	12	/home/lukasz/dev/HOL/worktrees/holyhammer/src/real/analysis
seq-8-of-12	seq	8	12	/home/lukasz/dev/HOL/worktrees/holyhammer/src/real/analysis
seq-9-of-12	seq	9	12	/home/lukasz/dev/HOL/worktrees/holyhammer/src/real/analysis
seq-10-of-12	seq	10	12	/home/lukasz/dev/HOL/worktrees/holyhammer/src/real/analysis
seq-11-of-12	seq	11	12	/home/lukasz/dev/HOL/worktrees/holyhammer/src/real/analysis
set_relation-0-of-20	set_relation	0	20	/home/lukasz/dev/HOL/worktrees/holyhammer/src/pred_set/src
set_relation-1-of-20	set_relation	1	20	/home/lukasz/dev/HOL/worktrees/holyhammer/src/pred_set/src
set_relation-2-of-20	set_relation	2	20	/home/lukasz/dev/HOL/worktrees/holyhammer/src/pred_set/src
set_relation-3-of-20	set_relation	3	20	/home/lukasz/dev/HOL/worktrees/holyhammer/src/pred_set/src
set_relation-4-of-20	set_relation	4	20	/home/lukasz/dev/HOL/worktrees/holyhammer/src/pred_set/src
set_relation-5-of-20	set_relation	5	20	/home/lukasz/dev/HOL/worktrees/holyhammer/src/pred_set/src
set_relation-6-of-20	set_relation	6	20	/home/lukasz/dev/HOL/worktrees/holyhammer/src/pred_set/src
set_relation-7-of-20	set_relation	7	20	/home/lukasz/dev/HOL/worktrees/holyhammer/src/pred_set/src
set_relation-8-of-20	set_relation	8	20	/home/lukasz/dev/HOL/worktrees/holyhammer/src/pred_set/src
set_relation-9-of-20	set_relation	9	20	/home/lukasz/dev/HOL/worktrees/holyhammer/src/pred_set/src
set_relation-10-of-20	set_relation	10	20	/home/lukasz/dev/HOL/worktrees/holyhammer/src/pred_set/src
set_relation-11-of-20	set_relation	11	20	/home/lukasz/dev/HOL/worktrees/holyhammer/src/pred_set/src
set_relation-12-of-20	set_relation	12	20	/home/lukasz/dev/HOL/worktrees/holyhammer/src/pred_set/src
set_relation-13-of-20	set_relation	13	20	/home/lukasz/dev/HOL/worktrees/holyhammer/src/pred_set/src
set_relation-14-of-20	set_relation	14	20	/home/lukasz/dev/HOL/worktrees/holyhammer/src/pred_set/src
set_relation-15-of-20	set_relation	15	20	/home/lukasz/dev/HOL/worktrees/holyhammer/src/pred_set/src
set_relation-16-of-20	set_relation	16	20	/home/lukasz/dev/HOL/worktrees/holyhammer/src/pred_set/src
set_relation-17-of-20	set_relation	17	20	/home/lukasz/dev/HOL/worktrees/holyhammer/src/pred_set/src
set_relation-18-of-20	set_relation	18	20	/home/lukasz/dev/HOL/worktrees/holyhammer/src/pred_set/src
set_relation-19-of-20	set_relation	19	20	/home/lukasz/dev/HOL/worktrees/holyhammer/src/pred_set/src
sigma_algebra-0-of-41	sigma_algebra	0	41	/home/lukasz/dev/HOL/worktrees/holyhammer/src/probability
sigma_algebra-1-of-41	sigma_algebra	1	41	/home/lukasz/dev/HOL/worktrees/holyhammer/src/probability
sigma_algebra-2-of-41	sigma_algebra	2	41	/home/lukasz/dev/HOL/worktrees/holyhammer/src/probability
sigma_algebra-3-of-41	sigma_algebra	3	41	/home/lukasz/dev/HOL/worktrees/holyhammer/src/probability
sigma_algebra-4-of-41	sigma_algebra	4	41	/home/lukasz/dev/HOL/worktrees/holyhammer/src/probability
sigma_algebra-5-of-41	sigma_algebra	5	41	/home/lukasz/dev/HOL/worktrees/holyhammer/src/probability
sigma_algebra-6-of-41	sigma_algebra	6	41	/home/lukasz/dev/HOL/worktrees/holyhammer/src/probability
sigma_algebra-7-of-41	sigma_algebra	7	41	/home/lukasz/dev/HOL/worktrees/holyhammer/src/probability
sigma_algebra-8-of-41	sigma_algebra	8	41	/home/lukasz/dev/HOL/worktrees/holyhammer/src/probability
sigma_algebra-9-of-41	sigma_algebra	9	41	/home/lukasz/dev/HOL/worktrees/holyhammer/src/probability
sigma_algebra-10-of-41	sigma_algebra	10	41	/home/lukasz/dev/HOL/worktrees/holyhammer/src/probability
sigma_algebra-11-of-41	sigma_algebra	11	41	/home/lukasz/dev/HOL/worktrees/holyhammer/src/probability
sigma_algebra-12-of-41	sigma_algebra	12	41	/home/lukasz/dev/HOL/worktrees/holyhammer/src/probability
sigma_algebra-13-of-41	sigma_algebra	13	41	/home/lukasz/dev/HOL/worktrees/holyhammer/src/probability
sigma_algebra-14-of-41	sigma_algebra	14	41	/home/lukasz/dev/HOL/worktrees/holyhammer/src/probability
sigma_algebra-15-of-41	sigma_algebra	15	41	/home/lukasz/dev/HOL/worktrees/holyhammer/src/probability
sigma_algebra-16-of-41	sigma_algebra	16	41	/home/lukasz/dev/HOL/worktrees/holyhammer/src/probability
sigma_algebra-17-of-41	sigma_algebra	17	41	/home/lukasz/dev/HOL/worktrees/holyhammer/src/probability
sigma_algebra-18-of-41	sigma_algebra	18	41	/home/lukasz/dev/HOL/worktrees/holyhammer/src/probability
sigma_algebra-19-of-41	sigma_algebra	19	41	/home/lukasz/dev/HOL/worktrees/holyhammer/src/probability
sigma_algebra-20-of-41	sigma_algebra	20	41	/home/lukasz/dev/HOL/worktrees/holyhammer/src/probability
sigma_algebra-21-of-41	sigma_algebra	21	41	/home/lukasz/dev/HOL/worktrees/holyhammer/src/probability
sigma_algebra-22-of-41	sigma_algebra	22	41	/home/lukasz/dev/HOL/worktrees/holyhammer/src/probability
sigma_algebra-23-of-41	sigma_algebra	23	41	/home/lukasz/dev/HOL/worktrees/holyhammer/src/probability
sigma_algebra-24-of-41	sigma_algebra	24	41	/home/lukasz/dev/HOL/worktrees/holyhammer/src/probability
sigma_algebra-25-of-41	sigma_algebra	25	41	/home/lukasz/dev/HOL/worktrees/holyhammer/src/probability
sigma_algebra-26-of-41	sigma_algebra	26	41	/home/lukasz/dev/HOL/worktrees/holyhammer/src/probability
sigma_algebra-27-of-41	sigma_algebra	27	41	/home/lukasz/dev/HOL/worktrees/holyhammer/src/probability
sigma_algebra-28-of-41	sigma_algebra	28	41	/home/lukasz/dev/HOL/worktrees/holyhammer/src/probability
sigma_algebra-29-of-41	sigma_algebra	29	41	/home/lukasz/dev/HOL/worktrees/holyhammer/src/probability
sigma_algebra-30-of-41	sigma_algebra	30	41	/home/lukasz/dev/HOL/worktrees/holyhammer/src/probability
sigma_algebra-31-of-41	sigma_algebra	31	41	/home/lukasz/dev/HOL/worktrees/holyhammer/src/probability
sigma_algebra-32-of-41	sigma_algebra	32	41	/home/lukasz/dev/HOL/worktrees/holyhammer/src/probability
sigma_algebra-33-of-41	sigma_algebra	33	41	/home/lukasz/dev/HOL/worktrees/holyhammer/src/probability
sigma_algebra-34-of-41	sigma_algebra	34	41	/home/lukasz/dev/HOL/worktrees/holyhammer/src/probability
sigma_algebra-35-of-41	sigma_algebra	35	41	/home/lukasz/dev/HOL/worktrees/holyhammer/src/probability
sigma_algebra-36-of-41	sigma_algebra	36	41	/home/lukasz/dev/HOL/worktrees/holyhammer/src/probability
sigma_algebra-37-of-41	sigma_algebra	37	41	/home/lukasz/dev/HOL/worktrees/holyhammer/src/probability
sigma_algebra-38-of-41	sigma_algebra	38	41	/home/lukasz/dev/HOL/worktrees/holyhammer/src/probability
sigma_algebra-39-of-41	sigma_algebra	39	41	/home/lukasz/dev/HOL/worktrees/holyhammer/src/probability
sigma_algebra-40-of-41	sigma_algebra	40	41	/home/lukasz/dev/HOL/worktrees/holyhammer/src/probability
simpleSetCat-0-of-4	simpleSetCat	0	4	/home/lukasz/dev/HOL/worktrees/holyhammer/src/pred_set/src/more_theories
simpleSetCat-1-of-4	simpleSetCat	1	4	/home/lukasz/dev/HOL/worktrees/holyhammer/src/pred_set/src/more_theories
simpleSetCat-2-of-4	simpleSetCat	2	4	/home/lukasz/dev/HOL/worktrees/holyhammer/src/pred_set/src/more_theories
simpleSetCat-3-of-4	simpleSetCat	3	4	/home/lukasz/dev/HOL/worktrees/holyhammer/src/pred_set/src/more_theories
sorting-0-of-18	sorting	0	18	/home/lukasz/dev/HOL/worktrees/holyhammer/src/sort
sorting-1-of-18	sorting	1	18	/home/lukasz/dev/HOL/worktrees/holyhammer/src/sort
sorting-2-of-18	sorting	2	18	/home/lukasz/dev/HOL/worktrees/holyhammer/src/sort
sorting-3-of-18	sorting	3	18	/home/lukasz/dev/HOL/worktrees/holyhammer/src/sort
sorting-4-of-18	sorting	4	18	/home/lukasz/dev/HOL/worktrees/holyhammer/src/sort
sorting-5-of-18	sorting	5	18	/home/lukasz/dev/HOL/worktrees/holyhammer/src/sort
sorting-6-of-18	sorting	6	18	/home/lukasz/dev/HOL/worktrees/holyhammer/src/sort
sorting-7-of-18	sorting	7	18	/home/lukasz/dev/HOL/worktrees/holyhammer/src/sort
sorting-8-of-18	sorting	8	18	/home/lukasz/dev/HOL/worktrees/holyhammer/src/sort
sorting-9-of-18	sorting	9	18	/home/lukasz/dev/HOL/worktrees/holyhammer/src/sort
sorting-10-of-18	sorting	10	18	/home/lukasz/dev/HOL/worktrees/holyhammer/src/sort
sorting-11-of-18	sorting	11	18	/home/lukasz/dev/HOL/worktrees/holyhammer/src/sort
sorting-12-of-18	sorting	12	18	/home/lukasz/dev/HOL/worktrees/holyhammer/src/sort
sorting-13-of-18	sorting	13	18	/home/lukasz/dev/HOL/worktrees/holyhammer/src/sort
sorting-14-of-18	sorting	14	18	/home/lukasz/dev/HOL/worktrees/holyhammer/src/sort
sorting-15-of-18	sorting	15	18	/home/lukasz/dev/HOL/worktrees/holyhammer/src/sort
sorting-16-of-18	sorting	16	18	/home/lukasz/dev/HOL/worktrees/holyhammer/src/sort
sorting-17-of-18	sorting	17	18	/home/lukasz/dev/HOL/worktrees/holyhammer/src/sort
sptree-0-of-25	sptree	0	25	/home/lukasz/dev/HOL/worktrees/holyhammer/src/finite_maps
sptree-1-of-25	sptree	1	25	/home/lukasz/dev/HOL/worktrees/holyhammer/src/finite_maps
sptree-2-of-25	sptree	2	25	/home/lukasz/dev/HOL/worktrees/holyhammer/src/finite_maps
sptree-3-of-25	sptree	3	25	/home/lukasz/dev/HOL/worktrees/holyhammer/src/finite_maps
sptree-4-of-25	sptree	4	25	/home/lukasz/dev/HOL/worktrees/holyhammer/src/finite_maps
sptree-5-of-25	sptree	5	25	/home/lukasz/dev/HOL/worktrees/holyhammer/src/finite_maps
sptree-6-of-25	sptree	6	25	/home/lukasz/dev/HOL/worktrees/holyhammer/src/finite_maps
sptree-7-of-25	sptree	7	25	/home/lukasz/dev/HOL/worktrees/holyhammer/src/finite_maps
sptree-8-of-25	sptree	8	25	/home/lukasz/dev/HOL/worktrees/holyhammer/src/finite_maps
sptree-9-of-25	sptree	9	25	/home/lukasz/dev/HOL/worktrees/holyhammer/src/finite_maps
sptree-10-of-25	sptree	10	25	/home/lukasz/dev/HOL/worktrees/holyhammer/src/finite_maps
sptree-11-of-25	sptree	11	25	/home/lukasz/dev/HOL/worktrees/holyhammer/src/finite_maps
sptree-12-of-25	sptree	12	25	/home/lukasz/dev/HOL/worktrees/holyhammer/src/finite_maps
sptree-13-of-25	sptree	13	25	/home/lukasz/dev/HOL/worktrees/holyhammer/src/finite_maps
sptree-14-of-25	sptree	14	25	/home/lukasz/dev/HOL/worktrees/holyhammer/src/finite_maps
sptree-15-of-25	sptree	15	25	/home/lukasz/dev/HOL/worktrees/holyhammer/src/finite_maps
sptree-16-of-25	sptree	16	25	/home/lukasz/dev/HOL/worktrees/holyhammer/src/finite_maps
sptree-17-of-25	sptree	17	25	/home/lukasz/dev/HOL/worktrees/holyhammer/src/finite_maps
sptree-18-of-25	sptree	18	25	/home/lukasz/dev/HOL/worktrees/holyhammer/src/finite_maps
sptree-19-of-25	sptree	19	25	/home/lukasz/dev/HOL/worktrees/holyhammer/src/finite_maps
sptree-20-of-25	sptree	20	25	/home/lukasz/dev/HOL/worktrees/holyhammer/src/finite_maps
sptree-21-of-25	sptree	21	25	/home/lukasz/dev/HOL/worktrees/holyhammer/src/finite_maps
sptree-22-of-25	sptree	22	25	/home/lukasz/dev/HOL/worktrees/holyhammer/src/finite_maps
sptree-23-of-25	sptree	23	25	/home/lukasz/dev/HOL/worktrees/holyhammer/src/finite_maps
sptree-24-of-25	sptree	24	25	/home/lukasz/dev/HOL/worktrees/holyhammer/src/finite_maps
staleSimp-0-of-1	staleSimp	0	1	/home/lukasz/dev/HOL/worktrees/holyhammer/src/basicProof/theory_tests
staleSimp2-0-of-1	staleSimp2	0	1	/home/lukasz/dev/HOL/worktrees/holyhammer/src/basicProof/theory_tests
state_transformer-0-of-5	state_transformer	0	5	/home/lukasz/dev/HOL/worktrees/holyhammer/src/monad/more_monads
state_transformer-1-of-5	state_transformer	1	5	/home/lukasz/dev/HOL/worktrees/holyhammer/src/monad/more_monads
state_transformer-2-of-5	state_transformer	2	5	/home/lukasz/dev/HOL/worktrees/holyhammer/src/monad/more_monads
state_transformer-3-of-5	state_transformer	3	5	/home/lukasz/dev/HOL/worktrees/holyhammer/src/monad/more_monads
state_transformer-4-of-5	state_transformer	4	5	/home/lukasz/dev/HOL/worktrees/holyhammer/src/monad/more_monads
stored_grammars_unicode-0-of-1	stored_grammars_unicode	0	1	/home/lukasz/dev/HOL/worktrees/holyhammer/src/1/theory_tests
stream-0-of-5	stream	0	5	/home/lukasz/dev/HOL/worktrees/holyhammer/src/coalgebras
stream-1-of-5	stream	1	5	/home/lukasz/dev/HOL/worktrees/holyhammer/src/coalgebras
stream-2-of-5	stream	2	5	/home/lukasz/dev/HOL/worktrees/holyhammer/src/coalgebras
stream-3-of-5	stream	3	5	/home/lukasz/dev/HOL/worktrees/holyhammer/src/coalgebras
stream-4-of-5	stream	4	5	/home/lukasz/dev/HOL/worktrees/holyhammer/src/coalgebras
string-0-of-10	string	0	10	/home/lukasz/dev/HOL/worktrees/holyhammer/src/string
string-1-of-10	string	1	10	/home/lukasz/dev/HOL/worktrees/holyhammer/src/string
string-2-of-10	string	2	10	/home/lukasz/dev/HOL/worktrees/holyhammer/src/string
string-3-of-10	string	3	10	/home/lukasz/dev/HOL/worktrees/holyhammer/src/string
string-4-of-10	string	4	10	/home/lukasz/dev/HOL/worktrees/holyhammer/src/string
string-5-of-10	string	5	10	/home/lukasz/dev/HOL/worktrees/holyhammer/src/string
string-6-of-10	string	6	10	/home/lukasz/dev/HOL/worktrees/holyhammer/src/string
string-7-of-10	string	7	10	/home/lukasz/dev/HOL/worktrees/holyhammer/src/string
string-8-of-10	string	8	10	/home/lukasz/dev/HOL/worktrees/holyhammer/src/string
string-9-of-10	string	9	10	/home/lukasz/dev/HOL/worktrees/holyhammer/src/string
string_encoding-0-of-4	string_encoding	0	4	/home/lukasz/dev/HOL/worktrees/holyhammer/src/string
string_encoding-1-of-4	string_encoding	1	4	/home/lukasz/dev/HOL/worktrees/holyhammer/src/string
string_encoding-2-of-4	string_encoding	2	4	/home/lukasz/dev/HOL/worktrees/holyhammer/src/string
string_encoding-3-of-4	string_encoding	3	4	/home/lukasz/dev/HOL/worktrees/holyhammer/src/string
string_num-0-of-2	string_num	0	2	/home/lukasz/dev/HOL/worktrees/holyhammer/src/string
string_num-1-of-2	string_num	1	2	/home/lukasz/dev/HOL/worktrees/holyhammer/src/string
sum-0-of-6	sum	0	6	/home/lukasz/dev/HOL/worktrees/holyhammer/src/coretypes
sum-1-of-6	sum	1	6	/home/lukasz/dev/HOL/worktrees/holyhammer/src/coretypes
sum-2-of-6	sum	2	6	/home/lukasz/dev/HOL/worktrees/holyhammer/src/coretypes
sum-3-of-6	sum	3	6	/home/lukasz/dev/HOL/worktrees/holyhammer/src/coretypes
sum-4-of-6	sum	4	6	/home/lukasz/dev/HOL/worktrees/holyhammer/src/coretypes
sum-5-of-6	sum	5	6	/home/lukasz/dev/HOL/worktrees/holyhammer/src/coretypes
sum_num-0-of-3	sum_num	0	3	/home/lukasz/dev/HOL/worktrees/holyhammer/src/n-bit
sum_num-1-of-3	sum_num	1	3	/home/lukasz/dev/HOL/worktrees/holyhammer/src/n-bit
sum_num-2-of-3	sum_num	2	3	/home/lukasz/dev/HOL/worktrees/holyhammer/src/n-bit
suspCrossB-0-of-1	suspCrossB	0	1	/home/lukasz/dev/HOL/worktrees/holyhammer/src/basicProof/theory_tests
suspCrossThm-0-of-1	suspCrossThm	0	1	/home/lukasz/dev/HOL/worktrees/holyhammer/src/basicProof/theory_tests
suspFast-0-of-1	suspFast	0	1	/home/lukasz/dev/HOL/worktrees/holyhammer/src/basicProof/theory_tests
suspNested-0-of-1	suspNested	0	1	/home/lukasz/dev/HOL/worktrees/holyhammer/src/basicProof/theory_tests
suspRerun-0-of-1	suspRerun	0	1	/home/lukasz/dev/HOL/worktrees/holyhammer/src/basicProof/theory_tests
suspSibD-0-of-1	suspSibD	0	1	/home/lukasz/dev/HOL/worktrees/holyhammer/src/basicProof/theory_tests
suspTest-0-of-1	suspTest	0	1	/home/lukasz/dev/HOL/worktrees/holyhammer/src/basicProof/theory_tests
tc-0-of-4	tc	0	4	/home/lukasz/dev/HOL/worktrees/holyhammer/src/finite_maps
tc-1-of-4	tc	1	4	/home/lukasz/dev/HOL/worktrees/holyhammer/src/finite_maps
tc-2-of-4	tc	2	4	/home/lukasz/dev/HOL/worktrees/holyhammer/src/finite_maps
tc-3-of-4	tc	3	4	/home/lukasz/dev/HOL/worktrees/holyhammer/src/finite_maps
ternaryComparisons-0-of-4	ternaryComparisons	0	4	/home/lukasz/dev/HOL/worktrees/holyhammer/src/sort
ternaryComparisons-1-of-4	ternaryComparisons	1	4	/home/lukasz/dev/HOL/worktrees/holyhammer/src/sort
ternaryComparisons-2-of-4	ternaryComparisons	2	4	/home/lukasz/dev/HOL/worktrees/holyhammer/src/sort
ternaryComparisons-3-of-4	ternaryComparisons	3	4	/home/lukasz/dev/HOL/worktrees/holyhammer/src/sort
topology-0-of-48	topology	0	48	/home/lukasz/dev/HOL/worktrees/holyhammer/src/pred_set/src/more_theories
topology-1-of-48	topology	1	48	/home/lukasz/dev/HOL/worktrees/holyhammer/src/pred_set/src/more_theories
topology-2-of-48	topology	2	48	/home/lukasz/dev/HOL/worktrees/holyhammer/src/pred_set/src/more_theories
topology-3-of-48	topology	3	48	/home/lukasz/dev/HOL/worktrees/holyhammer/src/pred_set/src/more_theories
topology-4-of-48	topology	4	48	/home/lukasz/dev/HOL/worktrees/holyhammer/src/pred_set/src/more_theories
topology-5-of-48	topology	5	48	/home/lukasz/dev/HOL/worktrees/holyhammer/src/pred_set/src/more_theories
topology-6-of-48	topology	6	48	/home/lukasz/dev/HOL/worktrees/holyhammer/src/pred_set/src/more_theories
topology-7-of-48	topology	7	48	/home/lukasz/dev/HOL/worktrees/holyhammer/src/pred_set/src/more_theories
topology-8-of-48	topology	8	48	/home/lukasz/dev/HOL/worktrees/holyhammer/src/pred_set/src/more_theories
topology-9-of-48	topology	9	48	/home/lukasz/dev/HOL/worktrees/holyhammer/src/pred_set/src/more_theories
topology-10-of-48	topology	10	48	/home/lukasz/dev/HOL/worktrees/holyhammer/src/pred_set/src/more_theories
topology-11-of-48	topology	11	48	/home/lukasz/dev/HOL/worktrees/holyhammer/src/pred_set/src/more_theories
topology-12-of-48	topology	12	48	/home/lukasz/dev/HOL/worktrees/holyhammer/src/pred_set/src/more_theories
topology-13-of-48	topology	13	48	/home/lukasz/dev/HOL/worktrees/holyhammer/src/pred_set/src/more_theories
topology-14-of-48	topology	14	48	/home/lukasz/dev/HOL/worktrees/holyhammer/src/pred_set/src/more_theories
topology-15-of-48	topology	15	48	/home/lukasz/dev/HOL/worktrees/holyhammer/src/pred_set/src/more_theories
topology-16-of-48	topology	16	48	/home/lukasz/dev/HOL/worktrees/holyhammer/src/pred_set/src/more_theories
topology-17-of-48	topology	17	48	/home/lukasz/dev/HOL/worktrees/holyhammer/src/pred_set/src/more_theories
topology-18-of-48	topology	18	48	/home/lukasz/dev/HOL/worktrees/holyhammer/src/pred_set/src/more_theories
topology-19-of-48	topology	19	48	/home/lukasz/dev/HOL/worktrees/holyhammer/src/pred_set/src/more_theories
topology-20-of-48	topology	20	48	/home/lukasz/dev/HOL/worktrees/holyhammer/src/pred_set/src/more_theories
topology-21-of-48	topology	21	48	/home/lukasz/dev/HOL/worktrees/holyhammer/src/pred_set/src/more_theories
topology-22-of-48	topology	22	48	/home/lukasz/dev/HOL/worktrees/holyhammer/src/pred_set/src/more_theories
topology-23-of-48	topology	23	48	/home/lukasz/dev/HOL/worktrees/holyhammer/src/pred_set/src/more_theories
topology-24-of-48	topology	24	48	/home/lukasz/dev/HOL/worktrees/holyhammer/src/pred_set/src/more_theories
topology-25-of-48	topology	25	48	/home/lukasz/dev/HOL/worktrees/holyhammer/src/pred_set/src/more_theories
topology-26-of-48	topology	26	48	/home/lukasz/dev/HOL/worktrees/holyhammer/src/pred_set/src/more_theories
topology-27-of-48	topology	27	48	/home/lukasz/dev/HOL/worktrees/holyhammer/src/pred_set/src/more_theories
topology-28-of-48	topology	28	48	/home/lukasz/dev/HOL/worktrees/holyhammer/src/pred_set/src/more_theories
topology-29-of-48	topology	29	48	/home/lukasz/dev/HOL/worktrees/holyhammer/src/pred_set/src/more_theories
topology-30-of-48	topology	30	48	/home/lukasz/dev/HOL/worktrees/holyhammer/src/pred_set/src/more_theories
topology-31-of-48	topology	31	48	/home/lukasz/dev/HOL/worktrees/holyhammer/src/pred_set/src/more_theories
topology-32-of-48	topology	32	48	/home/lukasz/dev/HOL/worktrees/holyhammer/src/pred_set/src/more_theories
topology-33-of-48	topology	33	48	/home/lukasz/dev/HOL/worktrees/holyhammer/src/pred_set/src/more_theories
topology-34-of-48	topology	34	48	/home/lukasz/dev/HOL/worktrees/holyhammer/src/pred_set/src/more_theories
topology-35-of-48	topology	35	48	/home/lukasz/dev/HOL/worktrees/holyhammer/src/pred_set/src/more_theories
topology-36-of-48	topology	36	48	/home/lukasz/dev/HOL/worktrees/holyhammer/src/pred_set/src/more_theories
topology-37-of-48	topology	37	48	/home/lukasz/dev/HOL/worktrees/holyhammer/src/pred_set/src/more_theories
topology-38-of-48	topology	38	48	/home/lukasz/dev/HOL/worktrees/holyhammer/src/pred_set/src/more_theories
topology-39-of-48	topology	39	48	/home/lukasz/dev/HOL/worktrees/holyhammer/src/pred_set/src/more_theories
topology-40-of-48	topology	40	48	/home/lukasz/dev/HOL/worktrees/holyhammer/src/pred_set/src/more_theories
topology-41-of-48	topology	41	48	/home/lukasz/dev/HOL/worktrees/holyhammer/src/pred_set/src/more_theories
topology-42-of-48	topology	42	48	/home/lukasz/dev/HOL/worktrees/holyhammer/src/pred_set/src/more_theories
topology-43-of-48	topology	43	48	/home/lukasz/dev/HOL/worktrees/holyhammer/src/pred_set/src/more_theories
topology-44-of-48	topology	44	48	/home/lukasz/dev/HOL/worktrees/holyhammer/src/pred_set/src/more_theories
topology-45-of-48	topology	45	48	/home/lukasz/dev/HOL/worktrees/holyhammer/src/pred_set/src/more_theories
topology-46-of-48	topology	46	48	/home/lukasz/dev/HOL/worktrees/holyhammer/src/pred_set/src/more_theories
topology-47-of-48	topology	47	48	/home/lukasz/dev/HOL/worktrees/holyhammer/src/pred_set/src/more_theories
toto-0-of-13	toto	0	13	/home/lukasz/dev/HOL/worktrees/holyhammer/src/finite_maps
toto-1-of-13	toto	1	13	/home/lukasz/dev/HOL/worktrees/holyhammer/src/finite_maps
toto-2-of-13	toto	2	13	/home/lukasz/dev/HOL/worktrees/holyhammer/src/finite_maps
toto-3-of-13	toto	3	13	/home/lukasz/dev/HOL/worktrees/holyhammer/src/finite_maps
toto-4-of-13	toto	4	13	/home/lukasz/dev/HOL/worktrees/holyhammer/src/finite_maps
toto-5-of-13	toto	5	13	/home/lukasz/dev/HOL/worktrees/holyhammer/src/finite_maps
toto-6-of-13	toto	6	13	/home/lukasz/dev/HOL/worktrees/holyhammer/src/finite_maps
toto-7-of-13	toto	7	13	/home/lukasz/dev/HOL/worktrees/holyhammer/src/finite_maps
toto-8-of-13	toto	8	13	/home/lukasz/dev/HOL/worktrees/holyhammer/src/finite_maps
toto-9-of-13	toto	9	13	/home/lukasz/dev/HOL/worktrees/holyhammer/src/finite_maps
toto-10-of-13	toto	10	13	/home/lukasz/dev/HOL/worktrees/holyhammer/src/finite_maps
toto-11-of-13	toto	11	13	/home/lukasz/dev/HOL/worktrees/holyhammer/src/finite_maps
toto-12-of-13	toto	12	13	/home/lukasz/dev/HOL/worktrees/holyhammer/src/finite_maps
transc-0-of-47	transc	0	47	/home/lukasz/dev/HOL/worktrees/holyhammer/src/real/analysis
transc-1-of-47	transc	1	47	/home/lukasz/dev/HOL/worktrees/holyhammer/src/real/analysis
transc-2-of-47	transc	2	47	/home/lukasz/dev/HOL/worktrees/holyhammer/src/real/analysis
transc-3-of-47	transc	3	47	/home/lukasz/dev/HOL/worktrees/holyhammer/src/real/analysis
transc-4-of-47	transc	4	47	/home/lukasz/dev/HOL/worktrees/holyhammer/src/real/analysis
transc-5-of-47	transc	5	47	/home/lukasz/dev/HOL/worktrees/holyhammer/src/real/analysis
transc-6-of-47	transc	6	47	/home/lukasz/dev/HOL/worktrees/holyhammer/src/real/analysis
transc-7-of-47	transc	7	47	/home/lukasz/dev/HOL/worktrees/holyhammer/src/real/analysis
transc-8-of-47	transc	8	47	/home/lukasz/dev/HOL/worktrees/holyhammer/src/real/analysis
transc-9-of-47	transc	9	47	/home/lukasz/dev/HOL/worktrees/holyhammer/src/real/analysis
transc-10-of-47	transc	10	47	/home/lukasz/dev/HOL/worktrees/holyhammer/src/real/analysis
transc-11-of-47	transc	11	47	/home/lukasz/dev/HOL/worktrees/holyhammer/src/real/analysis
transc-12-of-47	transc	12	47	/home/lukasz/dev/HOL/worktrees/holyhammer/src/real/analysis
transc-13-of-47	transc	13	47	/home/lukasz/dev/HOL/worktrees/holyhammer/src/real/analysis
transc-14-of-47	transc	14	47	/home/lukasz/dev/HOL/worktrees/holyhammer/src/real/analysis
transc-15-of-47	transc	15	47	/home/lukasz/dev/HOL/worktrees/holyhammer/src/real/analysis
transc-16-of-47	transc	16	47	/home/lukasz/dev/HOL/worktrees/holyhammer/src/real/analysis
transc-17-of-47	transc	17	47	/home/lukasz/dev/HOL/worktrees/holyhammer/src/real/analysis
transc-18-of-47	transc	18	47	/home/lukasz/dev/HOL/worktrees/holyhammer/src/real/analysis
transc-19-of-47	transc	19	47	/home/lukasz/dev/HOL/worktrees/holyhammer/src/real/analysis
transc-20-of-47	transc	20	47	/home/lukasz/dev/HOL/worktrees/holyhammer/src/real/analysis
transc-21-of-47	transc	21	47	/home/lukasz/dev/HOL/worktrees/holyhammer/src/real/analysis
transc-22-of-47	transc	22	47	/home/lukasz/dev/HOL/worktrees/holyhammer/src/real/analysis
transc-23-of-47	transc	23	47	/home/lukasz/dev/HOL/worktrees/holyhammer/src/real/analysis
transc-24-of-47	transc	24	47	/home/lukasz/dev/HOL/worktrees/holyhammer/src/real/analysis
transc-25-of-47	transc	25	47	/home/lukasz/dev/HOL/worktrees/holyhammer/src/real/analysis
transc-26-of-47	transc	26	47	/home/lukasz/dev/HOL/worktrees/holyhammer/src/real/analysis
transc-27-of-47	transc	27	47	/home/lukasz/dev/HOL/worktrees/holyhammer/src/real/analysis
transc-28-of-47	transc	28	47	/home/lukasz/dev/HOL/worktrees/holyhammer/src/real/analysis
transc-29-of-47	transc	29	47	/home/lukasz/dev/HOL/worktrees/holyhammer/src/real/analysis
transc-30-of-47	transc	30	47	/home/lukasz/dev/HOL/worktrees/holyhammer/src/real/analysis
transc-31-of-47	transc	31	47	/home/lukasz/dev/HOL/worktrees/holyhammer/src/real/analysis
transc-32-of-47	transc	32	47	/home/lukasz/dev/HOL/worktrees/holyhammer/src/real/analysis
transc-33-of-47	transc	33	47	/home/lukasz/dev/HOL/worktrees/holyhammer/src/real/analysis
transc-34-of-47	transc	34	47	/home/lukasz/dev/HOL/worktrees/holyhammer/src/real/analysis
transc-35-of-47	transc	35	47	/home/lukasz/dev/HOL/worktrees/holyhammer/src/real/analysis
transc-36-of-47	transc	36	47	/home/lukasz/dev/HOL/worktrees/holyhammer/src/real/analysis
transc-37-of-47	transc	37	47	/home/lukasz/dev/HOL/worktrees/holyhammer/src/real/analysis
transc-38-of-47	transc	38	47	/home/lukasz/dev/HOL/worktrees/holyhammer/src/real/analysis
transc-39-of-47	transc	39	47	/home/lukasz/dev/HOL/worktrees/holyhammer/src/real/analysis
transc-40-of-47	transc	40	47	/home/lukasz/dev/HOL/worktrees/holyhammer/src/real/analysis
transc-41-of-47	transc	41	47	/home/lukasz/dev/HOL/worktrees/holyhammer/src/real/analysis
transc-42-of-47	transc	42	47	/home/lukasz/dev/HOL/worktrees/holyhammer/src/real/analysis
transc-43-of-47	transc	43	47	/home/lukasz/dev/HOL/worktrees/holyhammer/src/real/analysis
transc-44-of-47	transc	44	47	/home/lukasz/dev/HOL/worktrees/holyhammer/src/real/analysis
transc-45-of-47	transc	45	47	/home/lukasz/dev/HOL/worktrees/holyhammer/src/real/analysis
transc-46-of-47	transc	46	47	/home/lukasz/dev/HOL/worktrees/holyhammer/src/real/analysis
transfer-0-of-11	transfer	0	11	/home/lukasz/dev/HOL/worktrees/holyhammer/src/transfer
transfer-1-of-11	transfer	1	11	/home/lukasz/dev/HOL/worktrees/holyhammer/src/transfer
transfer-2-of-11	transfer	2	11	/home/lukasz/dev/HOL/worktrees/holyhammer/src/transfer
transfer-3-of-11	transfer	3	11	/home/lukasz/dev/HOL/worktrees/holyhammer/src/transfer
transfer-4-of-11	transfer	4	11	/home/lukasz/dev/HOL/worktrees/holyhammer/src/transfer
transfer-5-of-11	transfer	5	11	/home/lukasz/dev/HOL/worktrees/holyhammer/src/transfer
transfer-6-of-11	transfer	6	11	/home/lukasz/dev/HOL/worktrees/holyhammer/src/transfer
transfer-7-of-11	transfer	7	11	/home/lukasz/dev/HOL/worktrees/holyhammer/src/transfer
transfer-8-of-11	transfer	8	11	/home/lukasz/dev/HOL/worktrees/holyhammer/src/transfer
transfer-9-of-11	transfer	9	11	/home/lukasz/dev/HOL/worktrees/holyhammer/src/transfer
transfer-10-of-11	transfer	10	11	/home/lukasz/dev/HOL/worktrees/holyhammer/src/transfer
update-0-of-2	update	0	2	/home/lukasz/dev/HOL/worktrees/holyhammer/src/update
update-1-of-2	update	1	2	/home/lukasz/dev/HOL/worktrees/holyhammer/src/update
vartypeAbbrev1-0-of-1	vartypeAbbrev1	0	1	/home/lukasz/dev/HOL/worktrees/holyhammer/src/1/theory_tests
vartypeAbbrev2-0-of-1	vartypeAbbrev2	0	1	/home/lukasz/dev/HOL/worktrees/holyhammer/src/1/theory_tests
veblen-0-of-1	veblen	0	1	/home/lukasz/dev/HOL/worktrees/holyhammer/src/pred_set/src/more_theories
wellorder-0-of-13	wellorder	0	13	/home/lukasz/dev/HOL/worktrees/holyhammer/src/pred_set/src
wellorder-1-of-13	wellorder	1	13	/home/lukasz/dev/HOL/worktrees/holyhammer/src/pred_set/src
wellorder-2-of-13	wellorder	2	13	/home/lukasz/dev/HOL/worktrees/holyhammer/src/pred_set/src
wellorder-3-of-13	wellorder	3	13	/home/lukasz/dev/HOL/worktrees/holyhammer/src/pred_set/src
wellorder-4-of-13	wellorder	4	13	/home/lukasz/dev/HOL/worktrees/holyhammer/src/pred_set/src
wellorder-5-of-13	wellorder	5	13	/home/lukasz/dev/HOL/worktrees/holyhammer/src/pred_set/src
wellorder-6-of-13	wellorder	6	13	/home/lukasz/dev/HOL/worktrees/holyhammer/src/pred_set/src
wellorder-7-of-13	wellorder	7	13	/home/lukasz/dev/HOL/worktrees/holyhammer/src/pred_set/src
wellorder-8-of-13	wellorder	8	13	/home/lukasz/dev/HOL/worktrees/holyhammer/src/pred_set/src
wellorder-9-of-13	wellorder	9	13	/home/lukasz/dev/HOL/worktrees/holyhammer/src/pred_set/src
wellorder-10-of-13	wellorder	10	13	/home/lukasz/dev/HOL/worktrees/holyhammer/src/pred_set/src
wellorder-11-of-13	wellorder	11	13	/home/lukasz/dev/HOL/worktrees/holyhammer/src/pred_set/src
wellorder-12-of-13	wellorder	12	13	/home/lukasz/dev/HOL/worktrees/holyhammer/src/pred_set/src
with_basic_sizes-0-of-11	with_basic_sizes	0	11	/home/lukasz/dev/HOL/worktrees/holyhammer/src/datatype/theory_tests
with_basic_sizes-1-of-11	with_basic_sizes	1	11	/home/lukasz/dev/HOL/worktrees/holyhammer/src/datatype/theory_tests
with_basic_sizes-2-of-11	with_basic_sizes	2	11	/home/lukasz/dev/HOL/worktrees/holyhammer/src/datatype/theory_tests
with_basic_sizes-3-of-11	with_basic_sizes	3	11	/home/lukasz/dev/HOL/worktrees/holyhammer/src/datatype/theory_tests
with_basic_sizes-4-of-11	with_basic_sizes	4	11	/home/lukasz/dev/HOL/worktrees/holyhammer/src/datatype/theory_tests
with_basic_sizes-5-of-11	with_basic_sizes	5	11	/home/lukasz/dev/HOL/worktrees/holyhammer/src/datatype/theory_tests
with_basic_sizes-6-of-11	with_basic_sizes	6	11	/home/lukasz/dev/HOL/worktrees/holyhammer/src/datatype/theory_tests
with_basic_sizes-7-of-11	with_basic_sizes	7	11	/home/lukasz/dev/HOL/worktrees/holyhammer/src/datatype/theory_tests
with_basic_sizes-8-of-11	with_basic_sizes	8	11	/home/lukasz/dev/HOL/worktrees/holyhammer/src/datatype/theory_tests
with_basic_sizes-9-of-11	with_basic_sizes	9	11	/home/lukasz/dev/HOL/worktrees/holyhammer/src/datatype/theory_tests
with_basic_sizes-10-of-11	with_basic_sizes	10	11	/home/lukasz/dev/HOL/worktrees/holyhammer/src/datatype/theory_tests
words-0-of-79	words	0	79	/home/lukasz/dev/HOL/worktrees/holyhammer/src/n-bit
words-1-of-79	words	1	79	/home/lukasz/dev/HOL/worktrees/holyhammer/src/n-bit
words-2-of-79	words	2	79	/home/lukasz/dev/HOL/worktrees/holyhammer/src/n-bit
words-3-of-79	words	3	79	/home/lukasz/dev/HOL/worktrees/holyhammer/src/n-bit
words-4-of-79	words	4	79	/home/lukasz/dev/HOL/worktrees/holyhammer/src/n-bit
words-5-of-79	words	5	79	/home/lukasz/dev/HOL/worktrees/holyhammer/src/n-bit
words-6-of-79	words	6	79	/home/lukasz/dev/HOL/worktrees/holyhammer/src/n-bit
words-7-of-79	words	7	79	/home/lukasz/dev/HOL/worktrees/holyhammer/src/n-bit
words-8-of-79	words	8	79	/home/lukasz/dev/HOL/worktrees/holyhammer/src/n-bit
words-9-of-79	words	9	79	/home/lukasz/dev/HOL/worktrees/holyhammer/src/n-bit
words-10-of-79	words	10	79	/home/lukasz/dev/HOL/worktrees/holyhammer/src/n-bit
words-11-of-79	words	11	79	/home/lukasz/dev/HOL/worktrees/holyhammer/src/n-bit
words-12-of-79	words	12	79	/home/lukasz/dev/HOL/worktrees/holyhammer/src/n-bit
words-13-of-79	words	13	79	/home/lukasz/dev/HOL/worktrees/holyhammer/src/n-bit
words-14-of-79	words	14	79	/home/lukasz/dev/HOL/worktrees/holyhammer/src/n-bit
words-15-of-79	words	15	79	/home/lukasz/dev/HOL/worktrees/holyhammer/src/n-bit
words-16-of-79	words	16	79	/home/lukasz/dev/HOL/worktrees/holyhammer/src/n-bit
words-17-of-79	words	17	79	/home/lukasz/dev/HOL/worktrees/holyhammer/src/n-bit
words-18-of-79	words	18	79	/home/lukasz/dev/HOL/worktrees/holyhammer/src/n-bit
words-19-of-79	words	19	79	/home/lukasz/dev/HOL/worktrees/holyhammer/src/n-bit
words-20-of-79	words	20	79	/home/lukasz/dev/HOL/worktrees/holyhammer/src/n-bit
words-21-of-79	words	21	79	/home/lukasz/dev/HOL/worktrees/holyhammer/src/n-bit
words-22-of-79	words	22	79	/home/lukasz/dev/HOL/worktrees/holyhammer/src/n-bit
words-23-of-79	words	23	79	/home/lukasz/dev/HOL/worktrees/holyhammer/src/n-bit
words-24-of-79	words	24	79	/home/lukasz/dev/HOL/worktrees/holyhammer/src/n-bit
words-25-of-79	words	25	79	/home/lukasz/dev/HOL/worktrees/holyhammer/src/n-bit
words-26-of-79	words	26	79	/home/lukasz/dev/HOL/worktrees/holyhammer/src/n-bit
words-27-of-79	words	27	79	/home/lukasz/dev/HOL/worktrees/holyhammer/src/n-bit
words-28-of-79	words	28	79	/home/lukasz/dev/HOL/worktrees/holyhammer/src/n-bit
words-29-of-79	words	29	79	/home/lukasz/dev/HOL/worktrees/holyhammer/src/n-bit
words-30-of-79	words	30	79	/home/lukasz/dev/HOL/worktrees/holyhammer/src/n-bit
words-31-of-79	words	31	79	/home/lukasz/dev/HOL/worktrees/holyhammer/src/n-bit
words-32-of-79	words	32	79	/home/lukasz/dev/HOL/worktrees/holyhammer/src/n-bit
words-33-of-79	words	33	79	/home/lukasz/dev/HOL/worktrees/holyhammer/src/n-bit
words-34-of-79	words	34	79	/home/lukasz/dev/HOL/worktrees/holyhammer/src/n-bit
words-35-of-79	words	35	79	/home/lukasz/dev/HOL/worktrees/holyhammer/src/n-bit
words-36-of-79	words	36	79	/home/lukasz/dev/HOL/worktrees/holyhammer/src/n-bit
words-37-of-79	words	37	79	/home/lukasz/dev/HOL/worktrees/holyhammer/src/n-bit
words-38-of-79	words	38	79	/home/lukasz/dev/HOL/worktrees/holyhammer/src/n-bit
words-39-of-79	words	39	79	/home/lukasz/dev/HOL/worktrees/holyhammer/src/n-bit
words-40-of-79	words	40	79	/home/lukasz/dev/HOL/worktrees/holyhammer/src/n-bit
words-41-of-79	words	41	79	/home/lukasz/dev/HOL/worktrees/holyhammer/src/n-bit
words-42-of-79	words	42	79	/home/lukasz/dev/HOL/worktrees/holyhammer/src/n-bit
words-43-of-79	words	43	79	/home/lukasz/dev/HOL/worktrees/holyhammer/src/n-bit
words-44-of-79	words	44	79	/home/lukasz/dev/HOL/worktrees/holyhammer/src/n-bit
words-45-of-79	words	45	79	/home/lukasz/dev/HOL/worktrees/holyhammer/src/n-bit
words-46-of-79	words	46	79	/home/lukasz/dev/HOL/worktrees/holyhammer/src/n-bit
words-47-of-79	words	47	79	/home/lukasz/dev/HOL/worktrees/holyhammer/src/n-bit
words-48-of-79	words	48	79	/home/lukasz/dev/HOL/worktrees/holyhammer/src/n-bit
words-49-of-79	words	49	79	/home/lukasz/dev/HOL/worktrees/holyhammer/src/n-bit
words-50-of-79	words	50	79	/home/lukasz/dev/HOL/worktrees/holyhammer/src/n-bit
words-51-of-79	words	51	79	/home/lukasz/dev/HOL/worktrees/holyhammer/src/n-bit
words-52-of-79	words	52	79	/home/lukasz/dev/HOL/worktrees/holyhammer/src/n-bit
words-53-of-79	words	53	79	/home/lukasz/dev/HOL/worktrees/holyhammer/src/n-bit
words-54-of-79	words	54	79	/home/lukasz/dev/HOL/worktrees/holyhammer/src/n-bit
words-55-of-79	words	55	79	/home/lukasz/dev/HOL/worktrees/holyhammer/src/n-bit
words-56-of-79	words	56	79	/home/lukasz/dev/HOL/worktrees/holyhammer/src/n-bit
words-57-of-79	words	57	79	/home/lukasz/dev/HOL/worktrees/holyhammer/src/n-bit
words-58-of-79	words	58	79	/home/lukasz/dev/HOL/worktrees/holyhammer/src/n-bit
words-59-of-79	words	59	79	/home/lukasz/dev/HOL/worktrees/holyhammer/src/n-bit
words-60-of-79	words	60	79	/home/lukasz/dev/HOL/worktrees/holyhammer/src/n-bit
words-61-of-79	words	61	79	/home/lukasz/dev/HOL/worktrees/holyhammer/src/n-bit
words-62-of-79	words	62	79	/home/lukasz/dev/HOL/worktrees/holyhammer/src/n-bit
words-63-of-79	words	63	79	/home/lukasz/dev/HOL/worktrees/holyhammer/src/n-bit
words-64-of-79	words	64	79	/home/lukasz/dev/HOL/worktrees/holyhammer/src/n-bit
words-65-of-79	words	65	79	/home/lukasz/dev/HOL/worktrees/holyhammer/src/n-bit
words-66-of-79	words	66	79	/home/lukasz/dev/HOL/worktrees/holyhammer/src/n-bit
words-67-of-79	words	67	79	/home/lukasz/dev/HOL/worktrees/holyhammer/src/n-bit
words-68-of-79	words	68	79	/home/lukasz/dev/HOL/worktrees/holyhammer/src/n-bit
words-69-of-79	words	69	79	/home/lukasz/dev/HOL/worktrees/holyhammer/src/n-bit
words-70-of-79	words	70	79	/home/lukasz/dev/HOL/worktrees/holyhammer/src/n-bit
words-71-of-79	words	71	79	/home/lukasz/dev/HOL/worktrees/holyhammer/src/n-bit
words-72-of-79	words	72	79	/home/lukasz/dev/HOL/worktrees/holyhammer/src/n-bit
words-73-of-79	words	73	79	/home/lukasz/dev/HOL/worktrees/holyhammer/src/n-bit
words-74-of-79	words	74	79	/home/lukasz/dev/HOL/worktrees/holyhammer/src/n-bit
words-75-of-79	words	75	79	/home/lukasz/dev/HOL/worktrees/holyhammer/src/n-bit
words-76-of-79	words	76	79	/home/lukasz/dev/HOL/worktrees/holyhammer/src/n-bit
words-77-of-79	words	77	79	/home/lukasz/dev/HOL/worktrees/holyhammer/src/n-bit
words-78-of-79	words	78	79	/home/lukasz/dev/HOL/worktrees/holyhammer/src/n-bit
