8bf64b44e1d496f936f067363692f719d52eba7215deea77e16f39d83d68abe3	78	0005e02c6d7cec7ac9b963afcb244a5f7235bbda
9814fdccb385e2800ab40581d6bac9fb9cbf673088c5ac56880af92527f93777	83	005743bc1eb3ca26cc002d0727ffec90243088d7
9e6d76516148c153dd8d8c336ec47a9c9be4b2eb9f098a277c9ab9b1348b5683	73	008f3e202034b818cf15cff0df85e2382fb094dd
cf1636fcb2f6b98798bbb08e69a3d5ae9286b8d268f7c35c39afc2b48bc2bde2	100	00a983b486d070fa29b303fe15c763cee6134382
d78a27a89fa8a3e1018f47f1ae5e27bc05b1c5777765e32a01e76ace6ebea16c	73	00b0f526345d6274bde9f5376c8b892b86511ce7
5f089e013affc5aa98be038eb51efa2a220145eae368e6f2054378982250c46d	82	00e81cdd34ecbe4a463a89f7c2dec450a4c8ddd2
4d58635c51146d08d89e4ebb788dc712f80363570e93b314c5271a374830cc8e	78	00e83dfb9b94471785d24dfdc495d2ff774f279f
fc4639b167f52bdf7b7e8cb088b673331ec1720728ac5f33134956a7df1801c9	71	013117da8d315574f24c60ff46fd19b3ec6b59a7
f0af62eccc4af82b6f2bc99d0cbd4b247e6253f5c760423864ab60774df01878	83	0131611e38194d84816c97aaa639c70d6a22d766
0f175e2f8869583f1953a0c9a1d784357be47dc54c175e175d4918119aa91580	80	013bdde6b2e85b398aaa98dcaf9b1d85804c16ca
4066535bf94da6f0ef8a52f0e64564cb2605e5ea9068dd8a6833cd426d6ea6de	187	0140afb8e836e7b04f9da63a0d128620be86a9dc
68c5a739d2fa4b22acde7d5dd546c5927e4e25ca01d2fbeefd88c27cfb1f6220	83	014d6494718f78cdaab33a10a09db3ec50a8478b
1f72c5e8d37481496290b0d3749b9f16177e13ff1067812dbc0424eb60c3ed25	74	0165d8e492ab87a5f238ebba010b4576940692ef
cefea8690e473233daa17ea3854285e5c4edf7dad69b4221902e751e3097d67c	95	017d168e7b051bdc3a13779afb94124b067d9b20
9d851d4417c463e57adf42247f0b6403737c4cc712308937dfc5c13ce09ee8c8	259	01af5be8d0e342ab973eb1aea7e48a28858157de
f2ad092396a676750cd4ff09bf19ba9965649140b173d62e2150bfcedd4d5433	80	01bc9bba51334c08bbbacaaaf6b32089007e1d6a
65bcf4f3c5040328a0aea86905337dda92cf0994d702ae5a0628a9595070b98f	82	01d02e9a2486e4aba78e2cd8fa2bef4fdbe8841c
4cabbb7d4a8a7fd8b1e0568388cb74a6f5f64622293166138124a8f89a46143f	82	0215469abc7cf623c6ff703d3ebe43b627c53075
f0cbff636df58ad0061fc3453f28e8d1b461bb459fe8396df7290a0239bedf4c	81	02193a037801ae7e74b91eea3b4b9ed3f7377a16
68333c90f826221a7256b30918f1ffa5e43a4df239f51448bb11957639e18729	82	021e1503fa632e3088f009e33f36ebde999ad0d3
4bf4dba7c9b479a4cc2314cd8710aa0faf092e8b62142c661e03b22de0a3c2cc	83	023548f30d3ae7c4781eaa1b64eb4c43f6c9cf8b
e5f626510170f6d167f9617e275865969cabcced67ede7d93a266bc08de52083	80	02458fe1956b1fa09c82045c60b812d4ee6f4343
ce75e37a3c43bc88dae78fa17b6e26e9836c0662bba69933892b06282714655a	80	0262c2e002db7f29123628070d24be999f9ef282
43af460e73156d9e6127dcd936f80efff2ff398ad634658ca13bf7571a74555d	83	0270137b9d5cb08e623011008ea95425b8deea97
bc5750dd9b9ff7d399b90c566a824d31cecb4f41bc26f4f23b838e33e52d5b91	80	028c730fac2d24c6e5f399633a1993feacb4200a
1ddf62311d162ac83982419680494ddd6ffdb936adc5afc9649febcdcebd182c	80	02e7cf00c6c83f4e92ed3b944515f23e39f4d9c0
c5938ff19f43c8a2cfc6b98723efd725472628f70b5d3a4c2e1af6f2e9b61ec3	82	02f3f909250aea9813d855613fde3ce29b7c6eea
bc77c8fc50328e595adbc1746a97e8d4a842355bf313339aa1c6aa7d97642bbb	119	02fe11a1080daa39e65b81b1857d31cff56017a3
6139ce5305a22a220fb4d6634366639e6b2e599e4b15d787fd2cfbf624c7e6fa	385	030c953bad4db0396b9e59c484911574999ef34b
56a1398c453346fae173810e0c0d4a961fe97a10b8c0ed5abdeaab63710cb776	71	0320f2d9b211e81cd541ed04aac52137d6fa9d7c
5e0f71ab1a0bc22511d03c85be5b99d62cfc8fbe65adeddeb4988d94c33148df	73	038a6c55d58b6e46f18fef98490a5f10133513ca
07afd414b20a3beca68b07745f4d025ca4bafef929008fbd241ca912f6e3e60f	104	03b4688a22e0a445448dc43ecfe9ed6871028e1d
79be6596ca00908e2890a539bc61c2fd9d7efb04f3423ebe4818e91885731dae	80	03ceb3398390c93da7adfdc57dd72594e0aa258f
632ce38afd2c967fb9906cf6f69e82f02b8a9032a330e106992677dae1756572	135	03d69e0b8a6512324a78604b3fa70757fac108f0
3b956634d46669b13967cc737e6dce3139605f1c2966e6f4e941f231f164f6b1	82	03f6511934c3a58e20855c40e42838a5dd86db5f
275f44f7382acb19be756163aae83ffda6b30e7ddbdc363d42663c54fc797098	103	0411249346311991aa6c557257e724bc79576abe
ccc414bb335d85f34356eabe3ea8e2c7355b8fdc78610fc508877afe23a4e213	194	041acb1ee4990b6f264e61e0b382a0b730a67403
66e7dd6a9ad781467c6178d093b68d2d58e60ccad4da5c2d70d600b5a86b7da3	82	041c123c5f96345327cb3d86ce6c5b6add95ec22
035296af92e86fce3d4a343cb0e8e6576bd1e2d438499de97580c08a273a9078	438	0422d922472a24e1a7ad49c412a45cfa3c29d37b
8bfdf9549f7b4de401af583cd0030c8cac51e76448cffc54a7f8f863d81e2a23	113	042e4dc7a2121d89fbdbde96fb9a04e0c555423b
f5b61c2183f61192516609796ece3dc4c924c9a8c1025547791e95016f9fa131	80	04393a594debfa0d5040df6035d00cfdb7b7e8b6
eed7e6cc16bda9e79941058c9e63605aa745746e5fcda9c6ca50644aab0c8c18	70	04419935b11f7aea496b0b6f54a95282c8fbac1d
c6094fe6e9edb71f4231bf3ccedea9c96764ac96e1b8a209f807b7124d2a3b17	129	0465c69bcbdb8e2e2a5defedf3e018233d4a3712
960ce7751fa7cda39c667ff7405f09561b67ba7385f7cfaf2e240a5834d4ae91	111	047968164a9270a818f45cec13b37680ca968e85
8903dfe902ec49e037f7f7e80dbd6775331b400228a6146fb5e90daf16aee0ae	72	0481a09f63e53c96cddfb0ac23ad8d7ba24543eb
8b2a5b1e4eb225a746d6868c5d0ed43ce37d22ac9cc2e056aee8b2fab3be1d33	73	0485520cb84930ebb60838e83f661830f9e3bc25
97604bf6be84c520a142860993c75214ababb69c877cef052e1a60faba26055e	78	0490427199e86c71183025a686f8c7ad6acf30dc
a0597491d63cfaae9cdb71260d7be431dbe58c04b7b7affe6b45dfdf7bd96812	217	0493734ce2b24137e209a9dc841a5f880ebcdf75
c3fba05459c4ad2e6b65e3c23685295736c264ec45fa74534b25a8164ed38c21	80	04aee52a3605ed4b79fb9623c532512c2412717c
c6414031452acc6ee858a78b20aa69297c4ba8d3f56de03e564ccde2afe4b6b4	287	04c347a9f39f931538e7503160905f30e589d403
713a4822ef5b8e4287609664ac800059e1b58e6577fbb97059ca9b9ed3dba8a8	247	04d8436ef8f645fd1758067f1767898d5aa5c93c
6c320dc52f85be34b335efeb3f885887fae993c3134a30c6425f293cdfc97f15	73	04e22ff01767681495f92747964abc49b68e4498
a90ff09bec8c4df064154892a381ee265b415e26f242b236939ed7bbee415f60	73	04f0eaf97ada428b70c392a195cf584a78b8eea5
985ea811051fedd21569ba77b0a3b85377e4adf31b0aeb1cc8ac6cd4d0e76b7b	80	05064407239dd01b3498fdd042c7f492eaa5ed8e
34020a546177429552c9ef38caf93298c0508c8b08218fffcd521aedf8fa26f4	79	052f494879ac79879d27cfc0ec20146a7a7402b2
16a5c161b3b6c8939c6c98c4b2bf4398512c68ff3dc3587dc4bc816136d080c8	175	0531710c83617e5478d25086c577456742690612
33110b9f68f8a04265dcff57728e48d942312afe62fc38be55227588a2d321f0	82	0536d43025e7ecc04eb6850933931b306fb7374a
012a26ef65d16c7876543d8284fe3b4bf6fc3f2f060ad961a3a96b02ed12748e	73	0544c6224587bb3f398c0f4efe7ac109be91ebc7
71e76ffc6d3af854915d04a812607e3fb118ce1cfc9697607135355414a975de	80	0552662ec8114a014b55c8150842508788001eb1
ce5e3545e1e86135f764b9515e751c29bc4bedebd8d60a842252644425a520f5	239	0568f803ea49e74902298c3ddaad38595f7e8f8d
c606b9d581f41983dda349487c19cfa3dc222bedc5f6bb7aa6ae6c0abd062bce	78	056c9511d0de8a993cda63e3f3d04fe4f9df266c
2724683ab6acc99a1b7588a59d8a67daad3d3c418485d1a19d14cc1ad171d2e5	80	056f9a0cffa93b3a7a67461b94315fd432730f71
dc32ca70bcf59dafdbf59d5e061cda51727b30016f3599df5210c5e203631db4	219	0599f1b8950e6b9fc7fc74461e417e758d861553
07ec6a19d33b43f6e5113d13b85488ef37b8a1fe000429d6e7998a21376871be	73	0602a3e423ce9c76f172a24ff00bc5be60ff0159
e314b9938d6d07e10f779ffe3256a7641c37bffa31238144339addd55260ed4c	101	0614310af7506ae0b75835007469a4873ea1f35c
d2688f9b529ba2d24e77087fbd806096b88c940528d7b3412bb61823289d49fd	83	062838c3db8cbd82d16a084de86dc30b84d3dce3
3212a75b410737d11cf0d69230ea8415a12af03bcb1cff0054d174a60c57ebd7	73	062b8f00ce794ab2d4738cdc61d56ca4de182642
46191b9b23c3559ee99d96779a6c72630346f538b9b6ca22efd50a23e5130c3f	73	0648cbe910e3e28b9d257ee5e207f87ed77a240e
a0d24d2f42341bdf65f3cf5baf84a31cde0ef561626ff27ae277f50ff072852f	80	064a164ea272070f48c64f27dba7a077ee25c469
aec756e51d3e9dba09c994597de319ee15078e22d0d36076fbd175fbade85244	80	0665c7679df85a06a73ea19f73d79c7eb0bd04af
41fc3f6436bc30a3f0de0fe2ee630a58ab142b6938a6e579e3aee61a8d0aa55e	80	0665ef28406acabe5a1401a24ac115ffe435db84
bd9430332ed0a03212573a9625808d0ec15e9d40ad70964132add1bdc1a5014b	82	069185763b0c886e265d0261820f8452a0bdcf5e
cd689f8ad2358c3cbfd611bd69a062f3c4ecef9af8634be91de3987634ea9a3a	131	06b10819bbccdc529004b1a360c84cf553e67019
5bd54ba9b8a4b28d44f2d01daaa0f30af851659a1e1bed8b86f2538814fc2a81	71	06d331b114ed636c398d0cd6f978a01f5b28459c
a4ef34b90db109e6e92c3b91fd78430d8f68d187ed84cfa5d515e876794d29da	96	0722e999d377535f492fac7a80ff8b705c509281
080c6f7a2a9d0a2c5a06f432e3f77b1540f4ff877f207dd6b644d38ea6823ddb	80	0729e6dafdcecf11147dcf6455bc06f827205916
ea97b383e56420ce7cf4db19c18d15f9191b7f85b8e0df08fb48c06a9c14a921	108	074e4b6bb269ee7fc0d96a4c3a733acc5d291cee
bad62c65a6c4b70150e53fc9165ce99598eee0465b87d4a513291d5f0f51f695	82	074ebe7afca26b38923bf7a73865a771f5bb4b64
6064639573265ab99bfe72b135244294d675ce47ec41173776ef37255af3ab07	110	0750b5cc02fb135b45ba3e87362b26297968fe08
4466d600a762c975895c20df88ebb5816077915d495f9a49a3501a17c3c6165e	77	075a7ae054533ba89ea488df136c6cb40d1e9f34
95dc4b803f5fa2d7ca31241484173f818847b72379143f39f3b65bb8210cb6ea	66	07981d03c4c331998a9cbf6f5d18dc6c60d937f1
394358de9cf3ea1eecfd5d4e482c9021b599d4ff37b63220f215c80ef0ce9e04	73	07c70a4ace73d8018ba8f01200554d3e0dce91dd
810650c9ee445e2cc7dff146cb1ab01b4c374a9ba4036c8abfcdbbc8c3ecb46f	80	07cca82519c40febd5eff7d4cbc825eef82d5e84
26d05564b6d3980f2a82fcfd437d98c49a7412801d2eee1d1160afea8fe02349	82	0803020184cded05e2660cb3ddebbd2b82071532
743533946c820eb9f9f99f444fd88951bc14cce737d5ae83fbba16e9f4935afb	83	080d256224dfb1eb244a228eec0b02b151e693bc
b0b00d0ec50330d02dad482d9a8f8ee4c58fae0483db0d61eccc3b0aebc30c9c	220	080f3f408f3909223595ce49aaa54ba6439dfc7b
b5288fde321443d543b0adef55c9ff714f3ad53f25cca601bbd07b745ae7627d	82	08220de5b64bc440db00e0db8a908528881ebb6b
9d8745e45d9baef1e33296702e2b217f62400cff7a43db4ed1f3d21a50400e16	71	082aeb02d4ef3e44dd2c1b1e83c2279099df8d7b
eccedf605ca8a8396d14afffb40906b1c80bd146e32c7948bfd59863a941e532	82	08364b15c6f2053edb805a655301bc4948b340b9
3b2ea8bc575ef2f06035970cfdfe702a028205e274fa6b8a6941cfcedeb1fe0a	364	085b32f40b67862caad9a54e153c26d111f26cd0
cfa90ea8df4f29567020497c7a0177466396d87888d5cf292a88b2b74a11070c	84	08785dde31a964cfe696cf2e5164f01595871ab0
1dd79b17ebfcf666faf408ec191edb5d2dc1906e367b742fe53895165129dfe7	70	087f6cece05671c17726632318f57f792706b25c
f66dd3bcca9a47b6a6a5aecd4641e0d6a593116901fc3ac6de83e1b36b0eadfb	71	0885b2a104c6935d5c7f4bd7eb1707f0c4118cb4
a6722f461c79f16782e006ceed7e491ff090c1bf355d0ce6a7b501ab7cad71e3	80	08927d60d111bc906a8cea8dcc4b3557f22d4441
bde99c2c99048523efdeca965ce9ebad1fc21692066b675409f93124dad96e5a	134	08a9bcd1555eeb09defe3bad6ea738bac6a8dd4a
20be13dc10e2004f3246931fa639a20694617105b548a33ad2b315042796b633	70	08ac1846b8316f3ebc3b750d5fabbc7ae66b5197
558954ef3faf3ca8853e22f4b8f0d33a3fd8444dd91a9d1e518c0e0e5d1137cf	191	08bf231eec49bf6562cb75e772710d906e109613
78a2084c72e77f129ee85ab666554fa4e15765527923ddfcd9095fe05b2bc0a7	83	08de3dc9866a639997918da65c01420e033e4cfa
a2369442dd9ec2d60b6d513392d678448421d3770273f5b7c26a57aabfe5e5a5	73	08fbe403acaab530b925adff15ac6cc939d94c8b
716de6b5a6f187ee7c64d310d20738101a40538d339341e8d2cfa13b04351098	125	093c45f50d3b9578b0c6834054c7a9ca7a91bbf8
4a07188f878d89d19ff97fe86e566d720777cbfad81dd596b7dd8d00fb37f503	70	0957ee01c1485e730ae6f7aa77011a425e73e137
1da79b5cc57c7b3309873659dc1c4e0d641dfb417d8ba2e6fe4829b058666e04	82	095fdf6c5d9f7c79af82941fbef7d1ccb8bb8cf4
adfd5937193a80d69833c2a6c2143dff85800a90643bf2f09cefc2aaf599f95e	90	097945b1affa13a123156b65d1c8c0cf76cce0d7
cbf40abe3a31bb5797bb773e953463eb2ac602a334bc6986f05fd2cb4edfca70	80	098959050029d477abeb929beaaf19bea6cf51fd
25d704d02535e8d0476d58bf515d050d486477ccfe7e59d29c3afbe79278dfc1	80	098cc87f97935ab115f352e8fcde356430e7e9d9
8ddf5dd36111d2fffded287b2e794546a8a34591a50ed1a2cf2fcd936ff64dad	80	099768cef89269d55638fe474bfd446557d8076c
bd6998cb9e96790db0f23c80560d63dba6b5439a5cd969d2b8b5b41f7565ff14	93	09e1013370848e3884ad14399527cf2e15612a09
de048ad4f977cdb62b4f4bd214eccf897855bb51f3177edea96e9a8c0f7d9f6a	83	09f9d56d620aac5c0a648b446f5c8820087a0e8c
232ecadbda75e0482893de2362561e9d63e1efbea2c78d1d87b759e592f803f8	80	0a14ddea9cd06e69266c976ea4dc15a838fcf0b3
537bbb7c3b211e39574ff8e6f3f93beaadb149dbdf98c432ba521b717801ad8e	80	0a218e3b9b3eb2c3dfeab6989caf10118d4eaa08
91f9ff27df8a1675f23c45ad7d7b7647a895eb6127bd550c280da2c63596b4ff	87	0a3e10d238754a5423a88965949550a19e43611e
385d36c6154f02c09b3630d6d70d0b3430f2636246cc4ee495d02c3586f8fc89	80	0a4a0fffc1041fc617295ab4cf6678220412c7a7
403467f980ff5d71d0e19d5ef04934e3bf6c710644cc5f673b4797906adef758	123	0a51071fc496476ad4b91b76127e003cb49378fc
65e0cae04efaf3c7fcdb1e3c50f07114638d99e100c159886df6892f7327dd19	117	0a557d9c0a69a3ef12f018f2e4ab78f003a1efeb
143ca919118dcd7d303830d58210a7edea8ee4bc61e651c37412b624a6853ffc	80	0a57b09b8632495443dd4e158163d304cd9f3f0d
a3af4a31f245010daf85842ae0ad42de13e74887287f212b85371e485f055d34	82	0a67f1965eacaefa08d59c0ef29e9b580d2a6f52
5741acaacd6a84b123c36428c9aeb9574349990ff06d9a81e69b1b5e729a44f5	74	0aa0c79a7509c519358ddd2d1135adff8de47891
407f2c7f719c1cfba1afe1009bd11725b854b1ea1251f18979ad66503a22e560	80	0abd79996e609bdb1ce53a6f046e840f690110dc
21619186176a5088e8b5b164c88060c6222b3e6f091594dcc368ccf4cdcfa267	123	0ac1bb8d41df2cbd38c266d1868fdf72654c943d
67e8a73e67d1a268454af93f29cb8fa65a7eb1e58d337cfaf5b92087acf4e280	104	0acee4bc9a6c6a632e0bef4aabf93207c0a11e0d
38233e3d751d3b4dc8d5047b0fd7fc34c86dff33d72ee2ba290f2ec810178099	78	0ad86d4571dbae189b3129c0d109a7293e07e27a
d9ba045f460d7bdb61bb15693f85bd6f21f934477cd87bc088ecc1e8ded6f303	103	0ae001298bb58440715e9f3d0bba2ae6879e5173
e7c1c8be6be1981a51e9e9e988d834e34d52c59764d28131bafbfd66f646026f	80	0af9da7db8293f3c1462f92be668e84b72043761
2320e23fd7d4a4965a822d1d54e7c73a3e02c2631cd7337fb01c443d499f3c40	71	0b2c800146e00cfe509ad8d493955b64d18bd88e
01a892498359668a75904c82d81fd8e8e99d7fe4defa6754abe5cfe38e86f826	69	0b3123a6db6c27dbb097bdcc14311f6dc6e986d9
0d7ee8b267d282163fba26cfe08d96f4a086097acfabdcb411e20f419bb4a4ac	228	0b45a55969ba4a3d1925dc96d6bdd9070e06d33b
ef5fe72af892f564e23af39759498d2141d5972cfbda7cdeffa27cdc3e9a5c66	80	0b6d1302167d0735268a935c3dfa4d789f2c8dc9
723fcb3e40ee9219112d4160d4de75d0e9bd189c4a9c9d03dca4c383d5b7f742	80	0b6ea7bd4e7595cdc0cf570e74ad14e1cd375c9a
068b1e482f9df5d159a636bc2d38b1d727af8b28171ac5a5f981383a7ee7978a	83	0b76e0886d7f1b6894d22d7c4e293eef69136548
b77dfab7a71bd670fd9235306563d018e5ca52a6a3c10ca211b553e2d47e7293	80	0bb814302101378950082d3d4a65004955c201cc
0d088615f5362304d073191ffff38a86b96855e02cacbeefbea6ec67cee02cab	74	0bbf80e788f1bdce7094aa4e0be1f1a420ea37b2
f55c9eda6b9c4cb9eb01ea140367202134af61f6fdedcac9561c0ede308465ed	194	0bc069ca0e1243b43b0e30b61f989b4998488188
475c80c0760d28626596690ac9dae9afddf2a89d1d931daac5bd631078b3ffbb	73	0bc5089641b8319f873ecbcbff81a5aab137be6a
009b7e8e70557d8c7a26b174b32cf96077dc31dca91b35ec91f0a55e45de1899	73	0be67b94a3e6cb124c98a5f3f75a09f9477998eb
cf666eae094073b0d8dac664e80128984aa1995d02ccc39cc61b42f044b9c09a	79	0bff7887dac9308bea176a37fc60537171f88481
7e36bbe483a7c30486dc4a0298209ac90eedf49d2da9c21027001bafb584aca6	73	0c260bec653f8c9b5c11c5f58d91eb5200c045fc
79dff443796a4940293e92e80fb10431e94d7ac12851ae3e45aedfbe299ee47c	106	0c3b4c03c9473e94d70e24917f20774c41a7ac6f
9569d174b61420de2a49c57927c6b87933e2183a22e929deb9bc5440b4893118	83	0c853a6688c87e606fae2c517f2501e4e51cd6c3
d1524514ad8f345f6c72338b4a514105ee59d2be36e0485f586f3b4f032378b8	80	0cc22798ef0507c115e0836ad9b554d8098247f6
136783c9f69429360ceec704a8de05549f077a866be9f903b19236a01b2d6241	386	0ccc5e3dd693f9d44ffe665f1cae7df2846a4b74
06fc0343cddab6d12b37e6e3af913f9b086653d2f4b3bb58966f80d183238368	80	0cf6876ff96e4f39bccb385fc391470fa23e6226
c8f85e5474281d8ef144d64221c038be264c8d5ea54aecda57c4e598ee760544	71	0cf901938007d36539a78f6a0e0379048e04fc4a
92fbfa7444fd8ec9c06c5208c4f60c1a8c1f4416ff3a2eaf64af4812b2cf32b9	82	0d153cb97c0df0c92a98ea833e31c94d1f286575
909f155c7294a17d7dfc1949b518f3bbc9e1949a7f81c1d37eb94575e49ff11e	80	0d199e84a5adb3733a4817d32975575ff2836c22
9f3fad7693734fd09290de119214245af4e02bc1912043684894b9f13fe7d498	80	0d1ba12b870746eba5788a23204ca05e8faca6dc
18711ea1bfaa9999a034b6f17b1c5ca8a13aa0c66b22e1570ced54400fe7d415	82	0d25c377dcfe4193708e7b863e3d18e1c05460cf
112d904669f83d18398c54ab5d040d60fabd99b987de4a4c2d38088b83fc1fc1	101	0d41d6e16089383e323e38280a4e7a0208059ab8
987b9a5bb303f29362c8ed3c2b53e66b4740911b4ef76311e76bc0c9808e2afb	73	0d445915b1a4256b7e8795e9918e6818fb292008
7f26e80de27e717aacbc77582af4a258ac5068b45868a848eb32b224c5834e0f	80	0d49f93095d4b8e9d0b346b0110ace2371529831
152d242dbfa0ef78e01757f2f625d35c9812ed159bbfd24be1847473dc0683c3	81	0d605ef1475eaab667dbf0c4eec1448a6e3461d4
25cdd3531d903a27a6af00c0a6c8183a8be55428232595969d2b0869e97b0d4f	80	0d7bdd0248c077dca0987d469b83abbdbe5ab3ec
1e2f59193282c48eeaf24355bc2ab87c955f9b145ca93409bc1bdc8eb4d2fff6	73	0d9ead88a34c88c492f41776959bf620bb2ed116
86be796528401002daa19b14b6096b52e6b50f95da8133dae8cdf90f553eaa13	80	0db79eb5135d3c93e54a08692039bca47c1562b8
6f676bbf92be7f24170d82436980e721bb6f3a90c32dc9d8ea304eb1db491d4e	101	0dbc061bc916c3f1f9ee09dcad045322951a7af0
30059cc080faa381336b920bc14cc857ac401f5f25641b9f43f8d7df21e8dbb3	401	0dbd0bc89d8c9f2419e75c3b8c6e6ae8096ea45d
6e4bd15075632d5d94f2864e630181c579946709351b6b39455d72bd347f7185	82	0dbdd35bf00d45637ca00141d9386050bacdc881
53c40c43a8d5457ef118417924ad113d40c28d93db38fa3bdb05ec42df19e735	80	0de78e6c7d695743ebd772fb3674e8a939ca679b
cc82cbbebde77eacbbc49af008e15a38257eac79f9e205800387b66684110be3	80	0de80a623f05d882f152079d47b2544200c635c0
e3e89426453788b97fcb7cf306cd315e4d79d129aa522b4d30ebaa2ee594fca7	80	0ded6ba03980f4d3138328f15716c7b3a8b255af
b2ba638b1d0d8b9153c560421aeb6da8116d35a1486bc3ac6965b6465972f8a7	85	0e2e615228bf15a9c7a577a4d92d224acf2c37d2
7d8496f21caa684edf7e80d23f4d7d3153dca1df4cf797fa40f21605d223c6b7	96	0e384faab02729924985f91c16fcb5d78ac1f7ec
a04cfc5cd206a3d6ed159bc400869e8473d383aa949d67e0a96bf829fad842c2	101	0e3dd3b57dbaac392d8a1db6f70138d31ef267de
8f7c55b3162bfa2136e93376b20f415d87ea7a58bc5cc96f3ca499b63c423c8d	80	0e508fe00157e1c0567bb547d2754fa91558b49e
e84dba629ffa828e77166aca6f96bb87f58dedbb3ec736eff6925a2da395a3ee	82	0e5ac80ffb168bec14fbeaceb4c684ba450021fe
024999abd6473d89ae9f6e29db7625ad540c294a2a3bf99e66d82db276e19d49	208	0e7d9875966e641e4d86dca1352924bd2baa6e6d
9f76fdfd7a9280616eb47c924ffc4b993f89faf7d5968080d5a0381e38cba415	73	0e8309aa460db2a7736823649eb69d501c7b4ae7
ef1482e07bc9ff784c6f02e3b7d5a6281a7c35045efe6923bfeda8c650e350f4	93	0eae283837c91d273326021fe72a3726d10bdbcc
47001fea4377c57995741aa95620b4ce3cbaff0d9c73ce71eb452ed42f84ff1f	80	0eb9a3cfd930131cb3d47ad4bdb46a036dfb7777
b16e2b9597eca59101d7d7885df8bd8b6fbc20edbc37f12303e3d6d5ef5ed2db	73	0ebdc989f03bd8f78c29a084369c0df5cd48d82d
c0f54f576d05f8eaad9e87a3f87280f373353b085da9e654c044a171f23dbf91	80	0ecc2e98ced47d1ef96d8ca7080e8afe094b7632
4627c1d285ed771cd2990f11653120f0ea10800c64e46e4bdb03b39431cd1be4	78	0ecf5cd01d65dd59308958ba63c12ae6d3f6df16
d67f9097935feec4e17efeb3728196ca9a4badd153cbe15a4deb6dfbfe17f25d	82	0ed2422c448f5fa4c6a8331670e453a790ce2c19
f22bf53b4a38f4fa30b1b42a0dc58c9939a3afb5da3a8dca30a9b2436cc07228	83	0ef78728bcb73cf3686c814bf2c2113ffa8ac46f
5d085278261ff4f6e3296dda92d265f7c7e8050d43e2d677d3a8eb604cf8dbcb	73	0f22beeffce60d58885013ec1fc9a05f51f88c6b
5e885dd89f509ff87300deabc3274ba84bc5fd4430e6afab58a79dc6aee520f1	73	0f40baf4863a4b62302c5d7b28160e5293061e8a
1ee1f422860f90ed2acd3a0663477bd3f199908c4b74577ac3e8a98262fd2765	159	0f5d26e460088816fc1c344003f07db8719561cd
80e1f4e39392943ae4cef5c8efe51beb1c17bb0690c3e1b8509da2261ff84d6b	80	0fa545cf411f4b0c5ec9379a2702e37f8319d02d
5cd8d632d481dabeae1b2fbe638d295cc5c0ea231e662dc7c6ff5a2c4f360938	73	1009b7f8e3649a05445bc237fe56af42bb4e547f
04c2ddbaabebd38d1428adfdac353ee14b09888c398072c0e80ebc73731f03b9	80	101345e9f9a99f5e89e12c4a9aa5d93086c537b3
dd0bb55b51830f95c352d6e502fe3e6858293513ecc7445ec4487e44d024939a	71	101c56099933f1d0cdcc046d15b36ee8add6948d
faab89119596f146d82d449fa2bca70f8386119d3812b79cbe57ac6db5842379	83	103fe35d7e0ff91aaea28a110b4b6d3dc8d19a78
1c957b87edc25cf0a1aed67149a4d8cdc46b8ba71e63096e4bf6452bc53bc078	104	105ee6955400a01216f093c36faae3eb22034951
4cee77e875384f0a93cb77e7aee526c66fdb8dc01f25b312d385a179e7952873	82	107c52bae4ee8864a58ba78f33b083e773d0d88c
8acd9e1659230ce83449abee67e3f71203fb3c25c2eb15935f73112e3e0ac1f6	73	1085cc85939e08c112d532c5ab17789ed44d0e5a
690c82f9591b238052cde8504550805f0a244e1d514e041acaa6561f4b184ff3	80	10ba011f0234bf7d9f80beb5dfa60860dac7d3a4
58876ff63b0fdc28e7a71e029ce905fe6078da138a8a5a8d8f21069ed8ffdf6d	80	1116ba351095a885e9a935779dfa626f86045fef
737f3e44523df2e22179cbce40bda9265f7caebda2be477fd83f6b25eb469649	77	113ea0989f0a2739b89241d575931aac2876ec3a
802a63308fe1bad17ec1699f22fec99596e8b74231e548265bbffefa0dc1c693	68	1147c089a6dd0d70c50426be9e94ec038c978369
c91943750124cf33fa8db5d900183cb6a17ee2934ff5c6404d29c5d40bc1b2d5	100	114957a168d4f854e183dbdf1defcad251ed660a
37988ae09fb8d60f74390c5e22ec35895c56666a602dca52b16242d8f0af4616	82	115957fcfa82557265f4fb15608a66356d629d63
e33e4ad0655199cfcbd0bea9d4bc6e22db5d5b5e39eeca1b3872e481bd9d8d4d	71	1172c51764828cdb2265b29bff037730e7c6fcb1
7340fb70db5b68cc369d92d1ff75235067117420d5c9aa559aab6bf191a42f46	101	1175abf73d3557ca76582bd7f3a7252b8edb6d69
bf87d2d526a37a64e94815c3d1fe66c19a3d29de2d4b4275fb756ea9817556aa	71	11a7166a26626c97a4e973d1605339efab4fb34f
6ee0a8e8c4ed5045d3e6ff48e499ad796d8f6565ce12659138d4d868edebcb9a	71	11a9db2a08ef67e5caea4aa8e902c46ed59aa28b
917bd2535f94b9bbbe0dfed7189247ae15d29c991333c534d5fa1f8eb577d010	106	11adf4c2402cdd42f083903b6a1b05720a79484b
d873d41bd185d1f9a282bf55d362e3f8d434abd85fa4c3beb35a28d0f902e61d	80	11bd841d91573ca9c4c07b95a596f97fcd361a1d
ee63ddddf95de0f658c9b2f93553cc82f09562527dcc1ec355b0f6a0f2c73171	102	11f61852e46a108bfa68e27de6ea795b6093b8ef
d897e13b6e5a181d2a074310c31f8b14920a46b786991b06e6309720fdeafe04	82	120885a6d0f45be54bc75159a6591dd481ccd72c
2dd7a1308b98cd86f72a68873aa7dbcb9f54cc4beeebfa78e912eb3bfdac0efe	113	123f6f971f865e5a5c401a4bdb23a475f6af9f54
6151accfe4d6fd34f5542c69ae582313025cd4baf91794e09c8b02b50a06bdb3	122	12875e0ee6ccb96c56c3a0ec3dc7f29339698e27
95181417e10d758b4831e52845702bef66cf8a0788a1927751b05c2696f9b09d	80	12905cc22ab52bb144fbb0841dc1cb5fd0c0462e
e3031a72d31e942a9d50fd6c659852404933b844d2176e72a40e6b75acac0f98	72	12abc312749a8724222b8136c61c1d4a4c2bc5ad
a1880b035907f7e43ffb0f6d08b22647f2953a681724a84cefe1180cc795f93b	83	12ae78a6ae256198b2822aa31b048e8532fba318
a42bac43eea8883eaa799523870f4602d76aa76dbc2f1034cf9bd793c303912a	101	12b1b5429ef7ef59395ebe3e7aeff5e2ad0046e7
26664dd192c0c0a69e119331c978a51afb50a05e244f4f2313b2d59d5877c9fa	69	12c13faa49cc6d89bb33f9770170f75850246351
32b8f4232129750c870ed8656b6e3eabaf5b910b570db508dd74fd48ad1ac1fc	114	12c7e4b1613c6749e5fea095508696706fad500f
a71991bd050ce962b4343e21cddfefc57fbfbe0aefa35ace9e41d32bf484b9f6	139	12d5f407166513d4578f5e2080531811602971a0
3dc6673f282a9f6a8fb14ad7cfabd8dfcc9458559f4c3f23d11bb88111eef187	83	12ebfcc446c41a3df19c70294132f0e1cc758aaf
e8b6e069e8173f8b5e46a989901095ac5470a409ae5412ce44ff4e6a632ab507	71	12f581414767b457dc304a598830eadaf0ef668f
73549b209fb2753ddf49e4d2c300afc7e20561adf6dfac8d8f14f2b87a831588	80	12f79edd446e4a3861aab3e212ee4a58c04e042a
a69b46d5b04590da529001fe6e68db0db1f17d14fef10f132ac3aef7a8014fe5	114	12fc946d6f628f8e68cfe5763020f2439006f9db
59f20c37155749d5a89bf6d6ee7e21951347d6f8cfd458f80c7d26eb8b5fb2ed	83	1301bc4171ac2f45e4a5854aa0f2bac00336edb6
f10890945fd361b1277b2098f09ba0b4773055fcae7b2baf0fcb2da54369d953	80	134668cf55d2734553510208d11958094507d2a4
9b2516a76ecdafa073e4395e13d8505695cccf732ab9dea49e4266b4bad76fab	80	134778730b907a58bb569307f483c416d18a9dc7
de6cf86d56da816aefc3eb5282284c55f7fadce2a47ea5d7d801884721835495	80	13546badbff86cf9bad9c960e16f848e01159b37
171032ce1187bc9d5661736c8787b1a5675f767d7f791cc0e97f763740642ca2	80	136aca5ca1b3f816844d0c36dfcbdd01357467bf
84169a8ce3432fc920d2f12aca2d3403549b3f8b9535acb31e40de02b3de3788	82	13747b96fe8de9ca53a3ce3044c43a1321d508df
62a1f6a1c2da6b6977e301e628bf4f0822757b84568e8d5420140051e4677821	107	137a5a222bf9df8703857457f7749cb74ffe2c97
450f317d91a72f9dcd2ef6c31c8884ae2701cbfb34eb5447bd53ddec33f7a864	71	13942c22ed47fe6a2f6889f62a33c2dfa6682ff8
b6ad3a286939a1d584cf31edf7c8227ccc6bbdaf9b15f089c465a67cd29777b2	82	13a9f473c8934ec606a35cd30a16cc262f1d0456
ae4f3525112e01f1cc83e7602ecd40ec4aab73aa6dcff537764933b8f64324d2	69	13b7ecc5603874ead5232ece11fa305dec16ea76
9ef94bd2a005b96d2501ed31c763c88fd35657a2f1ceb694521c8fb7de32929d	73	13bdf5e302510b256a3bdf83edc42f3ca6910b01
c97c033dfdf20d629be1b6a938151d4b44d1f06e35cb24a98e066b30a8dce472	69	13c89a4907baf12c105aafc8ce3cf6bece9e9778
6f8815c8406ec7feb4b95b33d6c3a0ffb277232d8ce41e5c942b1e2683745d37	83	13c9119fa101d36f6e3a572fe6760d6597b656a7
ad973ecf185c4bb612366e7490b4d4564a5d3c80402ab62b995638074e8f2f08	114	13e4f0128db951fa57bfc0029def3e8e1c15ce98
6e005c6d5274dfa23aee0cf2f7b1f4acd5b016cc44f4629b5f8184b12af9220a	146	13e5f063dad81c62b1211cc45a912a1fcf87bfe1
e0799c8f39fed48c718193b5037b79a31c576009e404f7bf8d9297005dff007a	436	140730eac10605a3bda2dd048210d32ed2bf7c7f
b6af65600c070f350b3beafbe2b99cf4b8e6e5da818007661a3fd78d5d46101a	82	140ef98b6fd95f434e758d884e3706aa57b8c757
b24a7768ec0e4ceb8083b01f5086cb84229e07e0f7a93261c454ad26e9e38df7	80	142e06483da7f86e6c99fc44bda92d4f36c910da
e8eb7d24ea999068819730261455c766f29d888c6a13e99757c772c99e99f4d3	107	145900320b85fd6dafafde74ba4cb4c8d61306d9
c3e66beb803aa1f019b8b1484130c97bed6df161172fa319092ae966f5326e93	94	146f09c4ce474da153bbd3c0dd129a441d795867
9e885ddb57e844f4e1d8071d13a92eced57460f50b5f7bdd6c7e8de75b33d421	71	14740677d14728c96c4609aa069e06ed37c5e67f
59627b4293a4bd6cd85bd5c129c091b0597e79c6c8ab60078e15d5f54334f8a6	82	14a3d71d324d462e2a447865f75e48ed203fe9e7
086c88d2e5b84bcda937976213233012a8de4377cbe1887659f126b52d026a42	76	14ac2e6ae798eb166211a0af84ec84e9c2052b05
b0e3b4c244f422cff93acab1233a0cdbf1366d85e0d9902708be0326ead0d676	82	14b86cb8656b3e46eda1e8503dec732511c98b74
e8edb11e7b211b4afed184f62ecc5e03927799d4b1665c4d943cbd389e817acf	83	14c0d773f7c1ab33ee7720cc0be635ab8545d450
b2d729ea5fe6e6637d0a20f270cc81f4b1ca2c7518f0478eb323dcca04cafe63	80	14d48b7ce1d0f27edcb9f2e1d455d658dc79791c
c6e68f67ac68d2105c66e5317946f0ff25734036c3c2013bc481a24959d5092f	67	1513bcf12dcfc81b48b50a45383b1ebeb3961958
9ee0ce7ae7f898d120090f25b34e9586a737a4925cecbf8113a1483322cd5382	243	1516bacd2d0bf2adff76e17a95b259ca15aa3346
922332ea2aef811f917918774d0fc6f3732adc8fb43aa90a8481d8f587ee2fa4	111	151cfe2e389097808937e4d5184727950eb3c071
c35b53774f59bf3e5cf8a40df97e304dbcc9639176bbb935a4350ed40fa4c50f	101	151d820e3b3a602d90a339da73472223fbca8182
a26916919ed30b2fe2068191917c8c276ec20d73e2a188003e52ce6895e5dc09	126	152d73d67b51dafa803b96669b51b6b182f42e85
7cc11d88fa746e305e413b37cd6c3b2c53d5ea513a5abf9bebb8075ee1d0c9e5	103	15411c9ed49cf528a6c44dae5e331b6210f5f193
2a234673a231655f4cc0109e39fd53274121315f6a5e211b80c6b9b1f7eca724	83	154fe417213941ec960fe25473a211f5c9b408f3
99c57ed1781cfffc0e421552646ff740f4a4feb3e393c1db99d3f608cb037752	83	156851a1718065e3c645be4bdf56163710e03f19
334a7dab95b5481c4095696848ed9045c3ed44d1e79577d4242004bda3a3f6ac	82	157b89ef6a1b1298b77ea9cf14403716926e6983
43ebfeed5e4d716f67b24af865f537167234dcc85ec0a67fb848b9469c1f7169	93	1591adb5313b8191e286ac808f5761949515f390
8ba992fe26d7ae6473c93a90f9fec2c0923fc3464cf8013fc3f3f7e2b4edc7bd	72	15a3d414662e42e17bfd594b080f1cf210b64c9e
e779597f4ecf0b6b52f8eeef39b0cff4e8cc20e5feb6e56a4fa2d53b0ccf4896	80	15c21b9abf65a7784db58fbf73fd3a2d58f22df7
b2a4638fd9b0a73b71d59dd4cebe952a8916cf16f045a992bc768f55e0614459	73	15e476442d33e5eac6748867ff7936f4200ea822
0bfb7175d50f81fabdf8a1da377e1951ba5b0747b51235a4e6c68265b78ebb8a	83	1637a0952a72285e72a65bb454fe31c1de5dd38d
eed845ef6846d9536fb84f7971f622e9265ac28574af5cab692e80ea0db7a607	73	165cd431b272388869839d38c23046072b274897
afff4ad3808036d826763af638385cd6f79449114814e12bec073c5b644b2d87	73	16784d2c0f1c8fd6d2579f4387c66d2a442cf4df
dad93a962bad734f912d8a2a2d32c47eebe8283d29dfd41ad4988c1106e00552	82	16891164c60c9258d1f1b28ef9d663823a76f17a
f5a4f30d27bda8ca1feae4f0e9031bcf621a2bb62843be065872e36b7de61a38	83	169536fc667397f294dbfccaa3e2274566ec4a4c
8c3849df6a12c708a040d8a209e7d0b0c4b0ad403e304c32b93f453353108992	95	16b1183cd1e72cfb666c44108d9911f186da7ff6
5f7aae33a5fc778f854d1a8998cf30fe384f16f4388e220b411664daa471b068	80	16c74c564242b64e79f301aac4a735c386990a84
e67ed5c93638b4b606c0edce2604733188fc62f53463596e2a0f4790d0800fa7	117	16db07b16925b659913761fb0c37fb3a6bed1c9b
f4336eb1a41c3d39c6531c14a64b35408d49d6419916017005abcd14cbc83ab6	80	16ead5d9792bc50c1352a43b7c58ab27bcd2515f
72377f5f621f35597ecf7ae848799303a00122299ff8e00e1e2b402b2ba31b5c	82	16eeef71b3b88fd534c655f38298c6e8046fee33
232abe1d6cd1b8c7cbdb87120db1f305235b258a9bd12cf144f6942faea1f91d	110	16f1a74995cfc028fd3198fb763ac4b2a1225d75
b3da4a599711b2f9dc9ae9ffa8d46d1842a418e9af6a82635af2c478c83ad8c6	101	16f2a04273544c385999ba10df602ee5ea92ee7d
5b3c81fcf3627a472385bc5a9bfadefc05fc96680fa2cccb1a6eadedaa54a8d4	80	170335e028392d900f8c30894aafeb7b6d4f48f6
d272d8628b7eb45e8a9cd55a312914757c198fc42801b54dadaf2e24813ac340	83	170718aa537921752e6ce8eea53e088353dfa35a
315fb708a70617f1f06b1ba35d687b2f0a8684f66635c9879cc977f27a906ed4	82	1707cdc8999123105abffe9616fd97c91dafdbab
21fc7461364857120abcc99570fc6b61bbba4cb7e2d1dc02150d1d338d621dd9	80	171fd44d3163d8d4b0316cf61f8646dfa5ba822b
f4f2474ca7db117d6c31760167f0b8e92f266fe119e0760bce8a63c266dfd461	71	172c957b29b6f68ef7e276fd639519e43905d8ed
739a34466ec3c42e0fba15a4210685f1f97c3fd69b83fbf8574ba7ca13d113d0	117	17439a27c7742586233958819a148b239fe0a3fb
ae6e2334dbd67c40deb2ec56b2a2b0fbdfb54a8ccdc378b9e2d6ad493a0571ba	82	1767361478d5112e295d28d20adcce08d23f266e
750a0ff7a3284adfb580838924561c2f5444782f5bd731a7827992c580b18f40	80	17827b54c03b8fe4a794b433cccd5b78065bb3d5
68146c70b47a48b43c2c204ffaf494d545612587caa798201ec9b8351a6d7a8f	100	17844832d9a4465def5c9fac16afd5bb3ae4a636
79094a9b73b16ebd44b32cf8e9f1252404526d406a32264eb16d965dc5242eaf	71	178727ec34b87d83b503a30bf8a567b33760d1d6
8d8c78196fa411df4161b6ec828e62aa1399cffbe801d6e6c4e1e97766be4b5a	115	178e53ed6dc9ebfe798cb936cea48e12baca20b9
e7980bd6c5785155bb595defef789b92c432712eb8eec6140130eec34f920a22	84	1796d1e7d68660c5b9f31d1d32e46e0db3a1e5c8
82fef59fa2083d4fef10f6f0eefadd82f752686df772a7b9a8baedce1b6df061	82	17a54226a4ee1c9cc2777ad6133e96e09b40d6bf
9c3f43a2c9de6755052945b7068642f3355f26ae72db57ce385b8610a1fe1e8f	307	17e23a371fd33690580768d2bde570dc952926aa
b2c72dcb6961c73af40b5a635838526faedfafec83f317dfae2faa87bfc2e6c1	80	17e29dd17d70c221acf27b3a0e7e3845a1b8ca89
9673fb7b2b1dc586e9140c1aaca1c0bca40a95746b0733ff7c6d2f14047b92e9	73	17e9bb31f9b8e20dbc3f27e5df6bfaaff897b3b7
058c40e70e7ba8c5b0fb312d7d6ed9957b367da64dc65f549501cd0295fbcc32	79	1820bdafde41643eeda6754792325cac3ff0bfe9
e15155a2028d3e88914d376f787481f74e41ce2dcc2c03ebd0914a601283f2af	69	183babea9369487fc3e74643aab3f0959f810011
488914c0e206135249c1c76cb404f67dc24ac105802e9d43ff4f6aeac00044ae	80	184e17d82145b9d37bfa338f3859e847ecaa2949
d743b305d9ee1039a6e8292b451bc25c6d4b6a7305214119f2b95079ef5b66f6	80	18798c45ac4b9b22cd6d0783c50e41cac4bec2c9
883f66e94025a7cc9fff5efcbdbc8b9b471777f4477166a1ae0bb02fb4f059aa	80	1895dc81b5175dda31e1c847f9e220ecf819699a
1cb90233bc78db1bea27a299082f1df3a15225132c314b454e49ff23640a6ecb	132	18a6d40951fbef8f9bb79c4cb78e8df7516bfad1
31c02831fec574a673de6d34b0173f2994d00a5cf333f906790ad324ea0c26d4	71	18c0de2984e50f301ca0cb487dbcfacbfb110d3c
fbeddf6d1edd584e5b4405d228f0fd355d1bde8f2d1f922d399cb01021965c31	82	18d74fa4559ecb5a142cdae262ad19f735783684
4f7fbaec29d7d838ddb081ea21d9a114c3d81fb5ab2d2a554cb40175c66a221e	76	18e98c9517319ad5299c8116296aad7db70b894e
bfb8ff39ecbbdad79d9f12ad286093c99d1723166e42d448fd025287639a6ce8	80	18f51ad78c17969f21c67180e91032836050915f
1af688417ecb7f03c8329f55d55df2dbd9624d5f725858056755a105f5c79e23	156	18f7022029c00caea18e5d74bc8f8e0c999f3c9e
db4032bdb6bea1df3668b16fe9dc207b733d0d7bde03ea04d7fe29fb882d1322	82	18f804fc1186c24c298a3571093fdc45506c579e
97c4e43e0daeb322995b583692bfd8f328ca47c154c71ccd08a9a3dd226945df	72	19115e10d3dd57f3732cb2247d7ff3a04cd4c316
d6b461ddb200d0fc40956e5f7e8519e7d9d363766e8067a5c15f526cdc68eb00	82	19256669c41702f281bdcc142d2f5d56a1085c44
2c9840b0298ec89fc5cb62151736bf242574949b8ce2d7d19897b60d58223eb8	80	1931a019cf710e6143d847332fb523d13ff36e0d
66e5195937f727be9163c1e568f9da4db94573d2898250730fe309b5c58fa151	80	193c030ca667c06a1ae779600a6a46daf4e2743d
b232c2d75ed0787cda7fb426b5035b0b197aab45a506ee2682f440ad41c5094a	83	1949c4a0100135bdb41782b343dc9462f475016d
0a6fb032fb0040ffbd905bf4ce6e6e0f31045d3b4bad36cf245eb74c8e5562e9	74	1982fc7f45fc68b4f85b7ab897f126e4feaa80bb
39ca60655ac29ce7861fb356e45be2a4c10cad2dc494e441571774bb2f9296a0	78	19a2e7570cd913c772aae4a6d9f41ef861e87759
a734659690f52460730b0d86aba95eadd87bed266687bc0f98e56edc3a89ea74	83	19cbb179c0f71b18c892b01e612c58d1c201789f
2cd5a259942b01096f67e85b0fb284a8d8c2243add11592aada26c063a05734d	83	1a0086dc326ac9318b2fb43098763b31b6a7646a
d2f93e49233d9327bc318b3fc792aae96a8ea3d0c7128836ca72c0ce2d987495	95	1a0dd858499bdbbfc228a8b4680936780a05d968
348e80b8dbd714b51faab7a72e631a024d4b67d5e2099fee5996e3b0e128cf00	80	1a0e1bef1a9cc7f8c2527da7980e6705cd398239
7df4be9b1eec9c1c6d8b5ad183b1a3a6bbd483165a2abffeca7c8dc3372ee72a	83	1a1ed9e48deb2b1cd60cc0f1ce13116283bd3a08
d298752c3df0d6ea73f1d384c38d0cd5d1b304f07857f95a27d1ccae79eff86d	82	1a3c69fd6cde94b80be54cb1bbda193f8c8be095
a11fc22fe4f6349ab23f8b6349d29d0fc5fe892ad26effc1f98914c010b9df1f	80	1a48b14f23cf2c5cece2ad3773ea4c66a8409b21
505a2459e8c6c9e460d9ef07209273c48a781892822f1425107f68cc260c15f4	80	1a4cc23d8899d6a32f0574117105607c0e90e4ec
64f9a166cbbb83de017dac8b7cc1da7ea8f44f4aecbab6b14950d057f7289cfa	80	1a6a511c3c64e1e72b313b086287efadc78b5f92
2e34002e699057dfbcdf76e2e73e67241d3833061f8e1d4f18b202f78b712de5	82	1a8bf8f2f46b3e406160afde655b0f1fc5484ee5
4e5afb93e0ee861fa9812b5e83eb644094d8780a67651a08e8ffcef79e34c197	80	1a8e60480277b9b401499b741920bbb7b8aadfa4
b00fa4f3794067116fd19240f125b08171cd7b4379620fb8eddc8462fd437ae0	80	1a9abf944ad6ec24a90315dc62622f2323260a7d
0b65110c9607efbbdc59794b9c36613c35473788d735659e1390608a9d95a768	80	1ab5562217550ccdd2f20571cec1091922bd1ae8
99a57037b634af47b1a5a960a2ce461fbdc76289ab7b44a671ff492d2dc7b087	80	1ac5500a0edf435b307d8f682b713a6049de919b
2d52d0d21cf5d603edba1bb1ddbf062f64fa604f6dd37b0b992648196141fa15	201	1ac7ab9bb2350040c01cdd3881cc5aa63ee02923
680d4c53bc5faee94b90c8983c3870eff420ac6f56533a024d2c2b8e4a4811d7	83	1addcb725b8a2d3ebd783051c1b16547433ca0ac
2d406a7788ec77e2827520dc4a0552345185beaf2f7106c5647df868f4bd5ffe	82	1ae2ee8795605adc48871541c33df6ee599350c4
c67767001e882d66ac95d3ceefa08455239db44c91ecd8eae9ed541afca993a0	82	1af208f710421af02975de489f65e2af1b028703
48d8959cb5af422076b27cba187f0b0d0c086cf621c39f53761424f5917e726e	74	1b060036f943fe400e5accaa37c58397bfcda29b
a3335b27266cc47f1821757f6ded33c4d776d05d00063de20fa975c4e160f572	80	1b0d3adfbd82df4d014d9584610ae6217a9622fe
4df5717b2967ae0621b3b451d4ba97f9a0d1e8768612f9bf6f9495c750bcfff1	73	1b0f9bdeff6873f8c8a7c32ee06c2538411501aa
74f787389d93a4a70918e3156b4104c442cb75941f6e816d84598b1e71f9a7a6	82	1b22b67391a9236167f3e3664999b5a42a8ff102
33c9cf7b3a7d224edf29f88862801dd8cf67c3dc435a9a048b9eaceade5ef255	432	1b295c29b41994204004d752aa5330a448c8b3a1
9411446fdc208750d5d75d67ec095c40ffcda2b2f024c351f7786c41aae47957	80	1b311d2df0f89d63a7da6e465a1c2d2d8d1c5234
4f8f663b9944eff5eda320c97a3c71a55b710197ff9916b035589d6b9f910122	73	1b40c1ef9ce1f9c162fbe1d13b4de0f94b0c7229
6a8a98295b7a5c60f602ea4a620482a8bb72a6b8c56550ea84be06afb339b43f	129	1b5e9d36a6c58e120ebf9eeac76b38723a928dc4
7d952ed7814d8d99bbf1a9d18a58e116105a3d71bf8bfdb2275703191020b927	70	1b5fb632a2edf2db961c201a49e5f0cc485d2b08
8a493b5602a22f25cbdc9dc934dcbf51143bf026487d4689f9406d38c456e269	83	1b9633f72137845da49332757db2d23a4e53921c
8e3b3f36bf2eb7f9dfd8dace01e9c427753e1fa9a669c194fa081f0d1f078ed1	69	1bb34c024ebd30d0dafeba7809a87881bcac4f5e
bc19fd1aa3278becf412b18ada94fe39d41de2d80397032d3ef7b76fe2d22c7d	93	1bb50b1e9b79d420ebf9f142defdfad492b3d517
7976e9e8448568e2597823d7611777622083b0d48dd65e08f8de851f1a3e25c7	101	1c016862aacdd927f0ce0174d2608ce38ec7ff2f
722b1edf6f57367cc12e10f26e4f1eb0712f8aa7c103688fe3bc56a7f33c3359	80	1c1474e131dc63bfb545110b91d23c057951b751
bcb1d9ae2ad8ddfc16075e7e0c60c570af37e38aa8bf08e25121e3f604f8e14d	80	1c1f426e9e4da1eced11e35a5662258f0152d7a8
10be0708163c98c9caeaf240f1eab296aeddd43abf45282c17d8c59a6b8f787f	91	1c2b8d61938577daffe4ccdc1cf41e20ffb1f4c9
7e048fd8b8a001a8db477a2fe06a3794973bb8d69ab22bfa3cb01a29c9d00919	109	1c48b792b0eecabceb86c86404e3b5be0202537e
7d94a4bd781fb23448e21c292277dffff4b4cf3e3be75eef24cc42993103c087	82	1c5d385ad6e7a3f2d5fb29f584effdfc81585488
cf03efaca36204209fccef90f03091e07e57507559e5ca64773bbf1507ab7d1e	104	1c7c9697b4f8c86a8d3ee14d57f2ef828adee84d
44024c4b96f54352b9932e9d8d4635489ca37bce80e043316c79542db7ed217f	221	1c93858466aa553ded2ed99094a3a7be4237919a
71c80988104661360eaff146bc88be67d28db17b626b33915a65a340008f2dd6	82	1cbbe156fc6948d4ddedb29bd91c5ec3361e9fcc
ab28e53a162586c25afa6448f723e25af0a120d44b39f12e580f70269f81e205	112	1cc99a4b45700d19e8c6bc706e5eeb882c60e017
6cff836753f10048ba674b9b7ea5694a787fe0a6e14508ee8b3b5088863a5637	76	1d06d8bbf8b9e00abe21c392c32fba520fc258e0
e5701e8d164f55fed9ccdcfe0b1e9ca643602491898a58058e76ce443e4a8f1f	83	1d10df197ec073e24e58b7052e1cb10b8d38638b
37d82cb4f34f52590a99043763ae92a5b0744790f3abdefd50eecea74371b7a8	71	1d3fd7b050dcc969b8c8baadb641c08f24996f3f
873b5cabe533fdc3e03c3b0aa20df2f338b79c6c7ab81ac889bf5daa087de0d6	79	1d48971d2e02fc12e8e18322eca572f03878b156
fe7460fb8f0695b3ff5ed79c47f8d3984c949cef71a7c8594f1742241a8dc63b	80	1d49a750c3978e84c063f4d288a8d9e481cc0b5d
13cd43ecd96d9f85345dc2a2c4d3c9896b3996476f8f1128f2523502d805c77f	82	1d6303218df7da1b67e2daa1d1a463d68f637927
6005cdfb7b79f03e58c2a84b871e00fad3f75ed5f4d82b2100a5fc4149d2f791	111	1d6f8269317df6c53df509e9bf2d0e0c50774c22
9ecb749c964896088cdac8d699caaedead5b574ded781fb53add17228efa59cc	83	1d742485e156e3eaab8b071f92fafa82305d6fc6
d077fabdd3af15a81c0c92cc0ed099cf47db20d146e5fb4c711d0cc7c6171dd6	72	1d8280f8083c727d0fcb2f7fb64807e7e342231d
2b882a74495b2342e8ebc5cff309df30c4709f7a4182ef1bbf9a93a3fcbf045c	93	1d8f63311a4d21815a1cebbc64afbcad98c61cd6
d0ba90d4217a5a3a55f3237f41c50b45507533b42595fe41a2bcba28b341f608	82	1da0b492d582e0c31c2980aea089087ff129b13c
7290b6ec1c8bf6384735d4dfde6aa97c7bf752079e3db1b439a3a7ef0bdb9248	73	1dbaa5e444f1e3cf50bab88a75bb635277f9bd96
91cf1403f3043e289b08ab34a126a10feff0b758423c0097df663828aec75f99	104	1dbd2172787381a86852afff88af65faa9b19353
2d26fd2779ecba619c6d82443e60c003b6a6796485eabbd78b72f33505ff79e9	82	1dc21953db15ea05ee02b0f876d2409bd0a31a12
d0bab81ceac19341926cd77dce27991053a026fda41966989a99e659a661f94e	82	1dea43adb4e862cc98dd903074370705f2bc614b
bdb95e6624a90663f6f39b16701f613165f27c02758220c8a68983ad212fc8c5	73	1df46449b088da9cf0ec98d18602171f65410920
82b0a14fe4a51ac6df8c07ef2dfa9cde20d450b308c3e63eefb08702d1201e47	83	1e2946cfbac9dab819238ebd2178bfed38a1a28a
d101bf830a809101dc33d486e71bffe30f8fa1f2e4d689a6001abdf0647e50c7	80	1e3ce28784d25173d21f5a1fc3add68bcbb9e6d0
c074e6917d90500322a2acd963b01b2d7999865c2359928ddca585a6544ae4b6	103	1e438169dc18d9540702f99c0bb8eca9d8d91523
4f14b40cba97815f34a6b2a096fbd738ce473795379b3a2edc11efe992ae7b9f	80	1e44b4c539a907abc40605511b0b5afb2b2c4d57
f9a449d72edcec651c836ab2d4796697366cac7b9c2ebfd7d6fb5f92167bf205	80	1e4f0f0a438051af0f2ffd96566fd9096a88e510
2c71d8109acb156d947e71c645676f5dae919a4353d91a1793487b3a5328d29d	72	1e6f8dd7db8006284559c5e69ea5ab7aea16c890
063375bc1eec8e583d8869f6d55a8b8c49c6b61fd4ee84dcc63b0f8d9ed13136	82	1e81f6782a8b271c4ec0fa5a3fa123b00d7afb3a
2d2a265d9dd032393da6312e14dc7e5bafe1406303ddb3ff19e986cd6a25ed40	80	1e9ff2aea68b7d30389c080c0e3c9eadb12c156e
48d79393915025a32b57b26fca52f3b403e09aa883d7b277d43746ba216d2dae	82	1eaed1e6d04c5524899068445b547f9d962ca549
ae5a93a7d3425060caafd78cdfd21379cb535ec59b07ec1acfe0691ab5f6490f	118	1ec287b40102c8317e7d595f9d34c8fdfdf6d083
fa746b59743767b62d39f8f6be6ddf6a29987fdfdeeb0e8f865ff5f40d09d699	83	1ec7a26984cccc73f37ad07837df67950c028c83
aaebb6373adeadc81b33bf4b3c989b77247eaa3d932d261fd68b69505da726e4	83	1eda3195a74ab329cdd0073ab3dbd27780979d7e
17d10493b81bc1eec2d3b80027ff8a8b2faeb6cac5a94111f1e8b5ad8abc7f8c	73	1eed8f71364f84339b3f29150911d010ff3ac892
740be03fae0af32cb18ab38a8fb83b95f268dc166cfb4582acfecda7c9110aa7	82	1f06b537018cf6f5a1a0392b43e523ba1f5bc64c
de404cef8a3898f9642728267045575c029b216839d4b9773d6dbebc66103e32	80	1f1bc2740d51321e8d03e3c88dfe784bb64b862f
35bb2de8444f30951e0382ab7d41714143e812d692d18f248767bc8af92bc963	72	1f24c88191c63ae855f403b3bb3d7e8b4cb64e72
0217fc612dae30843421ca079a3e53d59409c386944f0d78dc7ea8e53e27e493	80	1f471809ade52c6761e319c4e31c174df535a762
9f56e7b70c92ee52d698a247c8a17e428328511310d4c17ad63fa992f2ea4627	66	1f56c3b69dc605a35424755af56da6b5a3fef19c
02ebe7041bdc0c47f66b7b2da896fbf72810a1e6aafb4ab14d2620e758591ca1	68	1f6c40781ffff03cccda6fbfe5858e900dc60a5b
e3a0b2f6899ef0d7102fafcd39188509a3dc6e97d819ece5e2502d87c1dc6290	126	1f8f5ccd8a73a702c8d83564f7024a9ebf7922e1
49e31f0fad1dc120d7ad72a213990cd13408c1ca82946c55066dc71872f20374	83	1f974a64c08550fa352112b9ed8847b1fa408908
1c68c827073966bf52e17ff020aa6100f124555b49b3c97d09cd88c59076eaeb	82	1f99c069972a8d1a8193db8f971b62998f1485e7
ab32adece12925e660f4b11f52ffd3d2911e32e59f4a8fd0073ea73539823346	78	1fe76320d928b87a7354d5fadc504df79d107883
8113f979f144b1f699b4735b5c28b8a3247fa3dccc347d38b7523dc6322c6b19	133	1ffde39ad2b9a4900ae66564935951a1a27bb36b
9e76f7977ae7fed36d8aa77a4e975bd82bdf258a23ee7f21bbc4e7389e0ce2db	80	2022805eccba73125b1d40e531750f2c4360305c
fd32b400b88d7a2c3204cc57f74fb639918b09af034c789c981364e5748e299c	78	2032596b30819ab4126971f8cbb2711b764be529
a1a87c4fc613bb89dcb5e1639beee56e082f21ac5027eb9e648635b8cda97ed7	82	205187d8c331c4cd5c12a568e66aed7ef0809915
9c85e80be0b80f28759d654888b29eab5cc0fcebc9019010ae408b48563a9b9d	82	20572e3bb15969f7a7a51866767b138070c1f52e
6b925301b1c9920ffdef90238e7127aaa1fe2d3ee68631906cb5efc5b05411bc	80	206a03e26563f36f995eb55da1327acbb3326287
aa1ba13bc6cc358bd63884ac3204705eb645d890513b5f414e9624a16f240518	91	20856c341bbd33e7dd5f286ad5720c62049bbe9a
aa625a5f323c34b58d3627e373e6697d38de846a9718c465953f24d477a555a3	80	20923c0a50785bc3c8c8508bdae707f5c22a48fd
716a0b3c09f7546fc045daab24df2967b0e15e31291be6ca3955bb7bec10db25	83	209279cae6b89a5a1b7e7e25f373f0b1374b1c10
92d2379b3266f799e9d633c912043b2b8ff62c3fa10a062a2e5d9967331bb37e	69	20a2dca9c6465b1213b82ef637f55c10dd97050e
8cfdead2b1d7439b48347c1b1408031170ccbffa9e29f8e2eb9f93e6caf3f7de	80	20a2fbd7cdb4a1d28cf7bf2c246951170c2326d4
7ff31a53a1c9b2b320107c676ca8e20d4caab25177f0b33c8e27ca519056cb98	68	20a6b068f8e436ea6a060168e87840ec36400c15
56ca4e86b030c29259b605fdee99d7bb5aff47a5596189361b243182d19cb836	71	20c0827a257980989dc6483eab33ec4500cef6ec
63dbcb307c77e350d2d41402207397873ad1bbcfc03af57292a6d288b36bb439	80	20d12e5ab90e966ab8d762423be84d3429289ec1
fa97e4d1f45cbe3a272e187309749c15abc4010f513c2aa7ba44046d39c565ab	80	20d1872483cfbafb86b8e5f2dc2b956cf64d291a
06a4fa6d1660905222c7ad2947d2735d857010949e72bb0ce7d145101c94a338	83	20d2ad256c853b327b4590762670342c58550792
53babb4a33a8b5de7f856f6a473df6f4afe10f9e46a9ffd07ac22c1334af985b	80	20dd088a781ade8259d40bb232899ae71a8d61cb
072b9a7740b3cd0fb1eebb13c9762ddcf6c0eaa48d60d5e33c7f9a6da3da5f18	82	20f08389285137d874fbc3b9f2a4738cfb55b8b1
6f7dad16d22b63e48660b71306d644403e94a300ff7dcdbcac4fd225db1bd53f	79	20f4d817298e11672dd04e83b5cd1231a1996291
061ef6402f967a5e3fb17316fff3cd7638dc165f02136085b793bbd9be940346	83	20fbd54208979d0270c9dfcd8676935a59595085
3f98b1547c58c25b6c5c39addfa880b25b95abc0250de0217dc4af2567357732	71	2107d0c5adc3d24011c016c77499e7214e8347e4
1de043379daa5930d1724a6a9fd4d53bec14e6ef3e30c823bf103c7c14d92b36	71	212768fd4581112a09360f21e34631877dbbd27b
58766cfc33c8679b1ab15d6e56345dc43466c65a0ad218bbfe19c72b493a0992	78	2147004593b5dd2875f24593f403ff4065221862
310ef61aa15b93daab37a035ee807f80ff511baad41b7671833941980035e852	83	21484dfafe4bc370d0295e794087a1d45a99bd6e
8d4d43562c2e63cdbe3c47a8633f52f994aedbd9b27d7b2c335fd487fca93a41	80	2153c509fc435c3af06f89e1a384b88853d4f067
9d9e2fdb6e39d0d3da698f3c096058633fae2a1dacd8cd658622f20229ef0dae	241	216568b1091a04fa14074a63198223eeb7484ab7
f54993ddc565b0586e463d770cac9a2519fd90b3c9b0765274863ec3df0f7e31	82	2175281deaeb3f7c7ad918acf942395d282c1ae7
6996fcd632bb0a22d51123bedb4a82a8be13621577edf99992b9201d8f04b55f	80	2180f27fbe55fc589c1b9cbe3b73d02ff679bc4a
4dd5ff2c02aee92a19b82c35b17cc0f7304070267a32b59c590fb953960c44f9	84	2182ee430d16a185595ee2fc4e5177715740b6e6
9a7d422a15c86e921510ab1cc0b0a17f4864086bb591bcf4f1d57e4cb3fa840e	73	21889e3c2329fb51d32b62167ad61e0de1b49dd1
f56aef6a9956293b2faf251a88bc0d38bb3d7de73469d444cc56f9b4761ce590	82	219421bbcffe67bc6a415614105c561fff579e41
ca7aa2bbcc328e748c9a4202bf672a7aa808a9b54b003920d54f03086c8e951c	82	219ccda875e170d7b2ad3e403e76af5b32a4cd73
6e43672cd8344c7cf42863af3d90602ece580adc8f80575584b055c361857416	71	21a25879caec0025f5e1f66efd48263850dc59c3
6435fb3604bca71bb0349746312cc7352a7af05458f2ad7b22dec9929fe19df5	80	21b8e9fb47ac50c4b96d19fbf7344db7adc23b8f
78f363ef820a8ec9f5962e25f50f17b48b9d175d61da815854a67e1959aeb18a	82	21bbb123df7feca9d96786823f81891c7c65b648
fd9fce6908521ab897171ec3ce04bbbda53a7b35584f5e845f9fc6650a21bad0	80	21c2433e2fdb59dee5eba53826633678632aae25
c03c620f7de18ca217249c504f29137c1944a07dfc80253485e31afda7d90c97	91	221e6602f0050ec6e8c08c06d7edd6708ae2748b
74dc376ff215632a3b4cee0f3d91acbc84dd509f6081e055690c966037e0f7cc	171	222068f19cc89a97646efa2ae0a7b6748373b652
658c1c5a3fe6ab66ab6ec6079c768fb7e7f876d8abb30525d12b203107bfa5c5	82	2232bcc0145fe88e522bb9dfa396027cd5669bc5
3b4eb63485cf8308be0eee9628737d79897981fe8e8ec63fafdfd8fad4842af3	78	224a64fb50ce3b880034ccc239d5a7bc82e6e423
ce2704c96fca5732c793713351ee71b8345920a2a4f5506b67c78295845a418b	82	224aad1ac032a60cd79610d6bb73677ce7cfde07
6e11048e97b9a61ea69d349e2cad0a6cef891d3dabcb309b4a628e7b5ce7dd8e	328	224c1d78a19439a5b46ea44e582692dadeb9ac09
df92cf8625ce62cb5ca087e6273b75c1ae18918f241e8d1995e03dd7fc45fd62	78	22740bc079093f0bbaa99d54b612ca7ec3dc6e7d
0037f7989c65ce037f3a7780217ea245d66b1bf9c389c9be4de7489f53cae8e3	80	2299286701cb067451c57fd48c5e1061a6f541b3
b59812b13b0a8b6230b53c91a9cca8101a401c9ab0e9e6b7097f030d4ea4d94a	82	22c09266896d2057f625609a0bf8e3a654c73c16
54a27b7203c0eb956eeea3d955b4c0dd65d5b3ee8f3d4b92450717669850428b	82	22c40f367585c7f51b05caac506ba4ff0125cfb4
11af05cd4a719e6f2cf4a9f82defc8e46f48490a40c3df416e1dca350e109811	203	22e4e0ac0ea1d5ad60e287e01035255a85f44135
837e36c3c046b6d0fd1fc5b16357209fa1d6a6314eff5346472ef6645532bd4c	80	2303db864dabe98c832f557a1f602289c8350d83
0312c2e399862404378bccb48273d27616e6a815f77f69bb3602ed3d53f7d0aa	73	2313049aafdbbfa73ee8e5b3703182d784a619a6
4401cc5fc0c834c1a51d93479e08b4abcf3274f834ee67537533b35b19e8bff2	80	23154c9cf8042984ee1c22dec1d2b8a888241968
580ccec810cb243f688bc0273f02f60d7c54a99294828a25bb1ad5b67a6503ee	82	232cad23d5c97849fc3256703167f10a5d23c90f
c7ba5c823ca5dfaf17a8625e28f7f2c37b97f0c1442c4d2ad8c422f0abbb7b1a	81	23316e2438901a9e87244e1e836f7276861d43db
5a225c7961b0043b947618dac18e0bc778c034805534fee5ea34d58a26a09362	93	23505f5a047d2b0bd049c7b2a6dcf105e21baabb
9ae69b914da95acc98b56dcef0d9947054ed7bdef649a7ab444096f8ef63872e	113	236301de82068c721a3038664525f10226231c80
25502e7375f91dce74fe113b2ebff2edb66e33fcc267bebd2cc673c3cf37913e	69	239f8bccd1038d5814c44b6f4946dcabe8641595
95f5365c907af338ba1ee83c3d082be986e12904d638009632ec624be8fa9791	78	23b1621eb2ea4f9e005e5af92cab7081349f481b
4ec8fa47cba4fa7b13b8b9ebe69265a759773728328c09b3e660070729bfbec2	78	23c443dc7c4215abc6ea3646439a6a55552c5bfb
438e3756f9eacb015a2d89fae7fd2e032556dbcee820a52b63b71d44f11e9e24	82	243e77c4421c45b40ec99ffbb57c3c07faaaf4a5
1353353c4d2ccd6ef9c7b097f503fa98ea28d0ccfa911fead7db01cdf4ef6757	71	2450b1f4b7bc5d86c23e8dd47cf96283588f073c
287eb9b49c401eeda3594a39c620b326263ce323a3dd83a67522c3378c5673e8	131	24570f7811912e767964aad57ea69459a9040788
88aa82c1d1077afef1152d85de5b76ee83aabdd12f4b7809f0fb5dfe31d6598e	80	246fb975cec9bccd2124623a7fbea880f49514a4
97f73a59c4dcee4a225e733607e955b7d83df63a7b3c1e4b4f6568ccfd00f5f0	80	248388442283d8ac4428c4cf652ae644b3472e7e
1fe0a5f5ef792f9597d7da27abfa241a9bdb5b21a8da5fed723cc938d9a3263a	80	2488fcd26a6c0ff5d3ae2cae72b4621877fb634a
efbca35e127ad72c30ccfbb8975b936498ca84cabe920eaeba82f170017c793b	80	24985369ef36ee4446fcb5f03b6034837985aa6f
0dd098f0c97171477807f149912005a208b0efbb6b303e21d0a8b65ffb98dd90	74	24a73dac81f4ba768113587250098715b9afdd7b
a9f0b7ffc1f35f6d06851fadc2a828f0900a1e34e98867f424536207a8f11dcc	91	24c943fc3e48a1f244f9af3d30803115584f054e
9e324ab4d350fa933ad3119970daa668c1021b8dbfafcc0f355f001b9063e21f	117	250505e41163abb03a639913148a235e7ad5a9c1
a6e42e29ed9b9a2f61341a70dee3ddf8c0e68206f6d9662eb5a3e80ea0c3ff1a	236	25083cbfc0da8d45faa8ab5ca5835b3da142d291
2782214bf17256705ab8a627adf6a739a529f4a541dbdbc45f1e1e770e75a4da	91	2524839862e1845da117db4a7c1ab8e1f8760f89
bb000c7c367c29a92750a18e54486b8da3b120a69abb21dd8c46f1283927b503	74	25279479309cb2dfa5dae3c048945b0fb22a88b1
e09e7aa149e8744cecb70b7e086f03f6797a0c74a579a12df3e1d6f0f30fe165	79	25287138e64c346639e8ff9f1e564bf912d331a2
f6495936ae9a570ce23b82c2573426cdae8de1bf581f215d0c932a9353a059de	80	253c014f787dcabd53995d175e501dea0d643ac2
80fa7265d88e54e881edcacb3a1c18f01c11a88e9153001627a348a2453ee827	111	254069aab27718595aef069fcdb037a7af2f4ccf
f734fb80e9a7333f435b1ff1196faef5e3916244b0652ca406810adadc1f4755	82	2542369516fb69112e359bf7fd4621598cf2fa5c
be7ea5554ee302ccf98265aa1dbb0cfef26f050fc9659bcddb830fef2c463daf	80	254a96d7d8d4277564f2d67875c88e73ae7407e5
0f14bb5b457aa5e43d8f8e21277e319078277b6470b367d993b5c371ab610d6b	156	254bb8e36d4a8c84c0c32f0b466cda1727efbb59
ebf1f578ab761f400211b18a32c61b62afdbb253958d5f52339ec7464436a417	83	256657d8439a27e32ddaf814b18096bec9565c2a
512918ec41ae7fdf421eca06bfe57beae031e02b4f156c83f592c8fdae479ca8	135	2594149f42203d4a3fe3db9f4d685c97818f92bb
738ca317c6d0ee2790620e63bca4cd8886d2e2de6ac277d585c7b08f9761bcd3	250	259720d7c64d4f365816ab39beef04e603effce0
81a04964cb7a47ca6cd56e39af4f51454ad2ee41f5c72396c33dfb6e3628e6a6	78	25a6ca2540380378a0f0fcf5685178e763b0ef32
c5d16e60632e28595ea05325eca1143ed82a9a4869bae1bfeeabfa1598839f04	80	25ca817368e70867e812a243af8668758d08af1c
0636dbeedd2ae7b6dd04efadd6abf408377512234a78eab872191c7476b0d715	82	25cfa82efdcfe4418d785655ba018b976f48335a
b0c96f4b0ab9517c31cecc891c498bfe63994027f7b18ae5b987ad3725dd21a0	101	25d79f2f1724169a5d9c0e223f700d2b9a3d5024
3beb9fdda4dc83e2845eb3010ec6e549547cf23f43d8459e2c64f4be7e8d34c7	108	25dc80a4b74701b3e783593f2a872eefe49638dd
b929b7b669fc5ad698030aa15b2226c8b17e263f2b9ebeee80bb727c03b16ba7	82	25e2c6c91a4b17d3a6ea3d6e96c27e7ca66e59b7
c4574bcfde63ae2130d949026e2c85b3e3efb537756260fee8abd8e8daa9a3eb	80	25ed9c18bc8a6dacd24897954550a7041c0aacc2
2964fb6526ab1c04997e85d681ea5ce81eca3d826d57ed9c34dc057d7a7ca8bb	81	25fff1cea8cdf7b40298e2c71c2ae520a44645bf
a5059482c1061af2768b850e78d6f06f6a7716d42d2af8b3ed09d137e98408d6	74	260e22b834c3e3388d8912b0bd3b359fddfcb6cb
cef195f6c0303739ceb737c61cef128c1ea79d7a8d7916e29d9edb04f3f7602c	80	263f996b4c8753a5905bc7ddc64f21cd675849bf
9761fb1bee8f9090a8a67ba56b18f7978127bc010609c79fa7609f75d714a86b	71	264e4288a621c3ad64bfcea369377110533eaf04
46af5b4cb6ab6020c4887b705f1b47853eee9b0fd3ecc78d17ee1bc1e292abc2	71	2653dfdfc04f47e8ceca9b371051262b5cec04f7
621d499865291119c229c837f4f60a3a9de56fe8b08b6f9c3bb691036e1ce5d9	71	2654263a70a9b24808a307d45957be0587531860
dfe812f36721173c7fbfa15afac0df4e3c06d0096612eae87b1066b0309927f4	80	265d5b881124e05e64567a6bc04c9befad38f7e2
10361afe0f2ac2f3b8a33392bfb072bb4aee0d01c53c5755c3f2f18a00459ded	82	26807efb899757297b84093505da4f4844893539
255152967157c368d250e496fa09addeb7bb8293038c0a8ebacc93a44a420858	80	2681abbd9e357c77230d4b32a458995ab2b8ea7a
e1f965f97569270066865c4bbe442d09b2f51678f4c6916d58691ff2fa241379	83	26a70bd407092340a775b85fdcda34d1dac90866
7ea45f438fc5cf2521ffac6147695f12fb2090b72dbfd89137b63c373d75f002	80	26c6d7c10074d9c5eccba4978d4c94d6951f07b5
d33836f9ac93ae7a55bd2942473aadbb825bcd937653b963fa6f9f824be23728	80	26c8e3a997b386f41aa00ed82c9e15ff732772a2
3790e98c62e3111250a74b9315d35222143112ecaf46a03e4ec52396ef8adc12	80	26cae1befb67e10ae7f4163d21b236b0749a386c
9be651d219697ff3b3a39cd05e9e02f60ea223a9b847f97f3c722e320af0f659	212	26e570f8e7d4d7239d34ef62efa61f3b42e47d17
2f09b8eac7c9e37b6f1485675268e0f14ae89759c14f6485afa662c5dfd4f5a8	147	2714159e3efb8dd03e6e768645c8e0b844277d8b
f04116d9f67f9aa769ef045c5d1b7608c850d62632e608d8038f9cf34f5ec1f2	82	2734f297ddc85ef6bfe1d8f0d63a35977d49cca1
7622cc8b69e0db282d3c6c50dca9a807a34f1d99bcb879c0a4e7f0f7c1286560	134	274a5bafaa18198b3f21f69517c3abe7ef2c3f1d
4261fbd4675b57470996ab2fe99affc34055988b3b930b60e278199d66f765a8	91	2762e1748019717dac83bf4cabafb51c96e35188
0e8298569c3f6450bcdc8a7e234205f69cf872ac1fd1a6d70af4fefe50c7dc33	78	2763b7f5a9ba17e555f17bca6354e8b348c507a1
681cece9396ee4438d4528300f478e88d7398fdc74da2e85e5c60dc85aefaf0f	80	277aea99b3a9608ab71b866ff5eecab18086eefd
f01ec2b82209659dae788aedcdfee0d7c672c1d763337c8dac2db0f3a9cdb1d3	72	277c724656ea5f2c3cca43c7c2c562e87dafc554
deba3d676bffa66fcd0237e9cd521247c9963be1846c4de59630958609818eb9	113	2782dfefd72356dc1781c6c3f3f30f0b0d9485f9
232d94c1507d97b23733b2018cb1023899c7bae0bb66f7ad61b4894d34ffc8d0	100	278785e9719d7b6438afa750ec8594135fb340f8
f48b4d962d6a13420cc43124332a7e836edc4875fe44849fa9e4ce160fe8abfa	73	279262e58d5e3206d02aaab5a0aef19ee5719370
41d6facfdaf796522a280542ca95480d54d057bf366d4e124962f5068340d089	73	27976b69ab301af42018ba262362df6e66824615
4f5a6331871f51b4bea9508754ea2c7a957fc735bb7f9d04e42b2cbc59be6b75	191	27acac126766d5b8ac62ff3eb86926098deaaf92
d12976751d9d0baddb2eac6c1feeb20287a4d4381b6cd7a4f2563cb5e86353fe	73	27b58dace4a5c30b2f1dc9a53e98fe82709c57b0
4c71872768b4f5e28fa8096497792c6e7df62b39cbb8aa572d895aa30c1b5a40	80	27cf59a172fc3873aabe8046b8f9122e9ffb1243
57cb4362ad791d8308cdc8f68e03aaf62d830aeb981e5292ddedf4963ebe9a10	71	27d46d6598db10b20a976d013dfdc3d7dfdf3506
a1df40cb464f713220e0fffcb15a717819fd0a89764991ef0f6cfa174be59c28	83	27e4545789e40fb15251ce12c8d786ea4aeacd55
9d9a9eb0c061398e876d3fd97d25b1e017a685ad6a86ec1dec772dcc9373d132	80	2808a5e763fc8ac80d725e9dcc2b76befc620f4f
b3935563f831bca8e819cd444e3e977f704d81c68d543f6556fa58e1b4227ebe	129	282590fdbd5bcfb1b37b167d1fe8479239c64170
4845596953af2c534af7e746e71b761ba16954bca41d684a2b16991ecac5649c	80	284220bb9ff9816a704ab18a0a95ef31586384b2
af6dea7f20d28c6e505cb2eb11f0b41fdf635fd7d31821880b67bdb7e2748a85	101	284a335464797d3cb07ac6bcb62d820519560f83
8bd68202b042979f87c180ebce86ae8707e52df7f74b01845827ba12c87a3465	78	2854c9cdd06b154fcb2457f453ee5ec23fb21daf
895b0cc71acc0c911475d6e00d6e53b22cb4bc1b46a2704066f754863fb5e3bb	82	286f72d291ab816e6add1179fb2855e70c7860de
79bc86129922cd41bb3fca783a896a93ee2a1d92e53310909296322ba01407a8	83	2872c5290da46aa913f176123e6113ca80608c82
26f43f3996fc13ad20b4306f7b688f49f6302e81fa3406476ef56b951bcfa097	82	2875e28e8545df78d49a2763039ef0acbad68324
e9428a6a0b7af37928b2b50bad3b9a3c664fb7f6f43fcdd045e9eb1a1e57635e	83	2883f590f7f39e80a4b19c206e3a06457ff2ca58
76a03a6956c93a4e961dbba787a2f8e0b330afc8bdbb2de99c0237c29439e7e5	80	288f5e007686a20ddc6cb442071f362fecb7514c
f1f475accad8622cd6fc736365daa4c0a4028f04dbb24c6d84b21e05bf323be3	80	289fe952862aab609626280e2be52054fc812bd6
fd439b4edaa0a2469058e741bb0a56ce49165c746bca47dede6ad4bba63f1923	83	28bc4bc9023849ff11c2cfc8a0583ad40fb42ce0
6c772fbed4c4d4489d359a80617ab13c2fb1a7259fc20e6771ae4c15d82bcc3b	68	28d4803046e8683a0dd42e57383df1ec0b60123c
d733d1ea54f0e3cc3d77ff9bec3f849eeba9321a81e661c9d70b4ea2d83f5432	73	28db0d082ab33c252ba16244ccb030f98a8b83b4
c5b3b112cc2a18e24c42cacf01dccbda5e24feb8412ffb507bb25ca344f7de67	83	290ee69408f6c5f2390180a14967955eb3204e0e
b3d35d228c67703fbfcfdd10058247290d86f6fdf7d77e0ba787292e7abaead2	80	291dff5cb27784d549603e82817ef7b3535d7a30
b02c2db4840cafc7c4bd0b4e05193ec4d6fbd95591eafcb94b97166c3e06ad8c	83	293e9c120c473b29c340bdee4019944b78230ee3
2081bb19e73ceb9585d51b228801f822edfad074fe5831c98bba94586105f91b	80	294710b8921dda6134a736fa696f5164d802b73f
15b062674792e3c91603d45501088134630330708ab91517b7c2ef989eba41b6	80	294bb1694fed324cbf5b2d17d79d31755bfa51f5
bc87961b6bd2310b79c58c65a4b682ad479d7e3967dd943de82a6b73f23c45ae	80	2950ade07d3ca8573f320849cced304c19e16893
c193a7b9a28cc657f5dc599c9255f35afc4061303481bcb51858779e83238cd5	167	2958b1b227c6dbd34542b6e87e25e16eeaaa6a2e
323a7c12f521def3c073451af408923b1937c71fc59d71f5064dc7bbeeccb23b	101	29599b0ddad964f6c4e267f03edde2b12a01b314
5aae6e126c96755b7a41f4c631c2160e5f373de97ea474dbc5f3041c3ca0cb37	71	298fb65ffd954a8e74ec060942b40cb9429e8c5b
05a04d9049ba0b817d4f73fa22d191c9db40954265ff02bf7a74337ea86b1864	80	29a3092290f15da949a1fba16febe1db27508e7a
85183061f426e9f99d2ea41def5f816a24baeba2e4cdda0a73a4b77bc7d96bff	80	29cc9c33becc99d45fde11f06219ff6f27c6f6f2
10c5c285f145f059a36ec271df3d9923b661ff8f8b5de249a580ca6d5c3c488b	101	2a0ad4cb97c7473af924ee8d50c8a15be0fa1959
b767ccc88eb159c0efe0cbe48a18310eb49d778051b00e90a5b3d9b4cb917422	82	2a0af1471366bef6ca39969b1e1e5188f8cf6fc3
06f4b7e7c9de1f20e8ee35213abfe172c5c86de297ad219868747a02212b013d	83	2a1ca73a828893d7826256ac78f85c259fefc495
b63f6ac7b7110adb69d1edb64a6179e45ec68518bf3d4b83974c863c9b2072e8	73	2a23ef92064158cd93356cef20c729a48f270741
59830517f433a52c427d59b99f9dfd77e735641bf25d17f76d04d5f0ac23654f	82	2a28a4d9230fcd053b7995f328b28ee6f1a8593f
ab3f43e0f37d92e22111ce988635b38bfb81fa9e3f918ed92b358f3c7c7f4718	84	2a2fbef96946f3925d8862f0b3404500e9234326
ecc9eab9d68d44605c834c10749a37517b00fbd3a7eecb8e1103b410676b73e1	78	2a3533d6329f896d6b19fa5dfa9068d3ae153d28
22b2c9af7e7b1a8fb93b647844b3948f0be874e8110c32b015f0811967cc8cfa	72	2a4e2c406000e45c28977f53321672430146ae18
8fa77b57efd8cf01ba39ed7ada0de94a166359a4cbb9ef0e82231c0e4d3d1e21	82	2a6679ffad631ef50287277b3d495c8627d572d8
3ce0347979c1fd11b248a8c8a81be283f22f542c270db252fb35c4f81a21a22b	82	2a74bd473746741c8d21c1c0dc377b6a55de1ea6
311c862911a88a8c35374c47cd86f183c3164db4a975bd1f7b798cfb87b37e1f	89	2a7ff52f72d634ef2e8e8066190d0e48bfa8e16c
f18db45f51d17b3fa3d8eaffd3146d98f894298a03bc083158d7d92bfb2fb542	74	2a95ebd6ec4cbc13e88a4793d015c19052aa4e46
34bd862c6a94ea0f33b0fdeb8ded6d6047535d762444fcee916e9ef0c7c218dc	82	2a98ace343e02061aab8f5adf6211b321ebaef5e
5c18825f372a5cb65633088585bd588ae1820ada09ef6153d7aa510b81da57f2	171	2aac6255858a3e65414146f519052491fdb6a55a
78be94a44cb35e15d74d63e3c0461059c5f7b24ebf5a41518a361277724488e8	73	2abe1ef7e50e949002f19948f3155ba3c07e9973
7f956d13a2f3eee57bded931eb586fd64297c37b2bca647f8e257c10c0098b0e	73	2ad561e8dbada14373105e808027b3ebdbf1fecb
e7c5eaf131819b29af59670a04b0781fcb15c655350e55597cf0c255b1dafdd1	118	2ae2b6775cdd34eba16726bce82e98e500fc61a2
68729aa3e49829fb8f899e99c1e974fc13da1250cb316fd12c0e36903a5e1bf7	332	2b011307ed9aa0a6237562e6b53f3b9151a70f9a
7435c141062798ba5252bff3b03912942cd91175b0eedcff943d0a3d0b76a1f1	104	2b0626838360924ed1479b1756bfd4b72d3147c8
dc0316b7970265326025be2d5cb9daf49234509de7aab4275cf50373fe86ddd3	79	2b1a515fe946acf30a330d8dcc633f147234bfad
cb5b8413f7b8fec884d4aab88ff7694e396c914bdd997626c97997a2e612fb2d	80	2b2205bf84f141f1c42303ddc07980ea18593980
af43cc84dd7db6361f95b032f37a116e7fbe1c19f362a38b30f1cc2bd046ea0f	82	2b6b639f7889291054eb872ba91fd82f31b11d7c
14af2fd40d9f2f2ad70adc8e800b745e58cc81984b1c0edbd5426ccaf9fa1fc4	84	2ba641aeeef950418428e84d73de8ac419ee4ee6
7a210ca177eafd2fbfc65dab79b577d94d9b0d3cd474b295991f4f31209d52c7	101	2bb0c0a45ae1801502dff876378a6115daa1dfdf
b401014e46a704da6bf918d07f32ebe0e793b2b11aa7eb5c99c9d163987df53d	109	2bc9a0a5cfb16e5416d372b1a998775dbf99a98b
237610eea350ab99028db742b1140813ef844fab521fca965a489416f6afaff9	93	2bd5f1a9f78c30a9c6e1d0069d66417d150b9433
188b69251dbddec29f462341d411266a2755741b8fd28535656d3639514c1c8d	78	2bf178ec33c30293a4a26dda5da7066c955f5612
d0c3634df1a74173daf5828a4716c749138b23b46c68abcdf168bd845fd0e883	80	2bfccf13510b9a353ec401d13f012d2794365635
d562b8e7cc7d78e2bc1d87eee0401c39b0fbff0259215c13e784dbcbf2c194a5	74	2bfd8a20864e3986bdf5850254c898ff96f2ef44
58dc878054c65714b2e7bc943344dc45e0693e6ae79f43e6d6a18f65e45617c0	119	2c02502657f6c59a88ecb0430fb212fc4ec1c254
a5d8703a80686da347606ee0a9f539f071970fe8d06d8165c4b41aae9f62227f	73	2c1504a660aee3717825760cecbf828b9f8501c6
82213693d3ef32ba8b2ed1e2d7765d745b384b613de2518d0387bfdc6a59b18e	83	2c17090f372f33bf7060f7413a62a6589a542d06
683fcd7ffc0b53ad295a555de7992db0cca4f676401c4b584bc136811ac56dc9	84	2c4dfc6054ed7e3596b378b1b2885810179f94f7
18047c019c2b90b386266bc0228cb37741924cd4bc1eef50dc615f0083c15eac	80	2c53878ef11c56bc3bdae4ce2053848a85b9d848
19e372ced2bb2d7af0ee55fa1c10884ebaf0a558b4c52737d1beae25865a5326	82	2c5a02abdb6a393f7c606e3b255b90302e23d66c
03e44e7ead440f37d340d42baa76b7a7819c39cdd5a64bb876c1be6ea9a028cc	276	2c5eee28d8ccec65aefca07125c903133c89d872
31ecbddc1f700678a8cff9d4b3b1c54b78c2938113aa9f56052b85f3b79407e9	84	2c5ef6c62a912bfb866e14900a0c6dee29475ce0
1cc11d22c93473b45908acf5483c8c81953795fa3dfbdbb875eaaca61ed3ef05	174	2c6fee57b8739ba6d8c8288df15c528f8e719592
8e2a500f214d867f0a7820323c88383455b4d58843123cd362d976c9222dd1e3	83	2ca403f307dd7dc35c75700bdaa2241004b13d38
27d4022826af1c751040cab462f1f95277a324465da2185dcdf68932deb93de2	263	2cb47e46965676d515e61d22855232b6a09353bb
952298463e3344a5d5635e2951a82ca5dda523c6c8ab92ef78b99c4fbc741c17	134	2ccf73b1904362f257990ab61b312eef99c8f54a
bfcfd7c59f5d315ca463de79ffd594195a57358852e8cc0348eb235fb1f86d57	125	2ccfb7f1c4a5c2b0e6c26c2ac343d304c3feefc7
a6353b5ea0a84ba9004422e7e151d605c7cf9d840973f4686f6809e4cc5ec384	82	2cfe6bedc8fdfda74877babc61e7ea5453c0fc08
4502202e7db5d761e389a3bb073022cd5a77782f99a8ca5c9fcaa621382f38bb	78	2d17bdeaf9a6381fa34ddd74e015b57e681ddbe0
7196d9d1ab3a9843c0855e299aac0df5d9a1a04711bbcd7efb40643028940597	77	2d225f28f94072e93fc0b981aa0485bbb502f9b2
729cef2d4829ae4d4f254e412f660e76b7e2eb7b47c21f304029fc55680e96ca	80	2d2d61395a78f1ab5743b379f5da30ac72316d3b
8e0ebbceb2259bf4f3b27b1acece3a5eda4f5d698024214314661c6039c54ff8	71	2d31eb737c099c9ac928895b835c092bdc6c2777
0f52aa6baa40daf0036afd1c259c05b671f2ad837fff23473f20ab7b9389ae2d	80	2d4e6af1b33300cd9100138db28e3ba7dc4762d6
2fc41d973c728f25b48cc4d7dbf152499ae216efcfcbe34b1040c7892e9a006f	80	2d52972ec58755a3d60dd31bf539a5162c3f072f
919b9e0bb22df89c6da7d20ba915ed6daece65b42da09386c62d8ec9dd29f6ea	71	2d78aaeb73e99966023b87fea0d876f4945c46da
db7dc35b9d8acdfa06e0b0a8d9854a21f2e05d97e17809b8aec9aeeb67f6ad40	80	2d830205ee4575c8bbaae930bacc1465b4f17d10
223622cec9c0cabc5ab70c2b1c029c636ff83cbbdf4ccc4de4206284b1f75b9f	80	2d87ffcb153be7a6a4b30b5dd83f96a7f53910b5
bfb3cd1d62fad2d723f554e35c017b1f41f543a905e7ebbf678b8a2c097d1a75	82	2d8fcf7883603b91d4025c42e4a5d50b2deeef3e
36a29ceb80032594cf10a4bbaa362307e6ea2f86d9addfc9e62468a5f707f975	111	2d96a759f81d5cef12d810086ca256a0bf3e95c6
1f25789db8b356fc0c1c11b4347c344af870b4bd7eb053c4c1f4c5973bee9deb	101	2db0afe13784e6d35196ad6dbe732c8d91ea21d6
667b296d19e2cf37c2f9daee0eebaa9ee18e34339cc8807348d92a2e42dde2d7	83	2de2304caf57afc77e460c7f76dd786340f33cde
8ca68cf5dbf5cf8198c60c1fde8b7b875f3aef42f3d791b4043645f89bdf1db1	83	2df47876fcf66c09bdd433efec1f0072ced52a33
7fa168755eafba0dcb61c18dccade1a7c62d57ec26ad2da66cc7b268844accdb	80	2df837e7babd259d16e50b7404c8ac2bd6e0640c
b4d8a2a324d22850e29e59b84a4936d8539c1e8326cfd591285b629fd355d69c	74	2dfa6d8395c9277a2070a9522d4acfccd4230e79
cf7b2731e9218ec1d372e406fc06c58fb3800b82668a158379fbfab5420d3ee8	71	2e117f2a535ca2f573c3e77c0b01ddb8f6642609
a8eaa2ca863aca73daac574833d6f6d5b0c7ff92ee1998acee4e14c0d50bd377	82	2e2f0c09698824bcb036b3706ab8566230c1b0f4
81ae9b6973c5b7327bf11f82d37076b41892de9fff89eb381299ef211f2d1dfc	80	2e4cd5b271be03ddbc91ac8cb1feb117cb503fc7
ee725ae42ea4a8a732ba184d4d4f96d552dea328ace9c255557430413875eaf3	68	2e5a194acbe93dc57c3cb49b6b51f21fa8f02e2e
c641235f51972fb61867f0c7ed67b845e0b1ccba47c0f53a6db6471c54d61430	83	2e649215fd3d903346b191be3b11ae9d924fd391
7ee81ae08130434e908c2bbe4ccabc2497306655e04baba42f646d38cbf9fe51	80	2ec0c6fb553810a19cf038e440e592e0d4f0977e
0272bf0883df70122093c1c39aed371076b61d1eacf15691d79f20b2c88c1976	80	2ecd09a91812b1653d7c2f0d234f0295093d6078
c54d8c13b0a57c0d5479cfd80c99ac1d5b4aa218e81e31922a2d451f997bee47	101	2ed3107947f3a374bc818c6398c927976d48e15f
7725dbbadd911626750c2ba45bb1610a1e27361e720b2baf08a5b3d92b90e342	82	2f09df519fb4573e046d69abfcb23d030b466a2d
f63f31a82f8e5cb91f46aab8a933d902ed69a9099f385c8dc83f996301992254	68	2f0bf4ccf5331d9ac63d6d6227fad5caf0d28b62
d040471c7137d381058c8a0f4f22aa88ee02b314ae50220cd2d54c094084336b	84	2f125b4753759d8896e7993e331ae796a2887550
07c3d095d2686747dd498cfe304a1e91d11340fe3dcc57b5db4722f2a4009188	80	2f26747549e968e031e6259f9bf431fa69366297
e20622c1c499bdebc403efd331323fc16866cdd63af5ee50af8dfd62d8998b9e	68	2f4eff0730f6c2cbef2afbe19bd5e9248caa0cb9
a6c2fa4336cbb3d3059cce59da0c67ef0c6c85887b2357d040711b3cacdafd81	122	2f4fcf550c3f05fd07e9ed199b7c6c71d56c0ed0
ae0ab1b51500e3a09fbf08951a3b7421a17f58a687794e3a2a6e8b05a54168b8	101	2fc712641b52b4683e8b92ec7af13ef2a6027971
0e2a107da09c00700a4485963d13d853dd0d8bc14a48b8e57f178e202cb4cc77	83	2fcc1f3a8f4d811651480611a929e4735d5d9060
4c970d1a0f6de075b32dc0290bca84e29f2637e0b4dd2757aa3a784f98d021f7	80	2fd625d124779fc4cd19389d36559bed1a466053
914ee59538e7f18aed73b71dba864c632a153cf2e3a68e64a53fc887f2fb8e73	101	2fd62ad80c212003c44f50f50776ca13a0bf956c
385e08aee168dc110466942ba7a5123eb6a3ba1dd644f0936cba93a9a65f6e6e	82	2fe86e13bdeb2e11c34d0792e1c7107fe4cb67b8
dcac6f3300915cc257c3f54ce1260916649b858195e4b8904bcf7398add30f6c	73	2fea874cf02bac1557fe77ff2cde4f0ed35dad4f
16054004c463add10679b93dce418ac3f36d894e749d3e6d405d1f98c08939f0	126	300f1bc9eb3736e41045439e57d30a1ac577fa9f
2a32fdf4d1540b7f9e44bbc8db343012bd92399528c86bea18c4403937584a74	171	301575b4870da2525046daa342d5dc39442ec2d2
535f178f903773fe9798e44eed5433e3e4840f7d21f07670c6c0375fc2d5d713	211	301822bf8cff7635928f6dea4d431032183198fc
cb2ac390372032ad095fe1b95bb9f4d7c6eeffc59a8a77910658a3b9dd3e43f4	80	3030ea217ba6340bc8d59b87c1e95cb08f79fd6d
bc75c3c516f3eafa26c31738c0aa3b732db9a5f242d75c2298269c545c4d948e	80	304482fc2873277eac74252b664784cf14db9f7c
20d3786685b0016c56e31e9cb9eb5dff4ca64287040220967fa64721ac39cd4b	73	304c9e298aea031af04fcadab3a6fe6ce273d41c
67729883bf0300aa4a7b85417c2c98ce64e452afdf22493856e0927967aff292	69	305b45801baabe11a0eb6970af06fd0bb0362371
897ac5f25051cd9d65383c74455c0147843f370171ffb1790736f18cdb3294e7	102	307f4d787f894cf797a07b43cc3626cc18e7fdfb
86050964c48773b37f03c6444badcbd30030527fdf603d512e17dfd378270690	80	309c63300d2bece6b33bdcc30401c5dfe71567f0
f83bfd8c4f2ae1d9c7133979fc2f0d67b9b117d5e835cce85eb23bccfc1fefc9	71	30a308fb9fc43de65cf9a179d81890bf6cdeaa47
bc2b94e37863c4987d6b833b5faedee1716998b0b9f60fb88c750ce5e27bf4f5	78	30a6a5cc6b3cbd5a5ecb0a75f8a34d462d6bc472
3486ac09b98d4898e4b2d3420b769ad55448c41440a8a9933c7c23ba70090663	82	30cc9476bb967a5829816ef6ec6622dbcd777fcb
4af4440d18b810a3fa9830d37abe0f5b9f23ffc7963b322bb3b9d0ce08c1e5f8	83	30d42f33f66569d00ce9b03f67c1d3a631cbb939
0afcd26821e3dad2b131471af6e81bf07a949939e599740e5368ea52553ddc9d	73	30dad2a3bddf80aaeb67131ac34626a6b9557614
c480a9e7c645e72365bf56d1b42d3727d76879b3b153b2555396bb697dc6b616	80	30f63ab1cec8f80ac8b6b5f97e7ea0bb12a26aba
7b6c52581788ba30350caacbfe32a76567706866744c08af071d5488fceff814	80	30f9517c1c0b4569b4399eee3e3b90e57e708c4d
4012f4789eb64e963617fbc4237539fda02557b676cb1a9ed11c07f13ddf9dbd	134	31161ef7814b7a995359254c95ddd13d29f15cb8
106107e68a7a84ac305a69806530c244668288efb799afa5be499fb39b0ff7b4	68	31247370a17bd11d1b505edab2dc502d536a3aa9
f8cb478e54c7fdbe1dff6fc24206b3c09e6cad9ba94c782021152a7be6f4f87d	78	3136c1b3bd6bd1ad44b69b7ad1c572e7f4261dec
2b742c21405081d42d75435ea520f647070d74469208f50ada54105c7653b467	83	3140cb108448d4e73176cbed2667a95799fad30e
fb5bd02a33885e674d33b890e7cc512f346dd974fe9de63d3ff148a4152216ca	80	3181f1f745ec53238cd8e2a0115842e639de1699
05fd19f1cdec611e3353ae7e0d95794b404ca061e25145ffe2a8baaf8c57efb5	109	3183021a03e13b2f37a932674640be3873bccdba
03afa96bb3ab10665b705113c572ff4adea4f2569a400250e062ecb17669a637	80	319004ee5ff10608dbf81d65d6d85efb4c50d8ff
569e42f897249dba514d98b8269e9bea8c2e41728ee9327d37b8a66529f67455	74	31941e721b73c301fa035d889e1796afb98fc820
047f7cbb368c67839029c2622312fcf7704cf3766785f8c264a196141bfaf348	68	31be1fb6918adf390fa06269af80d0140a371fc6
7e0a52a6fd06533e5c601c32d579031bb1d4e4000d3ce1c90c6c119050ef3917	84	31d250de0be4cfce7c344015d9881f374396d383
9be839723c1f11af3b51fe76e20062a572f7d359a7de20b34cda4138514c4f21	101	322f38ae4951f202137287537227ec263d680980
f08913d1b5a9737579fff29a6bc34a92d33a0409594f8a0d2d536cc1e15f7d51	278	325e6403a44b96290434ab7913e9bb47d1ee5f34
ce24779cbe6dc9da4a0545f875378d27d19f06da9d5dfce276a694eb44f20549	80	328c83552fd6508bf515bc38832caef537c5d75f
766b74acb7c67b6d6868852ac308ecca7a90b822ce7a72558654656475e4cb79	80	329a8afff18da8bb079c418d446fedbd7ad6f9d4
5078b7e670b22df25eac0f72eafbdf83269fe04a2022dd4faaf2415fa5836251	78	32b523574101b5169607a3ad67ce65bf763b7737
1dfdb19fe8b7d8de5b5b3c2c975b7b0e5beab93e912dd9bcb25496353bc79317	78	32d2bba758d48216a97d96e750b6601a58184781
c93fec83bfcbd0e675d31a01467b8575f51c7eb6b944044ad8b602d3bae50e67	78	33288f66a08aa98f6966e0ed25d9b72492a64717
057c4c32247108511e136e2ce44894354568ba9c36db51c5c2976c72b416d42c	81	332fd99247ebe7bec140e2498e38d2e5346799f2
c0583eabafeb236802ec3d335a0e28e614c9a8eb1dcf0d0a5a683c487208730f	72	3345738fd7bd801725ad86d596ecb6f37fbf649d
197876d1c976c663a6f8c5846ed33db3bba292449079cb5cbab4f58854a31fe4	72	33472b1b8705c1401023203760d9607bd0e75d23
2ad3d6b19a9c77bb5c1e60569219eb07ccf60dbe66470bb9e0ee9aa7d3de5e41	82	335d2c8184cd55f16bf0f2b37c6c585759283366
d6846c613558896e81e57d3e5c5cfcc94210652c5e59d6a416177fdc98791b8e	82	33701f6ed5c1ab47fd5cb15b0757702fd5b4697d
d1b2e5f61bfd99b36bcb27f6fb6bf13c63a997e4fff46efc37f482c043f0839f	80	33859cae1a45ef316196576c3c703684bfb62040
ad742c37116f535f70c400a7b613a7328742f5179c7c4a2b94f71215d10d269f	78	33ac48c26990543f04b879f38542d887e6a24b21
0d6890c19f37e7989a20ff7afe47b6355e9f3a2d59d24f03cefd981629edb9e2	301	33b4ef394255bafab55fce109e562916ca08583b
05d369ff3baaac80efea474ea8047c1273e211aeca247067bec7dc109d05e763	160	33b95cdf2aec3eb02cbbe90a40f2519f99fb99b5
fd4d78758fc21c2351f3bc2b13428c73a0b59e12d8b3298e817f40c6fd4b1138	83	33bf85d34e764091710163e3becb6297dd794af3
6a43d937043b044018424532642fd17ecd50abc37a89070d4491add2a65c0480	83	33c3c931d2bc7f0c9b4a6373c921cdd476f4a79d
51c0c553e5612ada0ba4e02a217e366d6fd7801c71f96fd0be395eff0ab99c09	80	33cbb5e4d8de1b1c2b55b95149ab3a938227701f
778f0e60814a4f09860edade027b1146d686334e02104ed0bdb485564c99fd9d	82	33d4b8ff2eccc7af4bdcb59ec84150275169c954
6440797a1bf03c477ec03b1e9fa34c2126f5ecf5a4441326e2f76079bbf8635b	83	33d4e84f7614082e9ff638ed70b868a8fef0fa2c
d8afaa6173e4048e10bfd778bee1704ac1a3fe4c07696625441451ef2998c79a	95	33e24a1a82e312e88a8d6c09d304e4da0e5b2f84
5291ba117cc26572512613d03f39ed431a26fef3397a3f6134bae4f4abe70d0a	71	33e832b638fce5dd8f1eec23d20cfda71eb740a8
c0d5e625a03e32cdec1a258946f1d8ebebb3a29edee0834f52c60d8862686cd3	83	3404d846e8a531657c9113b8adc95aa71c8dc12c
de87a4d6fb3de5202059de4cc27d8043efe17803e1ee1129a3a3b34177e23e66	104	340f1d7eca2fc7d64300456ad993cbfa1fd6e0ee
40c43b3f50aec54e1d1ba6060dfe2d3d169bda64607ea44700814281841eed58	74	34212104f303f89215060f9ccd1de27fd348e232
aa39119ee923e47fa6297a2ca6c04927d240e701a0a555f78b77c88daf22901f	101	342429f842ab561c816fc8a5e62a80a4b93c1dee
c652352ee2a663791a0df0eeb25402ad3b1d66480e763c037f416e2234313d79	71	3447a55c73da103116af5a8962b2ef3e3208a2e3
8d826a5ab1d79a4cfcb58e4c45ae1dac70bf74a647bd7adf17f9a9425f5e2fa6	71	34542927d6321a73d2855ff776e6e146b8bb736c
a0c3c04ddabdebf198d28d556cd99518d2edb077978c3b67355b11a42a6c0ef8	82	346427ff8e95fac64c7109c1e53fe2cbe040993d
03a783249427885c5e92f75da5802521a044dbe15f3d369e435b53ea7a384522	176	346f5608a2332a58bc2830961b0c4d6802fbf1b3
1f95bee68356ee464a7ebd1a0efaf86b7db6e80c6476188132b45b03cbd53444	82	3473fd97d58c02e6fc46d13229e062a879d51d64
3c3bb0abb2a6968a6c6f3c769dd383aeb8756c93b646f4b0a2ea196c30d8bf48	82	349777b0de5009d302bf58425a5964a0fd806706
f94ee434ef1209b9a196b77a8cddc220116fb35ab58fe8849901531c846d807e	73	3498b7305f6b2e8efd25613b09e83475a11bf3b6
7b4b4022b390028037947eed5b7367a81b0a9b5de133aa367bdba0f727aeb0a4	82	34bdccf71a59ad438a913a0d5af7c1b0bfdaa2b9
6d026870ae3fd71aff58a23bc63c31704e67827f2284d1d03a96b8cc2d1fbc2b	78	34c4bbdbd13d0bd41d09c7309ff5cc67e8add699
a7c189c1f7de3ab6c8059bcaacf3d42db8d4f6f7d1e38eee171d6043c3f9025f	80	35010a5497be67976889da13721f8a3ffb668637
0076192511c538c4a13a6bc8b4620821326c9e6891c72618892d26af5d6c1d0a	125	350460ff8058517bc696923d58567ca37c72064a
060c5646268ad1d31d857c10d9636a7cfc2bc48bc799fba44d4f4a0ee9229c76	79	3508502ae233889e5c97f5e6e301955bfdec5621
777719a7814cb8663842b913e65fce73a95a5a87b919f694adba8da337d89434	71	354354b297fe962e4b57cdddd2ec028fab4ae894
c257fa2c4e90c604552fffa3c2bf5680aaca77d2dd0d486d3d375d75d3a3e611	80	354f6cdc43606c0dd1bcbac3b909c00526d2d1e3
2836400d34cff13f253a2ca9b773e4d0787a219987ed440a978f1b12f1dc5e66	78	3556c28d1decf15249f13de1f32c8995eb85a33b
623dc5999d84307940eb665f36f879582edf132007aedc02743d77d3ed546d68	101	355b748e7cc93d63f43081f26dcff670ca94536c
efa883cb4d854e57da23912a35af729ab933e57f172c24f9d1678565cd0fdd64	83	35a98071a82eb4d624775978aaee8d15514aba73
65c22c991919a05ebe447a7df6242ed0147427be2b3c5f411c7e6e2d36c6ab72	103	35bc1f8a891c4a6ad429642c78dc8555decbe87b
e0c762da1c60956bbe26bdbb3d38ab1b15904e9ef1558b3299b38ba8de16d52a	71	35cc8ec0db37b41bcd7dcbbbbd17fd8faacfa282
9e04450aad80a923eacb80c610a0e72a780f40179a58189ba253c841b0ef13fc	100	35d0711976fd34681ceaf6fad08cb7f05d49fe8b
ff6c4a8e6539d7ec9bc63ce111a6f83231f4204c6b6567d735c53cb36f2ea325	80	35dbe9791ddab603f22c473dec8f7b72b59cd30c
b0a9c4a1820dca40439447f756e1f746bea4b5c3b5e19b2881c75c3afc0d3fe3	78	35dce7168c8ea3f52c25d4892658263c89f827cf
a2c603fbbee864503577d4ebbe2c5b639530235eeea0aed838269de79828e88d	133	35dde2604bdd43e1b98d700b27d2310f408739e5
d655bc3ffb4d57bf66b154fb2266aa5337a79f7ebe88fec0b560c13539ab50cb	71	35ef160d6d63a5f424b2f08bde7038c374c46e27
215cbb4f59c6b37a6f2f1ed109fc2a926bb054b512544a78ccd7cb33d5bb8ed2	80	35f43d2cf05c8b74bc30a117235e0f4d6a5e8e3f
dffc7552aabfcf2c93672031fcb6901ecb6c738e4d99c72560a24226f527cb41	80	3602c614c91001c8f3da1b64d3f2745d85c2f37f
354c57b724abfd3ee8b1503fd532ecd0e2db5efc3a74d205d02c6d0e10d17a9a	80	3604e43f774c089334ae3f170d9d1bf4c340b3d9
c56bd62e3e3ee34b3e00d075035b7e0b8f11f52c87bf7d6cb91ae6bca8f50183	83	360522f5a129299c201cf0c4d1813b350f760e1c
2650d4bc778f46e9d8c878ff708f27e9622b4f29f203c007f1eecd4de65048f5	82	3613c877f1cdf5814f62f5aa9b55fc1f54a6c33d
cfec387480f453767216918c0f3b3b8278f6a3347ea72d6a6001e6baf8e2c600	80	3632f271edeb72b181e5d23a5e2590a593c572d6
651c78b9255256428b4e049d65a0e8cd15cff16415e98fe899fde1728c3d843e	80	3645f6a2afa6dfd72f5b311d1c19602db08c6075
7a6abf358b0c58066ca47db8e97f12460f18fcb7ef7dab2e285c31d0811a42dd	73	364f98327e8b4576cb61000e582211ff53e2110f
1cbc35ec6a5ea78d77048231a7cfc2a63831b431a455adf963b7c1d40c87fcfc	198	365d9ee910f8142a9c6c44ad85471afd18a43d57
1a4380d9197d5e3fc89369a8817a2408843cdb1cceb69d23d208ea2747de1dc3	80	365f9ed78bfbfbafc3c1e1c0a4f23ef4a733d9e7
4e69cb96dc00a15844ed29c09c9ce3bed41e37159596e280f3922bd803cb74aa	80	36763cc84aaa722ba6a15cbb77f29ebed5c79bc8
4b9adcfd0a50ca3048a33765b5ba401f2548d45f21268c3630b13c28726c4761	80	367b0c376f459dc94cd8665e2e1bcb3fd33e4849
57e8223043dcad2ddaad6177374fa606505bf65675e2710597dd1b2912f24a25	82	367b63d7562b1964087720718445b3ced25b0546
7e8c68a3d55af37ae8ad2afa9d0be0d6e9806875d9091c5305a631f9f466c6b5	73	36908b2f4e2687c085a9fdea2350415cd8fda565
c8ce8fb6983366c7fbe98869997c30dad29fd727a193b0f93630fedc82f790aa	84	36a8834a2059d6eef78aeb85e0d4c45886da13a1
264ff5543c0631e276e4ee12d378e46f9aaf7018e700bdccdf3c54d652e8e0a6	93	36a972ad31f601f5cff66e29fdfd7eed99a34b79
2d6bd9d07f3f186b04a37ec6f9a9bc995475bb98564bbcf916d89646924bdce6	110	36cb21f1cc8929c35dc2667bb9935af7d559bb21
54bb0d1de732c9d78b6856098260072736c28611d465357246d22716a0d52acf	97	36d26fe85a89589e08943674bcfc27876ff864e5
7f0386c601ad8bf861902ee1d08acaa76b564284313dd33512298baaa90e5cc7	80	36e42218e89cce09f71eaa2b638d102aadf98b5a
a35717a2d761f8c01f76399d7446c8b862940e29d83120db24218a48ee6e73a7	223	36f90badd04f733a8f2a41caad588fdf62e2e11d
1bde8e8ed18517682979b8dffa4811ab884d1681268cad09edfdd01a9206b033	80	3723d70addc8556b1a5a3671656e4a418e22988b
b90dbf253aa748b8ff2bf59f7a761ae986eb22ec3a480dc4fc130309009679e2	80	37664b2b1f84fe388eed04b215d66783d792ed7a
545cd3bbca67b90954e8752fb6201bcc73bdab16a6223688812cf6f441250661	71	3766ce062d54eb8960cff62cf7856336e7ef790d
a80f9af8b997b303ccb11082b5865d78cb16e4ceefba2a9eaccbfcc380cff82f	80	376e7ce3c490c6d7b39ee4f077184e29a9ae8343
c0633c819e89f6d4e3cb4fa36edac2716c560bf09cee3a6403f8fb013e7101fe	242	37724e7f544f9736e18ba189835f9b5283843fd1
75fe7bf0cc3c52312a938db2d15b4c736049d2a55306e7bd2d58764f982da70d	80	377a4272b828998832af21a7920904933bdfbba4
b735b6d2684dc01862b90d5be37626ef2ddd16a7c56dbf388669fcbf29fcf3b1	83	37d376747680011b1d2b42a0c54a2c3ac1c3fb22
fd28bfc3c4be653b9e7fa7b47897591427c8a12bf9a7dce0f30f4deb732f7299	80	3806b5b75fbaab34063f3a7f8401fc64420abcf5
0304dc86d08c33f756ee6b1d6a2b0d3a5dc78894d9b59c949de1f8a1ecc2d10f	95	381ebfcf69d41c6075d6d5ae5e41f003f8f701fb
247a374a5b2628bd33e1569126af230c554a0c5701428d9f1c54775b321ba788	80	3821611cdee9cb190d533b7dd991520db5bf3cf4
772b1d82720f18fa7a403dc51fcecf9a129507eb73435745b13dc4376a1b14e5	91	3870894a6d99b107b6fada3debaf9507c9a5ed34
e930c71dabf3580620055b4b34ae2eb9810ab332f1600156166299036d55980a	80	3870e9c8770734ad9635391c44faf9fb510003f0
482a2203386ad914ff25f11f2ceb7944cd1e40f5e01070bf14043b70e9b8bc96	80	38758315ec641037a7857dcea11f63bd97208763
6c9674f4168e8a483f1cbaf469c3dae598d7437e5b52cc2da50c05f19cf4f235	82	389f330751700ca13bb158103fdbe219641d1965
8d78a6de98b7ba3b829d7d43db3de296dfa7f381d879c52ba3ed92ea4e7f50b3	78	389f96248e7e27da32c0ed1a88f6bca2a52ace9a
0b804b74e37bdc78b922625940f3c3039adbd6b6e40d972b4c8898c8e925864a	82	38b26c3df65a20342dd15d0a7d479a784736c138
bec1038174059cb4445e5b35bf39084449a91f3aad30addc6549169590f624da	83	38b95c9745e2d26d9a5ac581be123760ffe91cd0
b84f935b0205aa13dcc7a3e6999d3ab5bd51fd297b6f6a3dd1a7ec200c5877d4	210	38c5b7e6925060ec74f89a972ea887c1a014f194
89656563d57d184269cd81fb58abecea5fb64ab8f79fef986bb6cb79d62e1637	199	38cd98d966953880079ebb69bed13dd35aeae951
6d673113bab913747439462cd5724eb8b518b7535a6b8032629e166deba8de99	78	38d1d7a1beea17ec894b0b0ff63ae5b855679f66
50148970215f286ad52383cff088502fecf96c886ec831bb513782161cc94a08	80	38f34c10cc3d26a1b92d087902fb4f14f558c354
e29034e8a08b9020ce18e271cb052421f7fbb6da2c8f139a51521c1cd8e3b5da	80	391552088915ee21614ca2ab7f81d2c1c7e3e8d6
619687da3733a8abf125eff73a7341fb2d70a8398655e93d1c5c4fe7ac844ba3	83	3916058b9965420d77a397b70d35ed80b9db8eaf
64baa6c6708e4c7018ff315cc34d810aa7aa7c0169db146ed5ed18079da90a86	83	3947c098930887c01c62e93e3ffc745c012510f9
b46f8775f858c07a2f5f62729fe2b410c8cebe90caf196baa77d92d6e6183d44	82	394a40ae9057c5f8b1d88c615e0957c25d649048
e9f0cd2cbfbe345397935f4a8374d0b5c2246e1f43704021e337204bf984842e	80	39739c82adb2617ca2bf2c5dcbe07a41c1e919be
0e158458069c7fff7b6eb7a4e663b12ef021bc1966eb69bae9a17aaa61e806f2	83	3998a6a28ad3e60e59fd92a604a75d01926c56b0
568e1b5d85868634acedbc4359175f3719345786d51726bb3c8329f16f0e9dd3	80	39a040f78a4593f7092cc862f49642691ea3aea7
fe98ffad8fe326529e68ddaf80b23b5c2db2d3d6e6697e36545eaf194a134ec6	74	39a3d539b788d021f6a9448fad8e9a99a246678f
99a3a7acc11aa9949bbea69143f137d7f889d11139467633020bb69f2fe2a3a9	69	39ae2d6f7208a7a701092118bce7d8cca739b69e
39a45821468d49a061e3e9cf6a1adf232d7f98166414b5de217d3b467c7d4236	102	39dd3a10e9672a2fd9b9124984586d02fb04b13a
c3d814df967413250f21395d7caa88c07171370aad1073d1899fb8160a400b1a	80	3a08a249b072397117c5fa9e4cb3e09a4eddf4db
ac33f2b53c5f39978917a84f13edc27db43c035ae81a89ea6f13d5b6a3e5b826	80	3a2aa67201dfca203980aaf42d06464c8faa65d5
25f58ac66a6f09dbfa341f9a3b831ade8183d5bfcdee13e073f99b6f093944fd	83	3a2d2c21bd53eb61025322c8c3ea5ee70420707b
e30e3afc79e1bd23163bc077f44b5352abf70c9f71c59f077d426e272b638fd2	101	3a38e57e8abfcf9442d6bd0714251e87cca22d92
ee7606ddc61982a67d4b0d2a7ef06557f582ca227daadb4c880829ef7c144abf	228	3a40df8735a34455df3dc470087e872eb807900f
3cbf01fbee4a8a786664e5bd0b06725c4b82a0926ce70e224bc6734b9f2c942e	78	3a95987c0bbe4435053edf08adce8b77e950f22c
5fa83accfe35a258fc65bf096cc2c53333ac034958286799285906702a121db8	80	3af18058571b0cff157dbdf5a1905a17325a1e35
a07d5e783310597a0060b85911cf45d66dd8d65ae061cd22616e4115664739f0	71	3af85f6d806698679b640a01d25c290f8cde16dd
c887b51a1eb91d9297abe334b836122fab5480d3f2301395f4a8de5d5c139a08	78	3b270257255a652aacfec4668f497adad1598947
a1da15de78a556689a50b5b36e55669dc4920e08deeb8274fb9c015059ddcea5	130	3b31cc8d65baaeb4a4091226b4ee8d64a8726b7e
8aa64f569cff7c3206e48996370b1779ca4639f55bc206b1f2285e76862b187d	71	3b3b4aee67897e1f811024c01e0386e02a28f9b9
50105de8632a0dd342383370ee1bbbfdd7ab4c31522eedf7e0be1eb8b574b25a	73	3b3cb01d179fb5cf13d8fd1f3431ab516cda7f9f
10c100fa00f4bce8856cca95a9c8c52f593a165f842b30120d226cc5c5baed29	80	3b48bcb6e483cc147faa0fcd645c4316d8a35f33
c63f4adc8b0d724863ab17b53e740f07853ce7fc9120085daa63fc3cfdfda36c	83	3b696d09337f1daec1adf11f1a53737564f012ae
820202d49a6e7c531df22e6fb84382305efa244c2e7d59a3dfec43e7d738ad8f	80	3b8a92857342b0ff181bbfb52512a070259dac57
b5d40a998d79257f727f9210a03fab71347647e68708f0d30a11a2e6f74b6239	71	3b9b7c49bfd8e98357126e35f35e0535691c9fc7
20a213b01a9c92291278995d27ddf3cb2b831019fd924c6c4b658d3fb4960b9d	91	3b9bff77e69bc058186b5e40d097bb07362800d9
0022daaa94cf83e6469db8d355daf738a8516f3bec19d9b8dbfa8ea0f767121e	83	3ba4181c17bd1d4902a64ff772326257c1a5e19b
c02eafcd4b90fc7c17179cee20d44b64f70d2d36551c63b08f8583a715bbfa08	82	3bc4e3619ce92decbfaea4fe7045eb532bdd2420
f4d30e06539b74e57805dac70f160982c19d4b63e55c048c56caf05adf15f6aa	80	3bcd782638b157d9e0c50ff26b1d6a162a34b6d6
6ad9a91752824f1ad96b76cdc472abc7d7843eaa4bb6114d7ef5c12742168145	80	3bd4f8928181e895034f5778ad5d5ed3132b2025
1d9b0e8cd27adf59988cc77a297a8209062035a8b09d5cb43a14c2b775e77172	82	3bf032585f4c495ec931bea159b0391056d32792
99733ccc3b7405372a0a010cdd658f50b54f3cae2622b2f6691d4389c7b795de	82	3bf0a56abbc81ecb718472aa4d6489bd57fb2c4c
5e4f1edf61b72aaa5830482609c8f47abeed418991bb5501153d0e510dd5b2dc	116	3c0086e98326e2cf6a21d7254d32752da6ccecec
057ad0922c488a901b14278671cecee99dadd2006789eeccb83c9fac46e676fb	83	3c04cb3a93a3bcc9fe35095fce765764a60e9b8b
66420715ac931a742cb90e2ba3b3b2a3340022b5d95ea0429c523bf64f15607a	82	3c43cb1f5b58e1014844b7c10513f89afbbf4957
73468562f185ff4df98028cd5d78bb45fb1a84ea94f431bee9c8d0c7489317a0	80	3c757158bf5f43264c0adbbffb290a530f3562ea
f01fb506c9c31f8aec3257f76b1086841e518d56482a1168bf070ddc30968a77	83	3c7d9d4d7845a9c348cbd93d491d4ffe9e6a80c4
2e67fb32f79410858d5ec519b4b9902315557eed289614508f06f59a1cf839f2	83	3c8f4e2eb4d8d0c8d2f17b07776cba54e4686909
daf88d919667c55e648ab7c654a27eb25bbed6dd91ef413d45f4ca3f775c2458	80	3c94e1392e72430adfef47d0897c46987ef7a2a7
40abfb355a5cf7479b7a245db029da978581a4af9f59960eac22db8d734dcabb	80	3c958ce834a3c23ccdc49afa19b5fbd8499d2a73
10d77c4c3ac16fc5efc21d1fb0b46217f72a35771cabb6e25e534b3a0bbc9964	127	3cc342c898fd52068ab3f4a64a5c1c22369ff707
727f3f81bb81dbcb4efed0f6864386b98a87e7d3ca2cfc71e72937a9df28fcfd	80	3ce5062d1de579f70cb861efc607c87321430591
5776f753eb2badeec810b98890e8b189b1e81592074aebf94da6f6967655ef9d	80	3d07cb31e7956d42c4a00ed933dbd121c3c8ab8c
aa92e35475357efdf35c563acb36b21d2a7b38575a2a7b9e72a152899c0c8ccd	114	3d0ab467c5b7a44acfa1193cf5e8dcb3996fcc4b
2312470b3f2ee5900ddede4dbb474825147a6046d62ce038557500f9e553662d	114	3d370df1453a3a89d7cfc23956479c004adde2c9
e7c32de885702137d6421d9d7bca21b3b2c0483346d558a20f21ded9028df66e	73	3d3f52917d13307343a27b85515229e720eac7d8
512ca4bf7e53f661d7d3108352ad475cc6162e8049eff8ef669b38513f3a7901	90	3d684a6c8a53561adbfddf1395ce55f9b1f5ef87
14eaa09c3920bb339b870eb5dedc204f555bcb6216a91cb9fbe699798e5a0255	80	3d78f61983ed845c4ccb0946d59e5052bea99c7e
ac16e275c150af386af95dd60b75c86b2c7e204c2ccde9862c84b3849a8994b0	153	3de5e532c82456754086304a491a20da69853cdf
f2487e1754ad49b711f4fdd9b3f284f59a8a87d8ea9aa9ac5db5cd50e9ec1f6e	73	3df13d886a172bffc05d7f0e9ff9996dd7c56a8c
42da86d4ca64d7b40f2db0f87c5d81e27a325dcede8f3740d5f187934ac22c13	82	3df8f75bda2923c8185611984c643e7364844b7b
bd6a1e3273cb475a7562891c3fab6429d20944d52475fade1ef2cfc58208f70b	80	3dffdf5e309017bf614848ceba75c922fef415fe
4ad050031945ab29302cb0de9372cd5b08a4353632b2cb1107728ad74c57ad90	80	3e068c31a8a35dd704526b2a99bb27e4da0adfb0
73bbb15328fa428171ad821ace2d8febb65c3edfa44d4b3899f8e12c7ad8b8a6	80	3e19134e7ab0acf92c73e21d623aa1663927bcd6
cbae857d27af476470f78a45be52a959cda3e005556e0a3b998acc18723544f9	78	3e6e10690aae8020f99616079f4bfa3bf9bbb667
6e2057ff4b76504cc2a10d516faf43660c60df42983db1caa9bce29e4c6bc359	82	3e77a129409efb091a11a65e779b66fa37624521
3dfb219f20cbebc4a0877b1e567dd3a4c49dda71e2c2c7c7bb1f97a8259900cb	181	3eb21f527fbef6a0cc2ace516e3dd7d570857d02
86dc223be5b2cecd1dd4b9b47e28e6ece7113c0799312bb0b53ae199f62cbf5a	80	3ec48cc0b5417fe746f07d5709d958910af48551
e6073923a3e17c0ae6ae3c05fd608a5028ca9580116967c46f2dfc126277035c	68	3f163d517e7a87361c6f36bbf21f1edc9fd84413
e9a77411601de218c3ec6accc26eb7daf30df20d5d14b43a8830f5ebf0bc9125	101	3f23cc0f313cc8b060ec5a1dd2ddadb58972bec1
8b467e1e6905889a9ccbb7bb34be4a71f378adcf584ac2f792fcb8e67ac698ea	83	3f29f8750c6d4cf9b97e8ca970571d2747479db8
7e77ce7ac51fe25238ae99521c78ee56e53cfbde35ecaeae4f32bc65790794d2	146	3f34729bb331f0156cbcb466eb38603beb9dac5a
36408c05d2c22f23fc8a4cd10d6caffe892cdb80376530d78804b8d7cfef3bdf	80	3f5c6ec74f0fefb65c3c55012cc037850d55e884
81f08f4bfb0bb6b2b16264a229c2b97e0545c8c1fbeacf18faf75640990d6560	73	3f7e5bf7777fab7b9ddc4d1b50b0ccc4ff886ae7
2bc60d8f182e6630c6b1dee8afc3ab83dc5560ca72f930c52f0e610745281975	100	3fbd30577650c514e1adb8a05956d7029f129be7
fba41817b44984a0135f989673f5aef0cf2bc0d68c470b7707d06979bb34e9c1	82	3ff593d12b80c8c927eca920222b8ee37e68b3da
3278cf35e4727a873ef75f5112bf66d5e0f5ffe29b39d2cefc540e4498cff91d	68	4023f4cf14985ec55d9f4b60b6320753b8068587
87b5c285edee8f82ba95ae4d837ca9207ceed588d9526d0c1e109f4aff7263cf	130	40442a7cb39cec4f2ed60bd0c7ef5f321d0332e3
9b9c541f99845d6bb8defbf13e0223cea9b4b295c2560012ee1d9fc17fa8d010	72	404ddb64840136e8fd47189ee173f1380f75da7e
a4a82a0967b2bb29529c659082604910d6efd773f1c025e4e504664f673890fd	83	40550ff5c6f4e17a3571b0facfc92079fd41b3b4
427e0a0f1c024eb99c6e230a629d1a1a85bf3471c7d15eecc8c62bd825f93825	80	406e2f72845f02e83057d61e7111a117a12dedf8
1bb5bd3e72030a048085b6057ea93e1ab03f1d0dae63cc797ecd8e954cde8a41	78	40791c52cb905f3e2bd29b6a044d54f68691deb0
6bc3f06c3285b0fc8e552a7e7fe89efe265478e9ffd8232c994ebdf900b1bced	292	407ca07a1d6b7bf36fc57e80a55d9b5900f3d500
03c791de4b64a7412603e68775369b10462d3a3b424f9b0ac5aa0cb6d96681f3	80	407fba100f2f6f03946963c6e0ab9fc4c02d4ddc
91de5aa43b20a0cbc8fdf2dcefe73f24e09d2e5a73bf955ddc93de1c2294655f	80	40a0924dad1d61e291aa371449bd2e2fac242ea3
11a9ed22782d977cf96d91f5eceed7fc8ff20574e6e4788b9cd58b57a544f718	71	40aaedd1b189cb3033ee57e007161c112d2f3f88
70ac822934d2ae2e42e502832c789d9ed6771e7ddf9ed8747f2119fe3cabf891	84	40cfe2984859d2e8f924587f74bb5669a0ba1f45
530cd9e3a60369b5a2d8664ead4bad7aee2462192b714d7eb2da9e6e6b785e84	72	40da8253a066150122db4e6168d3459c5b9bf5fe
31a924a0ab4efd5a59ce81d5608982bbdcf04c023419205f7b114b40216e4a2f	74	40de08a4e2900b413ad6d274894c4c40a298b9c3
68095cc7cf3ebfe70c3daf48d4881d2f98e822b751bc9a3f5dd5c1cbb9ed7e25	80	40f9219fae700216cfe2d31810199767f53a3c6f
96fe544ee3477cbff30092e62ff37e0f1771ea3ec40bb9c9ac4d039ce7b5a0d5	82	40fce75dba93087a25c260dd96635391421de394
08004e793d549e4d8759dda4ee34117ffb3b95932414054de275e17d15fcc002	80	40ff6aac5f0e52c1558789ad23a9aa8e050b250d
91b6e0657624b3e938982ff87425727685b0a30c9194f2e0264db1769f7b0db9	78	412d165a287cf80e7b0c906d1b995174fcd544fc
d40dcc7d82fcb3101b662705e3f1f8c2a590995ce5f9ad5192e1bc97c93a0783	101	4158b2af6266af40639e059de3971053ab6e2624
542bf3fc377355dc08945a74e62790e5da4863a27e1603ceb9bb875b2972e73a	101	416a92068269fb8d946ea07e85b82e5d706c7bd2
670b48002e3e93e5e6527657aa9cb13568d00ae6ac42b53ed41694c5a1879317	72	416efbabb52afda85ea714e1f02cf44d69cf11d4
c4e282a8ec5451415317e884ff7ed705e1d95f24753e42756f23e243a4a1a6a5	83	41a229f1d3f4e795df1985587d18d0b5bbc40ef3
bc5a76341742d99c50916603d4893cf9d007491009d55139fa4cc7de29fe4aef	106	41a22fc4293c05a08ec7f423bf47d94a68f8e15f
0e2df3bf27df420d24caa2a020256ec2b7db62945ba47951cab4a84e202bd4ad	116	41d62904d2ac6f9717fba6cfee97d68b00ac42c9
9ef0dcccd80df026dde9ce16975e65407bab15cba587fe706b4883c11538dca0	110	41e5c5f5fc93030f3e5024ced34a2d4ad80e9c5b
ed968b3f17c5ad4e0454ac23b95345a8ec7188f40485a6069c9cc6fd9365c33f	82	421301a778c9e09dd8e28d59d3f58048f91e1675
7564a6ae8890096b193ee923f245419959b121c55a130f28b8f5d32e2eb087e0	80	42348af60ba40ae5204e8ea942463bd192350046
aad2c236ac95d42d978cbcebb82112b1c11db073f53ec3ce672a39413a741a5e	84	423e45895a53828c990e6bd2660814b61853c895
001bb3e43f923cd540ba9543d47994e39ec5049be7d4ee7d866e3a0ba70b5daa	80	424ff8c18a147a3bc57f6520ce4554e02e14f6db
255b510820ec9185ff25b622a8f151fe374587290fc255501837f73c7fce67c5	101	42739f62b4ee5d8e0f65578b0ac6517b80f50a3a
cb126781932d995c5ef6ded5f511affa2996bd66f1132081a150219650cabfb3	82	427973730d377691e7a880fe986106b7191697b6
29d62f8487fcfc432b42481b9345fff2c4682def0ccf8db8c96757799a3a944a	101	42978a294321b7885bb981d22d20e49cd23949ea
1b2f4b724e325694abb512f2e5cce8df5cb25bdae5453f82908fc91c74a4a58e	83	42ff2ea83b0ac8d0357246e2429df826ba3f680c
aa6ee9d85c96c7806383355568277e67a012700ad1ed366a9d4cfaba6fca4913	83	4312309d86605fbb233f03916114c27c8b7c6371
92aa79285120201baac1f50ba2c0a58ae493305b2f167281b9caf2523e426c90	74	4313035aaca56041fd1f911fca934d7aab98d183
2c7fbc85c563856081f0a9c8b9a72fab5168fd6b9dc26a040f952bcb97c7bd4f	316	431bd04a8981a3b2ab5c74cdc866da0b05c11c78
ca93fec0c746cfb68292871a99588a067e64817bf5c943519a650dae4e41e227	82	43396eb5ecb245821d665c39f99448bbd664834f
cb90b16d666e68cf4f3752033d0d694482af8d3bbcad34def1c8cc95a7a28e5e	143	436eb6a94dd895a1beb1746279dd534e9dfb43da
699852eea6197eaaddd0b935a2461304da0b7d289c77fc2b42666ff1a4cf3d58	82	438c8452aff022c95986a5f7d1c832f306c22ac3
c7312f9572b1b962e0407b2c2a8d430d90cc982361c61805c4435ed7f5e4df72	80	43d24afa2b23dc0b0a45b50ed324391427bab217
acb92d945d79ce53fc9caf16c804aad4d5c0ffbc6f0b93fd2eda29512b7bc69c	80	43df51d0dff3bd523b5b3fce65250691c2fd8266
07f4f568f7908cbc99d1faea3553b6829182379b9c1fbbccaff5d8c344df24c1	79	440ce10dec747bde7cf7d6aa79ab06ae643bfd38
ca01360b4fd19f3ae05b3b38791afbe826ea1d4400d367ca803c6e289af9fa64	71	44177976d64adbe300f34676882d938327289fcb
9df5ccc16d829ee4ad1df2a851f11fb08b381aa507fb965628e18d9c45577414	82	442ab780d9b54c84a606e5ba3fe8023f46be7ded
9f3bb65830faff839121b19dc57811543adbbb38b02baa455075e3dde6a61aa0	82	442e882995b3af193a6151c5a2b919e31885246c
e56191b71e6c5d188189bb3845b753bd953df72515a9281132240af994446b9f	80	444a71a761d034a1ae5c093d13badfefcc4434fe
9628c9c2f9de344b6bf6103b3b0306a1d6ec151d4db5d816f70b2bc73de6e54d	78	4459c2c7351734026cb4cb32fb9e26608d1d896e
2417f6a942f3c24985d17e26e391b40813044b63938fbd0abd8b11fc20c05f36	71	446ee091a6d31773975b80eb5ece442e567d2fe7
311518242a74c81dfeae73e52c3fe7a094f502bb9b0c0844367ba14a1cc52575	80	44b14da1278b7ba216acd1a4c307d22f34145c23
218e18c9940d350582801a16a95d44b769c5257532818f5e271a8467cfc112e6	114	44b1960f9942313eee56bb6dc7f05a3dfa22af1b
6dca83883359e7494e4606d0eee8ce88808ca237f1b2f8c344becaf7fda05d1c	101	44eb582baaf6f158886218d95ce21cbf6c505b06
2b01d20e9770b8b2c93b8bd8611fb38f2dfc0e5d5ce859b124f99fb72166eddf	112	44f76c7adf2127dd856d990bf2696ff5fc2e78d8
08777b98a106b007bcc73c6debf157c325dcaa45254dad1c3ebba6e8b53fafac	71	450e86208501f6fb8380b62270089a7d90bc50bb
64661acad7e80bdfa08fb2d717f8b71214a34e50108f5b91ae0aae70461429d6	82	453b09afcdc6dae5c12bfaec4cbe34334a00d6d1
ec77ee27ec6c30056a5f453f35137ef94905bc9b32f7c0adbcdcf3107214bc26	102	45522ba4a07cb7bf8aa7e72b0178f151fbfb35e2
1b9ee96bf2a627884d4c596875fe02594e38bbda1f0f89ef7279d93cba452e88	80	45659e4e2bbd820f6d88dd22365f67011969060f
5153c7e72fc5ea9da4448e850d3aa8800ab1de484f5cb8d82ef9216d260f9977	82	457da9cd7259f846108e44ec9c265ab73df81af7
a798f71e5f29fdf6b9f159f176c36295e34c3f5d51158c20949449d4abc26335	73	45898f3674ea81c4f3797ee27f8ad4b77a41fe18
5ffc4c0f2636dc08c9d3d0aa4ee6a62c5d49c21bdb0b2bdc71e76d21daab87b5	83	45d23caaa27a16299c5263cd64d8e0ecaf0878f0
b86f0f252621e82e30fe950010e21d6b4fffcc9ce5c7208ffe5b18304b395b3f	79	45e076a609d5dedaba317a4c813fc76b50f223cd
50cf9aa07e9f71acf3e5cebceaa37b9738e6b98d0f11ef931e64de1a8c9708be	191	46121d07b9669cf353e15eb0885c9a8043b4e6c2
b0d950fac531761d8826438cf991057e2edbda68812d9454ed1769101ab68108	68	461df05bc9b221f954b12b09610bb4bf422655fe
3ddbcf630a9d0fc95d0e08b95dd2abd42ada775b20cb61b191767d59490eafce	73	461fe4db9ca1eaea457a3951bbc23dea39c46378
1d827f9c1da5c72f6b7208f84361e17a5ba4aa7c7101bdbfe073988f2910a1f0	127	46461f8ab7d5c556d252b0557b910dcf3d44babb
e655c9e25d4471e8984530633414a51aa58d4ee0fe4656955bde23cea2e7fad0	80	46515728a8cffdd9c061883c58cf11f97bcbf46d
19d418b12e5ba515daaa8276982a451b3d4916f55fd26ab701f1bf6d3f92287e	80	46760858bbb9cdc91d5ed37d58efd3d7f2be04fa
1dd4c6d8b54d9ad76f1948d62c67a2f51f04d170250ef56349f7648d019332a3	70	468a20f9496595f7a6924ad77383abb957e00949
64cf263448e6e7e97ac58a32c8c49bb05e3082976953628dbd140bea988dee59	82	46a3435bc0ed20f10585583596988632156b2f11
54bd4867f5b7165e0805c0df763ec552daa74e0d5673cb991a015871934d27a3	97	46afccd4aadf6be0aabfb90a7fded4f329413302
16fb0a76fc4d49baab32da8a0df4e1117f84c9f6147cf428574d73da6ad78994	130	46bd9b4eb428d43c7c43369b73b8be36e7c11c93
127af58f686a35a2a9fde0b5b81436670931020f63287765d0926a377bcc266c	82	46d9fa0144a9eef75d9d6bc0bbd7597278d44686
cd8fb3c7d06b3abc6f65993d1ed9d086e81c106c989535e64c5d36d62c9ac51b	68	46fe3762d5d39d0a8deb3bc9bbc0b514a4ffbfbb
9ed098f4a14da681f56c427c9896625e7403904f7a55846d0686de19d4a96322	78	4709d69a722a8b8706c6b7a34eca8e51ef58d929
12e5dfe0b3626bde6cb1d32181d0fd901623b9d69ec5a5dcbabc80b6bdc7e470	93	470ad5ba4017c8eb94817175f8d36a67aeadb639
f717a317a942f6dcc34f60d86fdccc2ff763f21bd86258c9e4df88b04d4b4aad	82	47370e3954565d978d68de25141cfa4fb6c2b14d
28e624f016085044253dac531e2d03d82e350e9c4eea7035ce93654cea4179fd	82	47414a39bb80236ac1a64cd529b4c9d49b6a2502
18e70b33938d26581faf42a0f9af072e06acf5d15fb5b7c729ab8bd7ca7e6339	82	474ecda862488343a8a11a74f3116c8754727660
266378c439f2140f5e583a907e13a53538f7406559322d79b963fef9fbfb3fbc	83	475372868b574c039e709235c0264124541642a8
f1210513ad0fdbb207200600d87334dfb64110add1fb14b218a908075fc8fae4	80	4765e91b39d5b2b08186f8fef13218f42c6b7142
cf3d149b436aa80dc0cef202d27bfb879855a41d3d8b56bb949d742169b8e6b5	82	4789b6356dcb3da28aa413a43d5e3c4a584e93d9
f5e5d63b0b350df959326cb64fd661f81ad252513413decc8367906d3b8c17d9	70	478d3ec749caf90b40d9f4450d9f45e9b221ef30
2c0fe28f8970a47b94bc3150a8a63a26995a48284583fdbfbe9f89771040aa27	316	47bd2e432e6492051d2bd0d0025670193e9d3502
e612a25fb3bdf3a9bab853e02433a967990e200bb27be049c872fefe1fb62684	79	47c3b6fa542635820b276cf492d4f4f57d22d4a7
58e0eecee12b27e17a41ebe03471301fb6f5277db42550dfcd7a7daeffc3eeba	78	47f675cb01dfd9cf2a0b1930b0afc3d643bd3ec5
c3a172f4f72e45774ec8e8912a094a02ab6ca54aefc3e3b8ad43009972758bf7	81	47f7c3aaaf621070a6cb35660793acebc55831d4
b6064827352f8b3c8036186be45371d2fa738a26f3635834187f02561bd57a3a	103	48076fb4696b7182db5a4a682c9e307870ddba03
df0ef4b7873f20e1bc3c550e508aa7a1688cacd7f9f3cfc517d30cf79c8e5a42	80	48366043d88de129a782af84b8e953079a9d5416
a49ae3ede6ac96d09d7d36de33323ff6bf0fbd304cd95331b26787782fb4733b	80	4859813a844732f87158cadf9a9429a238aacc04
282a931129d2118cda3f31a466e351ff238957472554e9dff4e3fbd445a7e0d5	71	48624a47fde565cb5c7dddbdecd269d83266ec70
93c7f129628aef78937564650b1e52b527e7fd59a02d6b2388071f9f4cf82e9e	136	489a147032a09799e2fcdc193a38e795d8b7b5a2
6c69c2932ba91c0a19819ce7fcaeb859b135c974f787689c480649f9f0dcdb2d	82	48a3dc7724fba92d16e4cd854167676ee025b199
54f189184d4a74f8f215a4ca5ef4f31d54aaec364e97fb5cc99731b4d3327025	82	48a53b231f05999aeb8aa678079ef730f4841179
1977e1e764e3b4aa97861e25ab807af81cb2690134ffd09597efd01fcff6bc95	80	48b2cb36bc9373f4e0f84ab5284b096769e9122f
4c5c3210151dcd08b881eb463628873f93439e72190e80ccf8904054d66fdf19	82	48ec0cdf7c5c17bdd60957b557a243daf6459485
ce6ebeb136ca1d99d3e7b8f6b47e0c58e22fa8f92dd17d59455765406285a98b	104	491de7abc050e22170cb144757a6f5a2e78f2b82
1549ca1ee0b3602b969bbb670deb30f0777713f3c1f523d47d01eb9329e0a684	320	492ae374f771cd3c009956e348188c9e0a2a729e
245498e51f9b799737156075e04c918e26f0bdb6c18a0e8d7b9c408719a2076b	71	49521325b349b310e033603000c2b8f45a73ed92
0078013926dc5002d20efb6a55488cf9a6f3186f867206bbcb8d3d1c69343eda	108	496a8136742f485633a162daa010e6232d4f6560
d781b68073654ee904df2e65fac24fc610e3f4260ea5d470fd4baf4e1a1791c6	71	49765c8cee3704611bff101a976754c2e9caff77
c6b09d1fe701df4b82e709b71636d9b1cb60f62818691ed1747c2e33ecb899d5	82	498850e98882efa4dd60b86f2c4897f0380ca9ca
95bce89cd07bd8e23e459aeb3ae21c042e3b41fd61271ac10c3b3b92a45bc55b	80	49966ac3d27e0586cf16e9f2d8fe16f4e7e6424f
36710e5cfaa398bc477dba9639078ecb8921fa425a485ee601ed6bc06e384a3e	108	49e1dba913f5755f1d299180e3e7aa02e1d6272c
196215d227f42de2077dc87da768831e5135793cd706627f20877100704e4709	82	4a1435f5687b35f010ac17408f2c29fd5b881ce4
223fd867aeeb06c4b8acb82ddaa224196cd28fd640693b2c2f6ef215ec504bf7	83	4a470bc1d2990bee1d452fd35c22df4022ded63b
01a8188c61b23efeb49e8ae14f96372e942bee51075574bf2cd5268d84064d09	127	4a612c876e4a9411a2f7834fb3e1aeecb79413f0
3d9176bc16118de64e3ac1fe9893e7682ac5f6d02979656335800318d4b46d4f	68	4a76d3c56f83e87a1c3276b4c675c1cd904f766e
f4131d665bc3b40ecd4251c2e8916aac6a15a76849510fd0eb31460418ad4a84	82	4a9e202b4532cb1058244a9f41174d744d406374
55d8a00fe82fc769ae783d110c04c5355d12a3a84866547446a0dbc1dad23f8e	80	4ab4ae630545465e554ba5a2203bca03e36bf8c7
b0b83374bbf0de78f34508dabe46cf828f769d007a6e4b9dea1f6fc2da939fcc	68	4ac05b1d672788188d62ba79ec050b53d99bcbd6
7b04393ef50e4b620051d869471f4e3f0ad5b7ae7fa557c53cc4357e0fe65f7a	82	4ac13bc5197286755da1b8099041f67b7663bb8c
f43aa15808c51a16481ac3d509782a99182722b9632631ab6ee77eb56b2f8ff2	82	4aca3fd233af4d544297d757bb94e81798108134
d5167d87fcc1a87b950f2c63fe8f9ab538138b6793e7d1460e760c2d0a0788ab	72	4aca9b0b004665769c321ffcc7830a6eb3164f8e
85d325466faaf930dd60d7281d0201ffd452a0ba30f6806edbab611ae08784d3	83	4adb93b198b8e4ff2cddbd2c5a6923014068f12a
9405d1589330867064f86be2c16197453feb92785d8be947c807a0420d743849	80	4b07a174b3e559716f86362f46358c0adb1c0c3c
d4a4fdc059bf7fe2eb10fea513c8cd6cde1893cb2a28caeecf592a15f6a07f1e	179	4b19c5676afe53ec92f401729010a59015cf406f
2448961d03d80794ab65925f7253d86811ee1acc632fa0719187ec04b701c7bb	82	4b54ccb0bc66f8bdee1e4d7c09d2f12dc103520e
03dc2f4f7187438d2dc9e41a7cdd8d293d578f2e63db542637c36b7c1970c9ff	100	4b7c9fea463f96fec072c6d4df6739540d97a6c0
1396a40f8bc8d3fbff35314b6d5d1f4d92cf203796dcdec9f56426b75e846d12	80	4b9f74eed5f9ca66d026f6b8b38822aad09f04af
26ca0e6bc7f0750f304e886760451c5a24527b0c3ad80889f5f32fcb3c9fafa8	71	4bb0dbf5fcf2387f367c6ab09b60900337973a6a
c0b531612ff7461e6e7b21c44e62afacb93e27c5f914c1a1fbd1f0b53c125226	128	4bb6c757c4d47faab89e061f88ff26671af6f11c
d25ac64fc7f9a4e2b0183af3843c1b61e6a7c12ab4224ee7c9486ea605ebc4e4	83	4c082b6daed877e2f7c5c24a208449f415b51b79
b2c7c2565843fa9b486ded87272e183706aa3855e0ae59b1279fd505acc1de46	80	4c1c2e580daddb427a28b18d0a6e2eccf2555b7a
6af28d139e75998288075d5dfee16d60e39700f65b35e55f6109ded87384207b	816	4c29eeb955ec13ed844a24cae1ea15babaacbfaa
a11eeb11ef2cffeb59d515a36b38c671d2a21aab265c39fbbcd573a297675930	80	4c34234ccd7365128a4430501346fc75590409bd
8942552b3812fa84601491a61f414e6c4b1ad0dd5040bb82cf73ebc92c55c902	83	4c4d358897626823c67b55122cd975bbfd6faa5f
75913441e17bf28caa5887209a981452593f7b391c9624774f06a2239a098847	80	4c72fa904d3c59960430f2ea9feb10c3379d1362
001daaa74996d4a5904556a7c69bbe12d0f680efac8738e2c505c4d1112172fe	71	4c8452d48cc7fe5a548576a24a222c418e2ef561
497ac3cfdf073f1d5ec36022d322921aebfdf32689c32ee94848e76d8f202e4f	72	4c87c0f15895ca17aa2b403ac6d45aff542efce6
e3aee765bc7db2c8edf7e4d498e34ff5b1222728edd3ccd3d0b272ae4e3160c0	83	4ca5eef28ede2c512fa66a80078c96a2f87a4a99
856742a65225c92ce982c30998dbfbd970d6337f9db02c3ad78bd473c38e63fe	80	4ca915a061f8bfe723e6f7baca6a270f495aff26
1afa94db27d1939363cf10273f50c5cb8c37671137f82849ea173489479444d7	82	4cadb0664c72a969cba1b5dd1e9dfb7b20b0a271
a0f7f28c5a03688d48bafc6c49c52acb05780968ecec20b1acd0d3d7799a5670	83	4cb44de7141139d882e994074a4cdf87dad83245
0881699d41e99da35d148bb8186f9a583f58edb96a54986c5475204ffa4951fc	78	4ce572fe4fb73784c978ab619943e4522d2b32ad
6f44d0b41d7e7f384a1b83e8d101275efcfc3606ae35797abd7cb87c032f5705	80	4cec98a342164865319c2df1c8152b4184479264
01e1c87c268f1012a05ea78f0554f5017f6d8343fd62fc36c214c6b4596b7142	73	4cf74455374014ee6e2a59b02f10336d8f1911a3
cc0396a7aa892e21c648fea63073f3eba2c0ab9356b2227da756881b585b7cd1	79	4cfa53ceaa993af3b5d542104f9cf2f6927456fe
ad1e4c39f9ab420574224f76bf5fc25ba812e2969e98111f1f667e1b7d4e11b4	131	4d34c12e17c16c6d86b704d42f592ee3b1e5fcee
e763c0da814ed49e37de321da708a30bda8d5d18171c9d786d10a296ce619b49	82	4d62fde54fe2b8d90d4d5c7b3d480f488494b9d6
46fd6eef5b6637af73f8d00a46c9c0db5b50cdf2bb71b16a71fd71281d7ff15b	78	4d77ff5ef0af7104e74617a6b681fd6946e8c5de
24930fdf8ebca1b013c03ba6ff8621d090805289c05855c231de9ce478cfa537	73	4d7883c7cfcc2d7dab8b77da8d7c8050977c8c3e
cfcec747ece6bd3d06f93b656c71801af995c24b11db836eac92c09800cf2cb6	70	4d78ed5fd5757e0929bd2f898b5f63e32555ea7f
7d71d779d6dcfd114f0b0ebb077331a8fd120f711ab872d47b1e300284b50a01	82	4dbde319b99d4c3373e168a78b52d06920987694
899462ac3f5c8212c940854be5c13bd2768e677e45789ef4ce34dfcfff1c7aa8	83	4dc1e89ad5c26eaf1b46a400534916be842f613d
d9b8536ff1a55774acbee10eb3a1fd0b0c82ace516d80c1c9792dfc4ccfdd31c	81	4ddb8b457688d319a875e1472a7574a70782f81d
1a94c7bc734f6b5e89f70736460ca349c979f3aada04a43198a2f4954ef0ff3d	82	4e07ce540c1b1bce25dce277f3daea7b0b08215a
c726e6c41e33c3de5465070acfa9fb2222d4ddf6aca034a8b54fcf43de8be443	80	4e168217fbbedfa7a77db46b560e6d9e8a1da31f
0c1240cd30f5672a3c48d1ce02755d39c47b4b971c83ed872d2cd5e8f2a2f3a2	80	4e16f214e1ab2ba601a11c5639f90565a854a188
d819d166acdb783c9f915b465c4ec5c9fb5a86a4c1540987e72d50fc91b4a084	83	4e428622fe7d8100c4eb0c5a963de43e4028e776
740e3e58e477276fedc7cc42817c12fc75a2f4949fa0dfb9265891e6a236dbd9	101	4e4bf1fcf43ff66397aab09a7e73a5ce88a36511
9763ba3d98f2dde039ba04fd23934d0d3cebd0c4c88f28c75b0888afb75c1151	69	4e510ee3c536e72b7df525a44ae11bddb35097f7
f6238c66d3bcf666248c684927d5fa8d6e821086440bc80741a1a867b7e6b8e9	71	4e58c3ae4c4d2d754fb1c5633f1f04e19237dbf9
c4af91d75a42892656f2df0425bcdd237b038c4c06c97c0b1f02c9ad1e028b04	82	4e728cec12845025416d4b3cf49763f66847a0f7
c857902817df7f893c7cf66667c33e90d9bf66da834e01f1772fcc6bf5a94772	80	4e7a918bfcdf8447b52682785da82f242c294a7a
4f5e30aedf6ddab95df618d2bb027b10db3b93d6fe3fcff8bdb51fa5ac9908cf	78	4e7de1fa9cc0c49b9200c80190d40bf9129420c0
5babde68f48de465b92a8271ae2fed9828dcb7a397a178c41e00d25115e7ac18	70	4e82effc03fbfbb3ce70c62e78c80370b161530e
ed60323c296859c1c51b82b473cf23e780c1bb138049a2b76fa0eafadc22dcdf	71	4e871eb0a420815e2577adb57355ad0d80dc4c06
143e536b82273b3447a5688f26329a40859a83ddb714a259420f2812d61e7581	109	4ea2a0950cf3e4fe69648c92a773cda0aa7fbb5e
96ecc85d0b068f0ab3489969f1361896c004045ee2d47a94be07a4e5bf119230	80	4ebce7f56cb24fb27072bebc216581f1c1f85d49
9ad3e6043fb4e4ff50ed58203a7a42d3a301af326ddd56ee03139820f37d58cb	68	4ec673706d3e73e3d209d4c5c5313feda2feb1ad
adab6fb928ed6d3f43d15b7e53bf9dab4f8c8b1ae8a8e610dcf9c5da52405948	73	4edc62df751350cd991cf97c53346e691c82d450
cf6c6b273d4cbfbdb0a8a8407b3942e118c159c00f4a69e5caad4fdac26cf2c5	80	4ee21fff7040aa2009c602f733cbc97b3cb09202
c8d7bf3eaf1eecce9e1e882f4396fdae50ea1a36d386873d21a8cc44c9185075	80	4eef1116b4538e9393c7240a60cbfe69ee519645
9f6589f74acbcc9b386d4c78d32493c0d47c820a84d1355da3648d63d6b6e398	69	4ef0bd6f0fe2be7b9694c6c0e29b525ab92a1252
5a175218963813e81d9858375ea4c06019e6b6c0a9bf2acd91cf74e8fab54323	74	4ef88e9ce2262b8f3834b4ab7cfad68e6fe14bfe
72e6ab114673a6a37d259b863017c5d41c8ff3984021276e145ed639b8f5fdc6	82	4f0fd74dbba22bcc9aca32b0d3636e2dc799edaf
c79c249d2cdb1a50e26663afdec530e9eed22e3c0e055c0b93eea351f257bfba	133	4f29237744032a69dcaa150439a96b1c6ad76a97
2d53518b2c2306f69ad40aa01489ba0eb894d3eb868de918b6d763a9ca97a673	159	4f2dc410eb283d461274b3642ee07babdd6ac9db
4bd1ccd09a335bc108603e26284f604181aeec7c526378103f915150a514bee1	80	4f5105db109d275681485854558c76190aa0c72c
e539973105e28e665acb2126bb2c88eb68fd6887dcb5bc43ee1f34a2b8b9433b	734	4f77d2ff00dc921ab953c23d38cdbaf00b1d86cf
969c99fb942f8b69d1e03cb8848f7c9273ee4d905d513bfe6b99136f49d8a115	82	4f7d7ef6f7ab83f94602444ccce3d04eb1ec65b6
b7c919af6d1d650ec075ae9c85c7053d7649cf50daf0991fe535d9eea24f9c0a	83	4f87e1ec4a3478aa3c56615d340a4fd0f86a7ab1
66a9de329b1ea553534ecff5b037c2d7bd60cef59090b55401fdc0e9bb96863d	91	4f956da2c37a820237362b89dee098ffebc0ff07
772d3ff4b0144c0aa1e73aeaff7f83ce43f70529de57d21ac3dbb6299abb1ad1	71	4f98654220d7fc3732e35deb4f5f5a213d185c4a
007f112b5a8b78543334b789ecbbd28b79a0f4ed05bfc0d89ef85d832d8085fe	80	4fa9305ec854395e224ddc98cd95ebba6e89c30c
556bcf3c629065c5b81d9469ebf426f933bcdca0110fd2b2d4d168bd2cf5f7b5	83	4fbc430639e08b4fc7b5c58874ea18b345eb780c
7d9b7eab4b72c4d8c2b5a064a75f5ae32dd5f88c400b3a055911dd9ed59b0a52	72	4fc426cdea35a8938a608c4e466fe10f9cbaffcf
16fec5cc4c25b371ffd57279857a30a4e32ed72aa8b72b69bbbd6c8ebb83d467	242	4fdf0d9076a683fd81707df0b965c98b03a9f108
54503410d69cec0d30d7b649501d399df396411617978b47e9fb0a3b87cfa35f	82	4ffca31d1ec804894ee74e8f0e7d7010bf93dffc
668f41529db8d98035dcc92ea300a7d5bc1b70fd88fa015dd4e36f3af1a155cf	71	503933c57b0ffcac9cd414416e4011d0e51d7cfd
fe489a8db9f46a74317fed97e6dae807b200fdf6161b22248e36500a4b7ae0dd	83	5059c4ad31884aed21a86de933929b059e4292ad
309069067f479b04fee5abb54b0137724deee8384ec7890bf16fa6e5da073390	80	50740dab82a75dbf88304f9948ce27c825d3878e
92b6287f7fcf0204427a392128681a95679062b031ab63b7a6bb01fc9cce44ed	80	50756cbccc12983035ce417bf76c07420554e03c
92e1b89f04b3e0e63496e6053a9e7a10da572dbde66a180ca98b3925116757d6	78	5083149c1cb833ed1400cb28d5df0d910543d826
a19bdaf0e63a737dabc59e4c4c04db7cbc207cb0b5b27e5baf4c6791186e7f90	80	50a8edc3c240d3e68128b6dd7d7c36e356991eb9
ceb21f1ee7532f90aecb46ac537955b6971d19d5bae5b013007ab508184529d3	105	50afebe2f9c978335d3a5b696bb36efb0af07f99
931c0cb547ac3184d4c20f1e503b381836a3cfa38d74594f47990930e16a7dd9	82	50b19f165781f972534e7874d8a63b58b4ff62ba
dec1d535f42b03a18d8dbbb6cdd4b83fffa9f528cb450df34c79e3841b32d64b	66	50bb792a658b729d3a78d77806404529df7dbd83
21448f24109f6c9ba2884836b3e5190a05b6644de3a45534dec5a790f955043b	82	50c39d86f676b6e15a054afe73a8baab37afefb8
616099780d4f5ba9d69c5ccda82b138142504c71429d06f81c0d5721449e84b2	82	50cc410c2f947e8a73c65eebfb6d6d080b14d459
8546b1e69546779c88fe3c95eca71560484662c07504f67bf764b31b141040a5	71	50d037621fe48b5aec56753290ce888205751e97
5d1e032ad1a974f7ff4f80824ff245b1083482b2a9e7f07740ec9c4596169368	208	50d4b99414e8a5fd310e8857951ad0c57da3bd48
9fc43008ac5fad0bddee80d6374eb77d2ff376acaa4694cd7d16069997e1fe9a	71	51018a4f3621fa02fb4df59737ec40efadb00914
e20dd016b0b65606bcf7622504984f3acc06e71f3964955ef1974099948cf480	129	510d62c3cfeadc6a0aee9a8111325560043a4c34
16348a9c3fc4213eb298c5850ae0905da51612cb78074a25fcbaacbc469967a3	119	510f739a9e4c585f9eef5febbf6a87d7fba42b34
df79d62873b3620253c72627687c066cf4081f9b3e3aeb1524a5b53e8b329c1b	78	510feaf0336f51787c15fd980ce4ad3a94e02da3
04919b6a1360164d550aa95d3c202a059573c7acf534f1c6a452b7f67a4c9ffb	80	5113c3bae53780cfadbd649e411965b04efb4951
553deac6bb490b6e2e0b8b9cc87c7f5e1286de6a93d0c818da6aba5d9b026208	82	512301622ed816e3db0089dbf0ec0d0ede542d7d
df58955a358dde3b0484d88217eca685568f43d2f66d5ab62276f59cb839033c	82	5136ed9d4965853056eb1ca25ea50275cc53b403
cbc6117e51e20b2f4c0e549dcaba6a848df6dd830b095f1e05b0c42e10d60f1e	82	513f404edb4d07a0593d595d10d069da747c0d11
0795b69ea7acdebf7d0ab92521fd97749a1075b3202860aff15e491d7b61afe5	136	5150d58766fcb9e1a49b73705e36e57fab133f69
9f54b6273b04cc99d3bbbe9c381f17c8f99cdd2ebac3aa015d8a8d425b53bd5c	82	516004b1126ad840cee155d78a0835dfebb1c296
f30c4ad3592ea5ae17dc88fa6043a0b5641c7a5437efa3cbf06f15c897b96a47	83	51693b49ce3686a79fb37f8826ea8cb99eb76c66
55ea4e81600426366c42cb182b31e4c37b3a0ccd4babfa36459ae70c3c11f87a	73	517c18982efb9a0abd50a80ea76040dbf0d202ba
3f7389ee1ac31784a7a387331277b6b39423f5cc407b20f53321fa62598fdc93	71	5189e317c2f8e7f4fef4712786f48511d2e4d4c1
6a898227cdc49e32ccbca0c27dca4faf43843745e4db78956a8ce59f7306e132	72	518ebbab80a16f2323ecea875a01eee59c2df830
6b37a4099c35d95b4c1d7bdd0e2a8f16156e9588ccecc97d98ce5e3e64b06698	83	518f19dc1633d1c72a70e0280ac8d664ba846274
dc6d58b309a2d0994a73d6716ea381720834f4014f894c5c7a7a7c6bcc855705	78	519e60cfb25860c563837ab5690cbc9a8f19fea7
71bd1bfdebddedf7937c902081f791b903dbc6346a483d5fbbc155bae7022e05	99	51a75df8babe97f32b2c8ea67110eddaa8ae6cda
17d1df059ea2634d3a976e14f9e0ff06c8ab6ac8664ea8a133ff4e5942d48f4c	234	51adec4c6b74ba96e2e1a44d1678a3da0d992bfa
da92a3685cc164ee92dd0fe4d4c1b6d5c625c3fd91021a264817dd8fd7627dc5	362	51af2fc2d7f1612da02e14aef3f1d2d1e8bf84de
87b901de8ff3271eda631e98beba27a9e10510f4b2476ad25456aef62544618e	74	51ed45dcb25cf645eacd83c11fc154e278a570cf
28887e80e3603526ebfc8bac1e4b658e6ae3e4c3c47811a428582bba5fb7e35b	69	523c56a567be26d96b6fdfecd8e7563209ca7720
924f76ace2755dbe08a760431072d35df0b046e20afaf8ad6320731ae5b23546	82	52683ed577902378a92d7a59f283f376ec2fef3b
e8f276077f26f93819793efb4639b85fd580fee80923ea49b5083bc511ad1d20	73	52770d13b40a374f391a4ccc85a2001ae8550d35
cbb65689118b876fe4e9882e995d1af00357e114ef53a42f6891b89fbd096880	118	529449d241c4d154d8b483fd414ebae7d768c75b
014f298d2a27ce8cc049c001304087cf7a7d533e25a57563bcdd6fede64c6f44	83	52a07963555c68839d2d524acf27d543a705e9c2
2454d4422f1434c28bd18e518e0d9ab8bb691e0f7c457dd888ae202294a512c4	80	52a4221b0399ca24df6c576c3ecb65163606ade4
24cf8a30a02381ab39a0bae9cf651151c63ee03558f445fa50aef10b1af3b1ba	80	52a935aec19d0dab5b1e43ff0c28a61871916489
80b5ae270268dbbece6be44f476b21b264ff6125eb63846f8b1dd6e07f68b1ac	347	52add04ad541e6c2dc8be7b94afc9965a2fd1dd3
0a2f41cad61130794e0b78d0e2c9d0ce1bfea0657a1121d726215b90fde94c69	80	52aebb2c11e6f8fcf213766d248a4c34f21594af
bc0334ef04a58668c040d941e78d86a6920f7206ab5e87c62a9850c15694bf1e	80	52bab12bd0dbe999522c7615f9ae46b4cc0dad97
d7493bfb13de63a3ba628db87760cbf3c2950f7c769d6a7be4b945c8dcfde1cb	195	52d1ece8aa59a173e27d25371e4fc86059522071
45c46497d97aac6e4e8e00c0f109ecdc4a319f3885e123482a27d194a95724ab	307	530656bb984c3286a8a7e46ba4c8bc2748cfbfa0
cfed8b98a6e424778f8ae5b23514630498b2546489db2a5ca7bae58ebde7fdae	80	530689827a7f0fdef848d7d25dd23f1dfaa484af
2b4dc99bca566e04f86eee1ef9b29499319ed07d82140a4d26db74cf4fcd9008	82	5362cccd3b8999ee94ca9ea1a4f78c88e1c7ffba
22b851769b0c88482644917d3baa1e6f3f728b2959282df1ffcd725d51334b8c	83	53686a78fcb071172b2bc1051315a7ce46249512
673c500a65b609ed98e55e35153acc59286553900b1ffcb914a95eaaaec8ed84	72	53aa5f42abb8b238cad010e71347aa362e005de9
f5a3d3ddd1ce4e59249290bdbbb8783071c042c743deee5e3f1ee15211d4b3b1	86	53b1b2b8c48fced79ab591b40af145fabd6a9931
f77f51069bf82c89cbc1c96addd54d73ab3261acf76ccf44288caa1e9274864e	78	53e20ca74794976dcd7bfd6a1404eab9763884a3
480a3a9d243f80669f9472de04c818a71dbfc03b15b691a30b9383be9b359ed7	83	53f4fe8d13f6fdb36b0f57db7a41945d8936dcdf
62e09497c90dfee1da83cdd5c1ecc63f081c68650e84a529b0210bdf1642bffd	82	541408273159105542a75d1df50399974d48060c
da6245da52187dc6a4a9f3352046e301ba5eced66da14e895aa210e8382ffd20	80	541dc1fac1c8592df20dda491a3932032ecd8d56
3fa9dd7ca3f86d45e8da37fc072cf1850e2410c4cffdf121381c448726b55e98	82	544bcc1ac2e139654a78c01ed60bbdb4d229af78
e6c41687ca04c131c53d92502e2fb16d0d97f1934bdac73c1fe7028a622d2eab	83	5453c2217098da8dac7409873686d8cd85ec61ed
c91d3ad35760e3b5bc64fbbe274d153e7474144155f58066e253c68a0576ba63	82	545e2e38aa1157b90692835dd54b46faf52329e4
c20db6cb632cd3e3c7e5c2037e8321a06b1a3cd78593d2e705c51d7fee184f80	262	548bc428d2090487653a54197d29d81d10868a13
7d9d554a2544566d435504f6c98fb50ec54d978ac088742700bba60b03c318d4	70	54b9eba82d742845e93b13989bb355bfa4ad5833
5edd73656be5dab07b3ab8748f92c9190a5451f405c811a973131e42f7c2ebac	71	54bedba0a9a54b21c47dfe88a046d3fea891e481
02c2f697d556450febe3cc5d5358e757766813df7af00dce83143037b1bebc47	82	54d294198bb52e25a104a94dc1d159fa2b919a78
f70ececd33ac6d17e6f7cf9c3bbd482295e3efaa9a9f9950c795ec3b7d1ec6b0	71	54dcc60d3489355da47ef5e2742e4c1d88a966c3
7aadde671e7372ccfa560fc0c17f1412eac2fa4a5c45bf44c174b56202604916	168	54dd8167bf598dc993be1ce7f0f111084ab6d285
58350c1fe9a0347bbb721a6c03a38fe08b28311302877dc4694f58626f2c56a3	80	55049180a5f51e098dfe1cde1100e104bcbe3299
15777fbaa3ade6dee7db2374479812b4d1ac9324ff55b1f7cdf561c2b35578e5	69	550beb49f2c373986637c8d2eb32e77c17bbaff4
f554380688d6609674a415611eaa97ef1f86235e392fd3b908b4b473edfed794	82	55490eb23c9d46f421187af35d1f792191dcab89
659a4c76c3a5e643c4d6af4dc086a8ba60f77978c2501ccce8efda5666b54f2e	80	554eaf387fcf4b0bd4b53dfc6fcb30ea60407ec9
3a432d3819857088aa6a1f612c0708869957d87fbf30776ee506fb392df1bcf5	101	555f36e83f1fbfebe0daf352b26759aa537c3bc5
580b5ad4feb1b0ee0225a8b55889e8b23690d0ab743af945cb3e0db3a92b6027	82	55617ea5349cbb524edc0708e389c107a926d003
3bce497151b898a878d89460020e426de7d171dd744030b57e1c93e04c5e5980	71	5569884843eb5a7540e9f1f3f56764e37dde9a0e
40a06173d1f81e4026d512d0fe30c7c9b5795e11d5e607e786506140056ce63d	71	5589906bfd4176ffce8dbca2fe49ea9fa3f71652
85f124c2658a21c1dc6d4e0a928ca13dea72ec0d68ac81a6bbd643cca8035665	80	5590ec60036ad494f82103ce5ef5472538492eea
57f6f4ec71c049a412a010a1484a948e26cfe9e9a0910d42beee4eda82eead0e	73	55be26b0ebde68b947140985da391dcfd8de6e84
7951e25b690255064491587564eb1b94a46cdf70dcde93f75a1b2bbf9fd3c181	82	55c11670c75bd6aea79a7fc6dc603e85ae7178df
5619c31b6155f79f160df05c72cb4417818636032bf3a766f0d383827b9018a4	123	55d51d0da6c5ab153e985f6e13153fdfcc4ff3db
b060d2b29937aadab03b87cb6ffa19af9e7e3a439b19e078111ba488dc0a6cd4	104	55f3ddcb72fdb0237883502b62421ff11de36d26
f5a8d158d5c54636d92b3938914a0594fa37c639e789ec5af49f589112abf563	71	55f62540dac4144585a1af9880903355f3c8ccc6
96974f9dfec4ccf227363dfac02d8121ed34da738513580fa19ffd9b256ccb03	84	56258a274bcc5f1c618e6e6c15cc66c772d41146
cb7758dfb8093d37a7fa6223810260ef9da9594ddc373f3a33e8c67e7e7fff4c	114	5652f5f251bcef4d82d7543ab11190259974d347
f20b33e49b0c56bbb5e227cc8a614c3251564b97667bc7814860fd4636b5a192	71	5679de12a1ff48284d3537d6c515c0f0b5b2f6c6
b61bde74d36530496e298aa056af768b32809707d89e6f069abf1feeb5ba842f	98	567ae2be2318ed699b7ffc6ec907ff06bca0a612
634fa8cb37f2b1304707b00d4668fa5a2934260c22d69d640a3323a6e9b160b0	83	5691bd15db007aa005607fac51b57622c23b2967
1c9a1ff2736ea0ae4dfa185db1effe0183490fd7a7ec421e50e8c5312473d9cc	100	56969c8dd401b080817919dd7233e5e5af72bd84
1ae7e6ce3dc378dc7eaa7a47680f4f3a942cd462daecc843a5af401f88dedb0f	80	569e99dccd42597d7a8986b3a3a3f3621b900e4f
29763d849441c5c12d12603e52dec81b4a4d383811a4e39ae4c0b3744e63e654	80	56ba00c08718f8767991538290ee0094dfc4767f
02b1742fd5e364357890a3b813eb41e206f536b779f2de0db214d6ff6b4b6225	161	56bc8039f96fd5b168d24d9cbb65eb84da5ea6cf
a46d8d055766548dd06506e4cb9da1e9913fba24ba533c2fcda6c394f0533b8c	884	56bd15e78c86c1b52acaf8dbf18dbab9ee966e00
885271d10259d9042e34f2649400626312f12ed2fab205faea45be155a7ff0c2	128	56bdf38933fbd6b22246a7339288d5801e1ef705
e17b32d8dd7af8781963e44110a9ed754ef0e09b02c51c6c759bf775a28f7de4	110	56c52386ed6d8f537dc2b0f2f4446a0a59d5c729
16c375cb67940891612b5aad377071cd3974b8fd68d92b0feefbdc027e5a78f9	80	56ccd008f58f84cb66151fa80facd827584f0610
5faf3ab49a9668bc8e578820241c3e4ffb6e7c0159222b6dfb8618a05eca58ad	82	573d375e70b873e1c3f7c439a2c688c4e87a1ea1
09b910027c73257e8d3ce5ce37a4210f5b96eae1d4567e1208d528b1dc8b49e0	78	576abae1a489a7c42ffe8a107b3f82d34dc1855d
b8a04e9070f734aae5e79edd9fca2c91218c85af42744092075fe1ad1222dbb2	71	577df97dba72d6c9b0cdbbede4e5fd32e94029a5
516d3bc35213a25528c9d22a8cab64bc911fe18e0c2abbb8469bc359e61d0fe7	80	5786ed763bbe3751dbd85a20099d8b8172af0ce5
bf47df978b29dba7daeb7d4fb72854fc249c225f8f5d399bd23bad071932ae06	82	57a016e8e5168d499010dbb96a6b3057f81eef9e
3363ace03d60d9635acfde3f479a4eae2de0671c8e2462d42de5fbc53c639c39	105	57b8f9e620be7b8772fcb3a63fdb21949ed6ef97
d134f28ebe3a9d1ff314243cfa561e08498ca7f833605167e60d704c671c5da2	80	57d3f5391face8333c26dccd30e8a6b3299d8b2e
3efa9d4988a9dd07a53b12c78b3143f7c1276d5ec37f314d8f2f28c582dba56b	83	57d93b4a1d40453ea4a25cdfaaa47a08e723607d
b2ad893269f34313deb6e8b7733897c9dd686fe9465795a21a2bd93b48889b9b	82	57e5a9183986ab12bc0597135202d6592836b8a8
33ff72fd00abf57e3db8c63cfaf916fdf244231da8a193e8550a84d421f417f8	81	581218247abc65e75c72a7c6b54c9357487826c9
43e45825b42a24835265e4dd8e84f6dc38e9400004857a7d63fb553b73fe67b7	81	5834171882ff99a6556cbf43e476dd523052015d
8d923c6cd67703de8c2968b15abc317bef3f3656dfc58bfe6e8b02c243cd0180	80	584f9da9bb0189d6f177082908e2f99c33e7efc4
8e099c684970dc648fd7025a9ff9e2b6b098264357fcf41d4aaac027ff9ff1e8	71	585f96c11e11f49cda86eea2e8a8d5aa4e101200
fc70fcf8af62a9415bd63a52f8a2ddfe515ea1acff0647923fa13ce5b1660a8e	73	586135f0a3f64c7c7de73596eb86f6139ea9f87b
8d2543dd69f041911f0484da93b477342517110ade0eb4d6342a698bc7e3533f	102	58617d5385912dbc73fdcec13903d7cfeba490fc
c2502046c37a2fc0a1015fb303a579611521560421ae8e17299b637e83b6850a	123	58a56d5ed8b19f78249b98c2d27539d11b539044
9f5cba4d6857d2686382de06a28dff3d954e4801a2f782acf3685865f7009413	69	58b8dabcab9e5b76fd87dd0cebd339e385bb4dc2
b617270bfc2a505f5fe12e321437e59f197390b18172a6b7d0cdcc3e1f781144	80	58cc2e45d3cc5e1aef4d430ac6553d09abc28c16
e05269a86ee9ba5ef4a5f4a701165020928469c0b2a81889bcd0169b819372d3	80	590569503b28ed7b114ee44ebbbc5920112b0b3a
5cdf244ef82d7ce7bd8cc9850ec0c171b1be80cf1cc2152516e75bd8abaaf045	83	590ddda68b9dc444ea2998eb29527d5f0b43ce87
3bb880462866774dde38a1c69edc4edfbb76cef40130af13f38085be0a3d3026	71	591e73103fd9a0e4698b099dc621ce8619740a7f
284747977329bc0d09e4b2c00e74b891fc1027939acd002189465b1c2ce3aad3	78	592f87e825a14d9977485fd7d2024199337c236a
d681b637c3098fc2264a71dffb8380b9707ce505c565aac57b079a5fad7a6714	97	5931dd2edd308b981c7e4fcf63b8c3c0597224fa
3156d77010cd10acb7e929732ad45b3975cc8e2375dc2ca03b3392305c832a9b	417	5950bc9dbc46da74a759e8ec2bb4a4313823de60
bb11f63e9b10667a6b4e5ef3693f9be1091926e0e7d198412f112e95ee977121	80	595b79f4babb3d14fef8d93d2d20166410ea39e7
304e74595251c9d3874617f2c06a5c57ca82ac5e30f693c6c3eac115dca8c850	90	595cdb3e472b1b5226dfc9d15edd52dd5a7aebcb
47cf5cad3b1b9d2544b5ae7ceb11466a325c5f8e3cd935b0818efa310033ae0c	149	5967847c41591f9bde28cdd3d2a9cdad7de86f43
ccecf829c7c569959c6549f60d75fade8f4cb280537b1f0505c91d9a1023c552	115	5983012d95dd7434dfe30e72e5d8db82ba632c2e
c0302c239a5904109621f782297402e69c7c928d05481a3c70657f42350cfddc	100	59aaf08084ee623ea43e8b155f4837bac85580a4
cbe1588983b252bd3fff1b39f2035759b45ac36aa4c7df37f0b4d1f11f357675	101	59afac88393544d1d9699cd7264146ddfce01f52
d80f6a79266cb85040d53695619f9c880078d54cfe33affa22db5e8e992ff178	83	59cb7943a3c85a742edcc70eb3add678643e8743
27c8ee56b8a68c70f4c369a73462a9ec934127229930b22a6aca8a01809baa09	71	59d1a2902aa5b30d2c4516b56fd6f231e7d0c421
127351606dda950a5e4df03a33f45d260ed7e5ec1252481095c05633f710f153	109	59da6ebcc1242f036ee92f0159185b718c8be535
b6b627a7c724b2e34820e558acf4d48d1c014cb29d2ffbda42e6afe6157c19d6	82	59ede4b974069d251497910077807cf0e56a9214
5cd51ffd4b0208fc3a15d06c2320d5ffe07d2349305873975e870fbd32edda66	68	59fee02750425c36760175002cd4cf7a0c58e674
2e8c6c782c42dfa82697f323733f3cc77b08daaa093ae70c170dc865706e92b1	83	5a0a4efe43d26e78166b5fd35b745544e2a668b4
eca4a3b9da9d902d4ae8438c9f22211267437a10b80f00ea8bfc820f74b1417f	78	5a715814c459838f920ce034bb7628a4bd54f42e
3e49ea949e0d7e871a733a41cb2ff971e3b953c3bdc12a19af53addb7288fb49	80	5a71a7bd375ec3577a27aa2aa102f4a8e9245b26
6174f13793943162ccb0791d643d26a3e6c1055a81f1ff9b5c10394860a81248	72	5a9590ff93c6e37c9520f69065331bd27285d344
b5d6071ddd71aa40a3e5405247f69190b3cd52186b906562ba3bb169f9f0ebf9	80	5ac9e8596901c7ad5bcfb1ca0cf1bb35c033fb32
6a44151b1f16742c8a40732c992d3c48c8adb32b7e37cf3a7a73c2cdcc07076b	69	5af0a1144ef9c9e18842e0d9ec46c64799e401df
8099a79d424e2789e446bb74735884023feacc35c0b3a4ac7118f259d1092250	78	5b032053470781e7a42bce387c6a47c2c0edc590
9eae6f6a5db58934696edceedd9453ca9dd5f08822ad6891b5b4c6779b903915	82	5b04780eb33690ed12586dd9bffd39d4f07ff576
ae5c6678b0ca1bc163648f248fc588196cc652bae6103e3ffc5cbcec753c693a	1825	5b05037ea6ebf01026210c805b33f5f1b0810478
59045ab343a1fe560ebf5830e03fd18973facf6fa1c6a94324342dcca07785a1	76	5b489396eae5473827e5fe0addcab6e922b9c15a
5fadb03bb40f2817a174912e1edd0f10c1cbb51a62a2f30bb0fb3c6828f7e697	84	5b57a12b880068ae4ac667182087eb050ad8710e
48a3d0c6349ccb890a536b8dc169901cd762554532707d001078a7186f778524	83	5ba2c00ef49447edd262b743a3feaa2c91a2c8e2
5d1c63625482b09f77ff03e8713076b637ce77b09069cd5c98def3a2e941fdc9	69	5ba2f74fc225020030dcf0a5a36251af9521351a
8aa34889e857b74fca90a2fe9e4e60f340f419a99cf573264aa6d543400161ef	80	5bbdf4d76247d6f7b5690454510c3068f3095a04
3495ec7eb9a1f4086fd4c8fcf60fdd9645b1f74b0e3a7c392943e5946d2af223	80	5bc277f09359f63db1bc92e217ee22ddb3c49d1a
ec4cdbaf0f6872d601dd02205b661b42145a9927dc4393317e9ebb8a9876b39d	78	5bce9e73caa6be36d69c09843d3f3a1ec807c84a
36aaef3c2ac09842abc7961b100efa1b8b3c5cacd2ca8d568a3aad04c83ae609	81	5bdcb1069cd6a2f212475296e2c8620c94c1201f
4c92859b02fdf78da1f403c6af495a33af016604742d80b2eecc27f2d5892fea	80	5c02d0e3aa70a48df56ac75cbdb8def5abab3789
3617bb0528679c302859747b82b20fa96a06c4866d31ef65ed0156006eb21d82	73	5c3c430b8e95cd4fb12804b9cea8646474923370
264b25d3a84824b62793dcd81a07de724ae0ac8fe621299c2946f863cdd76a26	102	5c4ac2ac47a838562eac6554fb4fbdeb4f41eb0e
8173b803f7b327481e2921b5e0c11d5d0c6a7c5c2cca1c62f240962602c45d6b	80	5c5d20412d71a750071bee343e3ac6b8d482cf4f
aefedea17c06ea376b0dc105a5147f3b92c91977b4ad39abc5ad80bfea892976	104	5c614b0c7e1887697ce7a20735499e993fdd496d
acaecb92c860eb899a0d5f112b74a135c78e2cd76ad78ae5e0d4b6c8a4c6d3e5	82	5c6a261102d306463a7b95e225bc4aacbf4e5b9e
0ef0018a1466d038e2363aa0a4fbcc2f55d8655a4baa72a0b695648e7111748a	593	5c6a5fd674669dfe5afbce190580389c40acfd81
5fa948210be8aa70b900a61f1279d49ec0e9c1c26bc8a186a70e00fb98109dee	73	5c72d4d46a0e83450cf0c615208cd5526f13f724
d6a4b15498913e3a9e2a4336284c36313555fe270f971a87e7078a4904983994	83	5c75c199c722729c1046b6a913855a30232d0a1f
426b6fd631d81e80207d03a028d3bc2c8f54d3a38861f7c8c91d9df69ba79b5c	90	5c7ca17f06a6ddbbf27450e1a899294fcc3021a1
2f65347f1c257315b6c633dfb98828f91824d141a261bd19f6fe5e475e1c7c55	80	5c7df80f500eded51d4fd8c3a9e2a34b357163d1
811455d1f58d44984f7d24a00256ec367c35e48e25c601e4b4d612668d015087	80	5c81b3f384179d7490eb4762254db22994381d24
d980ea1f624ea5e5a98f74b596aa0a7209a01b768ff08b30d0727e7c31995195	82	5c8d6487161f9cae22747c09db786542aac242e6
23d44f2a2e9af6524b93b3359ec27c80845f7688b23e0cf02eb9651a12c1642b	80	5c9776c716f202f39e702340a18c5fc81f05ad3b
2eee29648cb3883c9239d219f9e9ce206ace74f112e48f014d77b10880b0faa6	82	5ca56c84ced33ab8cc7ee2e6e81ef9273bdac689
07157e3e83e3392f82fe28a22b75e9fda07d942e330fee8ff4e63d039f3bc0e1	78	5cbb5d510a474b57ccc6c347ef634210244e0f5a
4bd206c81bda220f64f4c0042fcc8c32a3406e8bdc1c29922856ed183e0035fc	82	5cc0698de0a5e152ac0514a5c4ba092234b23082
30bbc351d9ed3f3fcd67dc0b23838c15c08b223416980751863f2956f6bfe434	82	5cce0751d486a3fc575fa1e87650e0f9749a0e16
e64d34f11b8e0d9158fd35e0496ef22c1d6ca02b2c8c8faf52eba210e98589bc	93	5cf27c32adec46bdb0ebe4c82be3649b825eaa8f
0c4a547c4b97ab0c4b27d6ef2182fbb12e7d6d9da95050f50bc1a312a6f15671	83	5d2334d52f78c51f153c841befa6bf2ca27976bb
c1f35982dd2d18dcc64d1a38a67bbc475df2bfdfccf88b9d8e15a34e6caeb933	78	5d23610f12b3ec276ac06ffffee548ea16dd9db8
9db9fe007bd19c871a6bc859a3bcb803f2bb69d4dc2c4f673a73568e58c8c2e2	104	5d2cc57a5e17ac9d1f291e32cdd6a5c183be5474
027e5ffce931b1399502d8075f100ad820e2fde9490b762ba1bdd55a247d424a	80	5d5f682c975eb720637a4303e13df69454463ce5
b5cbb1ea1cf2169fb90d0fca49a0fef8e2ce2cd8d85a58bb65e891b5c482ff22	82	5d7d13b173648897f5ef6ddf6598dba6d2a8f887
13a5dc62542d5cfb32fc5521d462e08d28d3697c93e1f94052ce0b01232b0772	70	5d89d4533a2df2da9134df42bbfb15503742adcc
09996baf0c9b180937d0d4467d0daa35fbbc627dd5c953eccb426fe3d2b83ab0	69	5da22ee5d56d05cec69ba8daaf33a085e54387d4
f66d9f8c0e219b666b17a434e1b7f972dee823899655749251853ece8e82f60f	80	5da95fdc7e59a342597721ce87faf73146296a0a
a5664ff7a2f348aca22da7875b4487afdd71319e76c40fcc54832ac476f74e7a	71	5dbb015c0a07068052ea3c978dc7f769c21e7416
efe590faf73b34f275ad3abdf7f34b1ed879e5fd1f245d0eec0d9266ac5323f3	93	5dcddda4bd2ef90140172853ad30701f44fda599
59ecf8eed621b9f18905b016fc2000ea554fd38fd6245fa84918ed6c78bfa749	70	5de9d21d90544095bf6385f04b33c4ea6aeb6d97
a673994d63ef119e1a009601f8a4120220da20b7e5baa247d57f2ddcc9144638	80	5e07a4837fabed1d96290060685683ee14366ead
9ff91e121c27128d6bc046a11e180bc013647ad5931e2b72457ea60c4ca9fd7e	114	5e09c4e13ae6928ddfaa15901ee7dff27c2c79a3
840f9621828355b6341850eca17d8558ce902b66b7ec5e52edcbf5d14e189dde	82	5e17bdc48fa6e218bffa887cb5420e392decedd7
61daeb98f4194ddd308162e2394e683019814bd7e7ee4cdf4a234245a6374962	73	5e2adc70605d6cdd07e4c7def1674549ef2b7a54
242212b41c0b513f2041721d75016f0789379358467e2597cd20c2142e38fe53	82	5e5686886706ca903ef9d52be3beed4d56b0c6b5
3fe01b7f032484d092bea9335feccbac12a6a8c4141553fe2a223a0b41b96ae9	68	5e59af5db9c3ddaddf5b18b08646267a295989f4
66870648c553002a1672783ece5a08220423d211089458c9b1fd04d6752cad07	80	5e5ce5b6d4c1317fda0dbc2a130a1691ac7aa632
decdd47262a4dadfb8729322382ce1c31283cd15b38d43c81a8c57cdcd68e062	92	5e9182beb864d941c11d77486eccd272798b6ec4
a71291214cbe7b64a729cf1938efe46484c4a0611658bd4d9286cce54bd794bd	82	5e9582cf4c54c04b0e296289e9376b4b68662297
be7e433c30c22817bfc1ae63eef822602a6e7904dd6858ca6d3f2ce7e72bfe0c	82	5ea9edf80b810078ed67346a71006ccb3ef9ba41
daf475ee48aceb48be795eec502ddc1416bcf90f9cc5f9a5003ad0bdfceb977a	78	5eb552d08e1b5c425491b1fc2f124790acc7ceeb
325699e96b01fe4633b48d0e74ac3509c332515764ae678c276fb0f4dda3a00a	73	5ed04265783a9057ea183ea095941b91948dd9c8
79840cd6d346e9cc5085a7d0788eac12306292c54bea2156370e52bd2bdcb197	71	5ede2dbf26981795b6f04bb279d613854e865fac
2e139e36be8d2b0e5c8fa90216567e4f4d61b11113d1ba9764a3e351e593ecb8	73	5eea521025ab67d2357a9999ed61b8730054d400
c24eacaf592e9f7424700abfbff2e5c201a97bb5f27641f3757112cc03829513	74	5f138d91a66c8cd967223abb09ea603afcb88c80
b3cc3db440167a181de09c4db0267767b2a00ddeefd2c575e5c483913ca2a186	101	5f1f9d320303a9a3a1222f6a33c0f0a781c69922
635f34d029bdfe5b4c6ed3b3b2ab0a368c5f5cdf140729c22be47aaf540ae8bb	82	5f26f82a878fe08746489ebf1e123060f13a75ee
3ed303e793afb1d3bf8e6373bfe414d79aa0c52d7c17ebe61378d1378e60c95a	71	5f27840364fc1a6c516f8f8450035cf64d8ffe1f
74ef693608133e32e894ec901f1e24a8090dd69bdfdd2a9fd3824a073aecaf62	71	5f2822407d83b0f4f9a3114ad27a5d2dc18da949
a6dac253369456e4e6392582ce37bdbc17ae853acc02bb44c521e3589e05130d	113	5f444f6bea1c2697624f12afd0b0593da11ad6dd
15638f1ab3faf0d18924db94c0562df0376f0c6f3a3cb47b6d45699fec753279	79	5f55bab4fc02bcd2a190a5222f5a4d0bbcf87ad2
ad90c4d4c9357109d1a54103d74e075e6fee9e2fe0933d0610d3315b98054ce3	231	5f5da7f760513cfb95630603ec3a5a8f73fa6734
43b262c40b97299df7567834e82e1ee36ec7bb5540f02afec554f07d53b8a697	73	5f5fba019a10ab2d7e6fe6dbe8e929b9a77a526c
5517999ad5522a20f13cf331031c5cc3d3a5eabd32a4c3deb75864218b877180	68	5f63e83f9ddf88bfd483c92b0df8a23b0a4b933f
6ecb86f78c97db55870c55c3bceee0cba5c1539033b35dc9576ff5f64b6db919	101	5fb10cf2d6668b4005dec2a53eaf6f0ed62b9e30
bbd3b75608f2e42d72cc4875941cfd824767eb123addf512eb1f9d382ff41b67	73	5fc338ab7c42fb9ba0187d11f95de21b30769ece
e18d4eeac17ba150f87d97c08c4b8954cac4e3b577c2212f27c74ba546f2713c	71	5fc7cf4cecd48651a812db07ca1fba8bcf029220
a7cf23f79e7348332cb9422868710b25e81b31ef5a663accafcb9243eeb5b168	73	601a78bfddfbb7784c4836949604b294ee17c8cc
e9982fe3cbc50fd97b6fe86a0ebf918caf5e8f2f565b058c68d15b9a098bf54e	78	602469ceb2e5425bcd7808ab5ebd44b2e4192949
d92fb961c5b4ad91bf5d9b3e85355b561bf6181dfdad1f013f1eb2cf563897f0	199	602a92c78f7a16498ef7023cb3867f4a3f413f52
360870ba4eddcde804dd90bd8f6c462d178476fe2c20c6accc2b9cb63735ff52	90	603e04eb477a7d9dfd5f175cd19c64a3719595eb
639bff6768323fe8980342597fcf0eaafa7f644729c70be69756c5b4fd80f583	104	6060b03423846fd287b32494655b232d929c4333
c57b26439520e64b887e04d430272aae0f98e77e7549a5df79a3102434a088b3	80	606c5264261098d594e0b4c8dbd16150c42b87cb
2609fb65f499137b776f67916bee8cb39efe49fd373be7b54eeae1e06e96e592	83	606cd2c4d3e5461e70cc0d1aff62dcbe277f19fe
724d3d2983c50b583957e102e3fea01946e1ed864dc28a10f53f5a6315f49e76	110	60811c23bad6ffa5ea8993bbbbf3dca076e773e0
a751f74bd1d5873119aa06fc134e243d598cad2b8c772f34a8623206edd77a7e	104	60884f7fe03fee0444f348f1b50574161b40f5cf
f8c31ae251d2285b1b28c923863ffd196d98b2f85fcd704bf95b2b6a89e2cb6e	71	609c0801d71d3fb750071105115b66f2326d6f4b
4156cdb4c00426e2e10c77fc0adffe45fc68dd577cb583ba06a14b5cee8aa116	82	60b1fd1428f5d2a474b0499264b6672c7ea69ad6
9a18bad0c7823bda1d0295d54f9ad2764617152527e0db27a9fb4d5be7204ca7	108	60bf0e86ca9a697ed312b64b419d35d5f7b5911b
1278d63fd8e3560799845e0d40b89b1d0eba23ac162a0ad6147422538419bd69	80	60c2ff244da4eb4ce24d79644a890f5db26365ce
a5bbb685d5829ea43d26b4b8c4e47f2f6ac2dde7743a6535377666c5288faefc	106	60ca0e7de6fd6778607db177932643e1ade6f065
b9d11603944d92206423c2f888a766ba048321e76f22ebc48c3db4c817326ed1	73	60ce19538a4606b5ae7b25543a9e4738adab898c
e3247d0da908b300dace546c5075b760c9e3cb1255e6a72cd73b0779c0627c00	73	60d193905f7486463abba6085cef6da754a1139f
4abf59628d5fb056d55d69c6d4e3936cf3a461047788967ab0deddb0935fbf8a	198	60daea771229502ada1e6fb1b96dedd3aaf08a69
958be6c8af3e2a984c9dd0b01a2d127b69df8b101adcfe23cae3051698fa1325	80	60edbe570fdac3b262e08bd6089274d1b1cdb4d5
77c16862ed21759cf5fd3abf47667caf6c1b1528677342cc3a23c3b7352b1192	80	60f1702e0b0d9168c99e2e29cde9aa5e1830eef9
f22483bc8cd97a0d763f24f07958fd0022f839785c134333cc2da69ee808a6b7	80	60fd97c384f3645d2d8e914fd019d5505f9e7ffb
14a6531e03194184a3532eccc472b785ed062fe2602fe66e72016bf87cc270ee	147	613115fa8599cd849410bd6424707a242fb76068
2fc9f0fa7fb73260bf2e81a4eecbdcb96bf64bed60582d44dd4ddc3603044011	82	6131a0c72f809ee062f28988dca9a053446b44f9
4a5fa01dab3d8ca47ec4bfb5ebe5dd5513e689ebbb7da0d6fd6e840b7a92d3e0	134	6139fb9351fc6030b6fd086350a1d435ae291a3b
4166f6651cb18b643f6ea1c85c81a96b0bfdb49d7b9d9ccb38b6dc97d9a7ca46	71	61517698d9689d3c70371575a2091a7512f61165
2cd374efd7d4594d2436665300e51b9a052c6f3a3e3c50e7ac77cab2d1fed9c8	78	615e94609ca4313240741b3cb6de20b58d1813ce
bf582d6a894a539b7852427fa8c23bc605f61ccbbafb4b2aee9e9b5db587670c	82	6167917aad6a5628e07f3c5af5621e8ae6525fef
9222f6f3c9220b03703d7b7cecbeb5327b01b18ad2f2794442c1383d17636792	82	616d9204e5df7a12adbeaac4d9f08c3e3af0931e
d71e9ca11dcffade11eae7c4c9b802bfe814ad855831d9cc32a90b7bb81212a5	114	6185a098fc867f74283e16fe88605cd8ac55b957
2faf9b3e3416f7f5ef0ccaa8fae34d3787204abf888df49fa90772f1625b016e	114	618e578fcfd8acbf7d3c1f362667670b1864091f
4593e8c1ac249d83794780574459cb0bdec53b306a472f1398325668f559f678	82	61a28520cd30720c5e22e5915069491181993069
0eb16bbb7d1c9b136e2a10eddc60043c65f34042227267c83a7d9b2ae6476324	73	61a84fc49d792ab248197bffde29c450984e502c
2ac723698310748d91401c43d5161b377e0bcd78d0d97bc61125510742dbe6b2	90	61ae94d2e57706be83729ad52df2c639d1853333
5e1534548c28bea760db0e2a06e62e6cf5168441510d749c1d971ac3a45cd8e5	82	61b3a04c7aba70226673404d703c565f95f0de11
9c59ac7cbf7ab9edd5f13b80c1b7ed9afb9efd5473011382a8bda53c20992703	68	61c1190820c4d287f9d7912cb1eb08a5583bf4e5
7bcc9141e8fb45de29ad61b150ca25d840de6e169c5ef7171ce70e06caaee762	133	61c2a9763e65ecb803b5bf94178ea44723b7a7f8
f995ab6738c3eca9cfbded77c12fb41ddc57612018a3494377fd7da7c982c789	111	61c4be70b8c7140cf6ca371a57eaeee3d5d1ec67
fb72394f4abafce5109ce098bcf824e340a41a5a3f8c3bc98ecdddcad98aae45	93	61e20f22d4755b923b229cdb2688efb5623b04a9
94e0ce706b359f571a7984f8ebe38b9b5453f737a35e7541c001078b3774edd2	82	61e33d2d81ebff7bc0aed61750137f86dcefe5c6
56c9786d24dcd49fadd3730fa34efd7699a4cfcf44f5a5187e2cce1ccf5125d7	83	61f61b6a2f7e707efdfe5cf138315a8e4fc481bc
fd2743c4d766867ffa3604ac35f5b98f339e19c5c47a299b04c2780938c6439b	83	61fe1a01e49c9ee4bb29fa2e872ca6142a98a9f9
4d9389db72fd0b7dd9e8af238f4ebad7b9611f0095712f42b9cb1572fc1c1bde	93	6204fb23facfbb08571343e1226daacd30041dc3
25ac2fa6e57855864566360eec34b4aff6b4f67aa2f59b7dcd4bc48fbf8feae5	80	621b97e9254dd47591dcb2bac0c6f34bc331b159
2511f2ecb8c2f758598d96174d32d197cdf552f67fd27dd0b236f3fadd594347	78	621baabfbb718ecee50578d5e87a7bf24e4511b8
dab1901bed79257ecce5903d9f398319b63a758f14cceb652f742bff348907ad	83	623dad740274683f99cdbed5c50e121d4ecacb01
321518720375cdf3545dc3370f8a6a5aceb3f78d9e592d3ada9caa2ab5b8cad7	71	6249b91a3143cfdc21efef09ebb1f41171a904df
ec79301961fac19b4b2d5665cb1d3c7cbbcb9fd5d51696907fa79be39c8effb0	80	62727c3951d22e5e6d20d91b428e3a4d8703d36e
177c23f799e17d49174c22edeefceb02aefe7d01f9774215a29a101333d85e38	80	628b49e7a6d8670779a59b505d0e2bd222c9ce57
4329441c5e6e6053b308adaf9de788401daad9a4ae13111e4d72704cb8df94fa	80	629e58ad816263dcfc84f5bba86b195a4272edce
54347948d57c07bd0b2b9df6f5fd5d9a193738dd715352f7e3291a2bd20a0199	82	62dc8f471d02f1e2da63cbb9594666c7d0b58d7a
ef59343c4695bb0c0dfb8355a23f42700d5fe71a70a7526a4ca2b0091d002248	73	62ed4f71a4c2a5dde4045b31174b1d48bae7e04a
f905aaf66bcc63fdf170fc5cc9b78134b10010c246c697dab7f37a76fa0d85ed	71	630343b8fae762c2ee8ee55dff1818716f66dbef
c3eb1a12ac41aea30bdbedacc1c9e273a4532a5340f86339cff8339289dd495e	80	6335231bd2fd4a17ef1b5a7a3a3cf34a02eb53f3
c306238aad364a484dba75617fbf918164c11cb5ec2d0340c87fbb786375883f	83	6342aa7d323a88b7677b37ed0b248cb44ed75e10
98d3a21d0d33860d954506b16505de6c582f6e4aa1beb5f6325c00bed9bc0b9d	82	6351bdb5fa37c8fc755e688f7c4a2a75a33b4033
19c1db7d799cbd2c4609db1d3a6237c360c3e2d81da1ae0eae8397283ffe5f94	82	6395a3c82acdbbb81df421464047722efe2616ef
54d26a79ed73b1333e54147bcb978b61cefb4360e5920331af7c5f0040b440ff	90	63b7e278a84fcfc9038a01d4f643eb4623e4ff35
28ba470be05b81c491fac4887d504a601d9c029ec4e57a68f7a59b887a76e057	83	63dc91eb62397397bca8862d2874c339acbd05ec
1bc31c36ab1d2f84b0f5c434b7ac5f0c3bbbb9837ed0013c4cc9759c60dec708	128	640bf2b866652883284e5c803bc8bec4ad0c4d0e
5d6845430c014949f9debb8dc3ac5152c8d6e29b580b3e3dc9d52faf92c5a9f3	69	6420ad871a90b5336a0e7bbae0ad0f16943144c1
7e3ca985af507b6692e08d089a656ee58b004dd7ae99cf3ee14fa2baaf75873c	83	647532202b8b642bd16c154b1e770712ff67ff81
6e1012342d5abf99a5921938b198d53a3d65dee29475490fd25b8f12b46a7201	80	647b79cdba705c1763e12d5bc521fafcccf0b2a8
361d3ac743f394523ef035fd32e3d17faddcf009dc21ff617eba17d886c8803f	90	647fc5c1b272156062cb93fbff81fae73dbac5b2
9e586df55a62dd468a6ef0ac356e2017f54a2893d002a07ea83a0b6c46b18328	73	649759bfa98b63c5ab12b09601b211f96aaff755
e079bb2dff3663b64535b0222cd47ebe1b6d721bf658d5014221452e3500e312	736	64b1c0e2fcb8d3fa958c32e6cc14a43200c4cc0a
55a3e13b671c2205ac580169c8db7d03c29df3a612863d07592eb32862206137	71	64be20ab185c0cde3c93950317503d3efb097ca6
77025e93770d6c6aa8394eaaf24d23cc1bb71c74d95287945dfcfce9f90fe4e2	74	64f0b73142b2bc92f6ca9a682dae10e7a8f173d3
12c5a604ec7b26184d9a560aafa943356a47c1a47033861410a4fc19f38d618c	78	64f100578dd6b5af4803801b0488a8ba2682b66d
1fd2a10c2e3984e89081869497d706515ac1c8c8e944c6ea754484375e1e408b	80	64ffd27d2ecae8ec421e40c51dab0080dae79a67
569b8d6e45fc59ddedcc505b1c05a9f68d7d8ab256c7cdc9c667d48622701eca	80	651d0bedadcbc7a2c4250491487236c668287798
6bdf9ee89b9d3c515d9aa41e3ea3d7615bfb9d2fc44f33d8c92135432209ed1d	80	652a4a13d82434b360b62a633ef5779caf2b60e2
f0dffa9fafa6c0bbe1e00c2320880c35286433c6682f56775bf74460ef691ff8	81	6537870e72b9e7935cfd804e2703e0b35f566958
d1028376ec848cafb30d0e7aae49bf5d4c33b3130e2192a4ab2d08218613d942	80	654ebde36951243e32a190cbe7c1c2f2ffbbe7d7
1968d79eeb72d1d503b4bc9cff603df66136635a2d40974ecfc757270130d808	80	65644f93167cfbdcf8e7135570af8a6116feecb6
fb6e515ab2c218c9ddf1438d2c8795f66d17341d5d7c921860a4109e643402fa	73	6565b6da824596cfc8afd0f2b64d5b50062ec7f8
6a1b7b41376ea9a79ce8eb0cbadbd74784856ebd4a970cfcbd379d308ca7e047	84	656f26afa4f1b04f687fa9eaeeca999cbbf3c5ba
e7046424f0616fcadf31c9fc846d2c37112c5541bf6d64fc974cd47dc644c6b8	80	657749052798a10961354bfa26a7c5cf285bfc70
7436ae0d09a2d9c852d2f996c91f726d9783b903335a053ca3d5fc4a058674b1	82	65c623d2dec78f1976e321232a80bc281076e323
2e63b37eb969d1b56a9ff22b993008e6a880d23d59929a8dd8e2b30c9e5763d6	101	65cc0b0e8b18d1b42204f6370110a8f0adfd96e0
f51adfa7140d775cc9211b363e0bc4fd6b62fe2214fada853972dbed0a14d3fe	80	65e2b45a57047f87baf097b6595bb2df9a3ebd5f
c2a02ce0abf6d50d8a77dfb8a97c77573a424584384d06b3f931ed4e9a5b6978	82	65eab97ea9aa87b3b0efe71d9e8dc91689c8a4a9
3cec13355b9d25a7289cd52a908ef406b7692de3ce3a9da666dea24c63b618c4	80	65f45ce5a74006b58496136e8e3354815983da87
2c7077a427b59db1a0b54df77bb145c4fd1ca151e22039c65bfa49719a3f64a1	82	65fc1456c3c139fc1a81821dd0072ad85017d6b2
0f7a047a479e9f86c13796da90a6d7571b12ed5c2fd73e5436293ab16dddf129	78	6645f3d3e34c17c369abe509bc9790908be22f2e
664a7141d08db1efd64c949148a36aa6f0140abd2efb00958a5f0e9b6ff0c364	80	6658914a4bc3efd1963343d9af97477fb229a0f5
99b374be9739f9b0c5a3f48bdc072665c2afdafa00b6b868b67fb1d44aa3da20	78	665a1c6c3c99e92bc57eac88b0d9f588c0181148
5c96dbedf194c5be03e630c257cb9588be62159b0ece39fa79c08bb8594a8538	82	6677fc99d4e1fddb20f81fe3de22ed64dbab6dad
3a84f1fed8eef2cc38e0043c9983b18b6d7ada9906219f8f6b897fc3d9806b20	82	66c0d4b04f4da608394cbf7a89d2bd5993ca98de
f747d9bbaadae26dbe2b5e255d8f4f7c6ce182e5140799ef6f996c78a3de1747	71	66c654d9abfae078a137861401a835dafb0e7228
5a7359979ade22c913a48b5a2c957ac18cd0e014f983542dcbba5553198c4918	82	66caa989a85c101efa26b4c4baf3da1ca2613707
b9c1d9009e327c1638e6181d6c43ab3541fd91904f114eed9821904981e0e600	80	66d6967a0c80ad06a181dc57bbc627d144b7648b
c9f63131bf6652889802a5741877207cd7b7bc0ebe6f3e02840c33a9122619dd	82	66f0ba1097f95fcdae165294dbb71b21f40a5e72
8d3ddfce17330a447e4814354e782d66776dca6660f4f8abae0f45ce2aab6ed6	73	67267e9805612146a369a0b4119184d4375a9db3
8a9778d063a9f3bede73c07617ba877a84a9119418a7aba05c3e1dd9d329b903	126	672d434374f5f6728df94791c5b207800f4a9f1b
4e97eded97c59d254672d3eed8b2b4a1f7646d050c7a134e5bae8f21c1b33870	73	6738952e0519f5b49464e9b48de9b7c57a56ef1c
4f6fbd3f4e55e04a0546dd0b35e2a58e22084bc1b8bb5fc942cd0aebe698f9f6	82	674e79fd2997971858fd3a65a3074cdbe80055f6
11e0c9c70baa8cabbef1c03d4f4cacf4cf03574c71a84dd209fbd4f011637d94	80	67a5edba8dabb906fdfc0a4af950957885953f38
5262404101319e0b2d8bc15a4b3787942c334ce060fa43bb28bf32ed1d6d31af	82	67d9b2f45231384bbc8304cc3f976a4c9db6adad
028425d135e38a7199e6d043d2eb641d36bee73d411fa4f45b7c731b961daa44	80	67db570290dba4b3e48d54f594c744f6dc634120
4383d3e83b692a267b96c523b2869d6ac898a5a84bc2b64338b82a47dc231f98	120	67e13610039ac15fa555cd153dd6812db289cfe8
99b0eb403309a9d37a8a626c6fb7fa850dae3c17180eb5537ef02b368881664c	74	67ed903e6f4926418de4be6f30ddef228627b9dd
e24991822056aef02c01863e44786932d06c16451e99a7c0f9dc6f1c4b04a74f	80	67f94660ac268c805125e1cdc8ea855e5e2b7e92
ffbabb4817a07bdfa8758fb152ffc0f9c252105dc8802b7c83fff8c7cf0b8792	346	6813a6d4c5d363ac1f1aef736ebf4dd5b0f4705b
f6d4bf28bbba003bf45c182910d6fb50aea6b6ed0fcbab376c408bfe869c743e	83	6824f99d6ff54fae6f2652000b43ec19d9a4b533
80ac993523f506adb41b3cd30d40cbee546e396f7d266fe0bb108513d3d652d7	80	6838d11f8646e6fc6becf6bffbf72e53b32ac245
95fccfeccb610946f5e02fb3492b80c37cee338d9aebccd7695464dde4364650	73	6861ef75ab161bb01852d5271d52e3ac612cb21a
51bb3e74a5a3eba16379fceca669dba69bbb96b6eab5198f152d28460b4de60f	80	6867989a6f46cda7b1e2992ae9cb98bbcae187ea
bf2fbf49225aa1073ead51551ff45c9d6b890303d2097beadd710fcd10e5313a	124	68cf5e2ff057c322e85f8232f53ba15c62172023
cde243b4fdc4e5b442b5b7522031805cd7c8daff1f1f814bf239c8f950208c7a	71	68cfcb06996527e0cf98a362ed84c8752e36d39e
19b52c8647fd14e1cb9fb2f4243ec09b4e13241a8da90b64c058022d7e1ea9f0	108	68de54de63b1806d589a1049da7d233fe58b38d8
e30240e8947a634abb798dc0f01c8baab773bca56ede479cb2e690a0b04e5f3b	108	68e510f5fd2e626d74cfd48549f461a4e3ac1949
297eb909fe7641191690345236b85629b5ba833fb520578d4a38f97dc3ca59f1	90	68e769474ec8786eb457d2653aa725e1f2fd5308
0d9b39485ef860f506ae45466e4fcbf12ca83a921323d178c38e6179455d9f4b	83	690094f7c373529ad82e64ad38b2c466246632aa
775413403ccaa779cc9cea556ee2dfc958a501dd3a792986cf71aaf8a4f062f6	134	691dfce447d035c81a1ac49abfb06c6b93019a2a
edb1982838acbb723dbab120c5ea489f0f5ef2a3d5b8592f8a11d8285a69a140	78	6920973df02869269f124cd750c0d54ebb987fb8
c340dc7bbe70492281a6d68319c4cc4d13798b02e468e35bd94d5882010b1e06	80	692118987aae276270a5381b8bef221b334e8fcf
0892be65434f1359b944b0309cc6850e0c085ec18db0fc97e352205caa6a54f5	71	6944a2a0b89de3cf60603ecf1faf10c586d0f449
8e35f0b7c8453f93937e847a9e13a698166ea901c097c353452bb5d4e7516a22	71	69553f9e18aaa2c50d5772ef710c5be3f39dfc8a
95bca0fb882e80a94e8b63473885cde4eded88119d2884f669d9f96281466eff	82	696217a407420e274e91f02dcb653853eec5b996
7ccaf296ad82eb5fa9af9a0ff3638deb9744891be87dfcdfcf54aed81146d4ab	101	698a71b4df008411ca0356775bb713e9e5c3e552
8457fe1a94fe9b67f3f19b2096c9954bdd3ed2acac6d8bc08906feb163b35405	105	698b68480bd28c8021a4275690fae6e810b58b8d
ae3e1b817ed9fe662eacd74e67377e2269468f6302073359331754f877953883	104	699cce4aed635e7925562314e63bb8b88e6bcfe6
732dda39cb657d75acab5ef27c5a0b4546bccb92b517c8be982c72f84e63ce7c	93	69b2a75a775bcf606cb0f41b66fb8033f13b3d05
62c705906c5504a5ad9fe3e9af60ca487f024461009b406786e1594a2470a7a7	80	69e63e99d27d3b22d4f7b0e809db4d10ed17ce64
3e7ed5e1d8cb5d090f35fe466d3f5c12dde8b373e05c2ceae181aae9822f7ad6	161	69e6d5062dde404528cb980a134bbf5d4b4985de
c52df33394d504ff449cf635b3af41e47f64f9669da9404b49dcf304a4866ca9	112	69f7c1049628906367c9887a385971d6591ea2df
2c495c8768b420a31151e426568ee44ec6ed0b96f64923b3218832c8905ba502	101	6a077726708a35aa83c9a5bdcdb68294363d1fa5
4ae3cb64992295d438e1dc3f6ba8c73b17acc39e65a5a0ca65b08d482d9fb925	82	6a0ca81d6cc63ff776a0cbf66d1f326a21b82d0c
d0802e4e5d338a0626092df83d9c33c11c8814a30c2d62adbcdb31399188848a	111	6a3f092033e6f1de7e52ae4058b6b5401d6bbf5f
09188e20d77e6d51d5cb78bb636525528b73252f61542357f018838941e6734f	81	6a51455cb065937c10d660ab5a0cdb81a112af7d
c2001a40ee5b7fdf5b096707ed4e6f675a68055eeb75e5dd0b24e22d81cd6e3a	69	6a526951c604ba075bc77ca1c41a89a66d345884
a2ddb37a7eb9dd1c2bf8cf0a51cc75ce15f2873f02dd803477ac1e40958ddfe2	80	6a783aba28bf5ddfc815f9ec058f0fc40e988443
c305bbebe3c68e16de1fffa7ea995c0912b0a93c24e5905cd80a144c6c404b14	72	6a8b386039871c5da8cf979bd6caf2a5414aff4f
babe2840f30d3281d93f767340f9a3b728d1cae582724fe6fe40ecefb251d490	71	6aa0fe89e14630ba8d93d56a5acaabcbfdc8daea
d555351ded444ccdc14b8ca4905776035f41d5b7e4d54c0533fdd258a3b26633	83	6aaa810cdc879e5d8c26e250e7244df4b6fdcd26
7322ff0a3a115e25f4db0e621bee231901890c10a97772b25a1172cb1fd507f7	80	6ad9114c77d5987360336a811c19b2f43a1c32fd
cf582e7cb7706f6e12ecf70003898bb97f49e7565d997126bded3b57816caea7	81	6adb098870022b4a25100f29d6c534800ddd0784
dad9f2d6bd0b88f7a8483142784227b95814ca520e0b6226ea88d767eb2856fc	71	6aee6f16c2129a22b960f7c7f1010276e8339857
1cb53e28b0ac9a528559c75754c4d50088f2613c88042594d05eb0cb31d483f6	72	6aff9b9dcc18277b4aa7c506bed9a42c0de9ee39
2169d81b3b0cefb8905f4e8c01d5078160091e0a9d87bd979b39f06de7605911	78	6b198f00fb1f06d1ff9a04265ee4751e43762562
1996ffed84265b85a5f45079f4976ecc98f5dac830ba2a3d202e7e530716fa05	73	6b290c619b6876303b5e229f72a0077228929917
a8819e94be8942d0a927233903e62e72b51e3c251e65552389fa42e44a1bf863	73	6b2e5ac6ad3de92000389353d1dc311bd990ea52
e3631292ea860d23086db648a2572a0cb28f6bfdb5bc0eb831ee0c609d966861	80	6b41fbc8ad92a405a26d095a6ed66c01b04a3c2f
c3ab4fc471de0424bd7b6c9630351570f72cc18dc4c028a8e85ae8db6649d48e	82	6b48119f5147ae076baeec76aaca0d78ab5fb817
9e48a40ab488bff02ac331001df9b7f7ac14563a0ac1054765c9fd5c208f6e11	83	6b766de831e2dc2a683eab93d8cfa2d233f5d728
f870b63513cfd0dd634a7f422190b128f8582b5b2b38e0cec04c0b9c621db0a4	71	6bb50a4cd5f4180af3c06399543fca86a1a57063
b9346937c3ec183831227512cad1ab8ef9daa077d36f4acc7c8d219393f8ef6d	70	6bc0189a759ca031cbc694f79ff9435a06f2fc2c
e128f600051065dcf098d630bf10ec91ab2ccd65d3d09f75e373f484e3be8c6f	80	6bc32ebe9ddc7f7a5a6ff57d9ee7ee3f45ae83f8
bf42b19ca1f1d9a4062d5c51a5a5611e91276c670bc71be4611d3cf3eb816cd5	74	6bcab4127e68d2fc2d23065becedfde874e5dbf1
de9d16b31d536ac99c0c25ae5bbd217f7b23b4ccebf9236824a8dae1cb336547	98	6be1e1e58fd59f21e7edd68b592bb430bbf2bbb2
683ecf1afda243c2f3d5e7792ef567cf7e9d7445b3101aa2d6b8418ae58bf7e0	74	6be85a2efb589e83782e7baa7e5968c85b3d2caf
7960ec7ccdf8420c2953ec1091984b2ca5ed902e90a558df154175b62aafe534	65	6c050e546209fc6b60463f273bad47a811c779b8
316faa87e8cfdd02992dee6f7a68e02d7570f974197dde62eb49c29ae2d8530b	82	6c0acede24878b1d7623a12ec982fe30db2deac6
4a0492596503c0671a83bf28a9d6b7d1519f2af7dacc2166220f3b2bbaa99230	68	6c365ed3c020c44236572a112083900e94170e34
b5dda74b7a92cdebfdd53ae5419f07217e927781fb26766757d6d0006e79cab1	104	6c46bcbcc24e7ec33492ea18c4d201635ffdfa02
1eecfcece0c299532660c26dd8fa453a3091181d465d19010b26fca9d43cacc5	80	6c4ef31676fdbcbe489a16dd48cba8a492fddb21
f04b1632d6850212394e5a844bd7d3c6d6841f0e9f5019f2fa13424bf9424211	69	6c6588e339334d1aac108c2bdcdfa295a8ba2c7f
5404ec92eb314b74247e40931b16198af724644152d7121a5105cf2bebdbf6a7	71	6c6601868df40739956c32bd114c5d03fcaf5fed
ca7f97388725b04d4699f1056b2a7591958f8ca3823c0ef267bfa80fb42a9954	80	6c6d977e177efffd7515d5c89a74e56f4a67ed97
421189464eaaecc8ed8d24419baffdcaf53fb1eadf89b87105bdb729652e5c28	80	6ca361dabb66bf731e9a9747e79d4897e618bf0e
9e4f73ccd375a4c947d1086a4df556dde16de12270414d4c4a72e3d76504ee16	82	6cb3db3a89f7e6cdb41daa111ab9fcf61687c4e8
d198579c0b2960df51f83ba5e068a45bf049d8e36cd904c9628c7e1f20e72611	244	6cbf35450753a7e2c3e4742ef6144eb588c520b5
3557c4b7d0784dd17df6ef300dfc3d02886d66f9c64ea4d68b0b6d5baf614064	84	6ccbfce5aac0fadc8bc1cab42040b006887884ef
d6629ef74c4288804a4a62b9f27565c206f2c10deb7eb5496af9197b8dd38a13	80	6cd0de17015d45ec4968155ce8dd2a64254371aa
7c7bac484c2e8ab3810c0454a6676f5637dcb9b76b827ed63d01dbd4ebae1144	112	6cf0bad43cd131aa33622b995fe9310f3b239255
8085ba0530db7c39c7fe7c137e391f52d738328b3be4630dba7604c41ba4e572	80	6cf30aefe8dffad8972e25271734f388b2e1193e
1d50365d2337bc62b8bf22abb7bf1804ffb529490084a8c17a494d111da8386e	80	6d4335b8336c4a5c6db41f6efb3956c8cb243a44
f5e0538e1e3791626404622cb8c60be666d5ec4c806e8d4e5c262885cabb1b10	82	6d435cec531648cc605315f0a10b17179033f4ba
4d9263e5574663358b95fad393b871522d14cd4ae581c5024fd66b5259f36948	114	6d443a05857ac2616a8d51268a01f2539e14cad6
9a0f3fb212e4b5fe05dfd0a8a65bedb7b665ae58649874402af4180ad68f61b2	101	6d696c0e0f05104eb4814d7afebd8ee902823fd3
824db54fb7f06288b3afabb91adaaf9af40cfe6ed781c2aecf619975404da1e8	82	6d6b6be632457736b7c4f332bfc53a87df21ea2f
a447070592c531c7d471fbb5aac0c262e24ee9673e6edfa07f24ef9372c95ba2	249	6d7ef5d0cd928c90b6a97a22dc40a9c7ee649c62
979ab8bf7bbf8b23491100175a16f916826dd658f0c76ffffed0d35389570723	80	6d9c273a7570886c360dc650a6c40f856764dbb4
39cb34877252e5d6c1153d468af4c18ee5df53e5e8866895ace734fa7670927e	82	6db01410341ac32d957fcacbc7dd620bb349f6af
35b58679447e8311140576da6d4087e303aa8d7ca539ab129fa8026e0e9cb78d	80	6db15d358a86986781e460d5004c0031a68ff01a
93c544c57060213c63a7d9dd24cd539c9babbf82872deb3b6618edcebec09d6f	103	6db8cbb263e9c06e27b1b17978d4f3496eadd20f
daa3a4dab2c6bb4bbbfc6baf35b26e4486a46424d848d12fe4157c292979fb4c	80	6dcd1e04d0828a5e7aa5dbd63f1325beb1056c37
1711a2a158381a9cfa650bb5ba783e294022f426742a0fec56826224c84d384f	119	6e220f789044db452d2cd1c0bb3c7505d765e270
d542af0c74cb994b1b35cacb8b82782172c1e7479e9829a6ff6b4e3dddafd1ed	134	6e2323d77a695c13f10b8787d1ef3212c962e8f2
9693a4ad40d8d698987aeaf4b24e37034e82b96fbfe4f12634bbc37e4329d9a7	101	6e25a1d367cbf7b88f80e2220904a05485868890
ecc03daaed44e3bac138ccd050820006ec8a15e0c76845506522f110da2e633b	73	6e4b73a27f56be9a3ee40934a7e72b32018c9133
447e34aeed65fbf47c3beab5981f83d572eaf8abab5c89e18eda2e6b03f83422	151	6e59f7d9da9663c8d79cf414381b811f44a1f351
f80504c294a22b927abb35175fa6c7adf0d1f3bdfb42a23993fda276926b746c	102	6e61946e5fb0587c9ff03aa783c4cbefe9fee02d
399df8dc5febba93960de479ad63e881b545c74693e30791efa3542a953e25f1	101	6e7578da4fc96d28ecd28f5fa5ba02c631dda13f
eefb683817184f083330e3d170e0c7ad3c428a7628ac6ce436e792374e6511c0	78	6e9af1cbae01db0a6bd27b7a6102846a361680d9
fa8c5cc2552924297198271031514a38ae4ace999747f23a4f1027b5d28093b0	80	6eb73a723e36de15d1c8e8521cd7df6c3ed72496
4e930a08ac664a222eaf88aa27568edf39398e57ea966839c0f5aae93f72360b	149	6ebb9b72234487500f458d705d90a4530a08304b
6de9ed113c47ee63629aa330cac683574dbea04eb257b2ba31c809d9842973dc	71	6f2799e2de97347207cf6f31b3c707a573562b25
9871b68893220c0131e6cda0103bed76a07616202c61438afa3371598adb0b91	80	6f7efc58a0a3b68fcbd73d61b18aa0e0eaf58e2a
916c81da3f5d1434dae4bc303ed3534bba720ec763f81b43d62966406095eb56	97	6fa08ac0717110da2ddc16360bf937a595aa9454
790ab0513d835c9a03bab75a79693afe636dea435d722b2a350fd94aee50a04d	71	6faf2e0fb633f43fecedcacca40280af481eeca6
c8cd833b8adecf0f7a84fbaa8bb38d04a195e8745eb6f52003d97ac273ae2041	82	6fbc580ee53a0ae2afae6e293b71cd6f0292cf96
3a08efd2441a0e94430dca822cbb1a6584477e9e9fabdfeee91173088e382139	82	6fd589c3916b6d2f042e6d76da273cb753445fc1
c773003c28495eff25fac19d3885ec763e7c6f87f84ad6058649778cec0ff86f	136	703601849fcf91a9ed23fd7f777ec2376926ef0c
4be25f08e7b7618cb575c168ffbdeac859b8cd5bcaede508c8c406ec54ca7af9	83	705cc1f741e3bd36462916a4ef740fb0d417b72d
fe5bfb5ecc8ee366221db8beec4a87e7b9280983def72728ee93e79f93aa48fc	73	707b39762e9b0aa47de47ec5e27dafc2b8105e2e
dd874eb07046151e3fbc7ce13852ea9767a943a473eddda5b8c8f99958c85ec9	80	708b3f0c4735aa0d1642cc82a386a705ad405e26
008feb88c1687fc095ec1569e34f7f9085321f8d5eeee8e587c350b883fbf01a	78	70a28fc5a4c379c899fed64477f0c1ef4be381c5
2056674a0e6b8243eacd78ad62f64131e97c728807bd884430b86cdfd4faf2d6	83	70cf3e446afdda240db9c8092bb6ae36d0205aec
8f158dfbc912abb33739e597fadc85a422e96f67086b4fbcd51d622367e3cb2d	83	70f35917fbc4a5fe59d1f9c39314ab35193987e2
16b16c4648995dd0a02179b49615694e2d085e5ec9b7573e2c45967a4b37aab6	82	7113dd3ee00bb71205244440dd3d9d3f7b89693c
b732ccc862524c690674c74625af48789a154457baf794e0cd4113182eefac8f	82	71207b0a9a575ec72a154f86d3d6864f3d69818b
15814f13b48d6890478fa2b817a1bdfbf08c0f2b4f439c62abb198515a72ed51	101	712d3d095bd31d60e8618c694049fa75e84216ba
c4385210d0470a7816eea80f1b40b9041377a09bc16fde469cdb0ac20b225875	71	713e96692866b91a6c92e35a1c8a02e82f2fe273
b80db0105b1fa85e57d097102f8c9801b3f11bfae185be3edd3e14ccc3e72025	83	714f7113b8d4829a2abdad9f3954940026243407
caa763510674ba28131d2e51a72132128f0ca2e3a201ec76c33748e6b438aede	80	7173a27fa30b03d845d50e11ff6f1b7a87e7d3d2
68a2d2616b5be864f85d5eb368e217ad6290a0777134de0b7caaadf853eb580b	214	718251c4d2a863ceb4889d9c378d8bc4591f4489
bd80866b063874813a11139f6b265baa66c9487c1afa18e4c90dde33a91525dd	80	7184033fe3427753b9858e2d7c2f12ce83f2382a
3024c298fe814eb650d8350408c71a498f5a46e19ae59565b15daa6d6d2730ba	118	71849fad80e5baf2d8e98704acd2fa9fa80e99d5
7219681caae7e2d07b8f94624591e5e671e79fb63ebf855f50346c0e0bb5a3d3	152	7184d21f37465de8066176521fc954fd007cb1b2
79e60de250803edf3b4fb167419a7d8027e31d0dafdf06bf8aacd6c7a7781be3	80	7188b8514edc32d0db5175c7aaaa7e7654fa7550
68e2d159f4dd864197b456657d773cc81aa90775fcd66665803809def47af5f9	80	71969739168c1a64db965228d4d1dc78a7fc000c
ddb436cce441acbaa118789d40095b403807eb4eeef3137b0e2b0b10adc80547	80	7197caacb6fad93c9597b1d12400d0d4e1c5939c
14767cdcd5ae211a5ea6154807a36c011f0d635731aac91d0f0ace5adfa2ebf8	80	71ab457534bac68207bb994e7891df95535e3db7
e69e1a6252b355f63cad6cd9bf384094bcc442644bd7d354b809f3429dc939f5	83	7213029d5cd993d1438a16171371d342445a2127
052c2836da93e8e5e02519b289fa5c7da443df6607d3f74cacae967ae6264b98	97	722ff11762a5c24fcf484bed68761c0116151c7d
42739032925324fd97631b0b77f30c8fbc9519bd71d39bd557e65f540e8d75f7	82	7251dac424dbdab79f51f1b69e639b2b5d51b74b
eeb9342e3c7636fc605c87f9c4715d264c293b1abd432207d365e077a8110d07	80	727622f01c63227cd9bc309946f95b8011c49b88
2109fa055545ae5704cfcde8fe6f85fffb8cf8e0da31f7041b1fedf1090d4c9e	83	7283a359ebfee4ead15d73868df8273c8d47cca3
8959ee19c90f032ac9ad773404b29b0e29af1ef085a144e64210a169bd5617f3	80	729474ad8a328a2c9cf17792122e828795eef0f6
ed4ac46a6d5ab5007ebfe252bfcaef1966d27eec5225624d1fb88fb013f2b805	73	72a6c8bde2b64bbb2fc19f02c6e14cc136646f74
d28762a9e09f59b344269daf8033deb87bb96036731aaa11aaf0bfb2b8862528	82	72a7c053fcdf4409e99db87cb1577874c99f07a9
e09c8df861efd809a396de206948e3359a23bab858fe26c3ee9c6f39f73f5d86	83	72a8165f791713e8e0b2dab5fa764b4e25608f48
722b1ea1be87a1cb72c6815ae524e8f286dd0b745cb3724e03de4ecbdc687a9e	82	72b26bfafcb153a8bf84d5fc442bc03f88270b9b
124b8a1a845201ddec6e3c39c78e60317f538e955c251bae2efadfc90a54f37a	78	72d2c0f7083caaf6ff9ee0c05f0c0ce742cc028e
e926906caa02e186db7ea96a47b044c826f9a1a09d4868481fdfe12d667bda9a	83	72dd7e13828646e5092d69f76612225509d92816
ce902046c4c0e42cdfebbb510bae8a33d58b26301aaa1d8326d2ba97d4807335	80	72fef384c5bf68e9a1956a6cc3e75b8563e50a94
0942d4d3018da0cd6eb259473c78067907bd50776bc7fdfa56e907563772aad5	71	73022323a41d945b336defd90441baa506079337
224d5dd77798c8c9f7dc72cb7ace53ba2987408bf945d109f67ff61ba604b024	77	73027d80d3e2952cf54dd24b5fdac53656815c9f
21a15ac4eca65ff2643f40dbf6bbf36bfe612839ad060ad642c23a7c1228e4b8	368	730c017ca1e782c7b368094ebe1ee8084f0e481e
b565550cb58e6f802c3f139717289b37fcdb9b0a5416a861af2780d7524d9fa6	80	731570f96e02a9ffe5935ed5122406e6acc20214
d35925c61eff50cc863ba4f16e17d619c8e4c82ac56ada04e446f04d8fef29b4	80	732b8468a752453b223c31f99c8b8560fddf76fc
82939569216735de42cf451fc3ec5e98963902a9edc87442f855c7a842f52dd6	236	73737b61674ab3e66c904d313662127b07f461cf
47b81bb6e4ede345c26da740f1aa129bc1298b9356b4d808a0dcf6e97ecdcec9	73	737696ffafae7d2f12e242e18dceb18c3af58db8
8d3bfe77b5ba8a4ba33d974bd82fc74f6a1a07d4e1af8f31ee25d8fc75c16276	83	738f79cda7b39bffc359a6f8678ffa19b6c52146
844fd86dc0a4fcbde7b571d914b6d3c715259fd4c3d2bf4012f20739201ae83d	80	73bf4f63c2d9ebe0afd265c5f63a6f3595272faa
6919163111338a87aff2759980101c0765219fb2a964c59cab8b8f9f7b831964	71	73d56774b102949a9d986f96a28dca5baaf682aa
b4599be97bc3608e41bdac9b0f9248e98d3da3f830f8571a9cc88e41278543dd	82	73d7cfe60dbc84b10d83cc396faa5468509ad9ba
8b4f0bd056588e38965a88ec4a2a336742b99a517d7f0429cbe3fba487380c28	80	73dc35edc30e2952159fe09e42e9098685535cb3
5c6b2894666baa6f5abc91b3a74274f49ed37fa4e8d55999076cf8ce11f0697f	81	73e1a78515a6fb3a35eaae902929bf795c57cac8
f447625240c4f5ad80d97b99f4e049bf7506be1934e6eae11039bcc3b8954730	69	7406c389190eb156e77f6e828460ea536a757150
d756a0a53f5be7378649586f9b6c1320a36e537038763fd0c249ce00db7a1f53	80	74141571f9214cd773d739910713d3ba1223c264
4e94861ff549a122a1e35ca90307534b70edf5eaa3bda2d2749d07c896c2c21d	303	744c774b0ac8daef2de13fd247b11824fd4c411b
d3a2f869a6816ee6c1a3d1a2302bf04073c271a605d51bf79b828e96cf7a99ac	82	7458dac257b02b5adc4f2a25970c00ff80cfeaca
46285be008f14ed7aad369835d6804f9ed785edb89e6ac7b8eabe96da23a35ac	82	7480f9b7174fcf79c60ccc9c5def3bd4ec469e92
9938bbcfd125d7e7bc4001303da34b713adf8ebfa89ad658f5778e507e4b8248	82	748985b8aa0c32a7cf5db69d0a5d810cd8af12aa
0aa11243e23480c5c53bb988b48cca1044ce497fa8cbe824f7673fc6b6f0d828	69	7496b3bbfec8c2daf972edf4965d79f1ccf2d884
4d26849ff719cd73cb58bfe9e09247d81b3d697badaeaf7ff05b782f6e701418	80	74b06470f3275de53c0f4f4512fe6cf4e6a7c1da
d5541c81b8e7670d455eeb014b0da492bb8658a812777b9b8afa11fe6df89636	80	74c8101088ca1ac08fba96f582475294c74077f4
59426fa2da949da2736540379377778d47ac01d7686961dbcc74d33b22bc35c5	239	74e459c3f4249df86e9b4c7c5c86eeb59482671a
244eba7d9fa0f97d75f73c3053ad3912a65ca8f9df2d193a85eafc2a20df83c2	82	74e678bf11a69ed642c94e0aaa51d61a057d768d
cc8e1dc291dc3416cdacadc3e8e728a669600378bc9f148fc0c11c0a01ea33d0	80	7545deb61a3ee64e423efdcd620ae022a1bb45a6
f1525cd81198104b66e0f116b73570ef154b096d35539f1c0bd4b7b9d573ee8a	83	755f91f1c851ad2c227b32e01792b53ff6949bf3
9a5001d7b843fb8d9854f4a077232f27b72d6f0f279ae101badc8a843ea30bd3	78	757ec99da6ed11895dea30572a938823d74902f9
1c074174ea852634cb4f9ffbbb797dcca46527fe9abc15a49e02235c68b6c85d	80	757ff94f97e7d73e45210e879cc968a7da4ea5d0
eb09ae468f1f6f34ef5c4dfa5be5dae072352f174db52eb98d4047c935708670	437	75850cd49593e644fe4483dfdf19a519872635b8
af556be71b9f19d9ce2e82e576d9acd867841a6c48ed0f261cf6a1702397ec4e	71	758816d94a3a7ccd7638f3449cfff38c2edb0577
ec5b703867404c9a2414941e914bafa73050e1bedc80ceb74a8adc8f77d7e007	73	75b89ccc4fc429329f81897c2b5d4ab4f196dc44
f16bc508bd9ac8a5437e7ba9d657853bbae21061b1a8adfa2809198b2dbe7016	162	75c2ad003fe71867c49d83bcd7437f0c9084aa07
3f5459f9a9d661697ef52275d4ef25db75c626cd69baa2132e07cf36a4d616fa	168	75dc48d627b614a130c546d21d5aeaa0288293ae
88cfb66d396388b13c3512a2641c28f1b532ec3fe2aa9e1a3c7eb82aafb132e4	78	75de23cc9e4995754659cb9fd72a21a3c569e1e1
3ccb61f56ed0eb9c3bfa851eea9b7d6337c7484d876bc171e940820a7be018b5	83	75e11338434d4b2a81c61c651123287aae277ee9
2a02fd707d70a404a6e7d5a7989dd89cc6a5ef59b04a6a6d565eb9834a479425	71	75f0195b279751096ce810e4c7310910282def22
660be3d1000ca8903bf0c0b791ff1dc560526f4ee3440f9ec70d6b45e987059b	82	7608338cfb20a2bdd6df7415074a8e882a7e0dc8
5b0b63f8343fb9ec4c8eac6d3cb7e3adc3d0621fc1ecd0f385b20656113a97e9	78	7625d7587f303b205a25d93480305bb3dfc30ec1
babb5b8badc91ae51cce8b1baa7288ee9ad2a395c97ab5e22a5671d65a32f466	78	762ab3aa9762f28155b1710c72d4de48b55c1435
35949d1b9ffae27d736800ec06fd7f9072a2fcc9bbaf49623b551f3693af6f30	89	762e62ffd1ee97d7f881f18caf27d48696110161
e66ffebd651560e36f4d14360c7e845b601fec45158f7ac7b8284b4f7213e3cb	82	764e913c21f1dca0cd93fea1e5faaccac49125d0
46bc9cdb1cbbae2de33c0c59692e4a3a54c63c1e8f2a4635742da21339793989	95	769ad2bce49bdcafc38eaa9dca147d6659b59848
1b8507c7d3a91444a7e976b890dcdb5da24ac4757e8cd18d3eeec67969d4533a	82	76a80c46a73f9dfd2f08b0c81fd6c4f4f1436958
89f61b19b27532eb031ba8fe48a7c4598bbd9823a246a14ef2d897ee23cbc72e	78	76ba75a5b3251d33879ba7edf1340f6cbcefac5a
40a84c1ce61860918928b53dbffd8f39dd3b7ca3c861aa6cdd100d4578781018	80	76c84b2e1a3b28ecdde1d807616d433e53223ae6
858db955e95e9ad45e4c8214947770e860daa002037e59a2131169c4aaff6f92	82	76ce64723e888c338f8fe34c6e8406a8d1e6cb5c
4cff6bd30402e0e31ace232b33e004059127de7eb59d63510e6e2040ed1ec08a	78	76db25e240d8b389e0d9388b317d4f3b7e7ce892
cbad57066799198f39d12a435d2c1dd647a5e74efb27d5eb07130f437679aac4	71	7707c33a35a40977abf10b8cadc272923687e1e9
def5ac5b71c5c56f3f2a677cf7a266a84719fa9ffe0d603b2a2f970e90fd1e3f	110	77187e3e9ffe16d1d036351370c11eff748b15fa
a6d691d145f92d9cf5e1f20fddaf35a3730986e575b0b86b00b38387d0616d04	116	774d03d16cb431c15ef5da2722375f698853abaf
9b3f0a252dbc31cc472c694b7f5c025875fc892698e7af0fce1cc24302e53a83	82	77516141b760520d343383bfc68642f2e567606e
c4c44eb064f6e85a45be0246e3c1013da67759e81e528c10e1430c1854399cb2	80	778574ef6e738b5e8dbc83cc0e2ce509fb53104c
8ee503ab5a705c287c83b7cefc563b04f226789efe5752bb0676942d493a1544	71	7793ff10547e34653610d04d0eaafffce4eae2c1
732c1bbd986b0b43bb6d50df728e3201f97422c50443724a3f2045cc91171541	69	77991c65e35b7952cdde3ab623d4b9bff1e4f42b
446c0920f806e49933ad503ace69a8c52aff32033e9f9aed78c4212c9c89c515	82	77a52522c89e171031f96b36276ba78d644c87b1
db22bf1373fcc46da7631990db5f90d2053b710839c39b2369425fe0cd04e8b9	87	77ba78c385588d910d950113b3e3e51d3b6a5125
6b25ed898477be82878e141ffed4bf8eed0747363a3fd92d6aefc138db7a3fe4	221	77db9ed30c252cc481d71db53a8901be14de4da2
7fb69f772bcefd5e149868fe6d762925bc2ab5769a680d8eb49398ca06f66b1d	82	7806fe21ded7667e4bc60ae89e91639676dc067f
29a124048c03f9e57cf48d8e10a3bd8c76b9741c0a6caa778ac6075df7a9bbf0	80	78081ecff0e2c6303c104e38313655415988c4d5
d1c580ef90c7e60aedb69344afec453e019e9f40828b6af4086ddc940bcc4fbc	83	7829c9efcf4ab514f22a563fb24c935d249c4d79
6a0f8dc07bd89ebcf0c4aa5f23069b6910f7eb363c1619f648f1c0378c5792bf	80	7833fcaf5ebf8debd6bf5eb1807a73c4c9849fe2
dfa57ed7c14850c6eb04030ba108dca793530339ac20acf27008ad4ac5db8572	83	783b3f5f78211c81b1df93f3bbdf2b8c972829bb
12a1438d461e3b05f324f3565110d8dd9f8f708c20464989b2a0cfc9c0059d5a	104	784a15c23796b7fa8a2d9336f9bbafe0d0076aa1
bbedd78798c4924cca0648108a179197fc8642bff1a92f49af80e0a565c3bea4	70	784f214d0af7c0dd40f540b7a72cc39d1afaa036
3386329c5fa2cf772ee1dcf0b34b257ece7490f9a89572f94630bc54dae78b98	72	786f5db0df09f2d3a6610827e96d3d0326645515
c19e4850d1d756ad52e87410ccea4380d9bb25c29ff03f1c5751c66d81ac9d70	82	78715e962f92d02d127a15e28137916b52fa9b3e
7b4aa2dff174b4119a7626594ba868c2cc24e250eda0476874fa87454025ac11	132	78726a8c5bd573c9c59f4074be09d13241d162a3
63223ea88c2c644cdfba7b967b97c14285fb3c1f10392336fb167fd6dea7897e	74	7880d4dbc4a2e68662c215afb954d0dc5c5781a8
8de1b758bb80e128bb19d08caae669af6f16cdd2a5cdeb55c1de07cd338e0446	80	789ee3c811fbef8e0f6dccd552f893b4398b779a
27446215db8ad5c85169d256c15ab278d5dced0da53a3a89482d9fa78bdabdc2	73	78b34dfab621c24e6838ee1e68f05927079fc952
145461a4b829c80e2cdd3a64d72e5fe77e6072c16e32ff99d0dfa8507d698d82	84	78bdd43977f122d6366ce03b9d5fbc8cbde8eb2f
67735930107aad6009787dfdb231cee5ed275e1275e171d00d159a3c3c191f3e	162	78c9d903228b821a581e928a77a6bd47229e732c
d4716c81f5f8216cc7d0ab05a6f024c23a3a8339a1dca8b46612b1f28f600637	80	79264075e82f9c4b2a0e697dad50dcb576f6a92e
850ea2a6ba3d2189566d6f7afc5cc4477c2a251948130f7f5da9704710ad2a32	71	7939bea52ce05ca2f1ce047b61612fa3ca7e88d6
693c892dc6423880d1b691c45390c187ea1cbfcb3446f2b345b08b4088319f91	90	7942890cb340772bac820f379068de8e72cd27f8
e68d19e205e881d2fa354e3772840decbc617601672deb9d9dfcb2ed3c5c5f3a	192	794c52fa1e5d99bc6404edb77b0e1033330c5759
fb10f6e8fd69dfdf7e583d7d26a1286f7306258ca69ce34e74879a17724eaf8f	83	795632a85cff1889b4cb0ddb520cf875cdbbc637
3a27d1755e2970cdd1a070a75c18f90fea0822ccdfd9faf9ee4f5a17018d05db	73	798af437c9744234f823814271b8801d6abd3e94
cbc3c94aa5664b16e07b65a7060eebc20a4e15018256618efe65ff97fb7c98b7	81	7994728c91624d656574daba2309d3cee6979d62
f79adab96813bf4507040af03c67bf555ed0fad7c5eb2dacc04e4a6f50ac4673	80	79aab28bdcca6bed94d943f15b64fe76b02e6d0b
381c4dd26b1098049d51f534aa8e07bdb6d186654d64bd7602044edd04958337	80	79b0d12ad76134f538fc4bf486f8198ad61d955f
2399d3efb93c50848d1354ce15a93069c1a9cc7940007d7cff4b141f3b70f7a9	71	7a0c44b7e0b94a2975ab550ecbaef93bf5fa4c77
de2ad0d1fcb4e95ead49e48e072f0dfc3c225d4266705f18aefd83ffc7337434	171	7a0f9fd13c64b2d97d81dd38af4b82b4cfa5b8f8
9b3dc843a8a7009efdbacc2ef732f97494d17c8013253235759e7df62052304d	80	7a2f5eb69e4e967fcf782ff79e56fc5c94d19d10
e3932ac3f80356c98c7ef6b14aeab68f07295f688fcb7e5e585a7af794c8e475	82	7a3aa1b2683d34f3d2067bb649b948087da48c31
52c7ca78efb30693c1fe6becaa743ad484128444ef6a6f561a582544304fe72f	115	7a4502aceef3cb427898c3639a9d2a0a82ecb4a0
5d4f72d07add40db2a6f1a95bca32fc45f133d3c48190443ee9f8cc9dce0bc68	78	7a6180c16ee943e919718288e420729808f322c0
d81baf635346fa33b165c1bacb731eee222c6e6455e273dd66cde47b53332152	71	7a618c859553b9347cc8b6777c57d06e87c12f00
a9be5c656ea2f94e9b301404ef8f59382cb9f8a856f85f556a59e1a45cc6e239	82	7a78fae6e725f44b4f93d0c021182d78db8a1318
2de7046949dab4b93a8f679cb4dda80688f9f2d460824b326304570a45b93622	83	7aa19c12b871c0759c08cde53de3675ec1303843
e223336870c6aaa91ce0bde3d93ac85b01a371c7e1fdd6e341f56498be14a4bf	131	7ab0938eafba6230d5eac008cb6f7575e3293029
133d8a8cbf61ec8232a06efa1cef7b67a2d47b2cf29581c6bc746aa76a4df753	74	7afd35b31c85e94cd89f9483225800ddc61896ef
ccdafd0968c2feb852ec982ad61384e13a9c759b722ac73e5f38895e86ad70f4	83	7b120283e958d0249559e9a765803cb571dae123
9f28dfaea281b6057550b9bf1ea69d4b9d7ddc7a9a201d8a649687f9c0ed2042	80	7b1814f649dc98305c9bae20ce5033adfbae84b1
222e0e98d3dd09e45c3970792f4d9440f6a8a66dd8bccda0516c3708ee6c3262	80	7b1fa8f2917f148e4973838b88bbfedd30b170dd
56846cd5ac3c3a196b0e39a6787eb79373f2e322bf90b4503e1b067455d4e254	82	7b208c7ba34e3e3321726c4c52b3a27a0c55e321
ec58ee9993a21337bd76d12a842cdb074e52ee65098b3c18d07c6621c5fcfb66	82	7b2c1250cbba24d96e80fe9a8a573282633c5d2f
aac7c3573e86ce6fef0115a2315ce6748029cf6b72467fb8a031efe29a5b6d3f	78	7b312b4094ca8b579c8d02afa9650ef5b52886cd
f9abcab0d84ff2fdc08181d927ae83e35229c4de5e9b87dd5c21839b4506acde	78	7b312f9232ba8740b0d0e4cac53e2c40c46f32e9
c0ed06e696206ae6d7453c61551c58dc888d6ab76ab213dcc0be59a51475feb6	83	7b626a918fb16ec108b5815e8349f4086a15b331
085c66bdc34cef52490209beef35a9542917bb73075f01525514bffd7fed4f00	104	7b83bbdcb106ab1622cb18fffea805bc08b84b5a
65461503c7fad13cab87551d152fb477ccb13f7903e98db62d084379541a1962	71	7b917f7e31a6a88ac3d783adf3de8c37426d421a
9389125a5dcddde70220de2061d3f922ed5732db20a0398b63189f09b22a888e	80	7b97e4b4bf3221f7e6393cfffefe3b11f672e8ab
42e1f447e13e00a05b7e5c15c1c45bea9156a141636ed1288ceafc9042c8fb8a	79	7ba69afcfb87ce678732993748c97ecd5868bc00
d8b610e8aed0a2556a5d43edd9ba54cedf8df789164141a5918491800045ff70	83	7bc47b9526da1f252144a58bfc8a5b02ff0f06e0
798754502af5362e02daf7274ca1505419d9aceb15e3b8c738572b88d0ca576b	198	7bc953390d5878653d67582880645be8d00f4ac1
802e912846ef1267bdb0ed794a178eedcd0a166a60e85327448515c0d831b115	71	7bdb908647c52daaecd215b3eb00ab9dfd9710d0
47f2999233e160f32d458149f5d116b4d5809d37eb71e5e490e21eec1af3dba9	80	7bdec5b722db9e69fc2023f5753cf3ec74794fbb
77dd5c468fdeb897820ff3acac9206e35bb46caaafe8e409ad3f77ccce5e70f9	71	7be7eccfa79afda9d2c140eed0d1088312c15897
5c61543aa2b77ecd7395562ab1eaf172847cb5a51a5a0f7bf46e4992338c80dd	80	7bec6644c1f04db644fc090f0752a8b5a2f38175
e5bfc959e7d222cd20dba4724dfb0e42c188e48837d87c6dcb8e3a458815387b	83	7bfacda4ba1e61e2dc29104668616f5704089a45
b0f2c37aa06facab35c675671a5d851a773eb3c0d6d241c2b10a6f13c32daa6b	267	7c1f2bc9945a57a60b3e70146ee74124b29fd2c4
926d3c52986d02aa9cd4c7a8349f9c7e929896d46d816675c6cf11d61cc75256	298	7c200299005cfa5ff400e7e16b2b91dd2e5bd68e
e803b8495b8ef69518f6db16247fe04190f403527b3918c02c02c5d68a17980c	73	7c34776c5f234674ce2ba05c2f4528cca8396dc1
adec6916ee21a2ad527fbd133fd56e80c43449098e4cfefeb6489d42c16d7bfa	82	7c3b8ee33fbeaf10e73d1acefd930ea1f743abd4
c7b350d18002f6db29aada4edbfb48852b8f3f51692d5483dd9e1e991c310068	82	7c728ad5ff5654862ef86fe4c060556de0f9b2ab
ae2570849ee5709736377d06584aec3e9f3980e8cf1e7f5578c3fada74fd4aec	118	7c8c204aad6a29dae979d3bb42aaa73992900621
0ea9dd8ccff868141b844b9da4dde08bd15493490a3f7ae9196e30fb2330dd1d	83	7cd55a7cc21a1eafdd8d6546da96519edfea8598
68d808a7aff4e4e513650cd8d164d9b26b3d38ece4608dc8b3df6c9b4815555a	73	7cf45a4d0b26010052d429c04f0acd54ec46c4e9
ec25cbb1d69f42787912aaf26fe5e73f55293585d1ff924a7d62f5dd3c9b0b44	73	7d11bbac71c38230eb3fa8bb612fc0cab7d0b531
b48c86374c0b4f9fcde1d8bb5d84337fd75b3c7e53d47465cc23eb02a0af79b7	73	7d1e62b965553992f2c07a5ecbf50903823758c1
d47e78c256afd50436243e6314cc5e89856cdfb65217ba9e66adf40f84fce4ba	83	7d789def03e7342088da67eb88e6853915b99b6a
ffb1b09a1c67866e7ee6a5c60aba3fa3bfc0ced28e4e43414f8cdfa9a45b2a98	82	7d7ba8c2df02be27afaa998c8842d2260283ae01
ec70ee77a42d3ff92278a65cd99b6e7751808c9a4c2e4251324f7860d52e25c7	579	7d83fcec8f1b2c7b79fc2201d995b401628928fa
003a95d734c6a4b37641832f8b60a1a702bfedac12b99a7fdf145308fee93cf2	82	7da553d4edfd17c487c88f838e8af793483329de
18cc997308a4c5c15a1975dad1e52c8b5441fc0e543150e6e528ec53ff6a99a3	73	7da8b5937dd7fc9f7f01e27e5abd7c2d703663fe
cfd038a226c9743f81cd613ae499b89cc61b1614b5e1751f2a7f3dfd91b786ed	105	7db7a01b34a19ec3a63755b60e95c2b6ac1c8d23
49051d4955e94ba714ad67714d482e663716403c041ca7b159ee7e2d5e09c4f8	132	7e19658e68da420557cb8c0ab91d073d948ed238
d7d52e22e4229aa9e06f25c4efea634d931bfa756e1d177602316a26fc35a6d8	82	7e24c9bc31587a29f20b19e4e0ef83030e74ef4c
73f1e2bd3f299fce60f32f7b1673b2cbfac09c50761bb7d912552993ab4a86d8	83	7e30885b73086fe991af98258f8bc6ef790f3deb
07eda433ed592f23fa27c137e0dc2b7e480110c0194706d9c230772c5c5ae643	324	7e327cd0f4693eb50a1ab4e8c322bdd5bd8be23a
95381fbd0c76b3e53404057dd3aee0b54cc66a52292463fbaabf8c596998b434	111	7e3a70517814a60a8d78517aeccefe8894e579c1
4215d5f3731626e01378406cd76ad37075c5c6f4e4401c0c4fa2d557d434f140	73	7e3e858aa34d690f032dc52106555cc27c710ac2
add97caadf0952cd22ffa81012a1e8a97fd9a75062cc801026253d92458ab65b	80	7e4a4b4bd66c4e07fca0b552eb78685377cb063f
de6ba04347ddb6eb5a2a5aaf2f7eb1802c5709f1e71ff881b7fe5fc728fa4b0e	101	7e57cee640307004e60a8bfa5849f04fa00515c9
f2800b72238c13902acb0ebb69108fc73c37643cba420f9c948bf52724eb47a7	80	7e58883d2eaf80a433c407945ee961f69e90fb1b
1f63e3651b18a4bf8a4b384b095b1a9d532d15baa8611f6dce330f385fb01cbe	80	7e640aece57d9bf3f5acbc6d98af9b327b250b69
016fdcba6c9d248e66e6268156808bc48ae37e4043899fc3e8ae448d3ef437d2	79	7e6a28bb4b6008eeebdfd9d1999e260ee0f5b430
e138c09a21709821443d9f7801e04a5262a0432f9cba9af31f4ef739681023e7	82	7e809292ab846da1122cf4b740152dd9e5f9014e
404d536f5d05787c0bc6a433886f719bb8175b41ab9e786fd12f9d8814927f07	80	7ea1ed00a6a5bfdd60a363cb54dc0f171534cd18
eaba2f05f85d3a02dc365397a52d0368b066fee922ce9abf272694f539365392	71	7eadbf3d31e4858ec0f067c88013e9800d2b4117
7e06855d5f8e1a5d9428782f55a2d2fdfb9c8561271734d50f52a1b829e6020b	82	7ecbd65c40d0a2c796d16c5812fca41fefda3251
0ac5499d683dd28f191cb6cfdaa732089eed17025ec700a5d315d9858a427215	91	7ed514b04092df2e5a355a09bb8c7132fcd96cee
8a7ba9ef46fa6c814a1be075e3d8c1e41d689929e8e5f91b9067e8cea5735b3e	160	7edd911674c3f4026d0f7f5aa48cdd8176f4eb36
8de116c330366c2fb44f6ce3bc51d373ca1f4117583b806542b279d9047d04ac	73	7ee6266ab72ca76bd547ea92bd5912338321f0b0
16258cf5f3925d020479879f376446b46b1ce573f198d2795ff628abb59be87e	101	7eeeaea440ae50b5b50c9906a8d668bc48f438bf
9230d44685d87e3af2fa7b0fe46b388c968781eb5e82faf0a446a161d1e50d69	80	7ef0db4cb3ecb6d4342e6ee462213abd9ace9107
531710e45e2f463ec2763b2f7b10f33160446e6f2710b63a95b0cd82f767baaf	83	7ef2b1d2bb4ebcced91cb3997b8020ccfb96adf3
d2f33b19bbb9e74c6b150e45d093c3e2338083a109adfd7c514bfa3902c8a884	82	7ef587a8121cc3132366f1634c77e6fde79bcb1b
93d7cee8a6f7a1f98432fee936545746664a0d96700aabaf0d17c628eda1efb1	126	7efa93569ab653b4aeadf9c8616cfebd85edac8b
53fdc5af7e65398f11b31825583ece6b4132d2d16d2dbc894a3872628666fcb9	82	7f3579911eaf93da3afc632b6b9819461e30c725
a115881a9ee2fa4deb2da51ac5c068000fbf6cdb66ea3b89d9d809ab169000e8	80	7f3e2b3ad61514de686fe25dae365650c09c607b
a5f5d895e59b3accb67f39dcb18cb1e8815296431c1882d2e008a8c5dbb501df	82	7f5c80ea057263f489d65e6830f0730a8f987db7
3e9e460166626d7d3407526df4c2bd3d0f7105f8f31d32859d08d7ec6e112058	71	7f8f66533ac001ec6fc249264ce15419f0e8acff
522cf79c9b8a0c3fe9ea204f616d14e67c766381c7c0ad14a3c4f62e986bfa64	78	7fa03154177aa612f5570a66686bb86938bd6947
cd75effdd795dd6f94e137760b35c4ee504d723bfe326c15bfd7406c61fbcaa1	183	7fa5bd4e52fa974c66845fb226103a167ecf69f0
8159a5d0b595ccbf2ae5347181af028a91900edc85b40561a04fa7b37e2bb5f7	80	7fc4dea200be73775de18a9cdd72047f66f1986c
0e737a6e3843f8e9263b5b8225ffc0dabf95ce181842a53f46d047fa3853c486	82	801149963b330fa94d219cc9e0344f38701d50af
72fc504cf5cf804c4ac84125f19ddb610d42c2452c98d72587991697593bcb2d	82	80344f0fba478982d211370d5250777b8aad1b33
24bba756025dbb7caec1209d7966bc9665b4a325f5374205000734ee374cca1e	74	8046fcd18244c64493e24138248687736776007b
756a239bc5a10e9b70152cda45bccc744d8949c21d8c7f6514a7f385ef68ab62	80	8066ed00c1445862736e7dff7e9759bcfad24585
1ae357aa8e22579722430ff3ecc0431d15780bade6e55a0d2a3a64a73412eed7	80	80933d8725c3736a93a961e740e007792b7f114c
364c5383537af1cd9470f5f7658639c235daa0944f784879ed91eff572b00cb6	72	809837658a9b1fb7236fbf7505beea29d110ca3f
624dedbeecbbced2f0115928583cde5e888dbb42e2a03766abd48ad537279acd	82	80a0cfdf7ea004f2a3709e8e9566ca36bd4453e1
d551a5a8f1777883649721a9ae8e6db2fec5792488dfe3db3b2db4353e43b954	80	80b6e34a5a1f091312466aa0c2f8641e1dbdb872
1daa7930894ece60872c49b2cef3635fdeff8d855ca5d4fb55302f23a8f468ae	79	80ba5bc6c366ef4f8a826cef8e7035dab3d2b6ae
5a9471284c64c84b1298b3f1f1053b0776d11122654908a014d72094cb3aba5a	82	80d5188ff0c2a41b434b9cf35e002675d3ed6d8a
4161f6d87b8741db7336ed16bd6af89b401d2bc0ef1e805528084a29520333ec	68	80d9b253b9c8d8140faedbcb544f07964671c360
44976140f8fe8f046e628fa40f4d4e80e9e2defbbde5e3d3619ae32ba953f9f4	122	80e240317904f701bfd5c12b6c17f6cc76c4f43e
83e0df0b0bb7502f24625ba25dd30bb2dbd572151b2607029a75ccec290333a4	83	80e76b701115ecf627dfcb2d26b9a27e46d19346
75ab0f40c1066dd9f25c44feffa6d060213e237822e4fd9d698a24aaca6d0432	78	80fc0f3f5f287c42ac2ef04dc0f47d1d469dbdf7
6deb5d99525e00fe4e2f6d1f57f4502c1e17fcc32ea1a18ab5d3ad05a420d006	80	81129c1d7fd4737dceb7e172260413d6126dd97c
f881dff1d7616e0cb33d0edcee54f0ddb8ca4e152cb03083f32e01baebb1867d	83	8117c489d4eb8002f9b62db0d015d4975889e9ce
77d39fe6356f0457839cc0d3c0b0c73e1aa804102fb5645465413dd1a94d0fa8	71	811eb5d857596f81bf2089cb19b67e5889cb03bd
858bc7bc8fdc26f1563823c1c4467aa7b869df0bd3b19cc2338f04fe107ec3b5	71	813366286e5381ba44a7f6546b5b8df9d806557d
7cda6c152e2451d762e1e7b4ae97c5967f3360e93ce3eeceb27328e1eb13e7c2	98	813c514e3a22b6d9f8233588f09108d1e7def20c
249acf04e4c42c79bc11695a18627214c16515b82d47e74bfc0cff8c6925140d	82	8159dce3091de1314cd99edaf9b7aa368c4fbab8
b831703fc6cb903972b3f0c793aff218562e1fcf4c19e998596233a69ccf5bcd	80	816baac7e54def7442e676e4bc6d29878049a2be
d402813a4057996fd8edf554e6c80f9a113038810c448570cb00dff98113ca48	80	8170368f93188a6df2a2ab2772a5f2f4044e1fb0
59e3039f8a29e9c7956b28ba335c242312d58864e087f5d0fe5ccf884ddc282f	80	81a290229725ea1d7d4fed70d5a3a9f7f6cb48df
60d71856ae6edbd1aac0f8bdb15c10a5cac40fea251c64bb4f8724214c6958ec	73	81a4615a73dc6db35f0c82b230e66a3245999465
e1fceef4d43eec67223e71e17d91db3d1ecd9fc1025f89c15b8b4c80f871511b	80	81adc60f8fca459cc9ea8abebf053318a7fef717
803b839e6c72718c8027dbb7227b55a12566a9217e37b104fec605bc046c9411	73	81afe74b38f4935ed674432bed552ef4fcabded5
1f0f16ca7f28b4124ca3746f1d7163d84b8359915704cca86bb7a22c46794bd0	80	81c407ee1b2c75551f16c1dd739ae551ed04b943
867146861d37472251f373ba1ae2b53cb0d31fe2b112edefa0a0e781a744c15d	83	81d75d76ced4d92594ff341549c403b8be73a157
e6cbfc0e0a6c467c7626d32a2d4caec2d57d2ce6efbb12ff44cec817d999428b	80	81e897005cefb9213218832b1c0242a850ee8038
a017cc340c543c65cbf5c9fc4bec935ae0db959620230037f17e2ed3608ca558	80	823364589b5addcda092cd8d720a8f82ee599356
0049bdb0db8bf05571beb488b53589629da9a2bdee4781aab6968eaaeeb9af15	73	8246b94c94bc15a4709f1b93fd33aab09c53e0da
1e2bf2fb2c1f3395008d3fc6c2792a6b48b8b80acc0a5d385c90fc7d3cf4cd2f	82	824b741fefdec15aa706375495950389dd6f42d4
d67025e91d1f8e5da89db3c3137c1c7eafb7407b8a4e967bba0c7d5a8e8ad04d	80	8274dae1519ea3d7a28337c46e7c7547197feaa4
3364a99b3d1156aa93a06fd003cbc5b5a0768458c0ccee5405e77221f63f929f	163	827da0fd4f60d122b17d64ed6b1ea737e5dbd4be
55d23c2155add36e306fe3f4e2cef4d4492e22c91914e4d8fed9ba0041c6a013	78	8286d7b6887b4e8213aadf676a135a0a5d6fb69f
8cf31c750c317b9aa0630b5f91da7393199ff916bb770997ac039363437a89a2	80	82915481d13d431ca27d87568b9e0987a7afc6b7
7352bc01d5a8612850bf927458ceaafe45f965087a7fc2b708eaaa708f3b68c7	80	82b6dfe0e14f3ac72b015e0e0e494c7f3f92a8dc
dbaa5f6c9994cd930eea60bea6edd4f9811ffcc8a3db60e30edaf35ced0fea27	568	82e9fd0c718ba0d255961ea5e83af45e072bcfc9
81f7c4f0976a687c3187eaefbbae68fb68252c5001630c9d6a6e5e8a6fa04dd2	82	82ebefe87eb991bc3c16addb5d84f19ea3c807b2
7a221b8613ab792e0e516d48dae29060319cf45426bb10f6f5433ce294ddc6ff	73	82fa4714325dfa2b03e9f78fb4b23f561d9e1120
d0fda17bcc72879772dabd35bcd4964fb26425c2cac0ffa747c3e931492377f7	73	82fc574fec0c2c4ca96478dbda2702b403afd161
f3741251b0ce7d2743ac9f2277cbc81287f16ce03b9e59d8bafc2f2cdaed42b2	71	830fd4eb1d0c41461d1d64877aade01d7f0061dd
5dc78e43f94628daa1b4ee1b1aada5122bdbb19726ecc4b327c7b7d864b2446f	82	833387e4f498b7d099edc986c81ea962aad67046
43f35d747ecc171610b9273afb0b102a99520555ac44ef31f74249da2be3d005	101	834cff6fe31275aa9df109075f0795a179be583a
ec173887c396e7094ccda1abadf041cfe6a4a2c22919bf7c0a51ab02af028164	80	8368bb40a51a59347ae197ad8f84290a979cb0f6
28c0aeac37000d97494b8b2c0d326750dc983029bb6e9fd4507f33a8013adf8a	78	83928ee747a61431697048dc1853697fb183acbf
102de7659313ae934eaff739ce052a5781a40b74572681bde1b6d79335150843	135	83a91315d7fd2705d4c4bcf6859c272a973ad74f
140f3a1ee266097213d8944f28902e7a0f67f38582c38995f8041d191f6da3bb	80	83abd780c1fb3b2af4af8dfa54fbb73e1264047d
53d05e642b0ba03345a2cead2ba32adf2aac8bd2f9f6f4ef69be49364320ec4b	226	83b0523398d6720de7ee942b0eeb6dce98067e98
8f8565716e8899dabbf329b52802820e9ff5dfdf8737faebbbaedd7d8836a5d3	83	83d2f317522d54bcdabafa0c4bad5c7dced0ab5f
04f6d0c403949ca24697e42ceee737e3f976db4b219bf7a683bf9a70aa1fa76c	82	83e35f04d50ad859b0e8803719520653cec6b601
a93e115d2b3802b91e27d8842cf9eaf0262f50125be9050cf93e66452bae2f1d	101	83ecc18acca9880a63f9da5f5b35591a7aad89ff
8c8712fc62fb199bae7d7ecb2a386f36bae8eedc9dd5e9d3d435d662ced129c7	83	83ff56f4f06337655134ef7e5b85314f83518ee7
7781927dd40cb2a22e49f7bc55a90529d02e4fc94a34426c05e161a3f659edd3	80	8407b230b2fefcee9f70605416f20ef599011d5b
2439f6c8e44fbeaadd3908f6d342e4122610746ddc6821fec32d389b08b7b52c	163	84115333e9a4729da9ea2b2b8552261f72172f10
c227e93caa9fd029c202207a72e135e8d4065a61499d8481748a0d70ecca9c26	116	841d90feca9077d23787b63ed82391ea7f9666b0
ae59ddabc7a425f68634c9e6c046e8ada4e1b39de374078d2124fb3d04c23fbb	80	843f988e2aa24b9598627ae597b93d16f7247622
109d7d0658296ed4c0ce5d47e30e1708406139aff240cadc8151bef3eeb6c5ca	344	84517ee910f95eeee40f617fdc6294c514a0377a
2f8d4184bfd4644a12c18226270ce8212e5cba7763dfc44de73321c82d8b9847	113	8480521dda5aef648bdf42439a44c8ac4e0a414b
4077fb747a73a6d07db82f232c2836b2fa009623de5dafd86933606ba3638819	82	8495dd72d9c4117903c74c9357c71c491f37b159
21ded00395aba257423d6399a117d1ea6877993d74d99fc3fe881673397e8460	156	84a2c202c673dbd4cdaefe487c1b81cf059335b8
dd0765cacd3d2b2af018603e48b1c1eceeac98751e9d7fb3ebcb84a84bb15066	82	84abdf7494d13936740ba6459246681e7ee65299
227713faeced1e4ca273925a12dcea71031d19288c8c02d3c5a6db199ed2c497	80	84d423a979642e120b015480f33805b4c6c7f6e4
254660927ff8e56c7dfd6bca4de51268d260579cca036f56d03ad9902c65f019	204	84d93308a3a123dc3ae0f51e3a4559cbe9b63c75
b4e55ed458106bda4187f97980fb1e600daffad323ddc8a599ae5f64a06dd6bd	80	8506e064cc84459fa9ae8f5f00ffc848ae014de7
69febb2b6984f8284ee30dd3e7a618e1299ada743113fc902c512f95ea68c592	120	8509f251413e8c4b4e88f0708f35162ff63add42
b6e919d8798e3fe67bfd563d01eed72e463a9648f1c194b990612d5d0acb9477	82	852380137d8d8387d7f3eb76d249c6d129c670a8
54cfdcc9a48ee7b380d043dd2efbb61d4220f315d26197c5dccc1eaf3f7407aa	80	854ffc5d6b0124c9a26dbd9d6613755a0147ae01
5a8b109e61675749d5721cdaa5a39d03fa5c85103ed34773efbd7f4607e9d4e0	82	8576a701a196a362d393f9e93638857c0477cb6f
50cbfc9620ace29fb59dd008e313c806a3eea8a86ca190804c70e3a3daed7c5c	78	857eeebc3735b903792af9e9f8a03d0ddc1c8e42
aea27d22a572e64c10c5d781faa6ea969089560ff008ac61de23e4091bd455af	131	8585f33f08a10d0a5acf5b014e4e87bdb2692108
f8d4c03747f2dd5ac14b08b8cf58424a2df3e090e3f08ee83595637064d258ba	69	85ab7b285c787aa9b08ab79aefd9b70bf6df95e5
2561571b20a49034576335198439ee61a328a3fc5d427c2f15fb7b4574e7421e	83	85ff26ccb68b14ad7bc145ed6125dc6b9442efc6
9028247fa6468247b72b9133139622213be1362b599d6a97adcc2f5f0ef9e4c5	91	85ffc0114f1e41c0458e9f48d5c10d8bb73aec35
4c7bde23ead9734e163f7fc0ce2531f2dffd79dce66ffdd473a281a11325d86d	83	860a8a34c2026a3f5b460f9775ba7898bcf078e3
6902416a3b5e3151992ad56145e77a37cceccafa860f545e2e0c97d9f31d705b	72	8610bb897e2125e56e82867672ab9980d00ac631
7f37986b2490d183b63675233fa40d57345755e68ffbb2ee353d058b23c6f34c	84	86141800972b7346d540f8a54565518f1e27c3a4
8577c09e00bfbec07b0676064d46fca2e1155b681a81cf5b5a8df005d003766e	80	862e5f87781c57c7295a7bbf5065ab21ddaf40af
8bdd0b7072026b1398a2cbdd758c09698697c8650525dbe50b4ddf7181caaa0a	82	8641a47573bf8110ebc30a7e2a5a3335553832b8
9d99d07f55e9ca3aa9be5a059fe96683a8578c3b4a40754c0dc00f1575229ec3	71	865a213f18e9613f9572b66b5eb7aa984e5d1879
e9c0a1b3e7f6c61a013b6ca3a67727a057f87aa3c9acbaf875990e9bbfb2e162	83	8670325fee70ecc3b003ebd210c9bf2c7859fa55
06494f2195d2d0156966bc041974d8a7eabc268a923ad757d4cb896f56ca5911	71	8699c3093dfa2ad33a47066fbaaa74f160f8698b
d0faeab2d6d96f710e072ac1e8d496a281638a9b446ee6bf75cfb25e1097ab05	82	869b0309a21f3ba6b53301e32b01c1acc86abdfc
a69005098ed71dab21bb5c3b1b92ad8f5e18fe3ada367aadf507dfda63d2a68c	84	86b35d5596bef2a10935455c0793d1d6e5fd1bd3
cf15e7c45fb9de205723b8b47eb8432e83b4dbdcdd4764959140c7e02ff00733	83	86d36a2ab48f9f516481cccfac0960f452f42094
95a8ed783b70ba325b7647ab7f5b7e9b66769b8281088615243a26efa304aa96	80	87106b1f7b6972c10cb423c0be19b6d35fbe33fd
c100531c0182ae19bd7699c745966f4b898368b67a0a8feda834b8c071ed8dfc	81	87124ea1f15df20268306922f5ac6349d3e18418
9b706a2dcf9630f95f19f507e02abebb50cd204629c13e9726274b0b1e899b24	80	87362e4a5d3fdbdc69ee94773e4ef2dc6db7db5f
85f2f491161cf2f9e2f1ddcedeedee3f38f3a4fac3822a50d01f8e4223e20441	70	8740f819e0e14d180656b1fb87d48154dfc77311
77ce9be226726249741f13074465e083e4e49b131d71469d0eb3d00d17cc70f9	82	8743a2661d2fe58e87e14196c4044242ffb65372
38eee56dc47638ed0bc0e4f7cad5dc7369e923212ebda79e0833f6be8e58b8b7	82	874492205067500b41f900e978aecf13e51cfd86
2227fad940e802985fb37a0c4266444065455e7ce9ac6aef250909d5017824f3	161	8755a9e53c900ab426b94822455cc0c272785b60
bf2d768a2052ae025d11fceae4c342d24420c98e58f76c991e43af0590409c5f	73	87662626b021757a4e852fc1165af5ff21a01e11
4705bebbb6b361ee0e18f1eed58dc66551d7b752b247e619193547c14153e2f1	73	876832cba13fc956a8ca7a7bb77b954fea228fbd
1dd2c2a5362a163be3684658af5c119263ffec21fb060a35adf828baaea0d426	199	87c3c5dea2d498312e9b73ec28c4a2f0337dda0a
61089acd3f07cb6a65e177432d1fd84c2520989cd90a4ddf5b86ec295645c262	133	87eba3bf5d36f94eef2f1dc246ea40b540a87e75
bc693b0d59c1805b7baf8a6486ab15479e1056b205c74b5ab387dea1063cb1d5	71	87f5bb9d6126949dafe5b483cd5fdc3abdb06e6c
0b2b9b0346c44bf5b8afcd4c4124b6779d7fc119f3a5148748c9f99c8bdb1f05	78	88199a2bdcd110d18d9829653665e26bb1b01f8f
1b003edfafcaf62c836f6988bc8741da3f0d30b9003dab450454297de93abc13	80	885a0b11c23b68a514a0f673e3a3df59ac444384
7061183ab8f213e4e0a0afbaaf84f2b9684e324d2a1a5e7ec71969d5da9de7ce	100	885e7dacfd92bf832080c7e7e2b8b65152da94b6
274b0f562f5cca9949dfd29380914d0b4b36e2c6109b8a052569c2ec0ab32578	90	88675f8ff9fe5eb89950b8fc7929f044086514c1
b9db26629f01f3e0f395e8aa89b315d4e00f26c26258f880df4749a617fe4d80	80	8884954e79094ab21beb62eb24fe9cceb1ababef
3fb3dbe099e26f8b0e5db9997d94a1c53ce781851eb9b618720699e23342e7cf	197	8898e659f3dd5c8d79a4e6d0e23ad2c308c3f78e
e3d4fdc8ff8884cc5b853133c09262d86ba5ad13b424bc86c82cdf397feeeedf	90	88af99a95d529f7bbb776af91a102ce256e6dc5d
52b9e7cd1a1cab6454a8961e8adbf37f29800c5bdb84d08afd0ee0e239cb3d74	80	88b4ca926b4ab7b4079b484e0d312087928078a2
a75e649bb6fd892fc489e79cecca12704e382ce1b0fd1cfff9f1eaa856670d9e	114	88dd4e94bba3d6304028762e9f3cfa63cbf3bc83
12c37f0d2499f267d616ea50e786b79506e60890381d045066e44092eda30c55	71	88e90f0ce3761ea0e5f823ce132d74b3af9a9377
bf4459e773dc44de684674d52f5e015fd9a1ff6357aa4f34f23968e9945f3fc2	80	88fbdf7f517c0191fc496892f288eeecf6996f7f
4b5ae759a50728ed6a5d3e523578a673125056d530c6f7580394f5a852f8ccea	82	890cda46ec7fe542138efe54a93301bc32431a65
60d4cf2babee9351233fad7141a2ac737eb4752f9db03c08df833510eab66949	107	8914f0e1466ce865d25132d35e0012a51d01391b
2f554c30c1983ba103328d3d7eca31a0dd7cbb6f9b0d7b7f05c118c2a6e1c039	70	891bcda8d205b6fc8b09a5346ca69879f1011551
ec98e558f5b27f396b1844a71b85f6a657b882828e55d10f8ab1fade5c5091a9	83	895eb06b872da5e418ec48a280ba3a73177df322
b4e810ea320ae2ba6155eb39d9dd7eeabdc5263c063630dc96a0dfc98a115044	82	895ef29bcf94b45a6cb295e49158bf1cb4e7c978
aa91429b720cb8ad4d7112545e4e51a8ac4a25ff74f3217dc210ca93984b9e30	83	89638d922f55fd8ac777a8d01f03e24d94d5eeba
70ff632d1b0593e4e39226c094419533069874f31a9aab3a1979a4541e4cfb28	82	897eaf51ace5832a8f6f7621d5ae93e7e78f1275
ae1eba9bf12aab6a3ed3ad7badc28aec513b73d7c9a21a0b0f1ade02744c5e84	120	8982cce16a14e1392460e4f89d228e2cc19301a7
a46b0329f6c106d7b1478076546f48e97a21e5389877cc3b319743c70582ac13	211	89dc20b0cfe6648a16b290cfdb2458d3d7fb3709
13afd509facebe1dff66c99fa1aa8118ceb88c1c406bf6b5a737856ca918922c	326	89e0532f730c2487aa5c6e14260552787e693c38
4524b74aea5416bc5f72eeda7feea51d396c85a7f1662fa6f4061c9caaa86bdd	117	89ef3d24bbd8bfb1edd9ad97b51ebaa7df7c9359
392cb26b7b1b89de1af7fad6eb7ac296e48acc41f3bda827e2e9a1a7dcea7a26	71	8a04b74218c9ca6134c981fbfef9cbbbfb61a3fe
abdcde095d924b4088469d77c9a44d5475bac931d381f128408f0e2ef04c764b	73	8a62f9dec1fffe1cbd3f41c5de5dbdb319caa10e
8dd3f85dc93ff73417290ed32969c51678d3ff8d935be79b1a4c946e9a232e30	71	8aa1a7765e5fe3d1241826d7d7bead9397d40036
9a3e7c05357848f14e9ca005c1e75a3e21cf287b5571c31eb376c23bbc9ed3c8	79	8aad2bbe7a9f97e0236bd5bd71cd68f57c422138
1ff8325c68fd3967cc5c8d9d19a2fd864b73980be7fcdc1ea11335663df1f79a	229	8aebce3884609303e8002274d25016acb5760ec2
9296fdc1f4fe73feba435044601603e7126821038b2c5b5063e22c743debdebb	82	8af34177c4eea54091ddcf46efce5340a693c312
e503067493154802a97e1ede069bc59be19010a2f47fb8981c7e62f754f0d89d	84	8affd7e5317f61a12a4d8a7562315fa0e1dbf218
f4c889fa808c5267274d41abf9185f56c82ee595ccd46144189e44dc00efac80	71	8b0bf06b9b26b8163f780b74b4950cd0f9d9ba0c
5f1ed7ef22ad4570ec67a21fdca68c7c7c8755946f8806e7833b6005331bb19c	74	8b0e4993a019661ab47c72cc47fc5c5bc99cfbb6
99838871e5d7d4f9bb442e738221e11f34c606c75db12ee4bc4c3ddcc6d06067	82	8b1800282550d827c4bd7d30c1eb1530de9423aa
2a4357373c944e4dd14f158e47b520167783b2b70408af32981afe8dc89b83b6	80	8b5205722eda43f0bb922e4872c8383722be814b
4f8d4fbb90b3161ef96bdd1717a8ad24ee2e2b8d36c40c1ea82baa3156886433	80	8b65697af7d30a0406df7761cd30d4dbef9ebef3
ef86872e5f3358d73e2cba79905024fef87a1d25a541c8b3c4ab7d3d81ccb042	71	8b860dee639a37afe6329a8f699092dface9aa1a
9abd25756e204cae2ab780363391f7f17a65a41697cdbbe3f7f3ebb859bb2635	80	8bbaf3a7c17445fe8a3bcc61b40ec9b2d060bacb
dd01f9ee733d3b4882fddd0b039e1b51f96dc92a8c424f24a8ccc9af7e91e881	82	8bbc8b2bf65ff1d2652d39bdd1583ef2dccbbc91
1ad0366cdce0789251350008519c91f45ad545cb3f3ac1dd9691529b7ddeac0b	104	8bc8129c35912a922eee8643aa15d00dbeba1119
c39edd488b673d3936a6f71aaed9955fe02c950703b08a29ca881d8cae42798a	71	8bea9128e95c74e8d8c6475037ec7b7a07b99e9f
cc7c36b7f4b5331575e770864da6d50c43e1d3e2c2aa870990ec4961b1da2207	83	8becff91ef9c1493d0ad39952e5d724b7bbdf865
bda28f138d152609788544e7fdf1bab814a6a8608110146b49bceccce1e9d1a5	92	8bfa9fdbcff6207b4b87dfdf86507add44479411
96339955548653ae69c70800e1c6e8fff9f24ef52fcb0339a4214a7c1ec8dde3	83	8bfb8b41783d55e76ae2ea0b8e6cc42843adc944
f97cb813e2e5b4a0d3357406b72a393d63d93ce7970405719c668eeb959cf3f2	78	8c081cf72a35cd80d53b81e7f66c4b23491008eb
fa5ca2582972bbdbc9c10b09d09b30b8e5aedf5e6daef02186a8156e44c247d9	80	8c22a85dbb0f8934f791f83f5477f97658b5555f
35c853bf37fd7c71d91c6b72398e054965347da8406bd12ae228428c96bdb061	73	8c34eb37980c5638823543d7c6a30e6717789f09
f12f06d5cb8795dcf92d12d91130567485262ef46e607380b4306115e6dab3cc	73	8c372f4408a889fb5b427403cb7d5a85c22866ed
6c2f6b209027c8c341949283f693ec2c3e317db6d6ee178833375f88abbc7bc0	82	8c7467ece1578a84aecef43fce06d9f2982a5671
ce2fa95d3db104b251ba91f07c1b8ff3b0be5d39ab4a72fe9d27a484a4294c74	108	8c8747be616c653b95fec5580cbcb47539e4d240
ccdd7b76965b9581f50c33b00a696f1f721451de4cc12b74e6c166c0de44a7ff	80	8c9192b35840a526052d1f4b9a8001f3cb03e869
88ca2dc0a83f300ea85b889605db8be3580fee657af27adc29132ae798b07960	74	8c9f6ad6a9dcfa87e61c4065c0242fad0714f057
9fc9a53da7839c22125fee217f204b1939e989fb23e927fd596ae00336e1e5ae	80	8caca51e015ad67dfd79f99f30392a2a4bf6d8d9
efb44a6da565347c6cd0daac59ed5c4a8b8419e64efe35a4ca6271e5e8c6ba66	80	8cae6ccf0d09c01a473ae4895cd17cdf10cae4a2
07edb14760ec395b2dfebb7a279e9f09d67d3057bf95ef2f51a1e7a8f243a9e9	82	8cd77f08dda294f7eb0152f9aae1f8a8fb2bc95d
296eb94000644553365d72ec8dea8e4a83180ab97d0a90fb0f66a6de6f85ccbd	82	8cf05ba06860cd98d1638db54ec2f0f672b5c665
b8155f22ae5eca537ee2ab8d905c3a9cd671a608bd78c1183191c414fb180b5e	80	8cf11c74da765d037d10fbb8b19c57554ab9beb6
bed59641fccbca396dc9cf398ac3f0e0daaad866b71ec5819898cca5e118bb55	93	8d01906b386438ca0c8c1371c314525a1a9659fa
29109f5668af1b8ea73a31a70fda0ce44679f582a9396eb26261d461c4630d74	80	8d3114c0afeb6897585b57da6478d5d425953712
96e1cf7b41062a5fae7bc371b7ef77e10c36014629a5c6ab27f93ca5fd835637	80	8d34011d550d53449cc09cccb2835df0e211d2f4
e9aff8e90f5db1f3f81b2a0504e2bdd1fc543b5ef1b08f1db09eb41f449c56b1	80	8d38bb6de246cdbdc58284ac9c53b41866c08fbf
159a386d12151f45ddf65daf002035153d1f201c77615584971a23a93cecd0bc	71	8d51c230a9895dfefc7c977c0d917625abfeb760
06051c67524ef6d39623635bf3834236f4e7f09ea15b6972e1c7a9a4ea762a3f	80	8da493538a02186c444fb487a69ebf16fa277e16
0235a53ddd37b47628942fcbc786ff5bff41bb8b1a24e1f430090a4dbeb04ec3	82	8de308a707174a41d316f12ee81bcceb7a77c88d
ce64e5ef80ea77da7d31f48e6ddf7338954c95504f9c494b716705b46712e16a	80	8dfc26e4185bfd7a33c814e0e789adbac34b478f
c929be14897afb0addf1cff97dea1206842b1eec7d4f28822a89f026421c9eb0	115	8e098c45165d41de54e251048224e2f3640ac844
eb281edb1259f8eea2d5e5b21564fbeb47fdd7bbd63e145d98cad854d6fcd8fb	110	8e1d3e6017dde7dcbe594ec0b3edb10626188876
234cb04f9ff132898d398f05f70511f4cb97e29a669f5cae4d1d950f0bb445fa	68	8e228e76bc91e2725022a29906a35ad7bc9e9cb0
c3c3dd0e65999ce736876349496abbc3398b89003303be067f85c3e8e178acd0	90	8e38327ea854e5b1745d8579422a9661c7412c8c
221c54751424418fcf5dd36c09bb8f9eb0bc6a46f811c201ade2fc17475b3311	83	8e3aa1cd9e4f76b468be091fd96f999edba89e53
fffbd1d6b86365269f8f9940dab4898066cc2063e01f6c1286bd3390cff11102	82	8e4053937cebef31e5235c9242d55fdd5ebb35d4
63789c6f0de19c9076246f4eebcd37aeba58c0e1b9e7b1ca7f0079a2d6ecd134	110	8e533656463086a056ff5db0ad2ee08ffc021d60
2eef2d648de28debe3271baa61192f0753bd32f08f45bb89bb9b28000476814f	374	8e7f23d6a95ce63122cff5d99c9cd03bfa06dd0d
11a1fc170a88beebcb7cce564be97b1724cf0b5a562575ff40402a3c6b7c22c8	82	8eb9d756a1f677db4d5e2233ab107c1785bf84c7
cdcbb1c4eabd50cdfddf23a220318ae18ae6146e3b365229ac4a89d61d0251f5	96	8ec70750e494c1ee177a52d0142077f331af5d9b
dddb5ee82613f533ae011c5aed480481339febb619371a000a4dd2ae555a76f7	104	8ecd864d5a5cd2d2e806cde0ccdd33e69f69def2
2d1cd3c11afc3cfdd2a33a42c0eb80d5a6193180b436939bc0d056f81cd4c676	73	8ecf65053f974d6d2f8b9dc43dd58997a0accfa1
5d04de3dea2517617aa309047128599d121704c136f872b7b90a40b70d55497c	105	8ed995cb084878fdfa8bf4ffba07760516c09d17
7406b258dd137ad7fe864faa37d27019983f565118e7fa0b0df1925b77e046b0	82	8ef7a4fa587178f92b35bc9f33e053038e166a2f
afdfc6221c6105cf96b0ec00b0ff149aebfe02a662e372a5ea2aac342db4aab8	82	8efea08f3cc3a28c6548fd49187192830ecdcd6a
31bb3825b58faaaeef35c3641c2bd9261d3e5a9f6c633790475a0291364d2421	82	8f01fb87cacbe2cc49bd3886669fd08efb993dc3
3c3025085c30c5a5d5df4720410cb7af4a2fa5b765bf716631ca31cfa835f46a	82	8f1474d360721a4d68d9597bee35cbef0639741a
8b9b877ade3b85959a6b52fdb83bb53daa2d3f9421baec8462fc888b11ce3f13	82	8f16080d6c2239274882f98c36e89654afdabc24
eb7b3d268d6ee47ceb0e00da7e47e0e85491667d4795e9d941a0939e79ecd7d8	71	8f219e1af9af808b0b7fb29b8fc9fd69a767d267
99b66349bba37a214dabb392476d86ea6cfed62ceb123234a24e1805200e1085	78	8f22f484ad4e3bb16f57d7d3c4aa4462edbbdf27
94021e8d8d701427419500c30858ce4166557d1c5ab9750778b3f14d38416b15	101	8f54d6336e366937ef7be530b4b4fb63b1fe657c
6af93e5ffb771eec02211a89523fc0df6aac6cfebe648d4bfe089f73a8e44cdb	83	8f589a2a5d01a0965bebdbb9a93137b51eb595bd
6799c8ae1d9beea0770ee83ab83d94d08b3396ed3b910d2a0a8bc63bfdfc5707	82	8f7911fe9bd078e51d1b5c3e501536b403ff9965
d17f972cb5f0a74e5ac9a67141f5d6f4a5e747c4fc13f7087f34d12db853776f	82	8f8dde10b022412e6fd1aaf17b2edd93b53a2c37
f6b53171244bab716c981d8b7ec5870eaf9dd7afa397e9c15514fda6ab379705	80	8f945184238596f040f8acc8112dfad439ac0539
7fea6b1118cf6183e0f9e98cd3060a1d3f01672d96f4987904dd08a78951dbc5	71	8fa597cf0dcdc13f7bea5adeab565ab41adb86ff
0b42082ab4bb7b0c4f4c61df493c2d5cded540f8a9bf6fffa43f2a1705987795	130	8fb508b9ec3040e62fe5a03f74dacb6648d56281
55f63d3e7dba26446e1e4ce02240a34d7519fe22185902a6e2198a72be3a81c9	66	8fcba4ea91230dc8c89c5c3b514b4a13cc629eac
6edcf1ab4a015d2d48b2cd4b4675fff15e91f8a80a7a7a4cf35ed3cd0d68b733	82	8fe30114014277eddfc1c2abbfb0773c3be4493c
54a7e16bbe6e2a7a291b43fb33f5ff43ea53302fc86197051b6c236ecccfffbe	82	8fe7f7bba8e0b5b0a5d6becea5478912fe996d38
b2d9432d9a29b253ea0e57b26652d8887fdbfffda7861e616b4638e2b75af4d5	84	8fe8ea197c2a7d4c02200d51be13e4bd9ddbe02b
0d857f21aa0eefd203737dbbf76021d8525c870e53c6184c54ed601a080e0311	83	9002ecf59f6c88af1b8139552db2d67c762ad7f8
68c6f439d4cf7242d2398a8b9fd5c980b47e8fd47e423619e014dbf64707b350	71	9033edcd95824a00e140178febe009a80618b974
8c9067d82559055c1b00c04f1dab0368f2f1c42f46f06aa4e22da90f8f6324ca	82	905368c656c35376ec93af38b913399b92e21312
d717b47678f0b931220d3469f24c8e05977470363d621d2659d8c3ab8ca9b759	80	9076728b8a31d9311bde6abee9d1989850a93256
278706df7ff97c70e4b2c8d718bb5bec240325703bbe1b0558d9805d7a155006	81	90833628fca583f38b29845aacc95a18a28d4f2e
c165d64cf18dc41d88ddc0ab816f9767d2d38267cb0b1831905ee4a9cfb16afa	80	909bff64b699abab1defc41f15f97743c34da439
f384ed46b9fb574e337c370c200b39c9764d09744bda6315622a0580fc99925c	82	90b2e28ef9f11a6ba2757b871827ef1930fa0d8d
568f7695c96743f8e5254774bf35d990508ae6cd2a713307ccddef9e3c89fdc9	78	90ba857f7efce5ffdddcc96e856126d3191ea975
f0d222efb4e3105e78cb1ca0b97a16127bff357298eb9944e52f4abb354bafd5	82	90bf53621d14eabbfbd64c8a27c6249c75c157c6
74830958e87af4927910a04da92e3cd88e1e36ab497785f5b6df04fd48dc414c	74	90c3e5c8eb8d81b3cfdbc8f899a54e7e009cf39f
68acfc8e47fab2c92d258fe47bbd68760510601c9646ad139a67755a969942b4	82	90c9cffe818bec601c7ebbf3b88e48607770f641
24fc5961dc03f4add2d0e7e6f3d78f073a381a4ccd7acc3317f465ff8cd9f1d5	102	90e750c7d8464c12cdb1e5f1a21d83ba7d3231b4
2c686f8671bc4e33479bd5fd0342b9fc14f2d023559d6554bb656fd266f546a9	104	90f2ba63504a51e83a3ec329e307318bdc2a4bdb
de43c223cec32252c671f08b1516d258e96743e92e156469c802ccdaabe9daea	82	90f92dfd35e02a94ba90e5767d8e92ff8a67518b
63a43daceb6bb45b0e9c0b096589d595fcdfeda14f4fdfaa1e609b3ed2b1571f	78	90fd41a91a73bf8f2b6e768e5e6c3ed529989ce5
713909200ebc110b70f9aac9e71d17093bf3c3aeac263de870f8a6fc88943b4e	80	91021ee7c8a2738fe0deec11e95bf17616226d4b
078539efc62652c2c6103328e2ddf1d83ca97d8b1b2c15471e8af9359de29059	100	9119df0dcf51f97f29b9af6224aee9dd1b2e7c01
5edae7b336db1321fff3a2339f05cad3af13da7c530072ed321d224bc84bfe3b	82	9120afb6f6ef342274873f4ca8ee7cf8ebb66e9a
6d2fa9dbab67f1fa8dfe49f0da6847ddf40d0c005950d665ba9b40684852c908	80	917a79a41ddc6a045a5d29a759fb098b944eb907
42a6f76e13da7829c6eb16190ff0b2f6169cc4e109789d6c80dd487be386bc40	82	918d77d01624e24c7c9bec22366730249b19b7ab
c3bb345b155de450d2e6e516933bbe5290b0e968a0a46f91c2bb3d935192c101	66	91b6ed0ea8264b5900cbeb07abbc2e78cf1010eb
48ecf76ba014cfc335c6357cacdb32c629057db7cada77e523ce5a6ebf824042	109	91c1bc1e495ceb97d4eeaf5cb3884c47a2301cf5
4866a4cab4b19bd6dc9454da789be942508dc35701a3715e451ca5c1adf7fd6c	128	91c30c8b3e60e4e426e714e2948ed66327693025
c6a73aefbbf03d467a463c5faafc811fa1873e99324d54648638ce60e3e51b5b	104	91d100c17ca83d0ef17753dbaf6512f863383c3d
7c18e3e561b67379b7ee96229e070ebf42a44a2fb4208685d833cc966b1a5eee	79	921e1a7ee2d4569a6390e7302a37644fbbd0fbd7
7da9dbddb8aa39ef9fdd16839478033527ca63305875180537d0b570089da545	83	9264053c2a1d0af73361216b5622e1f282c2770c
f10354dd66be8ae5a6c027926daede91b56421707a20fc7ea38f65dbf26319f7	108	92727fcafa70f78de010bca220c59d6c7a13e23d
43d4a6f57c5eb666fa99896c6800edc5b25f1c33d3cb3a98c63c928e4b22bad1	80	9272a570ef826c2e99b9455717dba70e21558e78
02f0532220eaa353136ac2456c2386e1576cde3952ae75031cebd0518f596b4f	80	929da8ca3a54f308fe3185ce8f395358686b250b
d52f17cead4cead3556a3de9f6406da9d219cdf2947997721be2c906e550ec16	78	929f05160254b5f0b3ffad2a962835f212bf4225
70af080cc844b9b916dd165be91ca0fb9669f0b47fb7f7cdb8999ce6b9483deb	227	92a20d54086f04bf727c1fa1fbfb0b8fdd83ca16
077185a6bc2bd693389a2b8447e09e3d5de8a9993835605e44600851d63c386d	80	92bf562d2cd91fb57a78b5fc26fcb253ca34eaef
a25cf0479817edfe0b2a6ea0c14fe36e0c23f18681162409e21cce9db31f13ae	73	93158d7bd7c97e82da3f823248defa26187a7e97
b596850989b92de791fa0b4f21af080f2cade867406a9eb7863215278e6e45c7	82	93346ce33af26ea9b8b747f862249e9e2b5f8d7a
b6a7bf7ba47d0b02b2d295d59a65a94d1dd67437bad8e14a27994a48530cef32	74	9334ebc689b964794bea056ab2e6333e6e90598e
a2855682f1ed1b670d01d0fd2a4110c6369a93baebb9237b59cb10c33d0fb31e	82	934a900bf781c35da82c5f7a4676c02c8a70fab2
21f83e5d15437369c669979cbdf9168e7bbef7660b9feb3f0c66e43364e8ce59	72	935a8886878d8267bb45309b132aeb8df548f55d
9864a8f4a7c7567f8064add171fc2e846a6a6fd5f0e9ae0babc8ca59cf7b8fe5	82	93636800713164e54eaaa68ff389ae256b30d2a1
7da5cfe46e2555c297d007bf472a50b4a19591ed7e5f3f06b007404809134951	73	936980d3820119edd2e1b9b796f1db9a834c1a95
44b76b4c50263a954bb52fd9c82781fc0a0f4bf2ebd2cdcc2d79ec7c80051e74	73	9381bc6328f01a6bb5e3ef1875e329a24b45db9d
855aa867e991f92cd26b5868298dd7167d351a63118fad89535b2b585c737dee	80	9389c41aadda2be602ff9082e19563c136f0f537
81c9e3afe90e837ed03f7b6d22a8b767bd386712e7556d5eed3b133197c59b8e	80	939daddfe2cbe21bc1af73c4766261155ce271dd
35a93fa70ecb86f5027770e593bd59ae9cdfe6b1ad6961e825c71196f885515d	71	939dc807db594f023c17876a20227fd50a39bf21
328c2390eda62d975100f8f25023659b1210eb9f466d69a6f3d9cea51c534bee	134	939fc1588972ee132eaef673b6f8bfd3e0e8feb9
30cec99a795edd046c35dbd5f2c6ea0ac16122c8a2eddf0e6b825fb233732f66	66	93ab0940f13a20224e8191e6da5a275a3a643761
57d59640959b79c938c2c49079b7bc6109b1ee72948566c5748111672c341afb	91	93b7327462a933077b39d625fdbc74fbac8ae0bd
0d912e13b6ad1403c0967756c1b09da5bfafc698f136c83d4ac115d2e321c2c9	129	93c62b57f926d0f391947ae2dace127d03bdd366
caf2f56fcdd4c9aff06a83d6a8a49051bdebbfe552636571d99d056c31ca98c8	71	93e61c0fef43a4c61a69e5ab96917dfcfd3d73b4
672d2742d9b4eefb951fe4a4c7f16a1c33597052972f84c946820e3d3c9f0c27	80	9422ce08b0e839bcbe0430aa2796924faf769831
a098c8a295b16de595cc6dca90b9fb21677d9e043ce7e6ffbc3a4bd17382cbbf	101	942d3d30176a5c83778173526d50130bad8a1180
58c61571d5240d1ae7ed108e951fd75a2a73ee0528f7c29aae00d88d278d9fa6	82	943be50f93a67071390085b61f5e2d9f61df2396
485755e5acbf275f2c2192365db5df79daf444fec3fc530243e5d8e5e9f75378	82	94483b5d097f89c303a54ee55effd40d020b5deb
264b475f676bd0ae7d042df47d1907d4da65b845299427c9e607f31e944abbe3	83	947595c4e46f80470213900351517c9a0a2ba673
6c15e4b75f11725f96793ec01148887870b877a1f0f66f3a0df4571b2b80a1d1	107	948e620355f95d6cd492ed03752bdc9f47925147
d45c7e0640183180f9d31a46f8af78cd038cb0809fa5b210a1921af4b39381f0	82	948ed7d93464da5829492d5acea3c0ca981977e3
f5fe0b532c4a9a32c598f5c02185341d7cdd128aa39497fef7bb1439124a5101	84	94ad8572d7d120905b2153a84c7c74de1dc1efc7
e9335d297f27776aad88029893072c352254aec161672ef075dd44a37c05ad93	100	94b0167b1d333abe585d18323ac11fe44ad1fff1
47deb9ce91f4209b6bb0033ca337724367f1f52878c9fdd07037f27be938ce3d	80	94b61c12a3e1b1d28cc04398dcac5dcaf59f82a3
919741ba220d04ed902067f10e80cc144dfddb4dbf64517677335316f94c5acd	80	94bd59950b1b4271ebbafb91c439b532a7d3e27a
c633f4d7a8acd2878d2cc0d6ee3ee281f27e8918809aef542bca8b350bdb025b	73	94ce8f1c6422002afeaf384435366fc008831ccc
dfb2c8eb3e839b5d4481b6ee5152b1d42dd978e261163cac652f76d0ade4929b	117	94db89b80bb942040f3147176b66a503cc9a82cd
57947769079f2092ef1d6e62af1e5b918007d6bc834b18be3bf425fb88386a4e	185	954b7196f4c23ccfefaa5960441eb621d5158b4a
433b5ee1b628c8ed3726165c7591f7154145a7362488d441c96e617e30070126	82	956354f80201734c86320027fceb9e016efa90b8
64e55e6e4814fde1c9a3c39a9e311717c901d1ed6b881c3ec6e31cb99165df8c	82	9585dce0949446a5e138f428c2884c10b25ddeea
73a3ba894d403d123ae72756dbaf586d14a4b97b4be4fb55a09fdd5ef0310b52	71	959721d8174a52bbfaac30404c550b0d1641269e
d5a992687ff123b8765ef6bad444f89018a3a26e771c35cc538ddbb46581dd8b	79	9597a20c7db8bbe6c8c8c6efad5448a766af3e72
afd77f8a048422d1184a50f66b0350238c94a6445d99860eb4125bbadcc465e7	136	95a4a8a4ce7589998a825d3b5ca34e4f875f01c4
1765be5ee428b08b3773d5e698d4232042ad97169a7ffcf645121daccdf5b0da	132	95cb008cffb8e2c4e0ab040f40c0dbde79cd8030
d590468ce8b1d455f2b97dfc66153bd2fac1b60ee974e7d032fc87cbd43742e5	80	95d104dcc1bfed1336698b630386aabf76228389
5ab1704026d5b584ccb94ca38d7118823120a9f68b504ae66d788b08035177df	83	960eb39622b2a6841b72b5ea8d39d6b74f6ddafb
6ff7afa435831a68b6609a5517c14b066781c530145015a1950834125f16b05a	189	96113f49e8a9560181a95e335f6a9699462b267b
3de474a5214cac61115dd14592efd7ddd759e6b60e283bea9796264f3a69da25	73	9614ccb94a27cacbf27d30c4df6df538aed255c3
73616a81ae78a23eef951c26126ee14e2f06799347c07a03620d75c86732c477	73	9619ac20f4e15006e7bd0f1ee99afb3f246b2140
0df3042ae4324129e9e28f9a1f234674214ac0712b856b1a17234e77c0ffe37f	82	9643b90ad100d3fb79379c328c64e3491dd7723f
e18aa1807ea5e827cff61c97845184619a45a94be4518d5460ee05b24fb20e66	178	9668056338b3bf243a8c7b435b41361fd03cad70
584ba4e6b3a5d290e7f3b9f96a560f5493bb00a0b6b4cdbbceb6eb612c129ab5	71	967fda39b7565d47f0c325b1707b99174be01fa9
712e0b9a97df763ee8ed46e08817a7b6eabadf381c01c336eef9e047d6e122dc	80	968c1569233132475153cb2634b23cf10f628c5d
e97b456adb033286ba7c1a173b055e62d30cca92faa761f29104082435bd1a5c	82	96af892d6422f420152ca14bff124d3cfda8046d
ec977163f923e2f52d953bdc8aa9b8662207709a20e33b6e5e2e4210f43e44b6	104	96bca460d2e3434c710233d9c6fa522c44f183b5
91a8cd63e8da71b4490d4358ce3ccbeb9db70f0e6cc5e895482b12436c486a77	80	96e68b93db35add680a53a4bdce090843c6d7618
46310b506787beda86ef65a386b77b640808408b03696564ab246b73c1583e3a	109	96f1165d9b081557187e95070477f9aa1bd2df21
6613cd08f6301a12b20c7a1364e8f03a1359e87c80cee900a7b3c5095828597c	80	970c1e067849a1dbae18cb9f4f3b2e3612947840
8fc103ccb5160107f99ed301022ceb07147d2beaa6e93a8ee0008d4232b11372	73	97242f7403fab4641be687be00fa318d28437e79
f49eb6053cdee34b9d79fcb2a300bf0077359c16efe4f7155ea8e40f847cf5b8	82	972696258a78ebd0d3a84c896c94359f1166b51a
8ee62c3b1be9f04d9abacb02a5fb32589c98cbe76aa59def3643f4d7405c494d	73	9729d33f1eb9713bd18e8513cbba0b19b695a5eb
ceecefb21ec460d50faa692081116ea97ede72d5c33b5f9011f0b6cfaad3f981	80	9739a3c95485f3b91a3e0af48ecb7d2c37b3055e
5cd7407a8d20111260540b6d61d8ba17e4b4bbace34c9e426502e10ef1cd2ac8	80	9761480524d5c3bff9540c786c6bac7d694fa680
0da60f3554cc089e36107d5ac89b67df23901fbe6f90b738a6f03be98139b78e	73	97863889071856fd9a4c0942beedee3b22358e40
0698eb872bb787b59457016d6411a2343324935cecd58a49eb72d0b05658f1e3	80	97c410e6882d95a2ae62d94372565fc10a211067
64d33b335dbda36eb28f27c712ca4908edb9152be43d25604fe46cf09931df29	91	97ce26f8968d7587c8e8d99e88c2349cb0bfd081
3f1efa9b7f70d491e9260b99a41b226f7a58753b0221e7bbc617365f960ae90e	80	9803f53a69071ffe7ccab4e2a68ded22ac07f704
a73ce087d75798df3c0a4ed69507d99b972266bccb91951a63e6283ede9dc933	80	9816c47fdc7336cb2b3618436e3a2f031d655b8a
ae63963e2151a73f43b8ab222e9c97f67e0857feadbe25d58497615e046bbb89	80	981b2179810c80d5bfb2e52adc7499a50f06fd38
f86f4e1421daecc8d079e0bf8cb5814be55857dc40d868f6553cbc0217360889	82	981dcef93b2d3d3645ff2fe45f02e9c3f17581b8
aa7da0af9b610f86b1591b70b3f2be3249d96de21e2cf204e9c82dc6fc631dc2	82	983c04112b37df48a5f7acded8c18cfe68e8d2e1
ca478ec53b3c851fdc758d6f87f5162126ec47aafc096b56b7f86ca9adec4746	82	98656b91d217f7de3b13bde44a97dfa71d45d9df
1983ff2e462505b7c5ae820c2a1b4143387c85ece87d8d74993acdb57b9b3c59	109	986760311d9405b3e81dced1c6d0b19a90ff1fdc
c5610482140260fb7612a867094cd1c7810c7dd6e1bad6a80705a13e6c89633a	80	987f57ef9327c83a201d3705f17e4d9b848a645f
6b8811f88627e7a4ba0ef1ed50f326b93847bd9b9f2c6e50a2923af4b7014240	82	9885452c3169e5e5f63a1d75136b7c6587d4944b
c6077d9f8950a468297875e6f286577f56b8ab5968859ae7375d1017eb52b765	83	9893314e19fe36addda6ef3cb5bda691f12e47fa
f67d7fe818520a232ba56fa65292616bd3d35f4d04cdbb015937b9848539346a	80	9899b1533baa56fc4e1eb7233d51bda285b07666
21b6f3a44cf39f5789d034d1396738a00c7e996de3ff1052a4e2ed108a845354	91	98a093a6b83469445071e37233aced32a3dbe5c7
2e26e63ba14bcca12fd773dcd14cd8effd56d448b2a4a346ac255bfe41c29c77	71	98a7a24e4ef4d566fbad58f61d6427e6b837b480
064d941896a9f7a8b4e362f28392473bebca7faaf8d041a69aa9b38979688700	71	98a80182e593550b21aa2fcca9e3e95423c52f0f
53c27c5d09779216508bb8745600e63454368608a1adf8513e9545dc0bb2fb9f	80	98baa4596aba77295742665f8f7624e15b015e9e
257c6d3e54571d08c4fd35cca75d30b4ad00ccade12a36b36f900862c7a656ee	72	98cc142184ffd2cdb04eb33c698dd43c3a81e77c
34b1a40ff57462fbdd794b383296dce8024393750f9b074a639caa64df9899bc	80	98dfd30f001e2026554e7dfb12eed08fca35cc5e
f4252d3eb2141add023680ad9eae01223e54e72c3e6cef2504045fd8246c54d3	80	98f7c4155cb308a3d81140a2bf159cf67f290e15
81bd4cb597164e78b157af1d51b3c90e82c6ed45df4c9e422bf944df777f2f0c	106	98f7e3e55f161689d2660bc2ebd77f0158764741
d4efb5c503d75597dc6601b0cb6ea587bc6bf44c8c00e543b65f8a03071817dd	167	990d675da2322eac1c224fd228043d407c47df62
054926121b556143c818c9ae001608fb7c12a483c07cebb5101e09b80b9fb182	82	9935627344ea33b5aab50382d65dfd320529f954
65f867cb320de3fb16d0c76af7031e23a60fd455dbb89ad2306e370e54403f40	112	993dd7a79b5b40261d1b8ca42c165d32b8bd5202
f660b3ddbd24e5cd6330f98312a2c9697f12d8774406b440504f3c550e32bc2f	82	9956467b76e58da6285994f0b874503cf9b72971
1105d79ba120189ce55b036edd73725321fb9ecaa3108478c0fe19ba1936048c	68	9956e06362fc6bd0b0c55e779e082e5fe1092504
6f4586dcbe11080478495f280c95bdd4dbb4847c58e34034fbbb98574e0f7442	130	99692a824f8f56bef5ced5c9d0d786cdc43c88b3
4a9e531ab9e5f8fc68ed5365ec290e017b262f5e89d328ecdebc9a7658215d63	80	997635750d5401f71e6d6e9c4b15255244d4ade9
23580eb19223dc0d899bbd495dbdc0db09e95b2b4274d68f71c316f1296c6c07	80	9977e7ced6cbd88751e41fc87e20d7c779421515
1cddee3868ed44c44be1a5b62a9d3f218eb9f445f017265b0c3346cd6eef0209	73	997ad778cb6c2003c3f82d1560cdb0e9c6d342db
743a19dcc42242200b7ba8746187657e05dcc009fdb856223693bf8e9b954430	78	9985d0c5b1119a92bf2fe7a60d5f960406a32fa3
73618a091d82c86cffd152c15c63257bd44583b1f1a474a448ee4f802400bfbc	78	998bf6043be90167620cf94e6f9675821f31bc77
967d58390bc6d29525f9bd64343a251176d154f17f97dfe0b78922b258ef0ab4	81	9a056cf082e5db7108927fbaf31d84f2d1e18848
6fb406134ee438da015437287ed5ba6614ad89e588b1756b8d403ee8d66a4b37	223	9a358f2697c383b5551775aff241c6109f038ef0
d0e3450c2e32f3922ead072e9d6be6a24c4e9953f8202ea5e253d3b7b46c04b8	80	9a41e2375c8ce623c1090f0029abffcac6c50e39
cc05a45e6f03411d59f29ce2aba34d97032724eae782a28bcacca9b1da06b31f	83	9a56948334cf2dc7d50f1896fac42df859156a63
920396d1c1329b3fe545bddd196b16b7a512fa8481536611c05135239ae1d096	71	9a5754ced7a529f3a8d44ab7c7237ffbcbf393f5
eb19703d69d527354ac9d0bb3224a5d5c948de05c75c2684b30c04203f6bb9d1	80	9a831515f1163f17c1b22c9e582007941e69f0ae
32b39b696ddc3f392a5515a8ca445125081cf372f62196fe9cb95de853d5d670	80	9a90da5bacadcc754c812d2460162eb582345463
fc8c05c9c35ffb84fabf4a1842f7e0c3de9c5fa7aace97df1850bcee6d98f47b	80	9a9feea95e045c683a0a09f339b27b4365d8abf2
2b8ebb874afe43510ecf181b57c78e5cc6148983da52688b2900be7e228b67c4	71	9aace78abd0bafa7f054fa6a8bcebec69677a2dd
a05d3be0c6d34f2864dbe99da1fe264f7897ccd3b84b36d53a8c8309b78547eb	90	9abf51b19e4befabedac7c220e73764aeb0e2ecb
50b8c366f3adc24e55cda3365f391cbf167285ad09a1719b8a7b167c5773b18f	78	9adc5d9eb13703e9655e2751eec98546d1958a4c
1411a01ad52cbe65f461d66d22d541ea3ef53f6a3fe39d207ffa7d124432e0a0	80	9b13e2408aba6f7f4a4db7cbf87291be507adb6d
0b2701874e7cbf30f4902a4c290f7c302dea8d5f1506077e47939a8e35640bdc	82	9b4d367e72e27d3d8a79f3c65a6458b8bbdff15b
9e1db316812ccb94b59152716568c9929aaff201fb2fd641ae5fa3268a411a61	82	9b4e50361e5ea42431a952b044def49f72da1de0
18a78e9637bbae0934e6fbee5f0b9492d60cc5a0196e69a0d95118a1417d7c36	90	9b53b17679f5ca2168c665ba1190d2646b578f16
28f47da76cfb29399a4e45b8b28bcf8bbb4d55610429fd61d119c920ac1828c2	115	9b5e26eee960b4552499c2adabc9248d7ec1de95
13c5e6b96ff003e8d1c0e06961d875ce74abfb0112811b9fea983dcfa1338339	127	9b61dc4573bae4ac86c1f5547b26190738750e99
9299d9fb8c74c039c53d17d6c1abe61560cd9b5af5e3ebf31bafac82cce5a5aa	71	9b77bd04913948121fdaeb758220dbfbf691ba41
82b67061383bb9490609f179562d025b95c581123d7b9a1a64c2916322ef1dc8	351	9b8e0648b1601178c8e692964f2cef5c14cd5b3e
1b71119fae8060227a304508fe83f6a3e4bd558db82e6b3e5889b68f22cb7840	73	9b922b5de1824443f62484e220da98a2acdf0483
8c4cbc638d888d3bae83c704638555fe9f92bea0a18398446c006aed1b4f56ed	80	9b99000ff7019efb2a92f16ca902e4c2a2f1a5f6
1506746d14c9745b41e7c64cd44b0b5e922429ac8eb1ead34f569a1e55ac30d7	73	9b9a8ef9eb58411cb985525885dc2dcf4bef14d2
fac35f6ca74ee92a371ad27e4d89264d9bff88fa69f1ddff9c581c74b54661b9	72	9bc15db73b53188bed791a25ef49d0af28e90a7c
538e43dc79461807816bece33d4c7995a966494d02e91c07b99d595d43793e4d	104	9bc8370393e20ae0e7d8177839f0beacc2527253
a6474cf1da9f7c64d1e9cade276e6023b08c1772a19522ae83200af635105c30	161	9bcbba5add9605ed7a6b5f22611c8a8280b65c01
18ab39ff9c212db6faeeed41df09c54f1af1e7b0f278614490924253934d5966	71	9be37594ca8b0f8cac125f1dcf24fc5b6f836ee9
75921e38f2f47bfb551c7d6753d360ca4b674209769468320e34fbb264df24c2	82	9bf4a4723eeab0138e39f2a8c2efd946ee0dd6f8
9ef971ddae7da82d45bbaf01878071c464c333948e5f173cf568ca3d67e2cc24	101	9c057e636aee3dec456d4bb9630b61fc2fef855c
c05b8b0d5e88eb1fce34a9d17c948b24337629fc9cd7c7cd4fcce330388f238a	82	9c06e2ecbe934457d8f09a77e1d60b7f04ddb150
69ed484fc6dfdc8c4cbae9add811ebab64fd765810a7affe108b4e5a3a76fb65	80	9c3f00302994a8d25305264512baec0c437f43e0
bf7ca95d108989ba3ced6cb55a78a55dd39de5983f8b8c212f3308f49f41f39c	83	9c49f6256fa3e2ac8b2a26108d25ad3861fd58a9
7a63ed29206a5a4150441e5b5be12c6baca7aa94733a49321e891956c1ff639a	106	9c59b668491c9d92ea1d01a36dd9f874a2696136
912b87255a62dcdd3fb1fed03f8b04acac321b69bc2a65b8f9fd757b10eb03fa	80	9c61082f8156017060267ca4fa89b356fe0880fa
cb7680d20e09de8dab12bc899d6c9c72a3901aa49cfffb361b84b6b58d4aac36	80	9c6ee3ebe314f3d45969546ca5f5e694b0293420
de5263980ff66aa940e9e6b48a9d41b5ba4618104d05d615de5c822f75e8a667	71	9c90b247b36fc36c6cf2615662ff4c9f1548654b
48411fdf80686affe1a4baa052c5f25f9efc54c7e3e014474222983f32eb42c1	82	9cc14adb8e882c1b1c2a135270ef0740c078e6f0
fc61cee6a387125b108eae1988706a11b9b8069bedd810c262c6a5a956397cec	83	9cd152e69b961680fe5e3588c5f12d7c7f721ad6
b33086d06314b686515a62312da856a0bffb0765ca9b78314583196aaf965c78	70	9cdb711d401ef6f322ccdde6520f4857f5f7303b
70d9b64e9eaf45f921f513dddf29b82b2dcf35f3e65729ca186746540d11694a	82	9ce2ea606dee6050c94a61c17bdd082b9771f1a8
b28d2e72807664a601040467deb3d7999e40439237d9a86abb59a0875f815ffb	90	9ce72d1080a8a7b7bf2e316d9c8a018814b456ea
59f85cc8ba5d45aa39b3be0ab71f982611b09e49eb43860a062c75508912dde7	82	9cea10c51434247a9d0f8a528f2b17bad97ecb82
d8b346271fda5025bc5079f12b9699f1f006eeabe589b83685ea550db467bb4d	71	9d02b8d2d0cd95a6ab3de7b5af20fca829f4117a
dd3d97922f347226fee2d830b0a52b1111c6043543b58eb2dbe0f01bd60ad919	74	9d216ee8680032e2b66de788a146611478279216
763b3a45d32ba73a7e51f26747b469f139505c3a38eed8240d3781dcb2720f8b	82	9d426dbccb75b35db37ed2d0a278ef9e9b93324b
535391deeb1e5119acf0eb07766d05c2a8393c55216e4117fc6a0990d920138a	101	9d4d62243287f5a5e30ef64c293a2ba53e44140c
6660d62b7ddf09d9c4d53548dae7d7d244b999e89ffbee0c929439c52ba758b9	78	9d53f35c67fd520b97a0e16b28eb98c0522ec6d8
5032eab15de50d3088a03c0e7375b5faf3abf896aec93ecc9857f47c4ab9a3f7	136	9da5aa1e38da4735dfa7586c113b3e4cb8458688
c782f23e347e824453c786c4376821ea77348e77d3ba2c5483c17a7596c84324	336	9dabec8e89c6ea26c3d8d287384e2b6af143faab
739f072a11205dd52a512d6681c5180b59734b953a341c5c4460330c36a2cc48	82	9dad3033ca712c02da845429d7566a1a4efae0e4
419d075a88d259a6eaf19c8401cab79215e1454d5ba8ea7306b8a4c0aa49a820	78	9dc632ebe22d0c5c44906702c7dd6af37cff89f3
466d3a284665682bb2db10c9e2cba7b6fdec4a0578d1e3f0b85a8c2d4db6390c	80	9de0fbca0d28e6772c1d732b96133835de4564de
80dd731719e86973d6e783608d17c3051563f33e249569bde73c244bd694ec2f	71	9e08ee14050537288a4b8aed2bcd4047bb7975e2
aa0c7b29a30c5293b1103f98a1f2fd7ec19fada3f314a0f94b9fea0dae96fa3a	71	9e269004c61414521cc91bef1101b9d044469680
c2d457b1ce07e323dc4dbb4ae78d95ac1f0ba8baecd19d8f3fa28db9cb53b5c9	78	9e734feb74326c2e671a0c2a471f3eec40e9385e
fc071251892f6e45220534848708144a75b352d2ae1c87bbf522d862ac8e3e23	107	9eb77f637c257162b020e0b054263bfbb6817bbc
21e6e5008d5cd819fd7051f083e765939662ca383a1504c41905983fb729a013	80	9ecc23eaf63985924ade1c5d6b25eff9a1d1a0ae
0f9681474f91036a46c8d856ffc9a5afc99f1c74162f53ba7b97f5c05628180d	83	9ecd505f02957079e1ea558065c137e890b1fc6b
02d58c17956a38a9661f9abbc77574bd85df4faff70cf94c7f2d368a2dcd9abf	73	9ed4d14c44521da66ca3ee6422d2bf4ee8da5c61
259c41dbb7d82a5966aa8e05b0d860dfdbf9c4a06200c6873481b93041e91184	76	9ee4d22253f8a6b660de760ead2486d133a5ddab
2011fc3d7ba7de3a1a801df14df58af4f1c91091eb8aba4417b893ed612dcd00	262	9f06530bc4bc15aee2ebf109898f2f32b1b80c43
531823dd896e44177a6df63cbdfc5468264968b906ffb16720491ebdd4d46253	104	9f25e70331478b7ecfa34b81ffb4a057990886c3
f9fb0e36149c02c78784f8773ebfc61c828c9ffa0476b50fd129dbe56029e24f	84	9f4e745efab420831553b026409492b3c8229755
3af9ed62c353f9a42c6cd05bd2737f638f17a15d4c52b4d733cdfb8fe7990d91	163	9f6e522cbb345e6c6f3c9d3638391a21966dc8bc
df9969cfbb9df2d8c9dff53d95adfe3e6b0c92bd096f53c2f44c5420aa5d5079	80	9f7154c077284e2ca8060500ab346f66d4d1e1eb
fca0c05087e0f87f10d23cd879664c197161314640f8d211866e413b9d48e051	78	9f73642d3400cc2c732630fb79603c19508c3a28
fb07eadbfeade752d8b0fc1cd36e39584645ee8eaf4cebd4739c49c93cb79bc1	73	9f7bf7b4394efd184c71dc849c78467177636949
104c9db762052982e96be39f37585258b416c6107da5747238c4d4ab9f936957	80	9f7d329bdde561dc521fe30b6f1f01afad5f532c
1eebd0951e4bb6441db24d9483f19bc4d337789d0bacf9868a2f7e399d9baadc	82	9fb3e131bd371b95ed80a44ada775453a45c9723
9bc1fda370daaa04011ebe7d3b75779db843ffad3ece444953b22f72daf66ba3	79	9fc513dbf6a757b61a5c36c34ae0c540962c5275
25dc338f4f2d67321214071a9689b159ba23a23a84eb1c998bd29c86a3fbeb68	85	9fcef9200b2f8651e3f0b90afb2e45d21de85f4b
9ca4035327c5f647b0a270d4129a8f011f33dac52765d640c6be4d9440f7d38d	80	9fdd92c936875908d5531b04bdf59fd0f5f72a7b
5afba83cdf64c4beffa484677c07cb140b26012c04732cd7efb12b14aabc7dde	80	9fed75c9fd5eb532744bb08496becd939add0026
7932673b76a03c61737c4b7309a8ea76120785028d331932eb5261d0e7c42d17	80	9ff51aed1d7432d179f1d8a9fbcc723cc1ee72cf
e6678a1097f0c0083b15993d86aa7567388a6c86d6d088451433958c587504f5	80	a040b3cfca53624b3fde00b2858b6b6a227473ae
a06d9e2ab23e17219a2d20278079b8c8bfb8b2c2255043be577167f86fe9ffe0	105	a04fc45ad84a1b91d51c815df33e2042356fb7e5
d1473e7dbb4976a519033b03cf90b6c1f426e362eac43f1f977e25750a958d36	80	a0b9518d25f9de0454ecd633221f276553248248
09f6796438fc2759eed7b69f2dff35af31f3abc2abd33bd3b88486a02a61126f	101	a0c196d8f9e251f71a8788be7abf73b81b229527
1b99a4149c3598ae928482eca301772284d96f0c3a8374a0bcb7d12145ee8cde	82	a0e614c5dc1e22380d39789bba4871d965535c1e
cece0510b25c2eecd58754098d1b121febd4124a6e6bd55431c4a1b2eb30ea57	71	a0f5e521fccd0abb0f80a29f1264fe35983e09e6
d6e5424386222aa092ecd68e6675f9455805f03e281c11e4f297666bf1b9bd43	80	a1010530d248c3100eb95904efc8cec5d120d089
4dca5cc9d9c00cd4dbfab129c4ca4e4c40cef4d1ab6e1bf32bb9c6dc243ddd83	79	a105c1e9464b4739e9aebd204533226a67c6ec2a
ab91a836332826fa2511c7bc72a23b08d8d07ffd6d030dd2164daa69c9805996	92	a15849b2f0a8388e0d014c9b7efec2d32d57ff97
f4bdd290e8c2c3341bd792cb68f4cd1f0dd75c2218800e83544deed9c942015f	421	a1874e309daddf2587529d9df231cdeb8b51fc52
f5e0a3d3236d1cd54221521f4df00f3694506f9f36fb11c0b0e254bee4e0c1b8	90	a191aae20ecf98e72b02eeb65634658d5066575c
049bdaed21c9c7657123a6606f70af8b91503ad4f0684ae3a2857203d666a61e	83	a1a706d6542e65ade8b264cf4fbab904a7a9abf0
1429fdd94532cead3729e130b75d9cb90f92870fb20b38e733574aabe0d8d221	70	a1ace7cc11adb1740d22b69cce9001cf9dc32397
0bc4ecd7f489ce4e2720c26e66be5fabf5faaf52b75edb999b72348218f4bff5	80	a1b265319ea610178f92bab87c3cd0488658eda4
2d0068c113147b3e78bb2d3e58f77b15cc3d98fa1bb2c65d6595ba58de260fe4	71	a1bce728997b21eb11228f0935f96e0975f81085
014959ff0b96b476b353070f7187870eb35a1d15649a4ecd2a0aa2577d89661e	82	a1cc553322d7f6183f6bec62a7ca4edaaf62f51b
86ee1ecef2dcb4063660197cb4c717e4a71fe7021237f67389cea9fbacc19dd4	83	a1da777105e2419d69a528e197d6015240a229c0
f5664f47230ee00d9a7f3c0180d6838ce99406f548799b5df11e5919b92371b2	114	a1e748b2c0262fc8dddbe53ad4dc71f5ef4538f2
f1261dbe0f0f0f9e33d2aefb9a20060f7fe79bfbc0bac28890fa9dc97cc722e5	71	a1e9ebead2f38d90ed94cd68c41279d4ef1a92d3
81ee38d6dcaa8b6515bf6152e931de70f2b7db8dd24a9350dc6a2116ae3d75a1	90	a1f139ab764936705cca4ff783db8d9c34c76d9f
c93b67100c13cc2439b488f2416833a5e8fdeeed8ede4bc84d63d73771c73ec5	80	a28632506bb01c2409231f466af7b0186409ae88
70839dff0da570b9109414f2f8e12505ceb1fef533a5028614b84a7d08d38ed7	180	a291679cd44af1b1b584b93633c549b68c0cd945
85f74a53639d0d677b93a9929f472edbe5aa1aefa3c75533f5fb01fe5215c3b3	82	a2a5af559b08d59076e4a4362780f118dac2170e
223f72e287bbbfe7c09ff80398276892003ca6d0c11d5736344dd558ca25f8bd	82	a2a9df5d156429f368196c3ba1b0c029907b89fe
4fa62f1e84ca3027528e0a55b56d3a834878acbf3bba41069c3cfbd38905ed5e	78	a2b5cf188dc60761913a9467277c0a9e6931fac4
62f3db4bf38a87266d1112d53630368815735c31d2d259dfa0bdf9711997ef4c	82	a2c64ea5732a4e8ead87ebbedeced134462d4d68
654bfa6171f2e89f7ef85ac6cefd957d4e12118f090ed120b9e595f55c4a22bd	406	a3107712446ec13f0f3d25643ada6afd082fb0d8
89c2bcd103b31eef1b5c19d96cc38fbeb8e810b69f020bcda9cbcfa4cd0f5a8d	127	a313ad9cae8638a730a5ad201c19c38dd0303d3b
2a496015e9a3a9a3ac0b27deb637b346245c1777a9aa4d9baa40b6211b332498	83	a31fcd77d51d94c4db2b75f4e56ae3af7c63ce9f
03266cdb5a2713487b7f82ebaad9639e35b72dd609a93c9e616cc94e4653c196	79	a32528851c00d8840755658d5bd8b254cc318cb0
dbfd5a17a2a3db85bd6f4cc2a83bdc02122950209ff64bc0971288616ae82f7c	83	a3ccd5464dff8cc98c16f1ed470b68ed595c1599
dd3430af27de612699fd29105cc8cd3ad4795db1c8eba009d873849765cba24e	83	a3d90ca11937ee451afa9709e21ef1db2793f2b6
26bf9449de1d29040ef85766cbabbd2a2c64a35d80dc7a5a77075e7a38c5e8c0	118	a3e2523c813cd359c43ddb14defd97bbcdcd710c
942c9c3efff19479a9ea717c723b96aaa4ec3907ac39995208749966ebbae9a1	73	a3fa70df98de091a5cfc7220a5bb11d3647e3eb7
b6b7e08d51e6ea56b562a08774f9648c6efc31541b181aaef4e5b3cc9b5c46ac	73	a407e3782fc56c68af40b7c745b1404a926c7bcf
270ed497a4087e0805c825e48b0378bb5d6b63818315c00a46aba035bc6c9eb1	83	a41f61a0c85f48566ee054902b5dfc9e2eb3c922
6be285ff838532349c03a2881089ae484447c038fe52ca3973213f75c8a9752c	176	a43d203f72f7b380fd045e2b0b93f0dbca209172
5a0942f25bca9dd99335e4459f72ad3a0186815ebe74cae8b60151b50d9cef0d	71	a44b4b9525cc3cdd523de6f52fa6f2ac1a3b247c
14274ad9e86a488fc6538279dabeea20e348acda9cd1e52d818db7e0e1491455	80	a45384c4e48bc0df3ccc22ec5be1c556b1254544
11947b9a1447aa18ba604b74e703dcd0549af9a1d8e229d95ea7c0086d7b3342	439	a454242d2cb7103e7c9f358d490a24881d2d0e23
fe287295fbebc22b0fb5ad0d6486fd7e022022c587cef83443a29e1df008b0b0	73	a457d2d102a490d6c3ebfdb9b3140df483c7c6e8
8b9d17fd29f1ad10cb8569a60d86a607935a3e98388a0e742d97d6742e19056c	71	a460319e4f6746aed298c6ee6228ab59b8cd85dd
883040a297fafe7d00005f8ffcddb528fefed96f6e70a1a3186362b8f409fa73	126	a463fb8edda34d7552fd1568a1637f70ae96c574
6914fa0c39386c62309dd84fea19c30da868d33f3741795ac906ad4fec3f3731	74	a49f2d08f1ab45c722c6eeedbeaf50cf35b97510
fe9cb0eab429b0576f40407c5982d76b0dd002b045d3dee236558b1c920627cb	82	a4bf3a17bbddbedc1fed81c20e5436ceb4d8c7ee
307cb5671ad2b7771ddb161840972acd12b69e521f0f587941d673f08fd816f5	71	a4cb0ebfcb7eb9f0cf6d7cf48ee4ac1a0759cf37
c1885c060c2ea97879f1466c7f88ab27efbe45a3b68b7a3d6e80a4141c6cd7f2	110	a4d7dc7e210b71406bdc65134d4f6dc89e00bf24
bdabf134e9a99212219e7bdacf4605a9c87fa6f6a07c8da45210c3e207d33bc1	82	a4e0cb33aa2f59e1f2faafb13107ffcfa87b4b2e
c539f11507047ec8225cccea952e72fe933bf4103351ed97b19b47c292329e64	82	a4ea37644789924e03a68c90be10d8da93a93488
8dfa2fc09c1dfcf5d2dd25b715e65b4758bc5fadf22f5ec68d56213e1929435b	71	a4f5153e1a682a07184220bc8a2bf39209467c77
5f79b95a5c314aa2e48ecc7d2065fca1228431b45e7019c83ca6bf6edb61ed0d	80	a50fe17abcc847b17175d3e0ea3bec4ce48d5f40
96e235583f99fcdf0e4b873efa30dc5a31b3664d80194053fe504dba388fd460	90	a51bca8bf78e971e684447b70487827712866471
6f63eececaaf0a97b5334097631a5c60d10b91709e8cb6d3185569dce96b9502	83	a546c07d82c643a30b0ecc86ef24f24e8666698e
f7671dc15e8b860229c4d5a5df0c53e493f57b6af245027669571b608c5ebd16	78	a566d413601d2e8005bbd2c1be478e74c383f004
992de3860a9bc176ca5e4060f27f8b42237a6be59e4c1973539485053c1eddb4	82	a5728c16fa389441b07cfe456ca8f8749e879d9a
216f29d6b9c26d06fd201f8265ca5ed2650d87a29eeceb8ab961222a782e0e1d	101	a579bb3e5e8f11b67cc19c2c0c5d2fb405155a19
4163d9d5bdac52549dd66b24b4539a62e0be4a77de898e6d93ca83d5fbefc9f5	73	a58cbcca533fe11f785449635a9e73d7b9c62b15
050a7df4a5bf8509efd508cd6d5399595c55e0af3b13982dfb3ad25e0684d602	71	a5927912d7cd513cfb1b1ecc2cce638ad4c5f6fb
65c9c6e60ecf0357dba8c714d5a2c3c0e6364e3c835cff9d98477c56c52c2dda	68	a598e718596ce22e5189cfcc862719fc3d69c996
7f8f3814693bf8b51a80e8bec7126b31252c6fa2e00c6513895e09b181bcabd2	82	a5d7d644da72263f59af01f1c3f494ed75c5a828
5ddf3e7e605d70788799048044006586a4f809d715d7467ab9648a71b3441e68	78	a5ee96f8eae2472098114419d6f1bceac68d6bdd
2c7cc7a865765b501a1cb5f822bcd8a426d778e5245108d0dde4c64a03deb93e	74	a63360e39baa286a31ca4ceee5b457cbf370a6a9
09a32c4ce57adc14cde528537c89279fe511939423e8c4e870aabec5438b9488	80	a63709bbc961ba169f39d0d6afb57672e886c78a
ce637663132f55439dff9b353695172eaf8f600c6c8e785657785391e58d9127	68	a63db87914e055f395962ea28d4d92401b76905f
939f8050cddc2a1b294c5933d3db03a277fd22a85ed0ab232ee50a15e0e04e0d	95	a648e7f8bf17348b267f5dc079876c50effef541
fda334ac5e77c7c9eb7daba5397aa5ff0bbb285458c931f548a343d36478aae6	71	a656f21fd7845d41e26266eccaccf0c2799a3191
152c8c5cd0d630771fcc74c4d9d5354e2b65336fbf8e954c1d283431c9399ea5	80	a65e74a9e00203835ca17d058911d043d4b1d2de
7bf86fa40fc26a4e5d97351096039b8d6e730e9409c4ca994dd7f1465444730e	80	a6795a48a6fbaaa447e912fef159c434bcfc4487
a19bb7df5ceb64175af0aeee54ce6779ad03f555ef1068b5268828556a21522e	176	a6950be6f32b0e1cd336f3698c37b97c6727c753
9083da51873ce30615ceb5ae98ece86459a2859eeb4f84c155fa4530840f3f0f	80	a6a80a6a8d7e1ddbe4b11f9b93007d1cfc8a8be9
d7a6e5b90e86229d5493a4ec3a118b273d9d7134c47eca118f9a465f0b473607	82	a6aef05622434ded182b76495892c9f3b138091c
8f551faa4b5269b2804f72e792fe5349a787297b477df8563a0907022d1370ce	66	a6b9a426b91ae27c644341889d5fe2c29036fbf4
eeac0e509653e91ca22f398b141ae0557fd7d622a9c71d969857128c3234a423	83	a6cac78ef8fde7ee59570c8c6e87ee5c86964da0
c8dfc999e821d79d0734e75ef4ce11ba2e026dc9b951955257e9996d11679f4e	82	a6e82953f0a00cd506539f182d47abfbd35a8507
c76f6fd4352e9e15c877a6a50f64f1ac496828220e43b50fb1bf451638bb1a8f	200	a6ea1e9ac103813035af8f398df6c5f60101eb61
30299246eef79702fd233e666d48b064e77b1acbb98c5514e1ba09ffc71b5519	338	a6ed4c54c18c97e355e2ed0cf46576fdaeb9e667
b65f58b6b8f0608716a7f86d14928a3a862036ca0ea63a15343be7ed94fbcd39	80	a6ef3c09c3dbad3f6a750a1b32e4288a9a1951f6
4efb871230032cec60cc354d97d8d644ac154168b63abf4ba1099f20dbb49b3d	101	a6f3aef602e00df8d432ea171aac801356d45ec6
c93d882d05d8f3c53ccf0389afac7408bc693bcd7d35758c004d37e1e24f2170	109	a6f5c9db5c6ba26b879903dbf3a583a9192a5d3f
4858e333fe93b5d7df065f5fee45f28f06d0b1e735c7f775ed37deb70b41e43b	69	a70f3e9d9fe4d9f633be36c7b63617abf37c282e
e914e7315d76fd922d1a174f80645c1d1c841b305897192c780a39b576c0dd68	71	a72647686735b1d748c24751a3bc1f0d316c231b
bf31be3de9c9c58aa914301ad3674b6951181a7635ad50b9720deec9c731c3f0	71	a751f5e464fc6f78fab2ecaa25aca6cb7103c3e1
729a2cab90667e02eaaf5f8442a400a77b075846c1370e1bcf1ab4058a22398a	82	a75612edc79d932f8c5917fd355fec3773ee9b60
e1c6f843fa2f982c33bef08404b21787aa04ca6308392c74322e49ef4408b4f7	80	a786ebecdf9b8241a0c4b1ca84f21d16f544f694
2140b77bc87ab734fafa7c1b1a3cf5b5d056aae63bc92508a0567cb34497cbdc	318	a791a2bf4809758936920737a00351db7dd8f450
aa9ac8da1ae5638bdb7b88982dad87088543160a8a08418002f30b35367ce66e	82	a7a334ca8af08c793b54cc86ee62458d2933982a
35d4bbfb7a5bb336d79e19f066c1f0272d4b9164c02786da03842d0ad86028a2	73	a7b28d2b37872b012979a2b56f09f3e0d2735499
c06c6e8e7bb291bb17dd6115ead5e551a34ef637d5404c0c904738c635ffb43f	84	a7b81ff1e56325da4e1524cbf64da8ec4ecfcf66
221a7829908c86f86d514178521d31924a68f3442aad84c01322e3de0630c44a	82	a7ccdb6452e0aa8013be5dc637f18e61943e5e7e
f0359ae078c418261035b2be258f580c376dc199df14775800d3d89bd5ee6c9d	82	a7cf13849da3d640207faf60d1a0a470d30ca1cf
245b83abd8dda8d630f5d9fc0de699955cdb00d28625ce89897032834db1f23a	101	a7d7583807998d1b7afc9fe62c51fb1fe2b2d3dd
fb9cfa59f70a430ccd8715d0199732e0edcb7fda6fb634395fa4f7288815c7c7	255	a7faa1a5b2c2097d6e9c232cb92120c6be0dd040
7e56cfa2f858790690210c262287240aefd7580e1107ee839fe7d9c215c7a518	72	a802b24b7f44b124d6ab89a01a0c0f8a4223bf49
31a67ab7c9a5e5c46a272ced61c775033ccf428f25dd52c59e884a0ac8144f0c	80	a80b81bbb1dab8dd8486cd5696964ccd5685c2ca
43d1bec154f494ffd325ab8061432904114947af725d65b98a40c6b796846546	80	a813e1fb89cf20d2312077074240a65e4aea8409
5c278014e2657835b3cbb0b5b8b3f68df5d690e1b2fe501250486972451cf72d	85	a82843503dc028365f7dbb54d87991fac72e2282
9ef1e42360140d982c12d4c79f3e23202f9ca5535eb3d03cdc055d72d80db1cb	80	a8334a62a08b5a59270ae15f180c2d0d11630246
816f9e3c44c249fda2ca8422ae1a76ea167ff39d09211f30f6f65c4d6854969e	80	a83f6ceffdc8d9ea70b9a7219e7efb24e3a65268
409d2707203b2b1e31cbe729460048e5029c0bff4bb422b6d5bdf1f1b2e3b25e	80	a86f271c3053b9de3b4055fc710cd64ff0033481
413946f7094569d33edb66b618c38ead997d37afc3e550cdfd3270f80efa89cb	281	a8a0726dce335921ea413718cf9801c36520712a
010f6ea93d870945147daee0c9405f74e78aeb47a2af2c62e08c74154c84ddfb	83	a8a117fa3cc59ba8bd499b6f3cb93f449572cffb
7295c8fb4579dfd4a999e4c967f9f767363a90024e30e24e79fa3c7abdc0f458	329	a8b6262d7a69ded4770d690b172c2003585cb02c
950d4a3f9f1097f2859da4ce4df3675d186f51c6aad4412c68c3174396ffae1b	82	a8ba1c691c0f661e42dca19a87578d55b1e5ba9b
d381c87b4f121b411caef738dbca57ba93c5314de6ff3086cb2e7b58afe599d0	113	a8c475ff685f4a90ca4f2c84e34cf7608b43a12f
69528205100c48aa2121c43907b957291b9de89c6cded4d9df6b5183091a2543	82	a8c67ed5bb80efb65948dce442129c45b6868eb9
c4eb7d044be10f9e7a1e598fe6d05d51acd61bc7dd29f5c8ca4d6a1d91ea65da	85	a8e5cb2993ec3da76e0459528ef0702838233fa4
ac815fd6c872817c6c53bd846470fbf8d2b3da55d1277d5a7d0263454e113d15	83	a8e919ae6f3f4b6b752d3c24811180fe610755cf
48d94a1e4219b7cbeed3975ca545f8eb1f0c383d15673a541a375123b827b93b	82	a8ef0d7aecd42ed418944c1e6ba5d78bfc17fc2e
94922487c9618998bd94f651ed586e356a8df5487b733d84db3ca05f58a4eca3	73	a90f91d2822a00fb9f3eb183ff679a9760031ced
3a2aa3ed04224391d27b18ce4716c478fe10d7deecee87f14134ce7eeb0655b4	80	a914038bffd70ecdf06bc797bd8d9ba7941d0273
4876825dc599a0c532176f6fb9ddbdbb895b6ebf9b63f39b9250adc6a0a036e3	207	a91aa9628f22a0ea207411c6f073a6918482ae88
632b156b4f17a7697980a06677aa65bb849cf56a835eeba3c0575bcc197b6f49	83	a91e25585e26fe4cd29da1867d10b29cd2d2b2a5
73e76bfd510ed89215f17e9ca5626675fbeb3cd22c6faeb3b6736d9cdb6a5ee8	82	a93b1a96b775213a28c33bf8ee805afc75f03fce
53df790e8cb62d112adeaf8c84e47a50d025e4a3546149f825bdf71a1088e31a	71	a9434e83862638e3bac5e374941658176fd619b7
9e5a4cac4379f3d58ba15810d964b35e64e818dd7cd36ad355079716a5cc39e6	82	a950d118f47d0a50de4e97e912f6f8baa3d50494
05e2d2db799826109831b7a527daad1034d558dd1abb9a6ef68af4d519384b15	82	a951c3b8dc8413f3d8991d15f870ce6bbb0d59b6
e5af020cfd73874b56ac7389337be564bc388ab6ab9b5909ae3e2b3040b9df40	101	a9594029b17068238d43586a3091e1cb423d0676
3fbfd6147db884a0b4ccfbecef6cffafa18c5279f4f66a91e7569442dd1425a9	69	a96e7f2a419cd86b91fd767129b500b8a76da54d
49947e9265e4ced3f16acf5876f840c163f18092d6bccb718c4c4b53e0a048d0	82	a9938243cc6d12ea4b676c17f745425c698844a5
7e65212cd43630b85722966b0d8ff02a89ebb4202d7e099b9f044d91fac4a6bb	84	a9affa9a996a4630e326b108d93efbec04c8268d
bbd9df3ae01942b3b5fd04a40699b772d352ed7231adb0b98b9bb343cb03f3fb	82	a9d1290c4a333f54efe3b655ce1f5491f60ac27f
29dc7ff9e176d6150f8f271745c98fc629699cec2cb93f87c9b167d2164c4afa	71	a9e903d94fb326eec71f4c7b15dd17fe3e8c740d
58acc9857bca7333b731cf8568564c3db62ce36fc2ebdc6ccc3c5e9204940530	279	aa4f7058c95f8ff0885b90ec2731db09f685d30e
27cfa8a462ffb50802db48752ecec58301b3616dff4fd67704de33fd3aaca6cb	171	aa571216c300e587fc44c07f9f078c2f10a05176
ecd7ea458d0d4ea3390aa8afa4f005c4c5ec8ea9b1c87400391a33712219db39	87	aa5acd76a90417da50dd0a13923ab0dc0ec2b113
fb774295399e37d2a776af4799de7d6e901675bb1ae3a71c8de5b12f978841b1	74	aa690c5769747a792757dfb653a2121853c9418d
1c56084da0cc8fbaee38c6947a6cf379d5e0aaea8bcaf8b21723cd01e8c020ac	82	aa7d1a788399d76401a374659b340cde078f9f19
01974e2bca252424bb5f39f7d21a2d93dc9b08e5ece584ca4499b4842d74a803	82	aa9572397d76c10e6eb415503f8978a669762fae
547c124873aca3c539caa9de1ba7cd6eae3203beda9f02d41a84a75a17f7685c	176	aab4935c270944f73e4c623db15ef28366448121
33399e2542a68eccb755af22b025b1c1e998729e373a8688ed5067881e09f6cc	67	aaf07ffcccd8f9f1c3386388c0ab19bedcee407f
48f4416bec70898483d6c6976f1b12831c3c3e5f7353513cdb71cc9d9e929630	82	ab146e52c563495b7fede41dea33396d9e75fcc7
d9e47b0020e369a528f44d1e48d4e5cd4b6592356ac435347563ef3aa7bb445a	99	ab19ec169d49547dfc5571cd7be536b5e673a1da
14f88c543e44fef4ed25c7e4d8e7ac181a2866958de5bd0bc38ba7296ccf2daf	70	ab225f235073e9f645d56c72a07ae7b09bd42ff3
11cd419e5a3af977ade075188b43a1ed4870c06a8452783c0a755f274317da30	93	ab319c7097de9ecb6f2594c0636e5644e347e0a8
e0c2df5b2257d3fbb55575d358af5d3369104f3532dcacae9ddd0101e2a67784	78	ab341a9656881e7b442f4bc36eb412927c7efe5c
f75438fe573296ab06e340151b6bdab3db462855e0ce71539ccecb08060083bc	82	ab34a2defe2ffdc0bfb3591e9d148adb52f0f9ee
52208eefedd03bd2af6f45445bf947f7c44f941400d15201fc9dd1c21bda45bb	101	ab6de317766731386e273a4acb8504c7a6843b76
38296c1d6983c2ed020076ff8b16124187bc85d906acae11789fd419a157ccd4	82	ab6ea7e2787a02a90dfa640f66ade5c77e0470ef
0f65a0f7498e989ae46ec293004d359375207ea5baebf887ad37bf4138342611	181	ab7e20e5dc054ac0471c57450c6be0d0f777423b
c73d148e4398872166abbe91490492af5df82586cf1eb08a5372ab577ea76dd3	82	abbdb9ddc870e9bd82045aded9e8039492700d3b
cbf32d3442a60e9150830c556adfa01ad79e2e90280c9056fec59cff373382c5	83	abc9334cf3ac51ae63f695533520791a4cf7497e
5ec32d4f1b5312d9a54fcc7078eae1aeb66a27c7e64e093846e1ec9e3b17a6a4	80	abd2526c6a0e730e504d9398d5ee4120944d9d69
04c141d54f91cac098179586b3622b2b752776757ef44fbb809eb161844e5991	82	abd42ceaf16cc1b79eebbf373f8938ceb0deac98
f4b6526891817fe5fdc6bbe467fc84cdb86ea5667c4ece3357c362c7cf4deaa0	80	abe465c20144cc80ebca49cf17562eb40cc38196
d2b3d6bf841657373504241930c22332807078d2465649392f60f4c370a0a4a3	80	ac08a0df2153de85466c687b1a71a02feb12de34
fc2e5d5bef353e3848f970586826e56d9abea94feae2057d7efaedc2b7d60e4d	68	ac146dbc46b98b356a53eff0786d6ed4ccf4600d
15c555e21a8fb7e080a5ea9e29d37ac4f47acbff5438c3543ca481d740cb8f4e	230	ac42673fa86cf4443ea92c413d9c3cefcec48736
5b47a3f96a821a22c5297b3c2fe399aa120e8596bbb6b72f9fc9ff8cc2298cc6	80	ac60644c723c23600fe76b59f4da09ec5c8a10a1
56438fef7f592146f0845487cb564b9c1258aefafab9273cd573c6740654ec41	123	ac60d6f16b84da2bb4b1a894ca33024f36364a8e
3cba7f6b8f9d05c2740f6eb558d186d8a7e32a7ee09fd93bbe75ae7c6234ee65	80	ac8e5afe1b057b3cfeeb6dbfd188c58e8523d028
7c2ec675f188f92885285c3a6a633a8e8ddd7c48eabbfa4e7e402cfa070ea3de	71	acae12cda21a49d67f71d66cc3d304f993124ed7
195cce6566a59c63afbdb9a1f8e189a50dc0c842caec8abbac9b7e799e22161d	83	acbb8324491ab31f02d232ce22b861f3a992a783
c0df5615c1402a6303f5918313fef114034b59c828bbb931cb53c7b6fbcbd905	98	acc6ee935f56284bf785131368d164e801651c6e
d49cccaa0151396aef93eab9f19db890f2611ed6803c346fae8cbd7ad190ab4d	274	accb2dec543563ec4477910b17678e8e17b662e8
88fc3f446b7faf73536b6e33e12f33036785b806564c43f3740e49fac891ef6c	80	acd132f452c271f947ef257da3a0264df8fc4dfe
b2a78bf1bb74305a59f51e0631acdafa77b2f843d8cc80705df242b23e46fbd3	204	acda79bf96540e5e0481d88d2b12080ba5dfdd45
34dbfc67f20c64a59f247e6f4d3a8beea786206e232805122203ec4c87d57661	83	ace4d96e3e5e754f1c2dd3c0fe7ae6ba52c3760c
2f6d4088862ed5c2242e360050cfc861b0f4fc97b2d2fe5fccd3e1d6de8ba38d	109	ad0aad97dcf0fad0409f740846efa656bd9d7ff5
dacf3107be6b6d59c0d868ce7f8693b7467ef5de6a0d14992f3b21eb4859f46b	114	ad44f6b8214fd388c2ea62a84c6e8b0edfed9f85
da90903e46be1148d23520acf1c1c8e7acb99b2aec1e83ea0e818754fca3a076	214	ad55dc4d1056a4cfd8d88e2dfc8969f9f96b769b
9b0851d7ea3c46f275048f38ec28eb8cadc977ddb0b2ebf8ce3a5dceaa8d3cc2	100	ad589ebb2f42705f22266667f379174ef0b697bd
93b84f45b92ab7a2f2e0e548e4159bbe3b3b138a6ecf129a030bf46c44f57bfb	83	ad682f0c498e07b69b181e81742435fc599ee133
d6127668089e5898c4892b7d6602469797928a0a950541c502b492e30b47a4d9	71	ada84add260251522d8f7b6f6d49384853218201
b8a1d131697cf3626e226000026d3ad7aa37ee5b9b7ab4172eca34f41f802025	132	adaf4ff0b56d84fcfc982b42300cf914fc7e2033
74c0443c14a1d235f295552abd9931480d822e6eca1fd238715a41ac2b319d0b	265	adb7bb15884f514dac18349dc4cfe67798ffdd71
5fba96eb70b2747d22ced9f816fcd200161aa37bf66181e2b6e745e824de2c01	82	add00af3ebb63acf81e57c627e63a76eea402dcb
ad41fc0684cbfd8669f7a8277a3bd48994dbec29b18a26c72ab26d8fe15dd250	258	add00e25cb1411b9ede8397706efa7e13a7c66a7
ac2b780d7ab02aadf6ccdf413fb35e7efaef88ffc05cadd833de6a733c1492f9	80	add60189b1506013b12b462f76235940e41f8539
2c1ceb262a0aeef0d6749502a1ffb49abac257b382b4b0181c065b221e11729a	330	ade93fe8ca23df0cf4f9ab236d0db0e7976c043e
db0074af1b33d1735b1a5d68665045367eed9648ce4adc81f3296c0dc96c368f	80	adf1260b37ac37f648787329cc322fe41b512860
e09510d097311918e0f6227cd248dacbf297cf769a9cd3d631723deda26a4e01	71	ae00908e83432b36132bca38c8daf65660a743a9
d3683c1cbde2c0928fffd647f7b8831f8879969119ac985a79c671ddd00030b3	83	ae47bc7f8ccef78bc23be8c29eff28226d9d5672
e99be0c9dcabab0f64dbce2570dca462bd843be1814e7692b47e9805cc0cdac7	125	ae5e30419c3505e2f5198e714a87fc1af10b66d3
f795e098af8b8e089241eed15efaf35fc455f7cd5fc7823ec69d0357e8a4c220	83	ae688f006c7243ee8fe108da6f82e9e69f361b15
7b71019e677929b65f4502d982b92e5544b5a989ebfc173b9ad170c5a357af02	90	ae6dc54953b6370b96913cb09f2b1fa0a6f4ccb7
348f07422e7f01734832dc1745344c0975269bb43bcbeb380c78d6f72eccba18	102	ae81bd08288f600ac22925766c0cb28856506cee
cefffb418ea38f1a627dbe3be21e3527bbb72533aa5dbc6035fcb61259d46889	138	ae88ff50ea39a6d932fd9683a7a55048de7ef506
60102651e8894829c9eecf2c5dc3db72cb5f73e82390732aa5b010d673bea779	73	ae89fac13041056e4f1ffd01d5c095554bb815b5
93f2a9e51755fc2c25b1e15c6406bd0c533699b76c9d5b964f271a1117593a76	80	ae994f9b0f75b7a3c79a08dd4dc069b29ec92767
ec1f0290291b01b0345c43f923a8a69424cb240a55f38dbbf24205638d4ab573	78	aeb08157e8c17b8140aeec80aabee90503cdf36a
318127e47ea794d230a1ecbef314aaeb85f039ec33affb5af72dc4a82e1fd267	74	aed9c31b640b9faafcc0b9777534bcda9c93c637
df7cdb733c833ea14e31165aea0210c6d0c58f25f184fcf3116399d3fc0c7b2f	82	aee198a17473ed8d40712addeb088555efd1c0b8
ef238cf1cb543ec65032a3d72c7b9656f5a5641446eb7a106ca757f71b8c9570	158	aee6caae700e9de6fc4162594d330bdeedccfb1b
a6ec104612be54c3b1c42f898fd8ed688f2aec9c89962350e56ce38b9908dc39	84	af0ecb146084a5591eac3a954f406dd2b7370d57
311abc487d83e5a5c939b71c6d2a05129a7b3afbd2ad7e4b42759db40a6492f7	78	af1277374a22aacca66baa345e7d7d66540da2dc
bf790b1187053e9066d1553213acb2bd688b6bcea2ca6042d63154c07a57dca2	80	af1fb37fe832a349f2b7ba7b072478fb71fc5506
6cd0319a6063e33d0d3408b1eec7ce956d3378143499f7f627476d7d6a537b76	73	af2e34565835a65609b2aeee8724e60cffd212c6
4ee18f441111053a24d57b319f1bfd72fe0f7af6c351b55f902d2d4b60026a0b	97	af6547fdd5e17b2af300b685ac6dd27f7ba986e1
1d3fbeb3f099c66a037e30cd64345e269ebc62947c94d5455128ac82686176ce	313	af6b85d2c836bcd9f5d3cefddae39f6e50e3f971
6cd014c7c66105f81859098e7f82d439849cd635bd7cd3e6e46f71af681580ff	72	afa4bb528f0688fc84c22f6454da5ecb1d983fa7
1e0c5b2b1ea0fd608d9b020b71bdc70c284626bd1cd47c10ecccd5bac0914eab	80	afc3bbcf540d102caa50d0eb14105e28aa2bad1f
89e464f18a550c93a5f7d6510f78f095b96382ff80999c1c412367c18f61d939	169	afda03178c2561b27b07ed8c59785d87d40be3fa
7295f77646f5ef62087219a643547ac1aae221d849c4ad9e86c0e5364217a821	83	afe09ee41c9c56f98e485a79a854540cbd50450f
c46c773fe6cfab115d7bc08802bcfe4848637157f962d4349c934f88b30fbe72	123	b01753eba006f1de7d877c643155ef95726dc850
cb21b2e5d7bae5aac0cdda61b9efea512d761517a92478fdfdcdbe112274280f	173	b01b44ad6b9d087f1d11f9d5247ce3178f8b8d8b
159a2ea79557d6eb0810ea7984bcc91f3439b9cb9cc0806211a7eb5ed5de6cbd	100	b01c64ccfc6421f6a6d2283c11b9d0f83a82b2a5
4baae86bdd560e397a289e7288bf969d7bbb1dd1072c4f8eccccc23c921d3f26	101	b01dd012eb6a6a859c3d831c891aff6ebce121cb
d2f3250fc49a7bb5ecd70fdd9bbde4de2da7fd9623a54fd2371351158541aded	71	b0330ea231cdf529749b8f59ee0cf2ffdc512f6a
85672e45cad82899a5fe1bcdded6c665cea7962cfaad72dffd228a5cfa3c825c	83	b0431e0e3c50374e22159184e06c3f7995990edf
ad46899d8320d2dbc74c3edd64c882bd3a4d5720a2505cf609ccab97f4720c3e	83	b05b05302cddb679416c917b095e27a6d835502d
72f89ec864fe0c461be4e8273648a9ee1b30ea0a637e5905f11c357d13409f53	223	b078608bccb0e1b5b0b684ddc2a0f126e991d70c
c9cb87070cf1129a1b2934dbaccb1a7b2fcf4319e7437aaae955189bfc443d9b	71	b07c909e75017f74579670fb3d39ed01080094e7
f46f5ce05bbd211b732d34dfbb0a7b16d060f9bc6ad5a67695846416bcb5fd41	71	b07d5825b3b798f2dfcbfe7ec89733a15cff5922
01247081b74338831d18a0e6b5b35ffafa13149e711cc5908fb12ded49e181b7	115	b0ca67f0cc4038e6c95363b26652abef5ab1740a
7824bba2ad7ee516e2d24825cefc782fc1ffc9e7e274e3028b128bbc303fa430	80	b0da22e06550be567b056236fc60010e9f72456f
0fcb15e04ede8d5f82f6687399e674f48f9ac84145b05466c9042c6eba463af6	82	b0dcb2d1fe8979b9178bfe67b3c39943cdfc4669
596c9db9b3f75a573eee5b5aa2e1b53a8968de6b60a1f4a250c0c823b994760c	82	b13a61c552f2b3a8fb997c4f44be3cdc3350302f
3ddc597a771e5c0140152bbe9e286c139adfbb0907448abdc889f231e1e7f483	342	b13dca3258ea07030d350584663b4b6c2a42f01c
ba4203d51118bd34509ba4ab2309cc82098cdcfe6d1417b7d9e99af5ce332208	82	b1418205e770eb374e3f599eb26915b98203e238
3b6f27b8a768fd034c1f4d66e68e379a97988175811d5aaade807f4215a6bcde	82	b143d717ba519098c0faa9a9d168f64c3527e0de
c2489763a6594b131dbb00da4cbe7a628fbaab693a73de240242a41ac83e4941	73	b175e1afc4b18d97df8a3c291d51240bacf70ced
93ae5126b7fabe665f3038bf9fc9f24da639cdf540200075b8e0bf81289945b8	80	b18bfde37bbd3e1d86d046844358c6cd8dda3b7b
6b9e80da6cea18a2ca907c84a9423bbe1db1275fc373ddb047716011fb885213	80	b18ea8aaeea5c26e70af1fbceb8977865e9236ed
58e645bca7de477787111e95a261e4b0516a91a9ad623af8c790893e160439c0	83	b18f75fac61dda461e6df680443a384879e631e7
b579b1ef5a3c9c512310a8e00538e95dadd2165512bb738f559aacce24ce5bc0	80	b1cd7a6e8d2a2c1bed8892d84a60d2bddcbd163c
32cab7e2c8db8c9a4f735e88868b05b264e428d512fb2e45a68d3497ea1a22e0	80	b1df969ee70110b2510c78bb55a88e994e2a7cfa
6ba843041ab9e2ed38040b583d0f8656323ad9e03690654e45212513a5973f3c	83	b2339ac5fcb3c99dd9be54f011d17b2538cda824
e01925becfdf7d83375e2de8b80d5c8c668550c6a312c6b134bd6c152aa1011f	73	b23d9adcf668b1e95ad9dc3ae944cf2069dfaff5
3cd0217adc797417c4f1af7be1a11f6ec5aabf6bedcd790475ad90c0ffe84ef7	95	b2455d5ddf8744c640c9411e5d399e39e58e57c4
417220ab2c9e0add039dfe74c8d4f303013c6d5dc8ac9f703dcc90da5d692724	80	b266f1af35b1405920326bc36532a72067ea8f61
23a761a7ce5170228cdca8aea23f4d43ee3d9aff4b363a31642617e8e5882777	78	b26b20584dce02c210c1862beb673890902edecd
02e96c72d7ab09720061037668f1eee9e3c647475d624a3f0a5cb45cf7d267f8	80	b289ea33c9154fdfd287a0ef5eb3c0a1aaf69e75
ca6d0d2226766ce96ef3752f0e3de2d8e9cf6ead297f628d4d9b40056300f4bb	97	b29196c08691362a59251b262256fe089366442f
82ebe9ada63ee820121894e35700bae2a89ce3737b5fd24a5582854cc29a51be	69	b2b6b7f33f1595d8f203ab4cde00b52c79ac1e5f
a00315e48c0d666504d763e4498b42b7eabf83fec5c65e444d50d4c9b00bc303	80	b2cf10fe199b7aed02123a5e8c734325cf51dd72
86188952c72d800a99265efb19347d23d26ac55166655840a471f0ecfbf055aa	82	b2e3dc33d5c7df9c2762e195972adaea456981f4
0a07fbab8db8adf85de54b8d5245776054d24f6b55455338fa05baad5b0e8eab	80	b2f4c8dda5e36f2c00d3f6cd7a3fc5c8e77cd838
14942959f1d385ca56ab4b8586ff1524af69a29f9dae00edd4b4c1152da6d5e7	78	b31034a0ba54e0baf0389798f46489d4a3bcdc74
49777b5c69e8a9cdd371b21bb84a0510bd550cf248b49af662389c6d256f153b	140	b315c6059c87bce2bc82d26a5be93bde03cf6150
9665f2c9686fd77c8d350ac900a9df846fad380a7f76a5b8c702ed12a027f75c	80	b3369d3f4a5262330868fce2e66545460c5388dd
2871fbd27802dc440af8335c7e7aeb0ac5a12484ec27cfdc5130a47fa89f7cb9	80	b35452277c672694dbd18ab01a9f80d59d2b6fa4
04a22c9857caf5223a927da6fad4fcb390c104f7e7d3019ba7a05abbd5c1eb7a	134	b35652f7c5a9757b378d430824127b4303fdc62d
4812771731bfb0b95af754f66ca69a808118d43f63bf5f563884ecdb9ef09d09	82	b36296c04401cb751a1359e3110179bf659d5ba4
4ebbe0a98f03068f7fc2a9f96f7c5d7bf50f355e438abb39cfcad90140709081	82	b37be757bea966ae5ef04382abb1f5b613d8ee45
3951e831e208d19541bbbdd3172a42272d22d0d883eb1359a59409cff26838aa	73	b384831998f9fbbbc00658b9c2a6bfeafabc1a2d
88506c43260ee18fb6b886a005be10a77e74fe021d1b1b4f6f5a6fd2e4d07216	71	b3908ab4baf085d14eb63248e8d7e92e2d9674ec
65eb0795670614e4add95dc2a0bd9910a52e8845e3a5257479e628587d62c00c	82	b392ad710059053f1caeff7a9364483fe18b69ac
f34041783e722c8e558443c99bdb8cafa04d7c6b20ecb637f3480dd71e7f598f	73	b3d7bbf29d5621df091e563e118e329d50822643
e45e9907210c6c84a36427cfc2b73057b6c156246b817c4047cb278365027335	101	b3e2e6be6beb5b1bfd877b065cfd09656ece7e37
9a141907229e112b0e45fa2ae979bfa4775247aa3266bf185d171c4a51b6c087	80	b3f24f8b2a02de5e98a3b9533ba7e1fea4d33fc6
2e02432f6885fbea29f07bd10fcd46a4297515e8a5a73af726b9f729125abc9e	124	b41175a38f925cdb20dfc599daa2868d45b74244
230916d95daa40a67bb7030c51780b660cffc0ea14ed378017b2ae1dcdc9377d	80	b4222207b339526fc65d327b1b7539f56c4fa3c5
b0476a2949188c51ee271d7726207727e3c3f7cb394a2d315724c7fc2fde59b5	106	b432d736746ecbc15c9d8f456ed61e7fb626a0e1
2ae2cf63af762d3b3d6f7be7e575741eb092b338fd52e5375185a3b99654907d	80	b43b60b96495e9103b7c7125fab5123f3946c690
864583b49a58778d723a56901ae2dbbc7e14bb6f4516ab0a6d84195085ee138b	71	b440f094a6d59875f40c79f92ad31da6413649ad
e1438fabe125b108310f1619f6262ab6371a1d493d5c60a82782463bdef1cb8e	101	b4500d585cb8cf06827109b292ff7c5e38d842b4
f9ac7e96908e716d9644c652c9e0c62b1a9dc008b00ed3fc448039c674ff48d7	79	b47799650ef573c19418af289bbfafefb7aad8dc
acd3d7ae8ceef520c091d93a7af6d94b98ca53e61e06bd075d736fe617330b2a	80	b48463fbf21aebbbe48f3dc89fe21f46366691de
231cc3151fe2ffbc138a55ddb3a1107e3e113330d823ab4790f0e2a089576dec	78	b4a4f148c9bc87d8a197ce3abd3c870d4073f4dc
fbe361a2a36bbc168d3ad79b92da1399d32929c05785d6df18ace3ffb3cd3960	202	b4a9acecfddcf47cafccba54799109a420758bc9
7637dba848fe285ea5619a8f52a347944e674f6d072ce5697f62199dedf77824	80	b4b8bd5c58a6355c50e93dc3745775d8cfa3b9b4
ae55c668089c5562c6f037220dc2d03e5382e5e5bba5e7a68e7c4da7c2102e8c	80	b4c9e4722f1ef7ff7dcb733e85b33d6fc10008b7
c1765f5baefb357b1e4ec7c912522b2d2ade2efecd5d9472faa67cd7a68c0ff6	237	b4cf64187aa16b4b66b997dbc3c0030e642d0bf5
9d190d480557a6d4db8888ddfa0d5e5f7be1bdab0df701a294d0fbcc450d73dc	80	b4d2ce422ab34d3555877ea9ecbc645905e2cb56
ad7166550fcab07f06dff64f855ea913ba5970bcdf1003a00224063165915109	234	b4e904b182f3eedeacb67e48c8f049e86a346710
f8075ed7fd0ca3ea56da7c3e474bcd9dc96ded34d13aa803afb458c2c9f80595	78	b54010841e17be2ba326d2a35fc8260c5953ed98
1e280dcaa3924bdb63b1c8ee78e0b186303f1c93ae0321559e39bfc478a33140	82	b545b8acab760a1709d431043c43851cd77f1a1d
3f14eed34e3592df770dafaece4f1d1e26d0eee952865f56f633e7e2fbaa916e	82	b5524d2d672160b78bf56a4727e1cf2a80facfbc
a05a0ee7db3790801f9e2e6bab8f8c2abf3cedf1155d730e01b6de9f13310770	104	b58e60f6e641454bb1ec2f445e763b6af878fd21
bde6f3bd74a2c882dfef0ac468bb6ef3e23cfea23859b88ba88218dbe01cb254	73	b5a0ac38e61e6c73e2b2423a563540da0507c6fd
ff6de404dfabcbdd4d5d915a9469f0a2c83b380a784636db4c8b6b44608825c9	82	b60264d80b0de4448c79466874caffbaf5f09b86
3314513b834096fed71e33b37d85d51f257b835179b627908e26d80f94f9f0f4	83	b61bb84329786ac83ee1c812b77e49a27282d62b
d7eba117fa0f3a993075d91d160b9ac4e40d0baab1849b9fd5c528557990b9c3	82	b61e856fc494c47ccf4bc577c65c9eddc82d2d91
48910f10fb625b3d3e882646287197c51b86a12c87e9f9763005c58a90e63808	83	b627db1e2c9cb849fdd6da5a71068343d3a87139
d22bfa159c503f2a7abf9e6d1e294a567f0203dcfeec20584ce467fa31f9b0ca	78	b6804d9d44e693fe9670ecc60e1f79fa888a6bfa
8e0c6fe0b51226bb7583dfc48c46ab7714f74093a1518024eaed796a7d965417	84	b69073abff734207283685838f91febbf37ebec2
3676e2e1b0b493a379a1d66fa802cc5b62f3b0333ae7fda2e2e032ce4a2fd7c0	82	b6a4e9437f5531a9de44ec62a97f245aad80abae
a624f4562e1968813cd9bda725f976a3dedafb1496267e81fc3cd97d4f9a3248	78	b6af3ed4614427f304f44aafa289c281e6ba03e7
f2784527bba4bc033faa2bae4caf976f29b3650bdbdca957cbafbcfcc16f274c	71	b6b9c8eab732da65b19f0613f31b8ad7699ec22b
98b2e0d9844b183685f65ce00279aac88d5f06ee09db541a77a2ce126f7533eb	78	b6c0c5172873fb8a234ad8b998dfcbb155b017de
858ae0891cf29809e0eb9959a37ea822503b93e02ebabb3941f9986d8d81f5c0	118	b6da6e68c5eed95e22b10dbeb13847b1bea26f99
eaea63c304bdf2e2d04b62f8aad9f69b66eb46aebcf829223315f0d1fa097b6d	68	b6f27289bfa53016326f57933a4aa611bfd62324
f87086e62cd29a63e7143e8837233e33df1501cf1206a1d3ccbcda5fd7607a6a	114	b7090df8bbf73207f4de22a8b83167c4989f6484
1c5e4f04c97ab9915bac24725059faecd6acc5aa38267434ff6fc8d63eee973e	81	b71c4f5a9d1fc1552b628c403ae6831f6b763347
09964415a39d07eb11213ae3b3c12641098d6785c2d041289e006761fc9a1c6d	80	b73a87dcb00d2f4f6041c3d7e40ab0a162d517bc
c2b593e51114249919272807fb25441fec7a4d5ccd614369ff09bf46ba1f4816	80	b73b3325ff1ecfeb854406757ee54e5886db6e8f
3ac692491e00d0ff6529668791f2edde895a1c8ee7eaa309b861d0ff964a71de	83	b747ffcb1cf5df65dedcd17684d3c3c7db47549c
2e0258d2403c6698cced084c68ee8f8b936ff2b45fc7a81af4c50e02da0af841	70	b7567b83e22d4c0e5226e372195edaeea241f31c
5235529ee0e7694b98808573e7bf5620752870faa3dc800d19ed59e8f9b5ecf9	80	b7678eced61ef51ef92335f13556e637278ac329
c68e335e568cec1527054862430432f7fd12336321706f170300630a4db9aea5	73	b77e8ebcb67e93a2717825c901244af892bc32ad
9f7fa0a00e7d344f56946b1eda37dcffb7fa997cbc1e04b3f257cca7829843f1	90	b7f1211bfb207659ff6e5cd6dd2990b852658129
db5e00200fab32ac25a2bd7fb7d6290a4bd8d15e4665a9bd86226ec23d78f059	83	b82d0b8690a4a2de5bd412ac379f792846b0a64d
c7801512a03658d6aeee43ac365a22f8c72670ba710387a933f63b903f584e43	80	b834b2aacaae4eddcff2e7cf05dcd4d4e626fce3
3186fff3249d7029444d9bd2a061e9f4e05179888036de8eccec716818902798	71	b8474cebc144f22adcac1c8f75a92d05087553a3
e901c2672010b041ab04b98e3ba972db191b355289329c2a6c4deaa60c0c20fd	80	b855dfd94accec18923c642e93a23cf54ca69b2e
6d9094f3025b4c54c9fa2da0fea343d202008a1d12bf06dfb91f4e4733147c91	82	b85789f19626f81559e4a13d3dc533e8db66eabb
f0d0c00b4f3b6667f5fea178cd7ef16a83b9b2924cc32bbb353d7fe59e346e06	83	b85ee3faa1701b3d208dbc22ef8da0e22c4360a7
3cbb29ce6fa1de586b0d089e6303004f11f1e613dcce6f95880dd84837942704	99	b8740bd5f7004a13c6a147a78e469a18cacd2816
ec4575fd401fa886320352c87f936a6eee6e0aa35793cb4a35221b2a6d4d0095	83	b87cd769ad5f5188c7d5062721901b6d338e4622
1f9a79c0bfaa43e3029e5fb68a0fe01b65acd335c2b1061b76eeea448bb783dc	74	b8860a4f595aff3efc17ef8153f322d084f03ddf
8a6e88d7f84517df19cf47eb414eca8079e6a3697f6332d324e44a07b1f152c8	80	b8be593fe49627bc41123e46988137e17b7260a4
1037f9c7568191c0bf3a4ea788fae4ac3d2a30097d2535a189ac95e46b39148f	193	b8c1f5b5730fd95bf8e434175988a611e5b66d86
e6d9a1fec4efa759b9dc02692dd6417be321ece20ca177147850ac9a3797ba79	80	b8c47e18a4c9f193e637236d0d59e8572587c8f4
83a64bd4b91e8b6b88267e365a53af707c09bc252a5a7f9f6a713529ce23e56c	82	b8cb3d0102cb2e18948c6c83d43f269a43f115a3
b3fc3ad8b3936cce0792d529daa9058c29a72dcc8ee524bb20780223f0750a1f	80	b8de1d71d5b49d3e8303d1aae915133d5c03d815
bad5c7426156c845922eaed510e775a44d1fbd3e95f451b8e69209e157c92f91	181	b90646ca1a1558f1f352cdf2ddfc45b181eff102
836ecc675a00288d7404f0b13a30b2996840869c1f14e2e74a2e01ae6cd2c3c2	90	b924485f90240287b2f6c116e9addb04cd09a99f
dfe0523421cec73cfce841277f06d5cb620c58b7a80713d77b2d66ea9b6e185e	210	b9333d745fc0a3b53ad1f1c0cfc457c7c46c697a
9af4b6af4fd37203063a2d5a4dfe53efbddcfd9a0c7e8916a6c23f6e2aa04fa1	132	b93e12f3246012b72ffebcc96c6a809a8927fa81
ec15cf9781222463ed3fbb835b09511af58f360de0c7e29d3ec3b3f0a8722f32	97	b94151b3c595811c9bac724906c49b0b35048c17
8ba60ab9d3247ba3b8f164b83b24c9740c4c37470226a05e97f3065746693850	82	b95cc4e8ac438719b15dbe6d8bc0bb4d06bf4a33
29d59d84f3d7f35191ca3a53829ceeaab0e8172ec1548da11e13a4023e453ae4	83	b97c74dda146723d094552f80c6fdb19ca616cc4
862033310b29f24a7dca3f0664d1af0a8fb584682a3bcbcdb32173c14aab0db2	82	b995eeecd334bd82abc874b84925b4777ce0b519
8674c4b3e552379e88595358199fddef1c9cbe3ee5e2beb0c5be8e6ee694c0aa	82	b99ba1f074d07736262b9ddf1313154d9a571857
836c48a080c916d95af5190d3a54546f006c0dcb8950fd0b6c2e372a241583d4	82	b9ca66ed88d697de0e79b48b0814c40c823848b7
f9ea7c406ae01d2771a9fae7d01db5d63852a44cf77f71bc0eb8e57799e72126	71	b9d87fa91deed221eb01fed541fab2dd6f571970
ceafec18e5ab75b61109b18a5229d50d24e7386cae31180b8a761446fe3e1821	73	b9db821aa049ab147389ed2ae26fac98bca1acf9
dd637736f92e3368ba02ad1ea0b0387f34643418e58795318975302f53d5f9c6	73	b9e76649aad5b269244b0e01f2d8dff9b5fcf8a6
c86216d82b05ff2c12a5191065abebd0664f0806e7fc4fced80127308f392223	218	b9ebe3a9633b615f9615aa19852f296bb2d413f7
de4ae9ffb0ff4eafaf9b184d2eadd62722b823edd74acb7c3df1c6f4f69198a4	80	ba589c44b66dfd443864fa57fa364edc1dc568ab
c89a2e6ddd640d7da7cf285c5085f91b16ad3ec4460f22d96a691895a389bdf5	78	ba735585da18391971f3012d3eb4ac291f613ada
4af25574fab8d05d4c1a5d0a3d9b0572d7a4f79ed07538eca8c33581cdc84b55	82	babcf83e327c0f48f10a7113ca26ae1889d3bc38
25e20b1838d6d3220f281546271f319302f75d657927dcbbd831dcec046b0a5c	78	babeca2d46a44e59c7cb10fe4f14cae10880c50f
80a1c4e20aca8201edd2cbf9d9b418b9575701d011e9df426428c2e60c22cdb5	78	bac22544842579834115f28822eddffd874d7f95
74d15f7569af28bd8d1ea995676a8fb9fa6d69a1352e3be4176e1ef2131e6b6e	80	bae47d02c27ec6b366f46bca9673d13989225511
09684a2c0f88f9f01d8ee4c5aa9c87491aa10ed29c03640340d3117608620d92	83	bae7c15521f41641a8c7601f283fe9461f73ea8f
ea96f6a1f0ac0cd558c154713acdd9e990ed561d9fc3910b78831c619b522cd5	83	baeed9c8bfa5d86410cb1e3744a3681ee3ba69db
0fca735565722d6c6bdc8f3d942357dff84ac67ef04c8e44e03cdc4d15dc4d8a	195	baef5b74df9b56a9eea310a65a71dd77b13462e6
41d33b9f46a1e4083929a060c486afd7d0c5505a5c3cc7938d149e2a0414cf4d	74	bb03d03258fc08513d3f1738ec225f073e300b88
55d91aec512345ffc90b1708b7d324122a57b8b9fbb7f2c9f447d7848a06b496	78	bb0469d2661a659e36b61cf877c5feacab7cf465
8696359e79160c828f95550e91c78bc5d83fb614ff72ded3ca40757f7ba942b9	71	bb0588e6233e4e13377305befc7b309f4739c7eb
f1c99da84ab3604258556afdf5aeb8cf04c3f69f5e94bb29f640eddd09c88dd8	115	bb244ecac3ae6d4e12192e5abb29123dfe3a6ee5
e3f205cb66eaa076be219183d2ed7a445270dff57941c409b470e37853b01a66	82	bb5f0bf8a61ebfa3fbce646f2ee28ce5e304f26d
ed9b0ce808d213b526d0706e027b750933ff6dfa6b8de3413e9c5ca970d7cf2b	81	bb7ff80a63b206c786d8ce18d8a17bb9b9eddb83
8f961f887efda7914ba30edecf1dc8d83b712d1c0afbcddf738c384a8226c0fd	80	bbcda51796ff7f07a044c98fcb5cf8144fe3cfcb
ed3a0a29016c8e2c554fbde8f9f08d92eee720c6f38456a68f81fe4768b1ec3f	169	bbeeb3d6cce2b03a25fa44887607337969f8f8a4
fcdbf4cc33240520bd5adf31c5eb8cd9c23c67f8c89b42d5c650952a0e5321a4	82	bc1f22cf180e94484b131c8b433b75c8396b9fd5
219a6d4f568d510118083578404b10da3deb7df5292895af077bcb1453e40293	82	bc29306eb531088e6787c45b2cb8f3d7a54bc40b
f318e577e57df5e14e9c6011fbf49886ce369d3508efdc1acd1f2604a6de2cc0	78	bc89a9363fdcedbd89cbb0acf8072f8fd9186806
d4afb43a65dfea6395b02281e4e0f704dc330b4fca2e3cc00591d55badcd8db0	82	bc91ba4ee9c43ca53dff0a18c5a5da49e65266a4
0c5ddc6990555011880edd8e944e37091779e2988a3b645cbeadc20d052202d5	274	bca858140b320991cddc62036559f437fdd54e99
4eaf32111afe6d0c788aa2ae7c48bb2d703d73ce83ccc2eeea667ec0e676b040	72	bcb334b6fdef874cbde565524c649d8955cdfd4f
9dde568b5301b09412c4fb05ce10e06589ab1c3dc4fc1323801cca354eeb32cc	72	bcca9f9b9aaebaffaf1e80cf678aadde392fa7b6
c303bdd1fce52b145935f8fb076d84a38d04694cfeeb9d1e21fb81c1404cd354	82	bccd6d4d841951b17b00eb2dd29256584bfcd8ab
d093d59c3c965f9f8c2cdf58f5adedad1d6166f0e3eb56285258370f8ec1160f	141	bcd1c2862679dac1b024a280c139fd8abf420259
0d24816045c33a8c18bfde095d4b8258bfe47616a06a52a6a7e7281c7f59317d	80	bcdbdc72acafd0dc1ecb2ebc4eadf7937305c5ed
501517e74d46b7fa785ef7878db64605bec6f7b71e8a73954188b0b57562d75e	68	bcf4e51d368feed7722f6eca2376b1c927275e87
e563d43d07d01542f199668ee80dd57e5bd15cd263ebbf958be1544065014d53	80	bd2a0617e907829d4ecadbd0e4467301f0a4fd44
7cfb170c1621594a7df128e9eb5a5089a08320908a48aba8d894156df1d40b0c	82	bd53d7bcad72501d9c0bb3f98dfb8480f0ca6e54
0eee7f80d0961a8b70aa401f918bd335edc9444bdace54edf546eb25b00e7c1a	71	bd5b28822cd103cbe8beef281678511a3b645ded
ef680cc6cb5a6984ff22fe8cf44c8023e08cc2d30498000a7d524eb1a35b61ae	68	bd5b98a77b0889a4b3da92de94ad7dd2b9c7f015
83200a28f5163547b6c346345a1485766c6d64061eef9f3a67b55a8c70934edb	82	bd7ebb206df737bcdff11a5e54fff076c14ae5f8
1fb70ec93630dd6684b553052c5cd2e49354edd4a371f1d8a521fe950ee2b795	73	bd9e69c4cd227bbcd16cc9641e1cd43353b25952
d1c683ce5887e74b9c517b0916d35dce3e12b829017b8cf4ee3baf9540494136	71	bdab230c30b821c34a99373860705e2ad91ed15a
06554b896a0d4e44fa6706304b0fdd2c8ce3f42f0afcd1efb87030fa6a41bcd3	71	bdb6c93f4f83b921081444ae436b777a6e61f892
a74660831ed9537c12e106b578447cc3d845af42a8b94dd6a46924e24811c849	80	bde5b9b7c423e0fef135d3a846bd459b9658b884
3bc3f3a5bdb1a3362084479519826a6810ddb2f313f0f5fd35f09b10bf2c296c	402	bdeb35d411f1bc4bb9099b77d90094886a6c6471
88a87f846a20770521d80d9ff8f9523e33dfc683726108e8ca46738c389b5cb1	112	bdfba28eff61e7d39f7adefc3e7356552f3f556f
321fad3f9f3541dcaf5653b272cc3d6d95909760ba7b87c28389301f46311ebd	82	be02258adbffa11c63605268601d5cb534f485b9
b5bf9cabd358a1f3f6549f7c542b3341271ad367af6c868425f0049d4d92ddf6	101	be247e806621604ee23aa4eed730781297a2aabb
0a752423f770201278ee1d880e016492d35a523fb551f85c2b34d7ea80be7af4	80	be26b7468e7c26ad04f93f095f281da824a1041b
658390b53e22da1d3cd96d291780e9b6ed0cdec45e2563347020fbd2948884b9	82	be279fd7b7a982b3748c2b55212cc5e0a33bf133
3067aec212e3c9f904a4be64be8740423ac06fc3bb9a4db4eb946be0dc3b7f5e	83	be2c3d0e4e7ce42a0eb9f51a7b2876dd33fc354c
c1856cfa825ad561e143a4003f41b9b5939cb1ef0d174c666dd4f1c09fc28275	83	be640004822b1d6a5e53904f4bece33a0d785b15
f2895948d176e86b84d9855d272a2a6450e15f365759683eb9d1d267872540b3	79	be6f0c1277d441ef70350bc6b82770c74295bf1a
6782a29b755a66c4df7228133fa5429346b270d1e385f849ab99f33de413ebae	103	be7aee83f379faa461cc66d060cb17c4c864fcf2
a1663bf969190e8cbcb721a645a0c9ba15df83fe543676b7fd43b0feb27dd6cb	294	be95abb5c045266f4025cc11fc725301bb3009a1
1288fa44fa38b3bb7c4a8bcf3016260d27d39b8483b5fa7f43ec42027974a27c	298	bec9200ef3e1b9a1491ab557c70fed145919cdfb
1f91dee15f3bb4d8fb85351cbc3d44c4369dc53a66fd446faa1cbed304a49c37	82	beec3d44f5ed0d48788796f869cbcf016bb6e4ce
67023e4031eacddcaa90419b82b7d322fbce9607362a2e422c5ed71f8563a829	71	befbd377bcd792ec1e87c844c6b3f18c1351f53a
44ee284344f6952771f644ad600a2e85bf80f569480b5b4a1f12fb5f7607e5f9	73	bf0f0103e790c7a71526b7cd77e667167b598e32
a87b438fb2ed71286f48769732385e38f30ffe8117baadcf7606eb5f6b801dd9	78	bf1e8870ecb58cd514ba3cfd6e624357d20a6149
296e6a467148c0b33d24978abce9a630876c7b79d38d70e4cf54f8d47341c3e7	101	bf482587a2dfab4be164d7285216a05a0bd6c2ad
4ea70854a1e8cf27d8218c2f34f6f02efaff3ceccc3155a8e80c69d2108a1037	80	bf49023097e95aa3a19ba39eb87c95a3a43ce5aa
63ec55d9e0416df500109bc15cb70b6e729c5e709aeb7f136bc814b4980b7017	73	bf56f97805e79d6401d5989089bf341a6004645a
d2ac94626fe19740bc5a1ee611ad0ba63c397515ea9bfaee4ff526d7cadebf2b	80	bf7ade4df23b339560df9e03a7a98dc36162d421
1fc35cb56465bb8b3b75ec4c4a80e298eabf5a08d5d0bc6fbb804f15db52316c	80	bfaed79f600096f44ac47a76668b3c95b93dc127
a9e4a0d18a0378322dce831c58a0153cbac19370193c6c6cbbe61d68c69d49f5	71	bfb14ed27098b5a9dde2a85f598ceb666a0143d1
de6e09487af687b19eb6bb703b9fae4e5959f9b21bb208717b8a3534f3c839ea	80	bfd6464cae077f8b83c5a2c6e1e7e5934e1610a9
5907b2495dd62c4e7619b5850a3899141353d2b8680de5657626f1d6d60f57fe	82	bfd70bc855961bccf95119670ef834438aa9576d
8093aa70595b5b9f2a458e20e8564d38e9017393d79894b0ae1de0ef8fecd20e	73	bffa959c8571e75e657c41cc2ee49b882594c444
08ec924bde59cdf5550de5308cbfeda9506021925e02bbba052469b68b0d68d6	83	c03f2f15869213ada34a4893aafb4cd542d1b76a
fcf5edb591d2aa92a408d5f61d4a191e7236e3143cc2a7a685ba4a94a996e5f6	78	c0589b2c49485d179b5e1a5f891fb34002a2af71
0d72ecf00aca90a97bf177d989b81c808cd00dcabbad9363e77c4ca6269bc25f	84	c074ab218b693b68abd9c75c0838cb7eea7da056
15d87b01da423d90ac2e292232fd8f85db8528e5bd0a4035f0bd0b1f2bd1e9d2	102	c08c18449c2ce57abf30a878a770fc5c3e16db33
526bf5e0f003329e76197398ecc7789b557b0d306c19dcc7d0545240ccd82faa	84	c0e8af7fbb4760bcdaf6b3715878b7b3cc479962
490f547219a121ec2b87940b60dbf4abce1501658c62cea12d422107ee8fcca8	83	c119296a0685d412db922914ca001a78528c7200
595909b13fefe1d81eb4655823339200071a7ee93605f20ce11c8f70fd6adcc6	90	c139030cbf32f951feed6bfc2714c4f3afd829dd
e97872cbe872932eff952006d983068684e1e309fb1f0d4df1c1eb88bddb856a	82	c141d486a94990447c53fb67f6de838e93291fa0
6588f494d6a1ab54644f32438ab3ad2a814e56767bd194b598f249cd87326555	72	c1427e60d752d1ef9fceaae7333ee184f48dc5f8
93a5c60c2a9892cfa18fa7a058c9b791e8e7175cd588e484d907d32ad30ba429	85	c163943a81102b1a41368b08370f63de964167a9
801ee5e299d89e7a9539412b778a2f33a304e2d7b90c43a73c4805f02f46f984	82	c1852939edce4a8ca4256def33cc33dc70968c51
012b6ee4af64b0790b0901de78f0e71a38ddbbc7e64f8fa795e0f833da3cde52	100	c1886a42d9cc255775fff28f9b047ccbc6f9c7f9
4c340ad219541ddf6f8ef23ed276dd7948f690f1b1cc9d9c967222dfd897300a	82	c1b188e6997aa0f14a868acbcefb5a1a756481ca
9602b5d4d6c21f5cadf1b551dea5c9265c5417c5c2a5e2b66bdac087430b2d7c	84	c1da9d91bbb5f620a1ad7102f557f46a3caadc05
c135fd317829f20d38bcee895cede16ea9fa68ca9ead83c33bba00addd18800a	74	c2043e12dcaa6fbd3885ec55c30fecd016d510e3
efd8b713ff4c6e8766ca0fdaeb9cc869ab6320ad9828ecef47954d7b8b1c71b0	82	c218f9afc6fd83f05097a106b333cc6a8b70cd08
1997d6fc4dbad54e243d2cbb1b387598ea181e6bd2d0356d71ac6c6d24974a46	80	c21c4139382305b0e7d5657147e8ea26c27b1c82
b8040e88f04eb7fa459661feb614eb6788e716eea092aa2e352d1d226381c605	80	c243162c9c7f88e714566482757a8a18a6c9a8dc
ac1080ac4eae8449759b2c3299a31c7ee9029ff0cd1d1cc8ad407ca408f4b0b0	78	c24ea7d38b1c5afb150f09703124cd1e8999ee91
3c5bfb199fd33b971c3cdbcdd1c6a78e06b2612779a13b2e1316622eddade991	78	c252d758d4ddfc9129f55a05b522f86bc6097e23
60978af308611808ba489faec0180a14caf84dd2639a7fe1e14835e12bb86b3d	104	c25feb4508605478135743490cc31f679fcb9772
b9ed06b7cce1cd52af6deaf06a14892a1525d566e5aeaa5194c26e325fd04ca5	71	c261603a8fea55451ef3998a6cc49a5927a6ae41
f864ac2fbdb0154e8312f1c7afc4c8d3c858b8019118c13343449abcf069fd83	80	c2637a0d849043fce2fe2ac4c670c3e6a909a9c3
fca8bcd665e72515b9ac7dee2dabefc6d3a55b72ec9e9e5aca32721864d7fc53	159	c2a5306f2c49f9d4eafc044579973f32bb8f872b
28a5551cae5e023a564c36b363d2e80e1939b8da520b0499867fb6a163266969	136	c2d44b96f899959b74e0cde13e20ff26bd7fc3cb
2d2347f27d61eb0ac7269f101b28782e48e043bcf68906cd1a9b4e6dac64fd4e	82	c2eaf7cf299f4f8598cd1a571af5f6b113886062
78a34dd44c828e4ddc2cea0a336bc30bf78050eacd774478522c58dffd270805	71	c32cea9bc0d710946931184425c0a9c70cabec86
ce79f69e5006521a5061f3d46dc4ab435e31199385976e3294025cfe3833d6a9	82	c332218b63714c9017cf2b7f413b681b18913375
de520dcc11a5025cc7498fb6eea2678715ceeb9b86d0a3bff6529326b14169fa	84	c33b197709a9f17b204235f9808083ad29a9ac9a
07e49eb6e80cc7ca2108ce3b529716661f4a9c1d956edd0e0f684af4b2c257c6	82	c344615fa88fa5248bba1b2bedb71e7380436c61
6d82480dc415bb8d8a286c023494ba6653975acce8d83486e96b40f69ebe0f0c	69	c3496206bd54baf903da260df044a5068ec89704
ef04eabd4f06bf41451eba9efdc91925a5227850050882ab8f8613cb4c008b85	132	c35a6e88421418e40e7b5f2d5c7e8ff257381c46
680c0ba76ac3738854ebd71cecd1ec0f464d591d2af6e339d5054cbf9f44fb73	78	c3682c90825d30bc1dc5d8d964b8334b1c582c80
b08450c1de0cd62ddded0746badaf19a2b770c7742ba7d8a65de7e6f2061c490	117	c388223d4a82359b4f312bb88737309ab971c6c6
451aa2f3cfe2d5ccf38919b90fc69cdba41fbf0dc30139aabed97e765d331a9e	83	c38ad007432f2286880e83a92bfd9d7f40d9b5b9
98108801b8af68a72bc86324ed3a52165043b0ff7326d02e4a8949c11b7efffd	80	c3a2438263b2d33da83ecb1e33090251e6f7423c
f634d67b08093f1eca03943575ca29fb1aefd77f913842db74a121fce30782b7	91	c3bd60e58dfcd0f60ad9bc0047b40082a0718167
320a77a5c68bb0c8fbfe77c8df7ffe2f6a8bdd681957a90042491b45f7b47f9d	112	c3c81cde1551ded3644a1f74044affd2a5be7e30
0488c1845af197ed49b23ae55acd1424f237abbce5b777adcb8a45ae42cb1838	73	c3cc80d9352d5d912cf43fab82129b33a54015d9
6e2e0464751ae6d4636dd342db139f6e427c7559978e9566fe01d18708fa1c1d	80	c3db9dc3992cef7e6c38de586e9f0a8810c98b66
a3520bbf6be1448610f3394eb29ac39ca865f427a4e725007da70b4bbe78f12b	90	c3e7cc0dd4b20ff2edd3be2e2db25a1a6fb92dae
9561b5db859c6d58567e0836c4446a731b1b3f2531584338a89744bac0d368a8	80	c3ef3dea3284329295f0d7f03c1d1e978ad18090
7bc184b1e3727dc96ab37ea74d638c5e0c0e814a8061e5f4d787639907a3aa51	71	c4046d06a2b0da297c9bbfe0f25f16207188ea0a
4e88f3b394305aa7df7dc23305cdd7c9a05b75f06e0ee9e4607cb10e26be1347	83	c4171767216f96cbbdcb3c73e57f5590cf6613b2
274548ec78ce0cc2fa104f83198799daf6a40fe242d7fd53aea58ecebeda4d20	82	c41fdc51f08490e98750567470037e5fdd4d709a
cef19ad9fb4d6aad4090c1c2c7b8e878fc075e4cd2e7491abce39aa61ba82f7a	80	c4227a9629ad627b8349e8d2b976045472560855
208402a88befa0c08baef4d5d61371143c683fb8d94710312c2120f8bda54490	74	c4579cd070702be86b9e0b04a7ce1bff56103960
7f1a51a14f3a4261f42cb473433454f3497fc8a5f1620939c53bd76ac256190a	80	c46c2fa47034fde0447481811be4986f4f16e0c2
45e1f5ad2107a53635462410b19fda468aee4e723eb9a731466394b02a35cee9	78	c471c3cad032b8fc9cd764a7fc05f38f602e2c6d
080ce2e63940ad9267a75d431a9e66a89088fa442391afa4ef93a74c0537fb50	65	c47e80fd7ba5759c095cb504f38ef2fd11427c98
1576a1969e05fa6107a49d7d5f1cceca3ab2138e806b5b745661a8df1999f924	104	c4c965b3eb3301a47ec9504bd07fc39c2333c43f
eb641bdeead635b9a841a43a4bd0b961c51c167839fa2d8cd03fd408d29f61b9	83	c4ead24b420ac08d27cfed0dbc88354cd7d77bc2
ce9fc53d06d19a20d6466059601d8798eaebff5e0485437e0d04108de3ee778a	74	c4efaf7545bfe16ce0c43763f10022c3e4b7d2d6
b884d66ee7efcbeb803f85d3decb36c4c3c3fb00e3d4307b404049a0cdecdd8e	74	c4fcb82563b688d72ea65fdf25cb823eaee4944d
ec422e946c7a559cad640d1bc5727f5ef4daffc6db4d9f0d054e188d425a363f	71	c50ddd3d2d22a11f32b1a44e11d2578ffeeca30e
9cf621f9353e5f95b21a4a032ebea0da73dcc03da897f0de5f676aeb14472c27	80	c52fa8eb71c34ce1f2213db3013a923f62fc43b0
d1557b421ac9d501db6fc72c4d978f28018ebb50e1969e2986a0803685348431	80	c5613970b595f1455c3ff1d64fb929b58137d5ec
6134f0231b6da329be26d8db8422b3b669df41e394f255cae37ed8ce1c8257c5	82	c57c91f459cc757269e9ba0fbf9f09d20bc00178
d0f5703e70a89c2e2429c480e873a2c12949f5552f8bf00551bc5e871aa4ace7	80	c5b32c9d4cd9974156a6e0b5146c1ccee2fd322e
e2b06c2c6bc00b3d3392c777508361a382c43bce222d7c4b027d66e3f6b5e224	72	c5c37245992fa02c3973ae25bd49af7999613cbc
9f23078b2f3ce80e7a1aecc5a1fe46f63768a5d4cb84b54bd95447a937cef9c4	71	c5c861cc9550623bb6b9438b62660d32d846f037
b92926a8ec3ed874a0be2d4155ff947e15a7fe66e19947e810ee11edf59a11dd	82	c5d3b0253a48e073d205f1fc74a99eb01031f47b
2886da192c3466a0e76961cc9bd1c1a3766f64c11d1e74aa5153f1555263072c	80	c5d573d96cdf7c83b6c96b2ad5f4f0d4857c9b5b
aea8c581ad74c767d84794dea2342500108d43e28447754840cc78e940076fc5	73	c61955fd92eb99f944135617acac3db23793dfa4
294e2caddaff38a550cec67855dff417dc8fcf1e5c4d10afbae20a8bd9c35dd2	214	c67173a5ef18a4c84a69d83e13b7d8462f8ccf19
e7672c20e44cf21825f6292d167cbc7b0c88db286e1a685f7a79c35e8116fece	83	c6844ddc3fd355a4b8faf281e2b245f1369d151e
0e0436b16041716b1739e8aebe4d0cebd88f6c44b2f329a0cdbc1e1322534785	82	c6865a90013b10e1be50ebd5ca5a3669ea4ec3a0
30eb6e545c2710cf674b9c519ea7b97be3754f0689882f7f1680986c7b366f17	82	c6ab827fe4f6bdbe1f474f97148d5646bbcbd5be
706031464948ce0f48123320d3ec3ea7f458c492c15416d707cbdd06c61fec77	82	c6bfe813683f878cd9719026a0232f55bf399591
21dd6eed39d403dff3a7b2f7733d2f7e057218977e6dd2b4b1bbc650ac8e781c	73	c6f4d569e4b49ab95ca3ff31c6926447eba35c30
2ea10fe9f1d8bc39ef570e45da936d54f32f6f8627913a842b19ce6cbca7d672	80	c70e155749f02983db4775848ba116d01e333e74
77a2bdab93df08ff51014ba49a055a437e67dba56092a41eb407e81cb35eefd1	82	c71fa1fc76ae8fb7a18f9036489c8904fc15c424
c21443368f848296ebeeda393e87f73492e4c3c07614c128c18d15607db37b9c	74	c74b0d6df1e7812b379f69c69d821f92dd1730ec
6c30b9ece862ca6efc9db70141903987cd51c390a07e72e8416622719aa12267	82	c7641ce8aa162daed6cc8229b5cab07d54cdc8c7
6ac429d70e448251f31d366b1d9cbd1949656eba9c109550635ece5a449acc2e	78	c76dd961a031487d6d8dfde80816321600f8e4cc
b368c0ec71e5ef08d4a699beb0d9231d8e60250136727236cafebc8b827cda68	81	c77606d3b9cfba02e4e9ca67d802c7c236a045af
9a13143639fdeea11be2284a60f4427c1f10d59b5a1bcbed655740af83008d07	82	c78587634ca88d8b2aca750d6fd5578ef77ae481
932b597c0cd9700ae84159b45cc5ffbf805f49b44e8b97aa420ceeed3b1f978e	68	c7a0330cacfc82bd03e68ffa1fe6a3a4b108b47b
b89115451954d34b939881bf109cfb0ff6b7097f89ef418c1ce634a5571782be	80	c7d3d927784b3a319b1a8212634a5f8866592ce5
776b67cb7600d29ed5eaf10d4ade69d819797be62e817a9f3284d5c007e336a7	69	c7de5126c9fcc09a5e2fa63ac225880957b96d6a
8f5f80c284096b3a053a19fa25db7a9f5a1d7a8b77bfac8afeffc315e8cb309d	96	c7ea94ae29f58f77c7c01e2bd0b0fbc41670236e
3274d9f4bb66f8af3e72c0d45eba7ae9aaf4bf552c978949291dd62ff849883b	73	c7f071f1bdef45846f9f0b768e09c84504afdf0b
c8cc6df0d94711a22d5cdacd7156eeecf511a78b75a1063ceb53b335782f8073	83	c7f72a63059ed5572d59a5be409d5255b288ee2a
62bf3741a05343dbb370db84136f2812c3c1f94519b28ec0b90aa277c459e152	127	c80e149c4a73cd88df5cefc416e0e4ad2f7a4b31
c3e57c8e18c626b23c60104bff5f50f4e6cdd9694e73e9613c6e64ce6ae340fd	136	c81514bb28dd4ca7c7b4545f123f99532a157443
26683c5e2169c247d020b9d6f61894a72f5c3a51a139ecbb581440767e0aee9a	80	c839ef7710b00a89ca17a53aca7b5cb74bf1cedd
f6958e2843a352333c747a4ff82e6d446e3e5d53cae15bd7d92e85bc9c872323	115	c844f05c2d1703ef8e746b46b7d1c0a08295beca
59f12572b4e5b03f1928b509ef0e295c12dd4b42f8fc6b96eda337aefd428e8b	80	c84bb2ddef61f7fcd5fb7b2d774b8995e58d3394
f39652afb6d62ad08be3a31b23e80e70c1fe8b9b31f9f5ccffeaae4cf8131573	83	c86082fbe8dfb24549b3868be7e9df57e69aad2e
a71c6bfdfd3887efd5fa38d3ea0212732c155b6f54a37a742cc180af7aa39379	78	c8826a3914f42ac5474fd294f18c24558506cb61
47ec4f6f035d6585d25fc429e2b99bf9bd4ef7e655eb03d71690329759ac9558	69	c88490404574c345de75251808550132aede761c
132d7c63de02f1770977129863e7384968e9ab2302813a0e18779b58af9a7019	69	c8920ee84ed3f7d15d190b85927116b708ac2573
ed348c4a86d7398f1331c327822e7b73dbf69dd8f40eb5b03a1757d9bf016100	296	c8a177c9ad874c5fe52d06faa5ecb2601e676f13
4d95c34d13c85a76424d52a369656de22b50f4618207d274d6fefaa5f76423f6	78	c8cc8186539ee3ea123bcd019f33db6a563e0f12
86c5b0091932b04f0af50dac3503f2fdd1c3d6a39ea81a3c4d912aab46e0e17d	73	c8d6693074da125c5312f5ac4183852d944c6a35
772b1cdcdf1ef9466060d8b25b0b5e6fb5c518a9c67dad9373f84fc3fa4c6db8	69	c9327c24ebd9c1fd38e568ed1f916632cf17e5b0
363d56bb423ce0b94100e86eb5e35e8b798ee01e62b0fde2cd73ea0cc63a5af9	78	c9593df5ea175b043086d78e889ec752fda23a13
681b03aa51b59c9fa30e959799072433f469c700a0326d1d317eec3c8cee6a96	82	c95d570b60d4fa439e328be9f00dbac771b3cfdb
ead55984307df49b05c3dbb578660a324e84127aaf0a7e21e54e8935d2e80d1e	82	c9786d6a45389c43bb224927fb1ff1dc11fc0fab
a131f9284984bbf67f98e8a2ecab02876f9fbee119d44c285418fc44cf990b35	80	c999bdd5ff8c4fb9d65a14169f84348534c29388
f6127954322eba04c8d4fb4e51bb02c8d8271c8dae1e2176c752db96602f7ca5	82	c9d5ec85c03bd75a308410cd2f72e92ae3f21623
12acffc73efd33bfadbb07861579f7e0d82a836cc66f1fe1f3c7da87863d5abd	73	c9e15728e9304533f886afbece54cd45ef64da85
3d10c4d0057a3a1ef5db7445dc7b6d5fcd0d15bc9f48121650fe52e9ea0c4e6c	78	c9e370630b5ef27f1bb392e7a6c74a4d06124842
ec154d991a9d713db05b30a0501011130e8f3dde905a4eb2ae21bfadd1f91a5f	74	c9f3aa92ab2b37655e52e63916de474a96d1cded
7e13cb4225b20138156b99a0d9531b02c696dfa3ce3f6693af771cfe97221d0f	69	c9f851661a964b9d69ceb80dcdb83c11c6e6037c
01c86a247e68d7c915cc005e11af0166c76589e4caef01c5ee465b4c8ce4f840	115	c9fcbd016321a950f56f8562c6ef72b1418f5811
5bd347952a8c433daea4508a5584a330f542b8c8ac1988a4c2f932ff32fd4176	111	ca1916c31d99288671390323fb829d4e33746662
3033a50ee3a148d8041e04a695c799f4d0f126ccc09b66743a135d47b12d2ea9	110	ca19677c6c6beb055fe9cfd905a629d084b46f2c
d07a8f37bcad62a5c0c6fafdc7c8603c9605329d6a43ce2eb6a6020776497f4c	78	ca1b9b83111c905f947165da24f9b51e5a843994
3fd7405c707a57743374120d1e87772496221ab657b2fb2299cfdaf535ec54c5	81	ca25ae7d2398b60a8878662e9aea277f202ed435
48368a3ee0fec9d0eb6c44ee9b0b35191502adadaa9019d46762236d2709932b	249	ca2c72acbc54a4a1c4d8c1c0aba714923056d77b
2f7bcbfd57856ca14f40f0c010ad0b211284a0cb943cc45cfd8917db026c3ae0	80	ca4a8111bba58f742d350ab04dfe40f869c2b951
1555439add57b7aaf463a3195fa36000a77709ab3bace0e92c0a6d1e84949db9	94	ca52d51e0226ce46e570414e5c4ea01025eb737a
402c6c2a6f0ae8cf8e37c69843669853cf03d524f7685418d1398040a9e2ece4	127	ca705c4e9a1f73b1195fcf7cbb7a7f50d634cf04
f5461685338115782a6375e3a653f090113d5ab621fc8bc1827ce649d8c5b378	78	ca785528972a34dfd1eebd72add727deca799380
449c9af5fdc4a5a78a6e60a354b746b558643c61205b58fef88bafe8fd650c1e	71	ca89e17aedd48222322b72b6a7681d72d32dd199
4ec356bb1b978ee318c02698f884ab100b65c1ae3921811c873a55369e63ce20	78	ca8bf89d9fb6a766336bf99b987d7f446719a0c5
beb6cd3a634012163c392c8f109c4f23a88f2d82b2c15a7a59e922bac21d5e54	114	cabfd59ec265fbf0d85ccb475d931b195f23f68c
923da8ce63cf86b4d9c49b62111040396b9d7c376f3a1a39a87776b72e73d95d	73	cae4552294dd942e9a61928d93e180cf90a8c668
3f67e640e84b7d3af48bdcdb0780dce49b9cb095cd8bc52ae0cafb75c9cc9e6e	169	cae635d0cdacd8abd8fd3109b9a36522fc541fb1
8b80b9758545e53c57cfa723286e47f30f41a7a6121c9e8d3714f66bcace8bc0	73	cafb29524176099dc62d633c35303da0b208c157
20122a08b84f06fe19571b916192cfaa4fcd8d177233d3ea264cce7765f61191	83	cafee5428ad9c2f11c96f9fddf2c72e84792817b
c7627e63563b3453849907a6297455eaf80e9428d148f627e75131c282ba4f34	82	cb0d822d35df0a2d71f6c0db46ad819a73d0fe0f
3e4b88c7da60a11807e73cb97a252119e8e6e73816982591575220d3881f990c	68	cb1fd0c9d1ce3ee27b7bba503e2fef41941f9f64
31a0a08f3b9ba71d88a5ce2e898e6e3aec5956be17cfb63c9f6d12b86241e446	197	cb2593c38ae1fc8ed1836974a0d67215dfdb10a3
97f0c68b16a1f585d7130e35305a2d52c3ec48f673adb82ce7dd04e511869faa	80	cb2e276c6e35ca36eced4dfe8b2e2b160b259cb9
2384cec96c1afe77e2b38bf5065e33636b55420a8cfc06b460505f9b7b9663b6	281	cb33217e3d06924c5217dc3ca8f23e62e71e08cd
a240f3eabc6d30835b48cb0d1ea0605df9065bc6eb30d28f546fdd3cf9704127	82	cb6e391a7caa7f5ec0535228ca9d525beb65e50c
5f1aab3bbc1d46bdcff8bacb367341570905c067ac07686e1630b40845ba7e78	80	cb762277832f0996468842b26e2464c966d04323
5b78548f50ca00f03f4ca6bce220d3017ca5951b9da89c03d6d9fbc33175af8e	300	cb8b95f99add5720dee712e466109b5a73979cec
a77bbf8e1d0e8fcf68a9bd4af8de04a524b400f00bd3f29c89d926fdb5cff270	82	cb8f5d60536920133c7c973ba602b66669d6b44f
743f3b35e522cfd239ce8b2a65cfc6072dc9b6847afc58c2df6263fc107866a2	78	cb91fc9be88ded9c8872b3048947687a7a0b520a
f450f289f119877686464dcbb03c77d7430e25523ee27128b9eb7c85c00dfc45	104	cbaf0ba4d46a7f656470a62ac92d51c3f820982b
ab9390aa8838c059216b68e785cfae85aad46d986fd19cd6ab8a2727d33217a5	80	cbb8c2bca5da02fcc0dd01f70bd52c0e299a4350
b7562c6c177c4aba3b0f05c95e6c5b68bf5b1fb2a2866a4b08740cffca42d4ce	71	cbc3582cdfe637af820c762085fde1b231ec30a9
490399c9adc7294106321289a7e55b4bbd0fbb04e9d48b651607c8e685448d08	73	cbf155db745ec9781ceb0adb5b412f1623ccb0cc
9ae814a2ca0b0b789f3d8040fab9e0a4e78690905598842eccadaf82b372df6c	115	cc0446395091703a1b089142d0ae3f97be3e65fc
7f6c05611c8ebb3190359ffde9577cafae8a1d0edfc87f621a4143c3cca38f7d	80	cc0cc5b42ccc557b9f70bd277557788ad00e55aa
cd9db855815a28e0e931132253588eb932c81a427e3be548d89d92d05ce215eb	189	cc1137cecf21e2d227f4225e0d38f788f87c1880
84febaf8c55bcada7039b9597057571596f3e2a4f31a25aaf22c6d20178a9fee	78	cc14c56c96d8d0772428a3e1b6632b9ba86508e9
04f1b6ee100269206652a1835850df554be99317cc369f4cd18639379574e951	83	cc16019c9d2af490b42251181790d57c0bdf2ee3
ecf968874ae986d7699747058879a6af8a14960fb17638ae50290b8d4bba94d2	80	cc30d6af2d9614def44b2caea20e188f60567ac7
73a4bad1710c9e997640f7b5aa0d33767aa092fbe4b95f6df516acf77a6361e8	82	cc33a612f0318e80a58dcd1fbfd8a326b67167ab
b5ffb5e538cde0f184d657d01ae72c410e3338d023f9245fd448b6e7673af6cb	80	cc6f5167b29540145e4dfef9c5102f695ab50db0
0179571cb23684159ebeca164e27cc61f9b314130a946dcec3a61fea8f22a280	82	cc7dec91c86192d84ebd1d4bf0d8751c6ce525a1
1b19f42385f4943bf55adaea49086f6daef6e740cb154d0c9980d1ab47b49430	80	cc7e10490d41d9827015cc3beb312821cc047c6d
c9a4a6a2416590240a9dd083b7736ed31d8bcfe419911195b8f09cd78ea15698	80	cc8e4e5cf5515487928550beb69d37722dd49e62
4bdc1b87b746ec34a3a2085cb379b7081cd103a7eab183522b06b33c0f209eb3	82	ccd191135d871b761a5d1432dd3cebc775653952
0538850e21ad46afee15f7bd88baf4b76e4ed1641a5de3d2c3754bacee782328	169	ccd45abe6a585f32bedf6f656a857746b4124c03
f370d9bc6744e7a9a92237888580a8aef41b5030cf43d576a067207fc1d377be	78	ccf12597734730e2c3a6129bbb424945d54d307e
c829bfc79ff0d36d272548107824ae58584fcdd48f022edca81b5a3975c9130a	114	ccfa1e50a39cebb2b64a7d1fc9fa8fe24ba4fd03
adccb8de55ae1acd9ff93dc38ea76e0fc4982fcfd8fe6ff0ef33dfaf17412816	137	ccfe970cc9cc541d342e76d5596f98f5b749536d
7d149e9e6de24be7ba79a6f1ac95eaf56c48d9acd2db03ce99911b0ecbd871d2	71	cd1b3a760247f3fd63ae540e8126fc171b7e7788
840de2b65cf1202a3d42ddf024b9c16a53f258c3ccdfbb3cad68dc035257def6	80	cd677fd9a3df1ba8055fafb1964b8640a78b5471
7e1ec739823320fd859ff1001059a6331f04b4644b73780be6c5198c44137e2f	73	cd9f6ae277eef1cbcb5683425c89c1ba70332c8a
7bb00cdbfacb37403a30e37d70e2fec0ef0aebb3c52bd79b3357f37802835cc4	78	cda70c100382cbef00c066153c91b2310a399d67
f0a9c97b8f6d00119de9f55db84c25e3220cf4efc567f04f5f5ceb1acecd62d5	78	cdaa35a5b8ed52ed98b68635d109d8a80a0ac4b6
b0f6cabd5f24bdecc481b8e338a3cef6fa494b5df6f57e75f73172ea71c97058	80	cdb3c01d29d6043427a8d8df487b66bcc65573c7
a7e3f5ba72d52a1fcf40f21bc2a6d8cbdf388af7a1c48b2115dd72e3a2f91f78	68	cdb8290b2b5bc737de2bc518e04b5222e2f86d1a
22becc495edd13c388bd8d5c08cf5ef1aa90e9eaf8d92edb47fc7dfab7ad268a	91	cddaf4d0e179cfefb5723682bce0d0e8bb70713d
44af197588fcfc932cf77c530918efeba87e91cea56905126df18fa4269a8d4f	82	cddce0ce59e4cf9d6841b3ecf5cd4d1efdc78829
ae33648d2b1750f11920cc84dee6b031e802b7d78b253ee52927dd3f5579c0eb	82	cdf9e13b09e1db502cf37fe70d670f5c31415ca9
4fe97efea0e8798c2f6bf9e499910ea91e2bd74aceb903171c6c21a2de5b6ee1	100	ce0317b3ebad0627f3a06b395931490a855e0a51
68394c427cb831b78bdda68f82b9e6c4505b22aed759cd54e00a0b8f548e2d4d	82	ce406c1c9bc44681b52a67b817f7518b065fc90b
1b8d4f803263983185be3df6ea7dd6662fd93ed9f43060d7441a39368cfc0f28	83	ce4221cb5e5911c1ba9023797c1120007f23e3e7
e22fd024e7c3b244f89c891907d352ca1f2e082e22037dc3c9142ccc17c33685	80	ce447e17daf995a71fb68bfeca940f6e7d3c73ab
9596ada33a7b84c164b18fb6f40543258259545cbff16d82b779fe9aadde23c1	82	ce4ba9ebfc0c70f5769302763afb23c6693e010b
49b2c780ac71acfdd57e9b211445e29453e8247ae719f7c83c961c0002c57ed6	83	ce6a5233b718283f31b426be0fb04015936b4ac5
9f91780fb054fe732dd298602c851913c5301ad361f6cd7ba064178985b9636d	82	ce6c485dfc138620a66b7c64675df76790f5a749
6389e8822cbf3a3cae0104a862830c12719c729901a14976c36d275a3380cb59	74	ce95c47f62d13cbec78198e22812b906539279c7
e6fb5779b16092c1da95d1568a8d33b27bffdc0d0ac17b1975e233bba785e9e4	70	cefd39500dcb3e66c815b11429e06a0387dc1709
fff03d72fa3d091f1fbea45df54c50da044c2191001d899446db59c8f478707c	289	cf0a7da2d2918d4fdd6cdd9ceda6008374f786f3
6aad06b21b3afa68d0502f1d419e3a014309c4dc8841a34734abc7a9fb3d0eb5	99	cf171a4649bb1042c7352523139815f33abed3a9
1b90497f70b9c2b192bdd8d11d3da8127875f0c1484771f21161278f26b14091	238	cf2ccb94232f6a9724eaafd11e6944fbaea6d91c
ccc508dc0d73d60b7b2709d63764266d74b2ccc0d290b56425a2f6145c741a1c	80	cf34aec7860d5150d57f2032568b42c2373b79e7
34ee03d6cd72b9f85b0060b40c22084547c51f3626db7ee95135ff0d3f2f22ed	80	cf3ba4fe3a60b189e25b2874f4d5a62805a50c0c
fcbe3a55c41cba7c1e68f32f30e859352dbe168e9c472f2e7425cc259ff14903	82	cf4080128582c3e9b674e647a17c85a98b5d6e13
68fedc97cf795640a29b6a2099b2364bd957b449a3f059569412b6fbce0361aa	80	cf5c5a87c470b9db9e935deb06c28ec31d52948a
8165f2cb09571619f71c007412a2f85c4e949047ae9b5f23271eac8979a2d61d	80	cf73657ff633ed3491db504511f4a693c71166f3
681991666ccf8298ca63799bb2f297b0780cc86b2fd52dbc99f904673f300884	78	cf8387582c8b0f9a7f139bb3c9ce9fa9fb013271
96a42d2af4f0a4fe012348c0a41eb43f445af3412aa37900fa55126f92cc9320	116	cf8af07d44ee177f982e7264df60c0dda81106b4
7f20651d61af01c7b6498a6d383594ce683e92a54e285ca7c64aa117796c362c	212	cf95c07c13dc3de3c26c7d311332a7225337d069
cb2c60dad34049e68f36f740027882dff8356c0417159b7a63852f65c69539a8	76	cf960b978802503e7c24db58de4ea002e8b68cc9
5624d3f3e03bdaaf0383ff8e212064d17caebcca5f926dbff479e90b0c21e5f2	82	cf9bbbc8c5c0186f6bacdde36f123c44729bdeb9
64b8a4ef0bc900a47a4df400719d6a6294510525348c56447fd7bceadf32991c	68	cfa729b43a013de36716b8eba3e60b69a5326172
fcb61b1e89226653a617d6e1c651b7a087ced83b9c69b6178a06e6474c8670c5	121	cfdaf5385bf5117687b2feeecb4e77f4f2e71712
4df147e34e36b960da2f47637dba7124d7cdfc8e654303a11fb59dde97f58569	82	cff2fe684cdf4150d9cee9712b5ac977e4801a8b
672293ae63279c956aec609ddf130746a2a1943a259b63f2e8626af1a44df8f5	73	d0106050f707f7a5c83f40945f53f689ce9b64a4
f9ad3390671ca45e7bbf89afe28c05ab2aac517a1959f1ffc3e789546697ff84	83	d0144229fb241c35a519c8322b932236020ea7ab
c8adab127088d8263d8c07b2b012fb5d1aa40d3d440213f3810525f1c7e2cd8d	73	d0478ed1a54c707cfd43167bad6c84c2760ef584
820ea442d03275b3ce94cae206c16d0ce3ae9e9a238a686befb422f97aa09134	80	d059f08a76aa96278898b4d716a595d26ef8286b
c6800cc760d9b242b12ab0d5d87b293c3de5d5ecc3425cfdc4307f670dd3315a	79	d0629a2a8632ef467dac0139e4dd254b6511dcda
4a4c22634525e1c6a943f9a5c300891978b56fe200f21a82c782d3fcb33e0b5f	83	d0968bfc619c28221991c4a5674a55a6e42385c1
7900239e0fbd729f65fdb2dfc94059a59d997b81b4d0d9c3f8ff366c700f6fbb	83	d0acb010919ba577e544fbbae4f0ee1dd4fcca96
75ccfdd93af0cb69e39118e295c85891e9d3758ec5bc96c12b36e59a5f7442d8	73	d0b5cfb1c7e74f35fcbeecc67ee60d9e4a93e6f3
d1d5f7e864a4b1799e58742a7377a452e63726dcdd03928fa8d7c598c6dae7ea	80	d0d7479d31ec6f4c27cd2704660097da48798e3e
61c2390339e930559fb822b24f29fe82505581ec7f0adec94e9eee7091d91441	297	d0fd0ae55a0e2397f1f02c5b2c4b5e9f453cd157
d930bcd7996dca89882dcdf273a5eb8c2187b34bc1ebb09bcc15c2a9f19d0f3b	82	d106245edf01afc2f4864d6fc76505e10ff1c82a
ff9072bae4016f5686040f19fbfc51bc648b52ef79359f33824cc3fa05431ba9	81	d1175a605bcadbdc31b89e86321935c651b4f343
09bd13b93f7c49ea1b0b05d296be41fd80b203668b4624539c4142621f4ffbf0	71	d11ae9d10e812e6660e79e21b094de6b10229c84
b7127b1bfa89fc9a65a37f719bfc3ccf64a75dcee6088c25e84959c65435e94c	78	d12b17cdecf04302974058af4e258707f1c769fd
14ea91e686985fc5d8483a6cf807c02aaa553bfa819837ef3c9289cf54b0dec2	82	d131521f19d0f1a7dda84c6a763cf2d6b6248e25
1161a1532d259e0cf13d318754cec8990027083528aff05dd69d2d455535389e	81	d14932cd7fd2d340dc151519423be5fa48dd5d05
d7ddc66ea784261a32c734927a9ef7c1fe231ff17caa33c8fe3ae0e4f9b9a11f	83	d1681b31b33db19ad08dac672bb0d2d6154425ca
069bef1e063709c6a68d352dde03a66673cc382197b730426aa1eb725fe03751	83	d1755db5fa0614b2815a309d136185fbf99e9338
db52d1e3add1eeea902fe2d4b075596028ca264aa9308e29174d99f830f4c1c6	90	d17bdefa9f810e1124db42b3e100ec42e86d3f3e
6dfe10bbf85da0f9c9b0f99ec02c9e6804caed5d0b6c57eff1a1a13256511290	80	d17df80fa2c1fb7eaa5990e5e9342784ecb7c168
5a7b70c898c7b461f7b7dc01e5251839fae725727cd65bc77ee2488daee4ee47	80	d19468374ce928db3449a057819ac836676fe1f1
fc964e5593cec9c8578efeebd8cf0a6b96b4df396c5b1495bc29995bffc318d8	82	d1b9bfae8cc416c159ed3ad985e6c8a4aa22cb76
0ba86df3f272743f64dc9ab063ceb61486816fdd18011a6570b4a7ca8ff364bd	143	d22fb8b6bdca655bdc34503d0344214f7cb909c9
52530e905097c371ece3b2610e570d8d4afbe49fde42ff9a58488479bdbb0c10	241	d24c3195064a4d70899b48f8365cc9c25701d67d
65fb22bc3e5a2f6987f225a6647f5d2245689fe4e0bcb0517ffe20c1447980f9	80	d277dca22b56ec1a4e4d1b82afcbaa6a0d5b6f91
024256336a0c6e7740cc6e050d50088ac0e282af8e9584abf74aaa74f8bf36af	80	d28e79f7525ad71d3bd0f1a3135094eeb6d56ccc
884d9885c5ee9c5f4efb77010853079931972536ad0ab46d4e6e25b14ee8471d	258	d2a4053e6a5181b6fbe26c49f108cc21221dedaa
276cf2bccec76c197bca2c2ff65d2e6e5342ed34b93b3043028eddf66059a4ee	114	d2ab6f07eee971bc74eac714f74ae39cf327a910
f528588adf4ed2185445ec564ee59b63aa33913c93e5095cdd2e9d6ff8142cb2	72	d2b7fdf46316b4a52c1ecf58cabb917690fd8616
e7f587ee3d946d7d8e5529a637623cd11b59852d7d3cb196eca47306ed615e8a	82	d2bbe8512a876779c73d9dce1f052874497c4d91
1a8daff1e2e079ac3498a4570a3989f6a47df5bdbd1f0215b1a8f99291aeb06b	73	d2e40f1f020ee44d2fc6578381bf4e571b46500a
65141c56cf082867ce2fb6d8e5e108aa5b19986e3a453289fd9244a39dfd5ab9	73	d2f679e3fcb035f1f0b11ce238ab146525a390be
5d2b3fbdbe5f610772c06522010a707e951267446053129c241871270be5343a	84	d2fc8828f3d1b6adcffee60c4272bae3b1f55768
12eafb71ba40d60e4afe9defcce22d25619339fbfaba38e6a3bb0bf156d0a3ae	82	d38347484cd1b777621a3d8bff4a2b8e9ed76e04
bc0106ba63b6273a87bffc42a7a2ad2ddf6ccd2519b2875c89471235f368c582	90	d3a418f4d715fad7d6a7215b32e80f89756d9ff2
5b87311e44baf687992e738e91b450fce47ee3cab85cdd3c0dd6205c3aaf4e28	82	d3b03511f90a769213d76ca56ef681161acbca29
03b6a0c4369d02ba369aeb85304b26b6eaf9d9d8c939b9e0562d5e9e35a7336b	101	d3b6d38d800eb61ada068959cdd8c8d3bbe76864
2f2a01d24cc3b5d445e4d5d72d9142c28e995ddd94684fca4f55239a3ec39cea	100	d3cde3836773575a0d4fee0512d16d9d82ebe1b5
eb4b8b610cf2fa8c5f6a2c1445552ca54a7919e9b0c6753a9125ebd44c25fab4	72	d3dd56156d1802854a548d38d594189d6cfbb920
95d8d24d7379e0cc90c2a0769a8e028cef47987a51f868f65b94d7f29562e5d1	79	d3ff3606821c7c15ca265d9f44b7210308ccc6a0
ca9a6c3b00e44b76512ac5b2437888779ea3328babae162aec8d13b744d70d52	84	d41a994a02995a10ddfc5861dce6faf482e77c4b
0623265fa4e7a0e562a13e777781fab3c0025facd0eb83bf6fc5eba37874aa0b	82	d429d306f4640a14e01e1bacdd3c462f3f8f6004
9ae9aab39eac5447edc3f130757b087439aeea7bb88d68220d869c7cc05b3c93	82	d4392308ee3164c769c5a2a2510df00f82079763
e1fa670c308bbf5918582c426b1e8d9d4d1c162b69c0f377c35783fc93ff5536	78	d446906372cf17c4cbbbd0d9345fb024e8a34be0
1fd734a430090fa1fbad731da4d2aff79217a75b29403e0edc4395125026b0b7	82	d4a56616fe04e29d2d83b9c4546ee8b9f06063bf
67f963511f1a52c24b0cd878cea049aa6cb883c1e263e4bfbf9590ac7bd8dc6c	83	d4c4f04322e67e230e279e5ce9e6654f9890da99
656c231861ee6d2770474580f04c06b0a6a9165e477e7a8631d76030b153259a	101	d4f77fb72d61cf3005205bf8661d4370be39bb96
9866212d559eea6f2ad4d20f2a373b2469e1d96dc9d756a75628c5a25aa56f7a	82	d4ff30b3c257e355e3389228d3560feeb417f197
93af434c11c8bf7ece0554b0d82bcd42c4e3e0c9adb54a2d102f20e242ca2ecf	80	d51e9ae0450d6924f4cbeda9a1b02a710a8c64fa
daadc003c94cfe68c72137397342fe89733cdcf3b6294e4051d47909248b987d	101	d54771833018335b7f2d72cdbfd1fd8ff3d5ea26
10728650d307da5bdb1ce0e0a4d81d87782d8f59097d17d86adce24912ecb3ef	71	d563a2275c47c1c7d1ddf2c3b20a9fbe6570602a
77b4093d73cab83f594b2c7ea560ec76ef280ff3144d9e962633c5ab2ca0ec2f	82	d566ec910004116c0696bf51f610fed9397fa406
f4dfa10eaf1f0d14ecbce77719e7ce5de2c2be0cfd4b493dbe30f242d1300a85	77	d56bd0eaca28c2112a8e5af4e1a409908ba94ecf
538a9c2b5544c8ce7cf9520c12f265f1f9a0281a214363350e37ec54546226b9	78	d5a342281d4714fca2e57124cdbdfdf43cdb0993
6aecefbe4144de73dd1f579248087e155b5fb44362bbae70fd860625b5816f82	83	d5af4776b0bea52f7813ea93a239dcccb17cb285
eb652c65e4468898e41a15e65def58a09877e15890bbc2d2213fb7151cef7962	72	d60b93506ca11ff60ec96540908b38b81c368cef
8b163b4869d611cb53d9980b9a1e533e546e047dc390d13511862f1e2ac8564e	82	d6282ede3ff7eb0268742a49c0f4fbe38152ef88
e7eac482597db65827cd66c9df36b937047edbf86fc845ef5bb04cc707f2d337	90	d6391c70072948d6d21e1faac9d2314fe551a92e
0b3141eedc38e4f9c6a37346827829cd60123b2858544b4d4b86e6a8414b50bd	81	d6714dd6611ed72bd8b4c9de4c028dd938a8ad78
82c491b253abaf97ce1f4028a21f0355a138a6849a90f42da403973bcf3fcfad	117	d67de3a0f3dafa6d7b0ed80482c0ba785473f5c6
3510114d3a77348e54b7812ad6c5601e934c7033e2b719c0b4bbe18125861471	73	d69b574f605fb8f702cb8afd4f71fecbd3457f5c
096ef7f213e1a592305de14efc9ff040e904cb317380a2e68ec79a8d4c663781	82	d6b52f645590b045ab602d7c24b5c235be0e8610
d924259822735a907376f58003805246d08fa6ff1cb800c8f9c2540fd011bb99	71	d6bcf026f793b03b47be06fefb65fa268535acf8
f5463261fdd9595521c87639c1f44900a02091552e769fa43aa5397b15e6ba28	80	d6c650769bad6d6aa504e061e7fece728762c1af
eb18a51bc5e8162f2672d7f6c43d378147980efc0cfbc947a98ecc27c098a397	110	d6c67d7e202cec2a2725563670cf85f2d1682a7e
1c8c0f6db1b1a05e9b9500a3a814d1d8b53daf2b3012d9da817d3962aeec2517	71	d6d6a973daf0430bbbe7c89f1c78ab98ddca6f81
b63cb9d8aca6f8a0f430491c88f9f453c7a9d90ca63c10e416eb1edd79e578a6	82	d6f19175451bc97740816ba71c201a468ee2735c
e729e3151e76900419d812a31051901d0649841585492c23b7df8a51324921fd	82	d72bb7e6f5b382ce63f01177ca3a810830dc3728
f4e8bf93a6e67278c7d90a91378c316913c82296f3bfcd6cc7722c95979a5bc9	82	d74213a262c31c5f0a8a2d730649b2f9c1269119
b8e5c1c0aef2a6edd74b4d77ffd9731b66af8f7fb8a02482e212fe0dd7b41f80	139	d7619c36ba62d606131c37410af41dacff33d02c
b90cc5a45ced7c515c163f6068562d28fc86c0ef37ad10c974fab41abe385d90	71	d76677d604582787cb1e0982d7865b4eb7be2566
eddf6d412c5efc142cde46720d1a572c2f5379bfe2a1f4bf641cd6de27308377	82	d79771ad453630ef3a49180a7fd3fa53c29392a2
7d497d125574b7e15bcb65a7b47954a576403bcff518b74f1905350add42f460	71	d79e7a1c7185d0f46627e756b14d7a309d434661
ec812c7a85f915d4331e642ec91f307d77c040104461b2f62e821380e4ce5951	171	d7b365b3e92fa96133e806140cb49f6f22a37d1b
bcb9be5f4e0a2b1d17cc655951b7e8463a9937c356953659e88c2c0b99dbebd4	114	d7bbfe6f032a0ce7269adf6bf4f93c973bf668b3
7b49b2a78841524c454bc2d302d1a9b4a70850e357b5f3438a579072881f7971	71	d7bc4d0a88ba74616bf234fef3ca810e6d26358e
991d896d116d431cc721c2bd24e15a31e1ef0531329e64e93d03ffbe60b244ca	80	d7d9f1a5fb2850f02ff2e2c761f5c45c3b1d3497
b93eb72ed3f9b95ecd6c162ead02c65890ca2d5f62242a1302469f8bc315fad4	71	d7f8a5c82db3e71e42f1810c36fe051d549f1cd8
05632e55c914b62545fc37235d8f9c0cb4458fe6c941981710765292e684f150	107	d805fec33a5caf4b644b9426dec893eadc1f8cea
78029a7668784f57c03da23eb5bc9d8b2413e7bb736ed53141461631f16a7e15	80	d81168963aa281a47d9fdcf11906b29c0237edb7
9ee54c0cdd9d461eac25a3f8d6cc68a42a6f885a6fb9d41cf5dbc9d1e3f515d8	80	d81832e2b299962b5146010a4260da9b2e474d3c
94f9bcc5a6576a5fc846644930a25fe0873917db0be51f34313d98e4c1ed08bb	80	d81f0a00c2b985cb46c218751fca010b88b6e424
697f6c0fef1368e3b6ecd5d34fa75a7404168b375e72f83e8d0dca33e52f8065	80	d847a62b181e96e580043eb9208644680d25e705
3ef4a37d4c926ef188bd692832f245ea6882a79ad286cab2037658ea87fa39a3	80	d893d4e8b35a0a8e5b95971181848577dd3fb3b8
ff685769ffe69dea381c769c4f66b211aef2a172d42255842e45faa3c677c5f3	80	d8aea6b9c661b27bb9be953069dfab8e7433bec8
c4d37e2af36dcfb16c666252f749705c4b9d91546d00c54c892ad1c79cce367a	93	d8c2ebdb3e443df1be4b15328e1e16b774c81d57
85c141d87876bc60e9c96dfed528318f4d51887932f9b6ca309a82d677aa9bb5	104	d8d7909d252f2a3259a3502391e5566d4deb65a4
bb0eb035fa09510cdadfe7e784be0c8dd117c7c563d42e0f4a9e040844901ded	108	d92a59516eb8fb562c2d5047ec06f8fed1249a65
8854c791c9807e4dcb4ba3dd19ae335a467ac81312883eb7d0d894e2509b09a9	82	d932bdd3c15b13fa375430546c441346a81f03a9
8a615f7077a66afc250bf67258d2ed1e19d222b6fce6de0885121ff17f2b2992	83	d945043f4131cf1ef71df03fc5cbb014b31a0a69
fc125f4a885f771f7d34d20e1e26a5fd6273dac1138891eff3d4e1850eafb8e3	90	d945de90199acbdccaa4584e04b6dad9d26c078b
c45154f0f046b246fce8128b27e9bb4532601c719f4d891a044c0fb39ab96747	73	d97a11f066e2339b9887f303f757d191a646e36d
ba80d89b877dfe7659af7e70d6a15f3cdb1140b83cd39ba675ca7fb058866554	300	d9888f989442f330a7eddae0541d1675d8333515
fa224da7ea99472b2340ea895ace8c2abe9db0a9f52fb1f9173c59fc3372f96c	73	d98cd6bf454508ec04ad36cf8c6fa579e4ac4c35
1b7591d18ef812d866103ac65e0ea92180e31055dbabefb4be0a0a7f5b724f2d	82	d9b6937d19e1d1ad791149c7b47a0a19db12ffb4
58140c544f754fa82a1389ba50c894fd83d361a2f3281c80567099275b8e7f33	82	d9c295fda91ddd520728761f1549361b03217713
ca60758206d7daa6d6a157b1a2bb69c3963471eb8fb0d845d7f2495da0e43ee4	180	d9c74f551692329c85cd09a290cd6e151a79c6f9
49f79722515ee3d36a548dd8a29f559cafcff7714f2d5a599b0d878ffc352a49	119	d9d21a6fef838c60d023615ca602060e54534107
698b1b71c5ffea1e3aeb05bff143997650ea1c4587cd3f8fda6db1b806790a54	78	d9f7b8cd0288b8d338dff76797e89454d44dadb1
1f8d648d92f7e9a23507a4481b46406fdfa131a4d70892ac1dc8971342ef0009	82	da036fb7652878f872db509bceea7e0c2a64a9ec
682b03d817c2657f959dabc9b071a2105754eba1f41f489e0c3f0d9583605793	80	da0e75e06d301079eae32f93ec093749adcc6ad4
118539a27d8650ab8cc50eaa3237f2bd1a72e3ba1909a057bbef775d0b90e720	73	da1a231ef9fcd616a40db80dafb948945f28857b
b5ce16cc370fb6217a0917ed42d47d9ba50c1fcc5ddea93b5ff6ee9a27b77a1c	82	da325bbab48c8a313b30f6837d6c71ab5cea7c7f
55b46cd5c7e17cfff5267f435c4eacd625f3e138b7ead3e2bad7ed28426b82ac	70	da32ddbb0546308d394b9b2b81aa750079ea2a34
0053169929ba359bd9eba9fc584156da82b258f95315996333cc3884d4b0ceb3	71	da64db060cd358591b8a8e1eced73a7fe9c599a7
4c2a48fa8e5ab9043b5b7b53896420e08c4b70ad011e358bb600fecb896a1791	82	dabdc8aee915b722eea08c820845a84f3e6e3237
c0cca6ab531c837d12056c2e46138c018d517352a661d8c1047c51f7f7f172cd	101	dadde3af420f3134ae4f6a0f105b70a40d63af40
12d35bfe61556157a00bee407a993eba02a964d0f1a30d51440ebcaaeb1d3095	124	dae076c91eaf903f877cca7db382d773fc9640e6
e32039cbc61626c2104670db98b46b9b61c5042037ca00fb1b6326767015e148	82	dae290c0037e9facc30c775eebe508693407ca24
f9c570cfefd85dbcaf0a3deacdf4a7a06aad563349f233229a283a6d3a72f876	80	dae5c8fc7e89f7ec054175597e65513210ac60f9
2764b57f9324342a38f609e78a3ec73ccb3e9c758658867e2935a6033e1cda6c	92	daefa2bea3f94e7566d344854c263a4e1796abb6
c9e97dc6edbd954acbdb6be740de33da72e387c5ee01a7357e19626049ce9b19	81	dafd21c84b53db8949a9d051c270a6c901514637
7cba832fe152221275664774149270d87aacd5f19c50b679989ed12fc16e91d2	82	db0cb7612a7b9ce52b94fcea7719b9f8db7c9570
d50ed42f311688463a1da3f5ed959e432e90d3286d344e5e1c66c42a5f826f1c	84	db29bcba900b1066d9c16ec7fe50061b3996d5c9
3126b30e6608427c9d5cac838b632b57f220a49b687a2968ca5aea36d9b76961	80	db2f42ec4a16556df7395ed0b94ac2cd7409ad86
4bfcae5bc647ab831b16313b28e936091196af63f498fcfda63399f125e5ff82	80	db562a46a800ad71ec266c0f064dea0d1cc29dbb
b0e245da09c383673da5a6bd71686358c7a9b1a12c77f39c4f4da55f59b190ec	80	db6e6996864b37c39f1f76a8011257c7969f734c
ff280a64ddffaa27a8c3ca6838a1820a060dfcda4701e1f246db82bba978d235	82	db7578f471d8281cacf5021c576555b67fe35c90
ede45ab045158bc401c0e41428bb330bec93d8187000d88766d1032ba0fb3dcd	83	db878d06794a7efff40d2fe1852eda0f068538ae
7983640f18f9ea907ba73d0995ac1cf3c0d0a662795d0737b5f886f9775481f8	82	db9bb31313cdfdbf5e367077d47ba905060e8e78
5752f84cd1d1b72d799c6a1a776c5f3236d26d19e3b771e63d08af6b3dc9ade1	80	dba9bc0203d4577c778f649d16acf2b7caa1fa90
81e9ebc4cd94d8a4e74ba60f40f27b8b0b272699e811618a63489241becdb09b	83	dbb8fde9f4c5d8ac57cdf567dec7928be2ca113f
9bf2a4bd9a1e4700e2b31003b2a9877dcc7a75ac649652aef5e4f33ff5095225	79	dbc43c3ddc8dbce3cc618669945ea2ee705f27c2
8f9bbc280506bb2c7e8ac721153252118099f2d0ffa54a1c64a5976fe112e15b	82	dbeae2669b2d601a6ce4d75453be5091c161e3c9
1acb85891d649fcb6e6595d4a03edb6532ffe88a6a4ea6e24347bc5ae327e871	82	dc1b813cc6cf97bbb08d69e5b4b4298e30570774
d8920477d25bc7986f3c1d54cf9c0130858afdc1ba034080a42e30f0765ab907	74	dc1ca0d501b44e0f8aa63a1a51c02a628e571526
a6e2503a49390d87d5742e77c675ad7eb4b295202e8cf19df005926dcd96015c	82	dc27f87c874c5bfdc8621c9b0bd71cb765e915b6
841c3773abc275e3a7b1d7c709e8f5fa2d105f63af38dc319fe1699a435b4ca3	82	dc31db33c24a40bf2a889b902451ac0ed5949ed5
5809871eaf3f47fd77cfeab18a7e97e876e567f753d9e84612b8d872cf64ae3a	73	dc4b820b01842ece906192aaa9e2be8f0ccf0e84
da84913e3ac96551e944f7dd3ffccab54df9690b17218ccef80b49981908d798	80	dc4c6ae0a5cf772b9398e50f09933618a60a71cc
9613c63ca632d5ceacc808ae8109d15d4a992e961845db0b4c119fed45e9f955	71	dc50528f41d7fbcb2f2baab2085b05ccc228761a
3db9bbdf8684c5eebcaed537e7b456fcc25badcaa16ed95fafd2ade93e3ae6f0	73	dc5053327dc6cdd5dd3bed5ad522a430281931d4
a0d904ae86999ea064cb5f71918249c7fe4a88271980c109d509d5b299df29ed	160	dc5722f51e6453bad6c1790b2b9bb1838dc561ce
4724bfb5bbf4df4a54bee434681d24f1079be720927da8fcbd4d758d2e158247	83	dc65c83222bd5b5dd93accbe7af855ed5fec4b9f
7f9fb6343ae6e024bea2bd4813bbb5dfe6c7700a0ee82b0bd54a9233e77e8a79	751	dc813a07be2e367c1c84578b204410d26d43a674
ab0648cdaa77af10ee4b3237c150d261c7bed96c6f976015305570ffc111980d	128	dc8992ea1123612b7e6f4e689c6d57fc02cc928a
183c26c462802dbc37df728806a897f57970cdf28892c6f6aee91ecd45c224a9	73	dc89e15e21c2050ae78ffaf9c02abefe344223b1
84558d162585ede42b71ece6ada2c5876b945d208aa8dae023aa856e75dca11a	78	dc93ff6cd8cad1088159e0dcff5d97be5e832f6e
f936f8b367cc591f59ff18d908965954620ef5c0942ca76e4c446cb93cf831bb	131	dca14faa23cbfd411b5891f6815cab78d82bdce6
79e605db3051bf08abdea596666e2a305758a263c7075eb2c9daaecd228da19f	80	dca3d7acb3e5c62fb44a46fbda5ef925f2438984
cc02d9b12e93459bed85fd124e3384107c788f35e28ba8ea362e70061cca6b35	80	dcacd4794edeaaa52c18e4c95d8bf3459b2734c5
8dc1dc8e5163992238c842ab4a6e175abc3ffc101a8f930828a1d08b42b19b26	80	dcae50fdbee2e6f2190103b6c3710d4b1c0314b5
e42d07a3dd6c0db6a1aad07b1b08893c9c510334642ee86a8dfceefe31412617	84	dcbd0c2d4d0a42d55ea64822df59fe1032616f52
aaa272e7d6069ccc7f958e6087ef1a052c16dfc2bbee8a03a3657908d4839109	73	dcc3189ebf6de5fcb55e4e4a688eb934c75e950f
aec1df8909accdfd56126ec3920ed0138b05cd44d4875a10199f59a13162b9ee	73	dcdd65e045bb1fd1d8707e432e16f042af2403f8
50422e69b1bcf7b2a7ecc01591ba5695fbf9f4645566976027ee89ae6a2e9003	78	dce5e0f24c9b009132e6a0134a6c54feb79f6d69
953e32cea9f49b3c06ee7b9c89dbcf1deabfff705cf9f87df582210e6ca5a835	80	dd3efa4a7351702b2b3c3a5090f82ca844c86bb3
0cfca95748ce084815f01e5963b83ff81e9784373763b8ed17a7086983f1131b	82	dd6177e4e66465ae6fbcc8628b31930c421edbfa
1b08cd674fe08781c97cca016c901f91eb589d96c7fc1c6288d599af9f866a66	101	dd67308a2d04f4cccfcb976f64b7ffb783a182eb
e84cfc94e870113ee0b5ced7d51ddd48c8296403b8e79f87a414e5ac29890727	82	dd91f6e76e7e2aa00b5f06bd0f2d0dcf668c1e12
c7fcd6f41812901262801ca69acf75487e2ea3a586dea5e7cc42bd320bb9a15d	83	ddae3332a5a1b2c6e5d1fdcfb3377caff3e85dea
98e09e2bc27e13eaa6e86de9f937ccfdba9903beb6b00b2af410139da173ad08	80	ddb7c9219a665925cbbce08cfe3182c15f243c3b
33f3a89cca9c0ba80b905d872b52f41890e4e87bdf417c308f938de4668eb25c	83	ddbd3eb85af589d699305710f07f334c4b8e2b30
dd16e84fa7aaef39513ef3698c8af8f838515a6887f246491c50c25ffb5f264f	80	ddd8cca35057e5c2d10e375b47bae9a17a5657ce
3a978fc2bb49c560336fa56d70ecf24380bcea088dd50edaa4fef4072a5419a0	80	dde05ddf7a2cff8d571e1b87ccc42c84e05cb55f
861c4633e6c4e9e1975152e63a36694b9d9d3310b628cfd3bfdd409a9dee1638	82	dde45939b2f9f93767a6c8c3f680fb4ef478c54d
2d44600ae5fbf1d35244e815222ba3ad53b6dbbd15755e0ec15a253a380b2f0f	80	ddeac1c79d77f25e72a000abe87e59f591457a2d
9d1ea78233491d3a12a94dd88f9e9ddd6e85b4deae97e6ae7ea33172c1c20a59	80	de28d2a1ca6a3ad1025b9ecab14079832a08c6b3
26c8158925170f675fa7ba20873914b4e226d570dc653b9811725d3a409e17f8	78	de3b406e0b5a245b8a74244629756677c448301d
2549e4b717578057283696a4055e598dffa9be566ad508e42b74294871f8e285	71	de46ee6f5bcebfc35b6dab2612fd4d75a9554438
bd37dd2973ecd788a4ccfc2685d4426b5abf6ba330973a3013725e1c576883dd	104	de4ee755b21c5433754f77573b42466f432a7e25
924320b9ae161adb1066c2768e8432b75163932d55b113746f7a88967cfef20b	73	de6034e03e009316efed29929570827256dd8680
1bb92350b23041534bd5d4e4ea80a9bda9648166d7cb493b29a5c9b0b67f8e7f	71	de725d1044a215d425ebb76e1036eb7ed02d9b63
8f3ae270cad77205aea9cfd102ee16f586a4d2ec572a9b2531d0faee328ffeac	80	de730bbec8fe26519084ad5045b9d6e8ac9308a1
8955a8f7973d14495c4c9b9decf7ca091368f078ce34ddfe2a21a47a6330f159	71	de78d30c240db03ec7bf079cdffab84f6cfb459f
7350d584fefbfe70d2de9afe1de9fff7f78ae5af0a7321b8cba885b6e8460f1d	102	de8b06b6c9eaa24eba6b9b3c68e327be62c9b2b4
bc137aad08a11b44ac6beb19ed656ed047e3bf5d8e1974684614c6809aa8beae	73	de9d95e5c1cdd996ff53138ad11d5c46df6bb00e
a20c84f8695d7e7e83b52668ce586214f092737c021efbe43d0a6f2381992bcb	71	deadce037fc1be06eccdbdd0efcc662273399e56
d03160086e76ac856c6c59d16667777f14faafbb7f83c05d0de80b94c36b9bed	80	debdd5330a0458fecfaf3cc41fe811a05840cb27
56647c69784dfc719cc3bc282bb7415ecb04292ef7703880c433c46771db0c46	72	dedc71c20fb8647f38db09135900c0b6a42ef454
c5662ba5e503004b946022e2d7cefe22cce300f65a0c7fe684e0df6569380189	82	def52e226b1e8bf7328721ecca08c8e6f5284c0f
9baef6ad14b11b3d02bd9b555bbc147d14462d0f6d090a57aa77f4ebd12f73d0	80	def6f113f57800a57cde9df9b8c79147cca1b67c
5fe91071b17bd584a77ea0a6bcae5a05b2d8c1f505102a22d509cc02dd49af1e	68	df0551c1c07b4df977570252acb46a285a62b051
848f766b249654df9180ddddc41bda23dfe54fd503cde1fbd082b15330b6e15a	78	df0fb050d57bc3409e790396c7609469a1cdda16
9902e9ff9adab1b49b54c73a8ed0e81bc1c50eb2cfd34cbbeb73cd9122072500	74	df35b1beea361a1bc3bcfe716282d06eb58c8c26
bc3a92c136df0473cd3a046c5070635aa7ca1b2433715e5aeb86cabfc8ff581f	73	df43385cc12f91ab5f7b3fa9300c846d3e5b5def
8ea747e3262efb620406363c91db9051c6a3d559fb1fe26a3829591f6c5ea1ae	80	df557913e75b09420e3bb1609234f8815a664471
4b8b22f4f9a3f7398ca068b51cfc4c6183d69a6aee25578fed2823efc7b80b9e	69	df668925da82b3efa517e061c381813491d11cd7
ef6b6a71b92e49bf93ac26e07060c71fa3bd85a32c2c1df1386ac2a087534e5e	74	df69f8c3be95f3c23faed37b6737645a16c9ac84
0ec269f682c5ac944009c97f85cfcb118ad554076d18d18f40e292c9068aa7c6	73	df7a39a7cf0741939b8dfd15d3d105f7461b9fea
6875d409756b7f38935def56a26def1d8a01fdb3475eae935a89f1dcd56a82ac	84	dfb40f64b676e3dfd1526b857f1e4d96e1ec3f7f
53184b1dfd1c8fcdd838760dc150f481af7d705b2e9e65d752290cc1c0ccf6a6	78	dfbeb638163d3b3d42a3f4ac893fcc68c2327c81
40d46acbd7b9ed750ed75fb96e215aa9cc134880a55dd963d98b1d487a288477	82	dfc35329a5e4e6be0bd480b74f9cc0755b5d70d8
5c3de4ab0279c9d6f1450f110079d9af52072a6291d50b95919ee324055aaaf3	72	dfd93ad5467b343b7cd98a62f4736e897b52df94
25d4d4784cc664d6f4309ed45c83871272beddb7351202c6236abbbd672a9477	80	dfdbdb539f802d89dea97882f477524ffafce975
72d3087cf01ebafe4b8b8d2c627dda666e51d0e7f9f4d7280ecbc03faaf18998	71	dff3ac9d630fec2267d5070f955ce12c0b637a90
686ecf97d8f30ef773d61331e0c95aa5610046955d1561cddaa87beb0bdc3676	78	dffb71aba8e776c861805486bc10ca6aa73715b3
3946cb64d72d8283e3aefa5f5bcc1dfa226f29b8b862643c9cd8fa1df471f3b9	72	dffba13d4aaf0f0b2b3504c6c9fbf5abdc54f856
440fe9030174f3e97e8ff23a77553ca1a2ab8c62888c9132109371e05f013db5	69	e026c6903ec5b2d821e0ce66b3f554c7ed3673f4
3fbb6b7cffff13647e90b4129cdad98916999a592a3261861001ab674b34e524	70	e040581b639cd82de5d905166b8d5cc712a58408
f2ee0aeebd0f02730f6bff3857f3750b937d7ef1ce3285347a1e3e11d5b362d6	80	e041ff2665a1b20a96980b9ab991c70c8d71177c
1bceb8c891148b3c505b3859bc24e77f968346cc418f81a0a8193fda02c6bd78	82	e0460fb467d66d11ffd92c6d99cc08a3ceeaf419
564ea7f5060dcc56f2099bec70653f6b61892434b83acf30c865a5a94b23fd6b	68	e04670f6ebb245585fb205319f96261230f48981
72a9f3706b13f736b0199b628854ffa123ffb5cc2490e0c329ac1625631be298	81	e0534b5e87910edf67ad438b93ca7c25ad89fde9
0428c3cd861d6fff11048b5e32cc33988f4c237e7e4c4991527b8562ba468836	83	e05ff05d8202c5a0c0c78cf44f585d915059c292
ba321a446405b49637957a44339fc07eda3baeaf732327e0f002103e36210860	82	e0779a61cd7ddc19fd202bfc450b236a28cd5e90
aae9cc23237b69bbf6b2f616c59af56b6d54b087e8049b12eb931ade4c971f49	80	e0798d4b6267fca088247bbb5159126f4db90117
2dffc64db5a7fbcb2bbe5954f5af1ad16edf68bb9df1a9d2cd58d7aa965b472e	73	e09b687bf3f334470e68a97142b5ea6521101ca9
1278cf301ac98fea40f6c3057037717a742d558a506b999b0999910745ac89b2	71	e0a80d2cc055b2b9ea57bcf9f98366449f55d733
e85a9da34002fe7903b28743b90b6d821407e37814f057bc95685c4e0b7173bd	180	e0ebe432eeaed6317e1c4e70a7be8c87152ce07c
bdc56131c29aa183b6c2db9ac1e7378ffe2d13394286b5924562db5e6334089f	80	e0ffbb83a3870f6145908f4ebdde6a12370769f6
7bffb5a6aa836b181d7a130a95a7a927205bac6888cfa08688456c12a163620a	73	e12de6e0fe7ab13c99047cb7dab8f62a1a7385b5
d15fa5c20cb137c8d8b86195ebcf2a0787018105d8eaddc814cf3c9d2dfed232	257	e133abcb55f0b1a7b3fd2429ee52c7fd894ef89a
8fb00f0715f816de97d1233e1b7c83ba7639a90af31591e5ee939ef31a31e0be	71	e13d5554cf8d6a0321232952324a020e6cfc8161
0e0c51ee0e1b2e6dd14a41290a1472762c13cf13a8fbc7b7ac649a037b15ef8f	176	e152ab3ccf42834b4046ff99892f738c33ac55bf
39974706a9898bc7b60523c7debc5377507024ad35a4a3180a9d03707356ce1e	82	e154864c98d4f9d593988c2a4b251bde5bf96cc1
99af76f01afe1469b75911ebccb65247d98ab54810e8237ad06446a7a881dddf	80	e15bcbf5e05bb092d8feee90d11aa5d66c57a7d9
4c10e1c579b1422f1f0416f04d0601d2770f39a2369124c3a54f82a1bac59438	78	e16eecb6a2ffbe09571f84d5f305cda336ad3687
41ebc42e96d69575add54abd4f18d366347f102930e23797444b992312547788	71	e1842f94d6803f0f5738f6cacca80bc72e55214e
c67f0256685d2065accbbfe14ae4e506ad56e945f979db8ae16b1f71761e3137	83	e1aa6c1e7e083d4460819daf0c1d4c7e29ddc175
a56831495776c9651a200c2c92c47b8db6130bed8b416d0343374c31c5e14046	80	e1c1e7fbc23bf837cdecf5db3c621a406501fdae
82ccaf63db1e75e34375f01df7dcb962785ec8f8bbcab453dde22309f2270b51	124	e1d94756a166d9216388a1c5bfbe6f12329b44a4
82321b0839f5e690a023ba55e58e62d9df3e2c5f79d0aec5be1f402906f94c55	82	e1e54c6543353c50da544b68cd8ea311fd28a8ef
c93fd32b72048edeec4f04eb25b61870753d63b36ee2dc10607a721bb72dafc9	73	e20e98565889ffcb1923f77635d014611fef198f
d998864ed8b0381ba39919863af1fcb995b484f1e66d4469f9eed40b63027228	101	e257bed14ad21b65daa9e31eb8f802e75aebb24d
e4340dc7274405d30d41aa6f222891ad164c012b7f1bfe2c5741cb2fb8bd45bc	83	e25eb4e2e3d08720a7544ea56a5024747f9e5ad5
e603b2dfcabc9831c8aca21345e044843c2ed6de9cebab3ff030f07f7e6cc55e	80	e26a5784a14959e41776745eadb09e124e84776e
284e33e9acbb295b05e100f23cdc50d0239c070a8fb897bef7651f2329b0724f	80	e26a8d48963c59b66b05646a66ee51071a377fad
da118083194abf08668921dace332cf1e7bb69fb02c8da4bc7cf52fba5f8ed3b	81	e27470861e1e156fab69e4fd99d3f7ed44d74a53
03c393317b3cd4c5f5d1a9606197930476df0dab7f7d7155e9544decf7838e56	83	e27a8bcb50ed87a1a060bb0d4ed9228e5deaf73b
b00db461aa6d30ee42f0b2abc8d1ba541dd70a09c99bae66fe85c3ba08f880d9	276	e28085a3ab098936bf02a6b337df16392dd7d8f5
a9a28e262977e5fcd7c0f8bcf3654aae339185282c11eb07ec8c968c2ece1c68	83	e29420346fbbb2ebf038e9f177f6c15aaab06dc1
6341a2603f643a3deba539fdc64b2b282f0d45c80fd5ec5fca9dcdcc9cb1b5ae	80	e2a924fdfe19f92128512e0a9d32e5a148071b33
7acfc8a4e2fb1b29340f13fd45d04cc59a912f951ef53839e6467751e1e271f8	80	e2af60282434ad3eb300088d2d470babe4dbe1ba
1b86cac3d3768ed041bd0ffa7b8d8c66650b7978919642ac2c359ac1b1a3d3de	80	e2b637c602d8870f9679203046ab38e056259ef0
8d9a3c9cd9251b08d9fd25b5830ab185a1f0fc9a4de5257181ed00c0044e9f28	82	e2d375be4336c866a583292c7777c5d010645ebc
152c0d97cbaa5b6b65b7cba4e360373967ff10795652582d8443b894634c34ad	80	e2fd15a47376aed1fd7871b7e49d06713ae74c1a
2296777cbdbe389e63db5f524a99e34d6a49163f7bd2637e7a1d752acb5c02b1	71	e30853fc114279d7affec771acd1fa86fb0c6971
976965c9f547de34e96844de76c822c027645a09ce240b5723ca78f2ebfb251b	80	e328ee6e3b7faf1e9b689fd4a27f2366cfb214f3
666ca0bc01697709341b367789d232a128b66b7ed3cec43b33b18481bcac5d27	112	e32a2e9115a5f68e96b41bd2b1561a9593f2d3cc
b8724e11659c36a4d810cf7786cef53ace0ebdf31599280ec766cd76d4deb672	81	e331c3f2e9deb811a28dfb76727a7be925c8cb7e
4297f90c4d6b711883c7bda619a285ef89759057f5c5bb090980a5b3550ec340	83	e38bbcaba76384a1ff84f12f3241bc7f206e32b7
772613624e70dd41f5a23aef4d09592367b4e9cc4e66dcdbc7bae025f2c9ccbe	82	e3a9ce571bb2eda09cc28f51dd9cbc028b4aaf9d
548c460119a979b284d5de25faea4556710996899406801dfcc214f4658d6324	80	e3ae2800018a643b52e7cac2a310b5f34530b12c
ae4fbe5934087b8d3c7bae2e013e37bf7f21e37cf23ad436bc2b6da76f26ef13	73	e3f57f1e8020d2182090d91a8914dcf7244a0499
03e077126aeb02fb0145eff319bcb1a34a603ee92ea6a1d0f53ff99653ca3a21	129	e3f59a5eb040116a344ae282e06a3a89cf52c215
23d633f26f640a9e731cfcd20388bf883d41b371ab389ecf6e218f78dec56f4e	82	e3f68d2c6d6e02f609144308757dc58d22f26f34
cb6a5177a94f396a16df303af124891e3e7bf10f501bf4336b387671aacd7373	80	e40697f2d0af2a5784701ff9ce876ccec4f5b017
b884e580d14fb8e900168138efbf22fa34d618f1447c992dd1b3d71f94cea9f5	83	e415fd69a66cf28d419ebd7b5a6454709f03b432
44bfd072479d4967dd7adee9dace357fe67bc9785a92a77f6db43d588a5fe42b	80	e41ab448e6ccbad9b66323b264035d3327582f1a
44083b2404e3d36fb05509cbea90fddd78029e3f4d7ea48fb77c944a8bd2b6bd	69	e437fb30d13297baec079989a89d6bab356d65ad
43105302558bcfe1d16b4394c64b0b7a705ab8209aa2aa8a9208041cf69d9fe0	98	e4493d31bd7556438ede05dfcdf290877c7ae729
04019b3f6fa88d5f320ac5a3d2c0a6722eb908e620724d9aec7bdd78602f9184	82	e45ef649ca4d6400c9a5936a07a032ef174feb2f
647ecbc5d4a900202f0561c4104a48afb913bf6c316f3261f16dd7769fe240a3	178	e46419cc2b0810d688463c99136cecb04d45e34b
6f9619b4a69009e6fdd8676798896ee09e7dce5836566846826ac3a30184abca	186	e47087ef2e2e81af4736632c468d2197382eb482
3b5e33538351de33de92e92c819c017ee57f087289e6269d45386481a3b43721	244	e470b648c9d939165305a6a5b25fc182a180bae0
26018b0c26bf9341f7907a8b9ece50988b21c1b5a6b91a38c3d1e52e5b09edcb	78	e4762410ae4ae0c6d18c969521b251bcbd4144c4
37c1951cc187fe7a56cce39b142fa2c58f6b8a2bac2930dda30f220fce4487c5	78	e476d12127206308264a105e4453af80c5ab6f1e
95f10aa4a63ab08de573bccb4378b91c267f02c1873955649ad5eee889904d70	83	e49353d3f92def7ae8d7177d3245627ebd8dd002
55cc2ce0f9d09b00a6a2641213c5755fc228717efe39b54c19ba388a26540463	80	e4a4c7a4017692c70241ec4e6d6a9992a3c42abe
c56fa72c16ba39e9dc97fac9f5a02ffb415262b39d9d78f5c6f16015215f01a9	82	e4a9fa4f8dce5ad4ed0867902386c3249cbbce96
b23e7d3f77389d500c776b9ce9d7ec5c10c6b9a2107f4bfa84d12f4755ddfb13	73	e4aa2c413c93dbcb789895e2d18645f82fd1f413
4f9cc55ec69acbf6064782fd2a46e1ee2b52c5899c5be6127e09e7279840dda4	80	e4b2e299de2d0da8ecd5c52af8bd36be53ca7fef
d8b7fef19546445bebb4f6fc8596b2b76c4c529f183dff1ef79d64d9ad52ace5	83	e4b382ea967881d65b522b3839827e10826ef5ce
72f21cb74ed4fcc37e4c4f98d949aa966c7ad336d20c3cddd6bc76e65dd167ed	90	e4b80d0e2fca2a92a2b038ba4b9432f456e5933e
b571eb44b73a2ab46a1100760d78e124bd458eb64dad2a5fdc3c379be2c2eb58	82	e4c7899d76a955b77a535425e2cf3710c74c3e00
787e3fd3941c88cf85371dd2f639e60eb63f6eca8fdcf6dff17c9ade7b08e6ef	80	e4de46464987410f967118a3574cf38c2393b36c
d25559e759c16f4ed9933c996cd08cefe69c537017197d0ca25083cb74a1702f	71	e4fcc9124667f007ff09df603a007ee9a8cb737f
aa0693850394a445c9c909cff7aef0c49b51afaa0c0edfded4e31cf424123dcc	73	e50def53a8fc2250207c3a2ef4384ff5a850fdec
cd447c3d349da28d06f32f09a3b82ddf38550bf1e07af5d2be7b95634227f5bb	80	e518a0ea3981358b242b2b84ce8eb73b5ecaa36a
b2cdd72827811f930be42c61db42f4a8582503d044322642adf4d7bc00123e41	82	e51c1c33d2039475f30b19006520a213d7238a4a
9fbe6a88e9cea45bb1ffcb5d20fdaf9189c948b55de63785f963e3015fd83ecd	69	e533a96aeb516dd078e9969aeba7c3985d1557b8
9e9a1df81fdb3043ef39a562df3361cf1a20734333438275ec0adaf26e1e0ce6	80	e53c40da9f0c7a5c314017b78699144c0023464a
2e20e826bc4b986cc1aea0c75be676314f3cb8862afac9e8e52fcea241f6f98d	80	e54557e80c1ccde723a4016c7e728801dc388611
16f1de9cae1241d5e37b080959cbffbea3bebe4435246d170b26ed80bc652fcc	161	e56e1c4a545cd42f8542e72bf9d374430ba62dfb
f4f195921b48f117d65d35bdd6246cc518fde977414737ca5338ca622afcf292	71	e57be6bcfff3ddf69fc91e06c1c85a2269ae1a2a
099c291ade1b93abb51331ef0bfc590d64ebbaa4f87ea17e626e20cee507b342	82	e598efddac00c9265720d74a50c00c8385e759d3
dc9a236d697a566d3309c77b1c942526f258f1809efe007426790307f18877fe	80	e59a96227f071f9bd2778c77062e5b7650b782fe
386cd3bda30083678038d35f481445051082471113e0e66842912d40c9a2926f	82	e59f2bdcba1bfbc84d1c75e2f7286fcf165bfbd8
6101d5780a450fa41b9b1946fba30cbb794fc50c7cdb72c1db5d401a39019c4b	83	e5b5908c827676241e322061400bf90c71eba7fe
c41899d6c54e17bcf13a295b203fb72ce49b7a5d58e2128b581fbc593946bbe6	71	e5bb379e76669fc9441a8ffed05e87b5d62f2d8b
e05d1b4c810b5891c4163e9b22db4fe0b2f272f34fbc32f918c4ebdbdd830ea8	78	e5ee3789c2a03122fc58c3cfe7c33247948c7bc2
a7e3aee50607bcd6f937014eb955d70bc173052792edd287f76223367b056d26	74	e6282da3990a097f8333a94483e17332f7185709
e5e99091a43707d1cba7a5ce4c2da631a14b904033ab361136af401fc79db55c	115	e62a715c4486b96b1e1b0d682601e44d6b9af965
d4f5a58ce2558970f2cde7c626962110d7fb540e6681dc24c0b673453417e0be	71	e62e9db68b412b0dae99647f2ae091b2d12ad8df
ccf7dc22b209c5036b8d1cabc81cb5abf101b54e9a679cc47c0c86579e4d6aa1	95	e6327509bf38e58427b284c3a3fc19e0e122bcd2
fe4254f0de6b1a1e2c0459d5fd0337340aa8580fbced9fb4213bb873fbad90b1	71	e63b031c1f512ecf529f3f81119d34c396adcbfd
b5577c828e9521c2a023bbe4dcdc3b2d5c04f20828d19189e8fc97496ca59eb7	82	e65b1cd0b32896645034b2cd41708d24fbc9a0c1
b6ba5ab1f536f2b7672bedbdc685a95231f9eaf65dfa084aef639475a323c52d	73	e66fc7d832f351654d1a129a9bc7733d812b1d47
c032ef1a4d0baaec12f88d2073b35f54cddeec1236d12503a4a834e2b0bd7a3b	83	e6767387cf16b7677e2cddd659116aacecc93bec
5cfcb860f5f7ce1090de48773af828a3b801376fcdc6866a357c3144ed1e2b58	82	e6978204206c67c4469c96fb74560cc5ecdf485d
cfd2867127f86a1412a79ccb83612038b89c375c8d0a8f0b3b1a7cb6e3e85c7b	68	e69c9b994906d7d25f5760b1090fe5a0a74a9d56
319a29479bc9a501b67dea612e558c88f6a98b9af05acf7111c54f678bdfbd73	80	e6c1b2c1a5c83715131c545841498ac2d2dfb946
163e0be3a768b63b97e1670520cb2c2dcd8d1aa672d5bc7b7115286cd278507d	80	e6cf744e58e1b864cf4629c63f34eb4d5a820364
48499ce74628883677cdb6dd497b12b0975a5c2d63a929bf800181fd9b9c75d9	192	e7183492147275410d675f8cd82fc69cdc6b70f0
d23ead653c04dc663a2ac58618689ef68a7efb48bd3bb1b6614bd9fa4821db06	84	e728f10c3eb2004e4c787231680814d181deaac6
3a5910facacb887ed850f9b0454ce236be8be2813558cd471f590fed775fc068	80	e73912f1b7c73be572e7e7fffc81dd56185d602f
9c33eacd25248e22f6eb4e6981fa5423bd0edef5e4e74e203dad5441a5822774	80	e73e4f05b6c65556c022682bc101cab3066d79dc
bddbc5a6aa1317ce52894739f9c66d6588c438e70a5db9b9749a9376bb981eb1	82	e74b2405429b232513089f1f0b84171ac5c3c1e5
4dba7ab339f10c048296bab738b1dfff26c9b949df27900f38cc78790a72f0c8	80	e76f99e4d9ceb4817aa7fe9b4c9c8db22ba52eae
7de0451a5601f54cfc1d7ce6301b36949143db28e607472df5c232c45f0649fe	73	e77eee32f92c1e22d99a4bfda6e753cd6b853256
33d12b00d67f36449f76e48e3d6e06eef6bb3b2d1dba85b6f6c32c6ed91c4e79	81	e78e86954ede9638765e9c84ad0c05c36572cf59
60f4a77f6f07da838daeb9bff9e6d87c0086c2b6869858dfa5094e162e097457	82	e7b4d46ec6b52e81d19f61541c94e45389813420
ae5b86165386c40b9ebb9dec961e49e58a7f9522f99022a2ac10be7a41c3ebfe	144	e7c82ea94050b87d8b07dfa01ee42a622846a5a9
cd3ce7e07b7187e5addf92d0e086c5bcafb7e1e5f409f03cf65064f487a15234	82	e7ec5b598335daaadc6714e9a66b22d0c38dacb6
14b0e259c61ba70dce8124720bc651704ed2060e1573bb8542127115add02172	69	e7eec98c5bcb19ea17904101f09548e3622a4e9b
58b75df8eabc10521c1ef98685497a6a59011c009e30f8d3025192271dba533c	73	e7eefe00f92a1fe9169c53d4b5b4e484694aafe6
a39082426fd836ac7df7a55f15175b3986042efaf06930bac02668c2c6a0dde8	81	e80bc5b7110cbc9e68652f8f293bb873883928ff
99c544e1c17b383ae8ee7b38a23cc7ced6e26a335028c29d26f6b2ced9afaf07	97	e814d582e84dac022665b58248b5dec65d5cf550
ddb658f3a324f946a3f0df5a87ebaf7ebd9b5bad33d1ee3d42948c1e475d2c35	93	e82263e119a6ce3854da18fae7fc3f252e158b10
063afa25039b6052d92fc3ad5167e7bc212036a3132e779674e5a041b55e5db8	73	e82effaf9c265db4058b7300a89920dcfd96efe2
d2121351a0df743893d1b76719d9cef25ae0d9b44d3c8d1fda3dbddb9789ff41	78	e83aa9712fe1b8816e8377320cdc9d2b6ccddc1d
3cb0710aa15310acf804e4086c481c231d4ae5de8780fd7a5cd71b043672aa17	83	e847579f8405a271cc683cf77566ad7d593dc2c5
1cc8be6e67677db9206ee864412537810c341b3a75aa6cc5da1b70a2cc9d2833	303	e8be9b3f954661ff6a0631b8077858ecac823d9c
bf606b59488cce009adddf1bf7d0b5a953f555d33a3bd57984c68b698f5f499d	102	e8cc2aa87eca0c81b308b39592c8866f16ccd49b
38a734b3b3140073e37cf2c1616f5e090be27b4ae8359a4d327ee51bd104ac09	83	e8e79afbf98a2b8021d6db971c5ae82304535f4d
21770aa2a33d42357b87db67708988ea669720250b765953fd03df5dfdf313f3	71	e8fc0e9865f0509ba48b88e0752bb4237320a9d4
4c54074a09cde856d69798ade88aa28ba564ae87b8871912f2e7095e8451c3f1	68	e90e31ef6d1ee3863214a3eabd1120e65c387881
c933f8424c2b8fe211588c16cc8ffbfaaa32b93c7303e157b082c817098f30d1	71	e924608777482865bd4532081b32396ccc04bb82
458b950b978615628e3e79b60ed5f03dd30e4727a24577ebd8e7858e86ff3ca0	100	e926de76c8f6f8a087b6bdcff7ff8bea9bd40662
03d43026b3bf955ed0db8f7661601132ca5b44eda4aba8533ed08a96d506fc8d	80	e941844338850c17a84a53ee1aaf62d93f4bdf0d
0bf87b08352abdc4429912a3c3b78d1b99a850692cb3893f8c40bd243c875c43	80	e95bd8158c69db3545009cb447911e07b6707577
40ba485157bab5e64eb93c9021f0e06086551c6b94ef9ee86872e2b13005d0b8	74	e99198292711de65397137098893031e4410b9c0
f67a0d301c9d238d05a2051eaed9174285698170de5e61d9b481278dd3398085	71	e9e0ea41596ec902bff51fb76c73988b8550b97e
e38a3e5f294b69a02922d08991fa431847fa360d14cf6646e5e4ed28164106e6	82	e9f2d722b787bbe193e4fff393b7d0f5d407e5bd
37039361a394c7c0754e1fd9d75c85bf21ab6d5fa4f4b0879eba40565ffb0fa5	80	ea0b28b4ea9f5e37c590d7f7c892d644bc833675
6bbb3ea560022de07b77350704d1420efc0db070c3f0655d5019805a5140e998	83	ea1a65e0b6e1ebeb131a79ffc658ad401b579955
76377cfd836708405492d8280c93e77aafc98aff116b99239a8b160764881cac	80	ea30a75495b373a683c4e21095615b1156fb6113
922124495e54c361a2ec2efd4b315db6544cbd9de2cb3c1128f7f4f048cb88e7	71	ea707173b986f5d3bdcd3a93299a4ebb74268f58
e4324eefb955dde45cfa0116643b9094d6f7799fc30d45dcd2989508933fd8bd	73	eaaebad238fbbb7e80ed0548928ccd1a562f4038
88a6b56cd796c2411443591ef22f8f2afe76adef531cad550c367e571266186e	82	eae5148d84c70678dd4c1ce0a46769bd32aa0f1c
9f152b7bbd38cacb933c45ffc365e63952e4e90eca2d617b88a060fe0c5c6455	82	eb30e607116d719a8c48477490ececf5e9310df0
98a0c2175758a55c6a5399225ad3bcfe8b9080f450dd1a3e890ae6f995482c80	80	eb36fa80cb4e6af3dca45d1b95697919eff67da8
c733a0719843ca1aced89f1e1fc4e740401703194705c948d60bf370c425626d	110	eb4f3c2718101a74becd5b0f23867f567eea6109
03666cf0c0f3af2cf3c3914bc657d548415364168fa481682112ab27d61dd4b0	78	eb5a9062a29f695fae4aa014e8661dbcd30373f4
29bc66a49ac555f2789f6039c2bec698cefdc99e46adf01c4c5cd791ffb8661b	82	eb65cc5334f7b0e1d3429d2c5454b142e7ccf259
9d5690861a751aa2b2cb269a2c5cad2f11913fce68c53a3024788b8268eddaa0	82	eb7593e75f5ad6946b4d79d90eadb8406422a550
b16cfe8f712b5bf51d369584339738bb65f8173ba6473bcd4a07abcfbce49360	80	eb9702e9ee37672d56450f7dc57f2d0a89961d94
864cf7251c7da3a81f20a851a4db2ab9fc47b093d06cafa6a03ab591bae1ccea	82	ebda04af59277048ee86151724278aaabbfef8d6
f2def277c92afdad70fd6fcbcf16d06b0844d53eb5f7319f48940ce21e87d989	71	ebda6ea1c9990c5cf2f58c3a85513975c9ed9fdb
bd99d05242cc27a82fd5ec62dc9d2988a43477837297dd7eb0dc28274efe7e14	83	ebf3fa79112e7efa92fcd8d3506afd84019fb764
d211656ac0c10e4675db2f01b7536b5922e0cd66578dab65487d5dc175a10927	83	ec0fb31b50881035b706a84cd110d0bb0fffdf9f
857ab13ac51f3f7492b6447b13d0226c3b06e7b497ad127628cdec687b5c59dd	195	ec378f8f2a8fcf83bf14e9f4b5dd20c89cef57cd
ef4ecedb852e97543e07cc209de5961d72fad04159f45caeb9bb94a2482c7d27	74	ec61045df6367b6cd7d88f8de764bcff59bf7f44
b998c18267a9d69e669be63df87893f8294c55de5bf8c3c78b225efcb3b6cd9f	83	ec66cc7c9ef303e77e896c3ed0488049104e1d4b
c8b2b84b30ddb3a900f0d80bac4546cbf0e1448e21ef997fac832058950bf501	78	ec6f608b2692cce2821bb02f80fda04c56e2b5f7
3d49991403ee375b30982231765ffda69f22275c31db746cfa6b6d8b6342f602	90	ec843b509cecc6a73188a11eda2fe4a06d52e00c
9db039fe1c441d233e05ca04be9ffcfbd598b05e8e69108189ac228bf7ae2137	73	ec8a7d032779acb8d993314fa29c1868375e5a7e
748bd4c4cbcbf6fb0b5cc24365047353023926e163e9bcb336ace6f449298960	83	ec9bd4e9b20902be241978c32ef43c89d14eb099
305c9bf61f579a69bf72adb7ea38a6dfacbce8a26bc7b35c61e830103e9525db	73	ecbfbc4f8c900d138454c038a2f7f1d92847ab56
81cb30f0d381967a8349f0a10ed8b6909f138464c8e9f36d10e139adab3ce8aa	80	ece5aa6a0439526c3e81c3d50c08cb3399a611e4
30aa95cc3c37728af9540e3b806466af6cc9689f6d4b738e4ef65817f7820d57	80	ecfa364d82f852c5bab35ca1cfd73b20c71ec9f2
a49ce39c9cba7b1d2443beb890577699b607a9416a3650fde7add80cfb51cb62	80	ecfa4b58948224cb3c8e8c9df22d3e5698f5da28
3e19e97699db1d0f9d5ca54fc28ec2e49d1a3e4de519bad423bebbd16444f8da	68	ed0d9358c0087af790f746858c803fe32ec8fe9e
3106327f6bec074b53d4a489c600ea0ee0a79751f83a4696c29db6767fc91c95	80	ed1cddf3df208bfe06c4b917d9300d3ddf96a8ad
fe524466196a2e52a9dad6978f0bb28847a2af1346c8fa59e20131199dbfea78	74	ed33a5ced0566fd5692ca8ebee1399c0193fa5c3
b0e8355384129f7a1482849d4a3cf96c82b4da9857c39e08bb3c71d8b7e842d3	171	ed5957db77086ff78ed5a97d73337b3140b0425e
45f793867ca5232507b1f3cb5fc2e5d07734f2284e0f485fd05f50347f5a3e48	188	ed5c3a26ac68222e5efcbb4e4e7c36ff835e8668
2e9824bc0adddbfb6ee26498e3b4f1d23b7c36969ea9300bc9a9cd6e2cc21e82	82	ed621691996a42f7cd8da7f3be07545e43936f42
20a7ca19199942c6b970839c4dfc8beaa27de6a59c04190de1f9fd2a04c9854d	81	ed693cb060d1b0295d3b3e891aee17b6e6f0817c
8edf9b66656dcdd9485473738a1490d1ef545aece1e08085d451ec3a4236b5bc	130	ed71c6bee4186cdc63209a0e009f5606b7306bb8
1d209d9924cd283ea31eda1e7b1c787edc00d30d1e3f34fd09a78c5a42afbce7	84	ed92e9418a2f973f94370cb244ddf7bd7b97cce9
d8dbb3f05c3b8d296176a19c598fb588f38e1a654f9c30b7e560530947c488f7	257	edb50e713d77180a550356ce66854d60ee4e8e77
4fb26ab0baa6baf9edb4498baaa340b37fc5df47816c23b9dbb76db5fe59d8ef	82	edde8f45e8c029e4dbeaaa5d09fcb095524603ea
3ce37329559627d7c7dc12a83be8973b161236e59546e06d51a4fd5fb2081859	80	edfaea4cae53d9e01008be91ce92f2d7ed78cfb1
e3e0b0f7bc76af460a3e8c91d0043cd1cf64a1e4da8a7cbbda9eec78f2771f46	102	ee1791c3858705315f4433ed65e27e153e602dc5
198c07ae995248ae6b44b623a1bd591091c236baa8df8494feda3ab33fd32305	135	ee1faaf892159b9126c66b93f2aa1ace5e90ba2d
e8048aa669adceea848a49b29ce68e60f7f7086ddc96807e2d25115d55aea5a3	80	ee29717d13a781cdfd2f8fac7b02108191cff9f2
8ba4f9ec0bf7dff25943088f58ac3e1aa8f4c3f438a116b20ab26c452ef9a516	80	ee6b592c0e73e81eb9643f532c6d409b439ff331
86b14ea19c9db6fba5aa147ef465562d8ac4c4d558671abbbaf336eee17bbf95	83	ee935cf6c8b8f19a97663482cc1d4e1d089f4ba6
237e12c582cd1b076b59b5aef3a94a3c5b16524e2e1d54e5096dd581af77e5af	83	ee9d19bc83ced30a0066f335ae73a94f3472bd1b
47cb265e285af3f2ebf762ecf464e8fe7fce931225dba3196120b40affc5f85c	80	eea7104db8d36397196ce882ad3dd63dec5cc37c
5f2c11c68fcb55317fd99e5350ad7c4010ea697ad59d859944fc9084fc291e0b	275	eebe3b51527dca1cd72a699768ca85d464d2b28f
fae81681675817dd99a4e8b8fd4959393b78de055f0671472ee93a8dab4a872f	171	eec6c9e51deb6d169c44735d0d959c1cf0d20881
e3a770dbce1cfb53b523c89cc7c50d53f5a67830cfa588dc97fc9f8ea9de662d	80	eed119a5a2ab600f21bcd4a83e766a06322c2323
82c85945f0d625f40affe529a65758309a2c69f13c3ec6ef610537ef9670dc29	68	ef05fc8cc3e7c49272d60d6fb9a1902d35c1e858
58484ecd77ccaa72d9bda0e8f57d79ff1076ceede8dfb80aa6bb5323c2424b4e	78	ef4f6e5346d727711a247891276c60064c93fd33
918aa7c0d01e2db4d38aba17942d7fddf9c14583e1b8108594d3603004093146	71	ef50a65813a245bc5600d022e886801ab53512be
9af201eb5095493fab34e766fc1d891baf009c1156bb300cb8117d68204c6af3	71	ef65dafa379af16dda7383f08fb3718c113b9b50
5040959903ea8c058107e88c41886545281c23d9aaf2dc2299c6c17cbae088e6	101	ef72467c68007403adf392d7d65e9de41897a9e1
eef699cae51430fbc329954bf4d7c2c5a99fca3105bbbe6e6f35d7c327cfcbf4	253	ef76595542cfe0f3c8e1eb26dc4c78e348c4b427
f592b9c9d5327587a4a13523b090e0b326d680a48677e76011518ff8406d4ffd	80	ef95f5e20d4df129170be20ec7d2714549adb3f8
0453c812ac5450398816450a6539c04613f10a870f5a10c77a7d22d0cfd0f467	80	efa02cb8735f9710ed512715e81a2bf301afe9d5
aa6516ba14f9e696632debf7de3039a41676d291377820882f7cf3e9dd461de0	73	efac016d5b2b6208f14a6bbc3cc1a2df21b77916
c5003d374c196f504380239a4d8cb77cdab5d07ab02c0e93731b7cdafa9eb35a	82	efd963925eb73de85d01a20d8108279b257cd9c5
859dbac36afe855859730b54250b7e706ae8f038ce994dda1761b4f61b083c21	72	eff5abf5124999c85ac43c9025f23fd16d2fe155
89c85399a7ea4a3e0e53e7e3ab649788529e7bc17d105ea4481800085bd54aac	82	eff9ed3ce0e61244f10ddb70b14f04d523e6544d
5ef6a8a93a17f013522e1e69594012954535505f51a3534893b577ea410ade84	71	f0581eced4d29f393d89af9f1ceff1f9cb49bbca
8e5b1d7971f105f8af61d1e56ce66101f1b6e5a922c2cf38f19d9b6c71b222cb	82	f075033697a46b08c229a4d50368e3a39cb881b3
f4a56be2878d835146e999152abb40a41bf674e329012ba121643e8418440b53	80	f076dd5e585c3b705fbdbd7fb9f1f54a7c5f0c30
0e2bc1c4fecb4a04ccc1cc91d820a1041761e27d3fbd4928ae17fa0731320895	83	f07afb85bc578813d0c2c42e5ab28a660d0d0f83
69cd194e6c75e1e8d386d46b0ab6ace4f0b72807bc535575c448c5ba14ae7818	71	f081fd6595dd78b6a78b4f6163a24cebcf672798
a870b67e6f2d34cb2ff86465b3521e360c0036b933ad4389aa4c8d06f142f4e0	72	f087c5cc46dfee9de7acbd7f947a144882414a60
b4ac1b3d799dee5bd64c4ec2f9455edf08be319703f21686158652c305d8aefb	80	f0ac002c74ca359957e08fdb4b61f49f7a91b243
57b533527a1d19d57681e23751c453041eb1ae013bc6c6a94f2478ab6df5db33	93	f0cfbd6165fa7f0fa5ca6fb439648119941d74db
664a6a5200c0894e07c72faad69a0dd4c29aa334107e1542a25db071164688b1	83	f0e9e44d3dcfd40a18faba1c257ebc562492387c
69226fb260ec2a0ab7de707e9126262fa737f2cfcfaa8718607aa1fc5575c640	80	f1074ae41535102d0b357d5c2c90237a1e960ff5
f6084d1fda74ab3833e55c6a8d701a8e3fcf91981aaff907e73f9843931f298e	80	f128b130f5931c57102810769f144d58e531540a
f501ab9ffc10b4c0cf8bf26988205af45222bd2cd841ea5ff79dac47096a6469	108	f12eedb903174b6f0394216d71646c30c5581256
cafe8257088224549625b5eaf80376c478d9cb5ced095a5c97dbe487569eeb40	82	f1337cbba1025f2db7b14372cef56174e05d3ef9
a165a8af33a0b6cb491e44413d9b81a73a6223491f3ad7b08720713b427a28ed	83	f15c8b621d55b843ceab97b9bf5c7a8966f9260a
3f8c074e99c66b4dd7fd6b87187ce555b94777d36a00c3db81ccdad186a54e1e	93	f166a55af3ea14b3e0ba933457da82c33247bfcc
438d75840b5cc234174694580140011ad7a6ca6cb0b0d72124e39f6412b2bf93	71	f16e9a130ca0bf1197f6ec429f44fbd19ed2d2b6
17d466e61ebff11fd3d1e471521924a19704cdad4856a3d1cde5fbb9290191f4	83	f1752c29e3ab9992a5f2a794a4bfa806744254d5
449e5178c90b0590329ba8e4bc42a9a2ec582013e791589912a007858fd1b56d	80	f17556bc22473e9ff98deab980c7b46d18439540
5211ecc2ba0f4559a42b992c47923f7a4e93e1576fc23b30661dc96c99cced0d	83	f191f0894d901a3916621434195cb2ebece1ebe8
410845eb24191d50c863c5ff1dc214dc6e8911bd41d045ff004b46330a242ae9	79	f1b235568322e3e23ddca4954178d6efa2ca5a9f
3e244a55a1ec9a280a0dfc9642ae07c7899e7b8fadb0cde49e8e787db3a46b3b	83	f1bb84f432ff7a859c3b015a0f4e493bfb75d73c
f1a697760514a7fcc7e92d5dc5953bbf9e09415046ec19cd311b8ceeeb6feefa	82	f1cff663ce39717790ece0e0effd565215b48ccb
0dba5315cb63721781c25f5a88378a0c39018a08a9d7810988c81d27bcab4f1c	84	f1dc377b2eb7166170205bfcb35334cf6e35930b
1e3feb80c9a128ea0acb826c1996a23b39ae057279405d5b327252d2fa981946	80	f207afb49e4241f1fec96d95d6d47ac2071e9cfe
3097cde2a7aefab3bea7a1e6aea40086cd3a78f62489e9ac6decc11b29c02376	80	f20ec9e3ab983b7ae7fb1bba9052b340bddd0c22
55191e8b9a8eb665dc9967f85fb37ee23b9f18467028cc05ff74d83d51438c02	73	f2186c2256a033cf568719f415db64b70ba4d2bd
72fff69d30ab7487ea157d19f1a05722d2096349248b90c4728e38ff012e069e	407	f21e011bb3dfeaff39f38e479a199978237e0fa5
fd741d06d53e45338d48ec34f4a85ce7c59fe5e22f8135303fdecf2ba3b67a4d	80	f2240918430ba1f02b9eb5a13eaca717aa4e15f7
73dade9f1202bc0159a0da7bac1bd167ea36da29e05f4e2310c19c4978890af2	82	f227ccc4271c48cf4431d0d46d91c4c9e4829878
1daf30b11c9ea85cfd1281d170b7c06fad851edcb417195d46b6f30e8cd07065	78	f22ad573cce7f5e91eb0b5d60054ac6bebf44338
c15e7b5f33ab4e467b2916c73b92709948e62ec120e374ee36a6f8235f203c2e	82	f22bb7f9a29d8e892f78e663291c226926523875
a083bf917846b3ad046049cf84aa01c0704eaae07e1ccc978d7ba0a05de53802	78	f23bbe610de898e1ba9e536701772ba660cfaedb
777ccc2c1ae2995eed1206329cf18d7ca461c4a2aec5007e751d212a2a20d064	80	f2500278f45bb4e7f8d6599a278f95a3772b4039
f0abdca8836552927b3a6991a8f078b3094c64f198d08d24ee201ef21fe742f2	133	f25184ae5842259ff80c62f3d64d4d4575de38be
5fd518abff476468d058cd59c40f4ad73931b535fd1033379bfdc70bf54a69f0	80	f2650f58c2abc446b351db680d50948cdee1480b
0e2a8938d5266ce0ee18fbced459c30db2151e8eaf19ed5c6d8087b5bc3c46d1	78	f29f8a45cde14fbc20b6e67330e27bbd2bfbf870
b72e7f35745e704bb35129bf2c497d88227537c0bc2fec1b9b103202d61cea93	70	f2a7a4de06ad3f3dbdd018749938859272f113b6
739112c84b74d8c9b677c24475d497ff25acf1af6b7506d74b904f84c94309d9	80	f2d8cb0044c814a5df8d27a7d32d1e4311479cc3
11e6333037c43af777b88dda94fa35e648815bb8127765d9c4e9ed82ba565640	80	f2ea6f3638b650ae366995701f0bdc2afa7e7331
429e09b87dd23e5444432326297e48b94bf7d5f782411c37a9f45bdd3c4a33f6	80	f2ed79ce3fc55cae88f518b049b871b9cc2b9c8e
92cd2230ce2ee8cf7917f19ad217a849948adb033d6af19108ba9a309e61ada8	81	f310bc79d7bfaaa880fb832daca1aa4213da2d69
ca770828efdaa5652806caf2a5ff6b29d0b9a8f72e0e6a7e5db1ed92566fa407	80	f312dc0630c51969b53b820ad2e102ac20070390
a79708f3e44d142368829de6ebbd47e7b1778003930b2c7baf3a66e2515fd5c2	82	f3268e51b555125542b608ba341afa42ed081690
372a4500dd72963e03144d7a8dbc1912c60c053784b9c6d5bbe4f64649533ded	80	f32ff6b638984c57a6d6051d0c1e1da622c1f4ba
2be8a4fa026687beaa89a84701a01438eb9795e19d1548c899788f34c30a5338	78	f34350458466e72033902919b572d7db8ae623d8
317b8f62576a9353d01cb12fd52e8bb19ef8d19546e3fd0b2361339d87707b9e	242	f36b36313c1be88a851bc8cb9aba32cee7098c4d
4e24eff8f59dc2c77cc84be68003625955428938665d137350d4bc5d4dbae5a1	82	f37d4e310ac7f4621523c49a75b9963796324e3f
8bad9b1356db017a1b1d0075e35ac6b647ffedad845f6c40102297ebc2524e0f	71	f391e1644339e208e0e2b4845e750f5e010b8066
326601832e54e0e54ad0a73a9a7cd18a66e328a18d334e21857cd96d0990e4d4	80	f3aac7fd16b4947684279b3814d61f4eb98ee98e
2f6217a74977886b611714ac0f141ae7a31e2242e3895dfc0f324217ecd1535c	111	f3e2ecf4537153f323ef6605b387c0deeba91647
07604e9d7b853f3c679d6b7e18cf7f36816d8c516e0e4aba35a20f1edecb4748	82	f3eac2d5f146eee9525b6e40c45994f38b3888c7
178ddbae650b23df08f0f24776cd8215a7b5f2bb54a372540de550b86c159f7a	204	f3f43bbc8522189e7dac22bfbe23a70ddb0086ba
3f592c8e55ebbbc8d6cb5a0053cc9f4a4604db92e8008b11f5a1451861de1d2b	80	f3f509475595656c0517b60feda2c9808fab6691
669de5ad24dddd0d808365fed78086855b1a3453e5ebbba4ef8845b864de9d87	83	f42a2e160036ba2aacc53ce77f28475edb45d816
2cab1f4459b165c0cdeb95d6ba4ea0e1c14a54359eb7037c0b4eb17c9558f726	73	f42e07f0ee3b881d6751e00dea08910bb349d30c
adfd51943ff25e90e56a3e68693b783658b71dfd8367b7aafad72af55ea9db36	83	f443f809aced4d2066a75054d16ff8cbc4b64b72
3dd1663b60c96868c98069e11d42d41167f9b3f52cfce97daf0c4b2648eca9f6	78	f467272a4d57350d105d241e6d0b0268ed867d62
1783ac287d1b5fdb24f7dfe03d514040af95d6fa086b70342ed55f4d762a93fd	90	f46bb50431fee4619b98d9108e3d63d496667910
afbb4682be8aefaa732933d04d5889903844c0a0dbb44b57673ee274936e2d1f	84	f47730d7b0ac539edeffa9c843bae2363aa1213e
e90c8dc306119ddfe9787a198806d232df28d477feb86cc61c69d8f2615c2b3d	600	f48b3e4316799cfe2dd6dc18bb8cfa4f67577426
9d13e16d9828f38cbaa213eccf7e8a1b95ebb13f071031b1c4eb342e109892fc	74	f4a27e4d181aca7ed6cf91576a3fe15dcdada3d5
c15f09cccbe560478947e1955c9e24c069799ec1386710658ebf967be3b3181d	82	f4a3d4aa50871ceed08524c51602c6e510d974ea
8fd8107e5209fc061d33ef193784532dc489ce796730fe7e74457ed28d526492	198	f4c1c646f3eef349d1614b19daa84ac0a6c0838a
af421fe719e42486d42e8eebededcdb34c7b965eddfef6181bb7ae0f600cd3d1	110	f4e6eff25ee7677a67132fea7b86901b111e505c
ec2f3c337229ce2386fc1a15a3abd55f6e694ce1a19adf8284339165d8e78017	80	f5294ec0b1adf1e12b15311e82eeaee158141742
b60441ef658ff1d381ed9f933e0c20b614ab7898966f238d47787d8b258ee7c5	74	f53eae631ecdb53c78b4cd6aeb1edb66aa78e402
28dc3d46c55b2176ce98aaf9fe400161f538331d0c58ddaf1c0de09f22ce8648	78	f550711830a626e4d2e42037429d8fbb31c1fdc9
5870afc7b514ed541b55daf314d1eafdcf75f9405c985cb40696356d3a073e14	82	f56015b8089b227cb102a483f371eb59749fe6f8
4a24f9922438023ecdfcd429b6b4db6be81790e0dbabaa5cd91fb64267005b11	82	f568e9590d9daf5ed810f941771f17a1170653c6
a443549cb89b96f51da47874c12a5ea086fe18ebbd5d1d2485d258762328680b	82	f56f81f562999025bd518761099020a4c6f006af
8016d6ebbddd87d4471d36a5435ac45dc01f0a599200334cad512177d2a3fc0d	78	f599300c73b262e9a78b9e4a528e39054d985a43
8b9af5605ca2bd77b3e9b6dc0617ca47437a02418984dffbb84a6fb500cbbf95	80	f5a5b83f7342a94e9bfcf9f82e7baec0031b1ba0
7cb73134751b66da124ce0743b09e02ceb2597527d26eb2290caefbdc02f769b	82	f5a8734f9a71435013d81e691eb6d7facdfb54a2
aa92b52e3e88b5166468303bb3914c7dc12c18d54ac30237681b2a17af905c4c	82	f5bd9a28201b17f24628bdaebebbe4db41ba0ee5
0c65b73943a397c3b4f6ec9e3c99facf68fb1ec64794ffc1a96bbe3270066951	101	f5fe0e8f700dd5660a43c1abd54faf4b4b163957
11d9db1b2b6a95f5dc19ec30a86fac36aa5b98e2cd961a4f3edefef0ac952f8b	80	f637ee617a5e51f307c2ec402e711b80765a591a
e1bf77602dccba33b328959828538687a76710d1c86855ce9b7c03bffc7c587a	71	f6439e47ec9d7ade87d5cf0db39da1a15a0973c7
c467990c76e035abb9c5674e7c7eeb62b87f83bda9b653cfc9122b1124a80191	106	f653e9f627575cdb9eb771109f09bfa5a6b0c1c9
a8daedd9ac8d9305a458179ba061f486bd87a911df72e963ec6395490e1bca25	82	f67ce83f2f6fa85f956ca081576074a4492554cc
058abe511d60e64274c4a14c27ab670ce72d9ff7a5d24812f7c6071fab9d93a3	83	f67f400168287c60c3ed578c1f6b3bb40ef7960a
41972a0be2f7cdbad8a6371168cd0c746bda5de9f8f6712b3233f4eaa7f34eda	160	f6a1f9fa8348d0710aec47c639f508b5f056ffd2
8b686c8d4c223e090940502c84af9c272d2f3e9c71020641154ae33db8f0cee4	72	f6b6423cec006ca1719dae96cfa1d539c603ac51
cd90d0cc4bdf89e2627fe573838bfa1f74c2ab18fce1a7c3e1f995053e6ca71e	83	f6d737f9e0eb1bfec477a434b429da41dbdff1a4
6bf95db9a2ab0241a65662ab40d15644050ec2ca6638548bed5c560534a76455	83	f6db1c9a2b74e1335cf9b8e03ccf918d111f317f
738bc7768d12f070f0afe1478b2304e4c7829f8c70160ce951d2447d3a411252	107	f7bfdd3b8bb54f5704ecdfb34c1ebdd6e2cfc8cf
2ff5130c9c2f6ff523f4618e969076ebfd170428c364a246d50b9ac1829562f2	72	f7c22cd1dbe350452c679376a2042eaaf6211bd2
34e6f0e07dc92d69a60c7cc809dfcafd939073ac84e7bb14a5eac1d86ae04627	78	f7c3922bde15c76acdf6efa13223ef94260b9a2c
65904a27838a0e7ca9f15fa3224906aca6f51b6b80126df9da6c490b1b362c97	333	f7cb2c1dd3d56e41bd819f5ed301b67d8192df6b
e73a8c7938702a5cfc69f1854b9babd3942ecdee94cbc6b01e99a0f32a513c7a	254	f7cf241c45cf2f693e213c789a1fee078b0dd5f6
3c04509f627e0630cf51471152809080237b6dd5b04041131aab9dcb170b9d01	82	f7d3db967905d7393c264b43b9b8be6e353c59af
02cedcb195f6ae93b71eda0f95ffe096430203198a898ba5170260a40282e3d8	94	f7d8579ce6dfbda4d46fc4e7113a25d3a947a742
c84678cc3d6fffda0c6bbe666b04ac2c5d2930768748febf05d1564459fe4e8a	74	f7ee475eeffa5eef22f2dd18f73ae9a0ba2811a7
47ae3bfe9ce71800f015de23a5f40300d9f0351bfedb5c63d568bf062e189ae1	84	f806e8dc9f5cea09e521838b92ad19e189bf1a2e
4b54f5a4c7cb48ef6a61624f3ed25affcca65f7ce49492a97920173f0e781759	101	f816d08403629cb96779f8766ea675f930aadd0f
32441ef58b0509e3e45392377e3a4aa380593a1fabcdd451f3c9533870d132f3	80	f82c05f4dd55f787eec4e4828ded9627b084901a
349cf7885659c21402f682c6b7191aa3e9664da533a6dd0df5bb39caaf63052b	109	f83921e78f54fbcf265e5f8d9a339890bd2f580b
ae6e754fcc3ab71bc80de70beb800e1e6c04ff4f1d962984b8e8185598be8a27	117	f83c94a7e30d4939abf745658836ab44d0edab26
7dc3d68e8ccf7de3d1a513541880cb361da7b30cf4967fb0de1cfee0ccb9e250	101	f83e44c34de1c4c455b0ae2ef2956d6e486bee0e
53ddd9fdb9b2e2e96262bb4f0aea5ae8d03f4ba7dcae94728cf8783155297370	80	f8438f702bbb47351d8fa0a202a7120ff635205e
3bb225829c5de030116fa1c813ca2547e44b8d677d5f5a2275d3d1851ada4439	83	f856e2363ac3393ae42db3e6195d5df8f5c1b806
49c580d15b6f967c94ded75f0cfc19a5e8a4ae019e8e63a770598bf80091e559	80	f863879cdd21dcd778d23e553a99ce7f3a530042
242b372bd3d8f303e6c847f449a49a2ccfdc297918902ff30a8436879863f477	160	f8760be4112a6c6729db0ee5d73398a12ea3c37e
ea7b82c22ef8c19570636b39adff6a89bacb0d7bde9ccd10a148c15f4b63473d	78	f87a3536e9ea3ef8f1b32137854a9b477cdecb3e
cd9e4716339be74c3e5699dbd3ff3ba5e0ccf3582ac829f485339df477526090	82	f87aa4f79b9dea292be078024e521c3f70b12400
75042d9379ba3ce3f56e0e3f03c0630aa7205906e044af489a2241aa221d7f50	71	f893e26a04efd6ac9b5f0c01a66aae4626899301
60bf601d74de66e49ec331369c3e73d9e4fb5fddb08de6a6995aa73612f9eec6	83	f89ed63aed93ea13aed1fe08eead746b8575802a
eac15e86cff95c4b181357c0b122bfce900badf55ace6ab9908b77ff75f68ca2	73	f8a73ccc0cffb25adb290e4ec650f865c10a5611
c9aff6c270331c84e0e627039ad99272383622f590fae6f7c1fa2657c26d63a6	105	f8b1a13b16c80f9cb3d125e024f92e4545645d9b
7f2fe7c6069238a0c4bb5c55a09fb7d3b7b6aab8b6100a6c0c73a70614ac7e63	70	f8d049363b3524a8d06b6820aa45435d03afbb61
9b04109467599a64bb9b100cace04ea067ba3b99e8b89ea84c3218c2e175e7e5	370	f8f7e84cff6e93c4ab6c578bfc8adf2e2ca75132
f3651f3f366e4f391cab04f945d2206b4da0fef0ce9492182fc5a54ae7e7e9fc	95	f94a42dfae7800e5b3ced5593f01625d38befbc6
dea34f046b08a975fcbf93616ae17468a6b4e9aa6f67fc06592d3984c036bb30	80	f953f7f94bfb2df0ead97773b28a30fd3ebd4ce1
4666a4fae34763cf8dcdff6cb3772314e4130f08285284d4008347b89ce86b56	82	f965073baaa00cfa3cc37c132a93c5541b27de9e
2377b9ba162b067d8c1e1c1b1624e94573df5b52d097d2aaa3b5c74449b17586	80	f97cab1b5118e797df1485f1ac105d0315cae09f
e7ee19f8fdfccd55115a7303f10173425797ef6023b01fd722bf36b6b183fc81	73	f9a2071b7e3728ee3f07cd242c2e8099fa0d6cfd
98e7c40f2de4640ff7df9a10de7be8175c0b92e66beff1fa380bc732e238d2f9	90	f9ab43370b04d9faf236c1aa346d934ad66f2663
cda4ae345fcf6c98242a1c75a02b4b1cda410541bf104b7dedc3f7f9dad84566	82	f9af09805f03815e78d296e59d9358b50bcb6548
5e920aa725fcfb5876f694e58f221916f3ba23b03f8bf504c9e0eba08fc60fe6	82	f9c48959420fbb189aeb2fe7bc5519723b6b29ce
22f05d0203d1c25839fb9f4e4ecfbc753f7dfb98c673968619a595147af4c150	95	f9e533d98a393c19d79ae33af228426164e60042
5e641f6258f7b4b71ec5bb87392464e03cde6ef3c43eb1d975a02407f62e5653	80	f9f02e303a88ff992e45b86e27ea1b085f9aa2a7
ba38f27cc130bd55047a10bde7e13eda1613341f1f46cf65bc471717a27ae9ef	114	fa0e91fb5e3789553b9ae1d2d39b002c84373896
6bff82a63f79ef0cb75d359b0c0c849a5c65ee8b10f70a98ec5c736c1fb5f4b8	114	fa151d1af0a65d822f829c3d690aa3e8ef9ab9f0
65587da2bd8af2c9e39850ba14e16d97169c0062b8fa40e0b0fcf2d83db5ca8a	73	fa3eaf852f21b6b88399cd205351b580fb898064
22ee4dd6b8daf870ecf7a43bd79d93c03a326341402c9b873366a156332aedcc	82	fa41d3eaa0bd35fb86b99391e361ce48b7ecfdb3
b550bc2dbaaeb48b173f03d9fb6c7183540a3745a99129f58e57bceddf65e87a	82	fa93a9f3969bc1a221a7dae2b78c03fc457ff61c
30842e84d4bd31a2700b34ab0b959edfe3019b1145e1773030dd6ababeb973c4	109	fa942d8a6cb617de79fcf79b5abae09a5a94e333
01efe885946493bd82abd5fd295bd87668743f095c20e285f847c6547f79741f	215	faa6fcb8624baf38059c316104086514a488357b
e763262eccda65605857a4e2fff7be3cb1f640a6b27c2db88481f65bbc3595fe	118	fae2bd7f54bdeb53fb246eae3b4d9b852b351057
9c6a19d690d38d7ce14003024d95a15fc36524e640bc07045205d42c7b295bbd	82	fae9d34e96ace5453031883a6d33b704675c4722
ceb93fa3a0f8f709b71f77e7162376583ae4b4470350e40f96ebe54bb56ce870	82	fb0dc358e57f0e0a4677a323e6f56f27b6a40ca4
1186fe1008271610cab47b2bfb4715dcbffef465a5998227eb01f20c874e1828	82	fb1aba67472d8cc87e5d9eaaf7e00e79312cc4a5
3fb572b28bde2e9d98e1d3ddef08dbfb4a7092c792e7b6a6d048a39024883886	78	fb4b0743585be5f7998b89f3a04df468d2ed872c
9c660ec1dd36516a4b395c09cb472a7dbcb587788c0de22df287738e8a63d622	73	fb50ecf75220f5af793f3fe1148d5d9e8195c66f
033b6365336b4ecf5e96afd3288722fa25fddc40b9a3af280bf7c454b530c8ab	68	fb6ce5e887c5b1710b868050b4f95a7804f7833c
3a3c519a66c84586fc5a424e015fca0355c6ac692ce3a730031c8a7400ab2ea4	73	fba63ce612b4ccda9db6f8683e1d6b32dece01de
855609b57c39f600ee58245a94d2df1ab735ab383448c84175f1c75d78c8a748	82	fbad55878f49620be7aa41283e4e67315d3f750f
164fbe70f52bdacf2c5cd7ffb562ba563d49c8ca09dcdf715fb1428f4ecdb1f3	123	fbafdaa538f53c8a9e61909ac63e68beafd7eac2
f9590d7ff04c0a3f10b0e28b9ecddd4a635adb0c865372c46cb3666c8eaf088c	114	fbb9e4377e6c3246adf99ba77937836b99766865
bddf51ba108f399b3fff54bed1b09b9686f609d19137bd7509d231153e207d7b	78	fbd4f2b7c8e647bde67f9ebbb20a61f1cacede66
835dd23ee43798c323ad14ac0794ed223bc1a6c2b7a30ead47f78de07d4efcb3	72	fbe19b568a0d94b5f6bab6ad8768538d6c2e4d0d
a4603053ca1cc8edcce747ea3c9592c204ab29c73424c5c295bdbb6866b288ad	80	fc06f8689c99e33ab7db34433eacfd0f4505a0aa
3483cb3747b6fac2b0fe3a602339109ff1117b4bc1a6631b4d106130d9900f7b	82	fc37db9ba198ff793ea997d742016f813701215f
9b2debc997b7602bfc8cfbb537bc37a29c3890aaa81eeaf0433b8db37f066724	135	fc4f626810eb8bed31f0a19ca5b10ccb13a320ed
55614a6817dadddb88a8670b00b559663ec3a37074e035d657f4efa72b845e12	80	fc7412f4edf656627a0a08753f052624e6766671
cb2a65cf26bc51d7d8454e1390bf7d730fcc41a66e2f88685fa5900d8871ac97	70	fc7faead23fad9e2ec49f3207940959323cf1d40
dc4ded0d8fac4a3c7d62a6ca115afd788aed52518c57ff5a31f3f64d86b60dc8	128	fc81d1e18660335f254f451474cf5ec9b1121322
bbc61f0845346812bd138a06a46eca728935761975a628829d692254c3faad0f	82	fc8633d175b625ed90865886e4ea3967574fa530
c0b7b08d55e3b5658f4aa420e73406649a917c9159625b8293dcc2654b7a3e60	197	fcbe66a662eef7b157a10d8243e2a4f28891a5a1
3ff7cd43094aa2baed670ca38edd591aa9d05668f46aac7083c65a6a10ff989b	80	fcd89fe6d7de7e40db8ff081387c8a915055032b
c841077d8b4029af9c76e035b71501f74dd52513a8823318f5a322da74f38f97	82	fcdc167bed297780efc8539f6cae653bf89930c4
bdbd2b3dcc4cce9a5e8e47df20928117441a894c8da3f1668213193b536e50f8	71	fcde314819f4c39cfbfb0458ff30a7a36b4488fc
919fcd0efd2c0dd9f8d071f73f253a98cb7f4492125a053d4f985bc594765e3d	108	fce6c8c2b083db20f5a4af6f521ea1dd8576d031
5d22356a1b2a4dbd969aaaf42ac1a22c28ced47658941a64e0180cc2c04a277a	80	fcedbe365efe129e67439870be5ab14d0cd3ceaf
68fc981a5c634da7bee2a312ad144c7550875a5ed90ff471e1509f9faa61798a	241	fcfdedb6761352337b4d663bfc5c527a7c6eab79
946f0981b9f6cea6d042fbe3266fea2b8c0a64bb27a4054e195fe2c95909b253	80	fd07d67f032efb71c509b924a438ac322d80af20
78e3c24a0814d17a6d0c0880e14680fb4f57198c9cc4825d41d0557a0fccf56d	82	fd7c09bde209e828c9623ab7f4ab1831f7b054ab
ae454c9dd9eff472db37660d4235cade4d6b0c90d3fab7dd4018cd88d44c62cb	80	fd9c3beee80726eb4e6268c37957ea5a54abde4e
0741187c77ddd3c9050511857f4471ffe1072dd7587fc0d6e1b8311c40b0213e	80	fdc24f628695b749b9534473fd6d9d947c186f5b
029a6ed9f46df2d2816d1c0ccee4d75f2f92cbdca6320aec551ef2452c1decfb	82	fdc497d3bc3d7c6a30c30319b50f3546f03d5f57
87a648948675c29375d48c540148475d8616e3b2aa8062bb9efadd0293b16826	82	fdcae1a70f1998e8e63a522ba8f8fd60c575d32c
154fb1b36da17a3535b2b936a603497ed2e3cbc547b0d3d45572ca56d017b125	83	fdd9a91179478fefd07460b0b7184bb5cc596cc2
59de650eba3e37de46cb34cce199c5f2f244dfc3c40914024ab51d2fec2958a0	127	fe104a09e875d560a942703e6c780e9682afbd2c
7c4f35ce11084d64f43e69c3ec2dd6524e271163f671a85f691ea1bbf555756b	101	fe162dc9c9a45d1bced18843bf694559647a9a2d
6b6db632118919deadbfb40232c5ce41ce129f9daa6326a89635d664eabbdd4c	71	fe526c2c0b85017e387e53f16c6a11a774eb3816
0a314a155546bd2078e4e14a0cd7fcf1669245a4fea3cd6f427b8d115da1f1db	83	fe667277057869485424c09829c2c33b80084df3
2794e9d13bb7b70ea65e15fa553de85ed3e70619d14e9b525f76dcc12cce5d7a	82	fe7a1120cf086fd8a7c5e1b41d002191067b9b4e
f6228ef482bee1f09d9c5e313af5013153764d2e1bc3eedcaf61200e9452633f	69	fe9dd10d65e5b6f6fc54dab5d38f66d077315ed0
0374a14086ebe75ed64117bc371fcca2ffb9599fe25e8c75fc6058a2e69ac2c7	82	fed2298fc112276071994b5077e0655c224ce72a
430914ead6bedb0ffa0575c74b295e251eac7681422b8d06a9cd4172e76c7176	68	feeb7cc5fc19a39a74cefe89a966ce711696c3d4
0cc6f8ab4c4536cef6098a4e6734fc7915369423fc5be84f73766f1949ae774f	82	fef101959dd195280d26125351bbb8022d6a10b8
ca6f97799e5669c80874223f50ecc14dda7dbd9a34456f3400794e9e8752b5bb	78	fef16ff50067c9728242cea850d877afe1ddd878
bf4ddf22fe7cb3283a23b64884413ce9aa25276a95376518212c1aadbb369bfc	73	fef5706770d445200865cba747da3e4d16af7ebf
6b6805fad9d4b3f3c32148ab3b7bc5e174a09da9d93cbd193ae07abf4e0ff441	80	ff29d1560ce9f4538f724e8d1a95f786b2e78b66
e75a9bf89c26b045b22b34eb10afedaa662dfcf8ef7c73bc35543b87e88d4afd	83	ff3a27a6cc8eddd4f978daeaeb90117ce3fd7ab8
4d0953bef7b9b99838ec5705245fd74a528063f55ebb8ac077a90cbb7f0e6c9b	73	ff4d3475dbdab9705843f510f4411a6dbf420085
9b1643a57f24143c765055d96c4df82eaf80d897e89cf817be9bff1888e4d495	78	ff67421bf0960b88bcc182950f03745e3bdbaf81
523164cb1dd7eb368614e7a0984e7853f5a2d2cd9ab9858c3a724e7b99eee065	83	ff72efb67a0a615ab4a7dd773490e52d04942c08
999835518caeccc4156c8bfa5c122f5e55cd768fd595802cc53c51997baba578	71	ff7528d840f5f4ee165f9457203b3ad9afc1dbf6
ad3e65a7e1ff09a27caa585118e512a08df0ae260cb7e4660e14b747c8bb4ed0	80	ff7a1e3d181acffd20b2ffd679512db354f31565
b6246cb52d96c79df4e76939e5482b3d245b948ff0fed8beaf094ed32f1db63f	82	ff848b8498c18c568fc6b67fe9483ca39fd10692
93db3cf67f0d9b781e85c45769f2224e074f822a80cd5e3a9309052f0a0b26b9	127	ff910edf0d77fe11e5c0d5610051300d159c2a59
e3f9bf1af0685d76d7a0778995db881e7c791f69d42f5e6c4c745db47c612966	82	ff95b16729580e752c6b77703188740240aeeec0
3c3e95ada9b3301439dbf7369a0805dacaf0fad06497d78b1ddea511b8433150	78	ffa2ae1fd43342a4ebc7f71aac3ef2b30bc99f59
9a0ec410f91b3dedee9e8c8766ca20052fdeaa21640acb1b08b95dec1d435a02	96	ffa834308372379a8b0e73876bfb20dc95b092f6
39caf41cdd6f95f2232d40899b73e4b7d2e7145a9a03a968257402516448a26f	72	ffab58f4adb4882028df4fae62e5e8b76b65331c
9ab915b56fe13873a8062e30fa4f6ff42639452ec5a496bc6b9e05e40e7c9603	82	ffc3c0a9d883db4800ce8325b668865d6874585a
3fc1b7baf02b68250558a7b69e9b835adc49a788c9f498e20ed54d6833ddfb3c	84	ffc5e264282c755c6c283cfa3006ae610dd2c34c
649e3238b09cd5f10825a1b90946a641bbb8260959e9c6141a27cf1f6a770fca	80	ffdb4e4395955297ad3ddb8f678e78c618ebc1d9
07b33f53bb9011ffc8298b7b873134c43ff61757417e4c75cd2326a57a78df8a	71	fff02fc06832e9c33fad3221d8a9ebf21282e5f0
