000c3f693e11ea85b4b88d11314f07ee7e84badf80038caf4be8654acd0034cf	arithmetic	arithmetic.FUNPOW_1
00111acb02a44d081ddb31ed6802e358f9a85e23db4ec0ab0ddd4d5ce3752677	arithmetic	arithmetic.MODEQ_0_CONG
001ff2c0ff69617a6612da4db2fde2082b6c7102c96507ecf190eb65dc925b30	borel	borel.BOREL_MEASURABLE_SETS_OC
00369d24f8b43c7c143c266d5f69143c8f143cc31ffea130876c322889cb5715	arithmetic	arithmetic.FUNPOW_invariant
00642ab1b280a0f66e650afd304491227d4420ae837ea6a10b0b2a185caf1989	bit	bit.NOT_BIT_GT_TWOEXP
007ba5d07389aaff8d556f70a316622ba77eecd2379480b18fe82933582ae452	alignment	alignment.aligned_mul_shift_1
007c530788335a147a084a53a83ff3690c31de1d10d9f3298a9603187bb44277	HolSmt	HolSmt.t034
0086bb5570473642a99c2ec230c58b40d1094c3eecd2b91976df1617b2801913	DeepSyntax	DeepSyntax.posinf_disj1_implies_exoriginal
009d53390e03f66b6b1c0ff0f80c8f4742d257b6e12424032720e487e9f0839c	binary_ieee	binary_ieee.float_literal_11
009d75e8da2ce26ac5c7c7b496cf1fb0bdfda700360a0422353e421ab6de3208	HolSmt	HolSmt.r183
009d80f100ba72a30207ee8d4eee45f89f1594a59973b0a8f73060c3d8381e17	Coder	Coder.wf_coder_sum
00adc2f265ee7a0292775df5ebbe9c7ca052ba218cfd05da98b4b1391b7acad8	bool	bool.SELECT_THM
00bbc51ef51ba852c81fa361eff76ce182f360526529d744b8cd07e541124764	cardinal	cardinal.CARD1_SING
00d4ef92b124e29cfc177be94c274eb7a45153dd97dbe055eb861bd54634a041	bag	bag.BAG_EXTENSION
010589a4aa72d6b4ffe609c4931d59a96f6cd695db70ee06c3fc0700a5590d3d	bag	bag.FINITE_BAG_MERGE
010b760c0ca441e3746ff38ae1c7142639905fb28e6ff35aab0970fb449ba315	alignment	alignment.align_align
010e20e6dba49b6a5feaaa116bbf0236cc6cbfbc0aba50e2d6818f74f7bdbd2b	bag	bag.EL_BAG_11
01185b7ef315fcfbbdaf62a046bfb64a1607d5d04eb18afc9f3ea99627168044	bitstring	bitstring.el_shiftr
011962e8e6f311d7ae1a058f6ae3ba7d1d5fb159bf5e4efcfb75b53634f95ab6	arithmetic	arithmetic.X_MOD_Y_EQ_X
011e583e15088a903643d1c4dc376a256a303a6f9faae84454715aae266c97b4	bag	bag.MONOID_BAG_UNION_EMPTY_BAG
01419a29ab0e1e4d142121a29eeb4f2a0770d229b66fa3ddc773747e27fcd53a	borel	borel.IN_MEASURABLE_BOREL_SQR
01a0138159bcc8239231fc8818fc9e297cb439f49c9308df13243976e417191f	bitArith	bitArith.LASTbl_nonzero
01b0133baaf05b6ce21be1337b9d8ef0bd54341a5ea6ec6462d527fe672601cf	arithmetic	arithmetic.MOD_EQ_0_IFF
01cc555a88fc58092fc5010253b54b0fb8d2a772bf589ba3dde400052d8d2c90	HolSmt	HolSmt.r227
01e0381e4fe5d89f7db38282f7240b61074c9102709ff892827b4e4f8cd75eab	Decode	Decode.encode_then_decode_option
01f2fd6375d49297c98369a9aee450ce4b9620941db6be17183321efe6fb42f8	bisimulation	bisimulation.TS_IMP_ETS
01f5c1febf40c296923689e3201dfa1fc614acc6515fbb78a7dc34d92a62151e	cardinal	cardinal.countable_setexp
022dca0875989d3ca751279211d7acbdc0c6313cec22f8715127c69dfa0f17a4	cardinal	cardinal.set_exp_card_cong
023c1854ddb990f7a1ee14201fdfc4c248419fb59b34189bb760992805fd1986	binary_ieee	binary_ieee.float_is_zero_to_real
02408727ce7babc909b66ab150fcef3003086b624fdc354cda3c488340597760	arithmetic	arithmetic.LESS_EQ_REFL
025a39904b24c626cab6daa3d1368f5f35d6c23a081a0eea5e2cc3cf0d4c310f	bag	bag.BAG_cases
026b44e4219d90c4319c873f4aa4760d705d0a7b98c3bceed76d88852839bfcc	bit	bit.BIT_LOG2
026e27a229abecc3de06050160cc40bc94b45629c370283c8be3740aca3b4dde	binary_ieee	binary_ieee.float_round_roundTowardZero_top
0274dac3c69153cf48e894ccd43f3accfec80f935e9502ae59191dc513c00621	borel	borel.IN_MEASURABLE_BOREL_MAX_FN_SEQ
028207ed3b89c9a7c02060996592d42d5c154eccaf84b0cbdd25145b4e105f48	bool	bool.AND_INTRO_THM
02ad873b85b5e7cbc520f7fc426e3c2f1111a696df78f01ffe79d35f959b8480	arithmetic	arithmetic.RTC_eq_NRC
02b276243aa10907903836a99a779a5af45c4617a9d5f3d7bb1c858bb9773d38	arithmetic	arithmetic.ABS_DIFF_SUC
02b6b9bd5db85a024f04990b33845318d499662507282742cea824d96852299f	cardinal	cardinal.CARD_LE_MUL
02c42a7eeda7d0d337ae3ec407745a3ffc825f954a73d3ab1506e37b12f40bf2	bar260	bar260.foo_fn_updates
02d11c2719bcac764c7a494a8cc2fe8242654607ba9c995430b3cf9078dfa834	HolSmt	HolSmt.r078
02ddaaeea9e04dcdd75b88353b949aa082cbbe71f42a92d33e80163b070de942	combin	combin.W_THM
039150ea685a99fc1da324609a0064c5eb250a9910674e505c4b926980d82780	cardinal	cardinal.CARD_ADD_LE_MUL_INFINITE
039aa7e11de6c47aa14c775be3de11228ad0d4aa798339f266210d4e695d03b9	cardinal	cardinal.COUNTABLE_AS_INJECTIVE_IMAGE
03b0237cd773b595c2f4c0e270aea41bdd5df1986ee59c9849788f5af865f344	HolSmt	HolSmt.d014
03da4c76d94ea7ef380078b9ab2a5a75fcf5b45c193d61979187c95467b26ffa	bag	bag.BAG_INSERT_ONE_ONE
03e2ef7613ef03495fd16f187ce6cba33df215827bf7a3221a718cd5eb6928bd	borel	borel.lambda_countable
03e85a160255bc6c0c9b9c8e504a5b4bf45cc9cb7e78670a7b2c89cb69cdfa44	arithmetic	arithmetic.MODEQ_MULT_CONG
03f35428ca578a299c22aac38986d692493afa84ef90a7ecaf9ffe395ac30c21	cardinal	cardinal.BIGPROD_pair
041c99b82198178ddfcacd34a00874b5f345e13e7df7697496dc52b1d6ab9c70	binary_ieee	binary_ieee.NMUL_EQ_2
04213b8061133264c189acb27e4444ae39ff9223d634355e3c13dd8b4c8728d3	alist_tree	alist_tree.is_insert_l
042cdff790e4a125949dce150cc5f5b8e5afcdf06a39bf801bc7cb10b4f1c29d	cardinal	cardinal.cardlt_leq_trans
04c7108da312ffd69035eafdacd734932736e04a1593a5a9581f04a729fc014c	bag	bag.BAG_IN_BAG_FILTER
04e39dd12f669b72f8f4ed64d37fbbf3ee1c404cfdefbc8dd2fae8d995047c2b	HolSmt	HolSmt.r038
04ea00abffb84001ed1794aa8ad1c2fb2528bb53397b77b5b273b9451c5d308c	binary_ieeeProps	binary_ieeeProps.round_representable_zero
04f49d1b8b3ca56a1498825821cf5f070fb9806bd8b190ce3416f54dcc001d83	byte	byte.words_of_bytes_def
054031244e33dbaffd974c97d1d215ec02e1186e77c38274c4ee799d73db9639	HolSmt	HolSmt.r109
05521693999ddc114ba17a4582518e19eb5da257b6a9ba175baf02eb9699156f	borel	borel.IN_MEASURABLE_BOREL_SUP
055f49d0d91744eaef7ed5a0bb83930eea2f7a20e0dd9dd1ca6223123bba01f0	bnfPrelims	bnfPrelims.IMAGE_o_equal
056cecc430283d2c0e4fc85e90973d0c7742e7ec841d4867e6b2236e9c69cf90	bitstring	bitstring.el_field
056edfa77617d91eb5e446908ecb7a3dcf3e717e80a798cde6a4dfe1ca90aa96	arithmetic	arithmetic.num_case_cong
0573972f43d9a6c874ec058526882faa1cc897a377949de994ade549375f9d68	HolSmt	HolSmt.r029
057bf767ff154d688a1c09f7d4765af35e818208f60176e11a14a80d5e5e5d3f	borel	borel.IN_MEASURABLE_BOREL_OR
057fc1dfbc891b70ddea5412d1ba1a1a27530e2eba6ac621220320180bb8e4aa	arithmetic	arithmetic.ZERO_LESS_ADD
058cfa5062359e2bb7923d583a4e4568bf78134c1ce2db7c05cc121e45823cc6	alignment	alignment.align_ls
059673d361dc503eb918b0370d31e9992eef9c360c5d39b659db65993de60004	bit	bit.BITS_SUM2
059e08d35446b889d2dfba5495153c4f76ca756210ac134690e033b372d4c877	bool	bool.ABS_REP_THM
05a40df571da629e495c39a1cc1650ed8626d6403d058e85ec5f0244cdd89f1d	alist	alist.ALOOKUP_MAP_2
05c76121abc1742525eaa8dfe34fc6890b435c97f21ca100580b9614a3fb3d32	binary_ieeeProps	binary_ieeeProps.negative_representable
05ce0749beaf928254d158e910c5ebb864393f9a41253cce5bdc9c7d614d1488	binary_ieee	binary_ieee.float_values
05ecf3503f8d52ef85e0f2b5eddf9e3fb4ab68067964e36f9f1d1693d88463c1	HolSmt	HolSmt.r252
05f52e9a440129b84da66c1f6e8b19b1ba1f9ee330411daec0e493fcaacac685	bag	bag.BAG_IN_DIVIDES
05fa5b5c970d69007f13b397aefab0daa815904aa4b9f75e0ca85a96802bd2d6	bit	bit.BIT_SHIFT_THM5
0607fc392d0de65d1ae9e2df0f542cb6de284550c1e9abf54fb025dcfb8a65cf	Omega	Omega.evallower_FORALL
06260846669f22827e9f322c9c24208535560d3177747140a4bbcaee6a2bbbd3	Decode	Decode.dec2enc_decode_prod
0648ec0e1090a5675c2683353150e806b04dffed167665001c2e5108ed25f900	HolSmt	HolSmt.r092
064d8764265f2b4db0874a91e11160b91363c7f5cf4f55641f5b801883e85851	arithmetic	arithmetic.ONE_MOD_IFF
065b26111eaaaa6feebe30d1483339a25ced1e234a3956a849b87c89dd5fb659	binary_ieee	binary_ieee.round_roundTiesToEven_plus_infinity
0683df39e92e59e6e7421b59c322bad195a55f02d5be856ffdc480b7c569ccca	HolSmt	HolSmt.r141
0689977add18c6d3f58bf090c5f4e5cef82149248052b0c58fa05ac492e33c76	cardinal	cardinal.CARDEQ_CROSS_1
06a23c4ae8b8a3d540a51efa4ea4d26c0c3bd4e3eff3d911d8401352e98e4020	cardinal	cardinal.BIJ_functions_agree
06b0b61775692cc5ea6147a3128b9e45a87a11c215082a9b6dbd32dbe9d07725	bag	bag.SET_OF_BAG_EQ_EMPTY
06ba0c2d9a641f0824732cb9f34f2a93f498ea1dc461f39ffcb6b17a2562fb94	coalgAxioms	coalgAxioms.SURJ_homs_epi
06ebdfc2a2bda9d6f1e152da5d2874e03b2068ca03ec080fcb7de55d198ec90d	bar260	bar260.foo_fupdfupds_comp
06f5d65333dd7a109b4016ad7534896973eb53e11766f7284831839a6e24ba2d	bitArith	bitArith.bleval_def
0700ef59f0112f00895e485cb7c20c2445ec4fe8f53f0c3ad287ba78031f88ef	HolSmt	HolSmt.DISJ_ELIM_1
0706a8703071825378f6037c0ff45a147749f1e4040b59131a1ccf7f448b0cc9	bool	bool.BOTH_EXISTS_AND_THM
072deb8c5152be9108e1301d019153da07bebfdf907878996c0e6360e47add5b	bag	bag.BIG_BAG_UNION_INSERT
0739cac98117130d1825fb862e1f6dd7f4fbcd5ff0b7ab3d2113daff28b680b7	binary_ieee	binary_ieee.next_lo_11
07496c9fec731a442d27283b478cbd76dc24955a62717363581f44c42d4537f7	bag	bag.FINITE_BAG_THM
075b45f97300c617f113533315717d49c172c5323f30d70ca20b17a473316288	binary_ieee	binary_ieee.abs_float_value
075e8cdeb0efe70ff9b896812dff72cf96b06fac761afa39d2b19a14c37c3d82	binary_ieee	binary_ieee.less_than_ulp
0762827c7fa79b6ed0b8fc841f3d019df31e3ff01ee88aa022bb2e98e125e8f9	alignment	alignment.aligned_add_pow
0763606f2f23754f5cb4929fe93a47d213b80562d3d814ddfc4b4b43a1b26991	cardinal	cardinal.CARD_LT_TOTAL
078f661fc3b9d94846663b3b7a84b73bebe96f5de08644554325af2d9631874a	cardinal	cardinal.COUNTABLE_CROSS
07db67a603091ca919d76c983caaafa28a7864cf496845303613d6f1b03a6277	bag	bag.unibag_ALL_DISTINCT
07f2f245de0ef8b647c533285a60e716d79b09d1e88324028e42849bc4e9b5ad	cardinal	cardinal.set_exp_product
07fa4c0de61c70a8390ba98ea80969a93d25c4f32778955b0dfbed3f1d62ef94	arithmetic	arithmetic.SUB_RIGHT_GREATER_EQ
08032cf93cb4fea242a4b73ea6fba1c8e8e6825c96a9665d02ec1c588ba6ba28	alist	alist.set_MAP_FST_fmap_to_alist
08303d7e5e9129fac175ee1abfa5aed2d956e07799c7144007f6f1e9ac8f61c2	arithmetic	arithmetic.MULT_LEFT_1
0855d79e523a32f6297fe19b111c10cf8358fa141a430382447b3d3fd8160246	binary_ieee	binary_ieee.float_is_finite
0860b62ff582867e893f23a4c8beb0987eedb9d7bbbdfc1f1d8ba0a5f39db175	While	While.LESS_LEAST
086d8883aa8e8ba6bd6fde0041706777ed2baba42924175705b45268b5d1d071	bag	bag.BAG_MERGE_ELBAG_SUB_BAG_INSERT
0877c0780402531d35112a24ad8d80d1dae76e5bc3df6b841fdcfe2de67f48d8	bar260	bar260.foo_accfupds
08989061ba7bbc6f7c4ca149830e2e7bdd54a92cbf8fb893680cbf22b9251902	Omega	Omega.dark_shadow_cond_row_def
089bbb1ea7837362294bf577eef214366663b479bfaa047d83f77eef7998fa5a	cardinal	cardinal.CARD_COUNTABLE_CONG
089f38b40d3185c7c455e11c65879c04790bdcf2f3bced421a5cc786c9b867e8	borel	borel.IN_MEASURABLE_BOREL_MUL_INV
08cd3f52f2e525c3f89144f1813245d77ff2f4e7a00d8e7a070bceba2f775a11	bag	bag.BAG_MERGE_BAG_INSERT
08e72a9c21c96bd20b346f7234f6fcfd9d5e4bd2fcace27ef0a7115f9ba7d0f5	borel	borel.IN_MEASURABLE_BOREL_CO
08e9b396ae44edbf4cb6fd8d07254faad56e5cde758e78ca9be3312761c1744d	HolSmt	HolSmt.NOT_MEM_NIL
08f89bb4e1e87363375df1ed2c458b20ad4c39c05e7e2b44a013767139304061	HolSmt	HolSmt.t013
090643aae352ec747314900cd24a0de282c1844d93840b40ffe51b60d1406b01	alist	alist.MAP_KEYS_I
090ea92bc9a6490cbbcc920f5ec01c093331a1d2f54364c1ba2374acf9194a4c	HolSmt	HolSmt.d020
095d6133de4b2697f5efcbfcb8e45bfec3fbb0ba81079a9a5545c0a41550e14c	coalgAxioms	coalgAxioms.set_map'
097713b2622c344ae7fe1be3a973eae5dd338a0083cb9025ed0d5385c940296b	HolSmt	HolSmt.r173
0986dc40d20f092e4c95529b8ffbb8d3ac47b590124caf4a27a2160ce6b3eb1f	binary_ieee	binary_ieee.zeroes_are_finite_floats
098e6e621f4275cc824fd0a8b12da6f3bfc698afecfe430bda9e9b5a4948ac29	bitArith	bitArith.DIV_POW2
09b7d91ba22fad7838678cc81abc3175d7bc3058454b71e5d29d60103f5fb4de	bnfPrelims	bnfPrelims.IMAGE_KEMPTY_CARDLE
09b8a6e1a1b6c3140cbdb6b9a95b2325f290c024af9cec7ea06ef3ac94c9551b	combin	combin.UPDATE_APPLY_ID_RWT
09c03b4640676998c28f66dccd745b546d8550ba548c45e8b47fbd5843ac6f3e	HolSmt	HolSmt.r014
09db5113133374585da536281b62e9dd4c3f6f6081f310bb63f29084e5a0f086	ConseqConv	ConseqConv.IMP_CONG_imp_weaken
0a1cdb0dce3b9e637fc566abda259aca30cb018d8817b8b7c50b3abeca2ba54d	HolSmt	HolSmt.t026
0a42492136d8096b7a5d09e334e72fd53b3540ac9dee8d6f95319e4d64923f02	bool	bool.LET_RATOR
0a42509584033d692701044a94e6f4e8f39e9be4467b32db18d3dbbb06d43c3c	Encode	Encode.encode_num_def
0a606e150a6fb174b22d5e9131c34be9adc0822568561f738f17a83a0e443e86	Omega	Omega.COND_EX_ELSE_THM
0a6b5e73b83f4eb7b52c4ee86e262821462a676d49a5c24abffcf784fe328411	coalgAxioms	coalgAxioms.lemma2_4_1
0a6bf10abf8bf6223d2f47002cdb559522940a5b2aadcd5efd4211d20ae323ff	alist_tree	alist_tree.is_lookup_empty
0a89d3d83026db5bbaed3fec69c4e343b46fb740039f9be1dc3b812bdc80cbfb	bag	bag.BAG_EVERY_UNION
0ac14c90bbf841788925df263952d3cf86e76dfd475ba807ed8814c65c01aa01	arithmetic	arithmetic.ABS_DIFF_COMM
0ac5fcbe17d7d80e728c81eb404ddff0c9ee6ac2ff828b4ca4389d673f755b64	HolSmt	HolSmt.p007
0af36a3bc04a25f7cd9f5e1fe78dadb4c242cdc63130ceb76948eb187ccbf09b	cardinal	cardinal.cardleq_SURJ
0af42400461ee39f367cea27fef9418c422a47b97a4d05a452db6a1bcefa3960	cardinal	cardinal.SING_set_exp_CARD
0b014764c7cee5d28f275011d471193721337e81bc9896da939c721be1d284ef	borel	borel.IN_MEASURABLE_BOREL_PROD
0b086ab83f910095b609a821d7cd47e1836a6ec24bb1443542f80de9d007d15c	cardinal	cardinal.cardeq_SYM
0b0948fc04913bf8c95f5db1c3ead4db16610ba670943207d22ce56aeb0d969d	cardinal	cardinal.EQ_C
0b20ec587d72b9362999dc2c77fddb3bb5bcc89cfbe40eb44f8324e35f1b966c	alignment	alignment.align_sub
0b34c15ab27344595e11ce4966f7268dc361ad26c38f81609a5daad7b569900e	alist	alist.AFUPDKEY_unchanged
0b385177f7db15da52d9adb0d04d8b733afa3b531b4ddf91ce07340df9fdebbe	alignment	alignment.aligned_extract
0b4e7d6a3abcdb4c9e81cde60a8b14afdaa908eb4fc7fb7379cc29f139f20a59	arithmetic	arithmetic.LT_CASES
0b550dfcbcce556d5257fbd7a746fa302c9a119a59a75363cfc161eb64bff7f3	bisimulation	bisimulation.ETS_REFL
0b556d6508d4ddf005c27728ee9c6546b459bc90d850fe07b5d46c6395edc473	arithmetic	arithmetic.DIV_LE_X
0b583ee4a6b2a770492a2cc55ce974eed595633051b5665d64c59399d07baa32	combin	combin.GEN_literal_case_RATOR
0b60a99657457c4ebd7eab718a6a70ce6d0580e75538814a04f404389bdbaf1f	bag	bag.BAG_DELETE_BAG_IN_down
0b779574d9e15c28b9e417c8ee318c0fc870f87be5f51e8748e19384ad613075	HolSmt	HolSmt.r102
0b894ea2a3fb73c8ac11dc104fcda8ffdbc9179c9475149eeed5a0fbdae816b4	alignment	alignment.align_w2n
0ba6884b7a9ec1e704669537f895aa20b85fd80b4e9e60c7aa4003b724301a25	bisimulation	bisimulation.BISIM_REL_RSUBSET_WBISIM_REL
0bad9ec5890826cd2b8d06224bc49e65aa4f209aacbc4dab5927f13fee541dcf	alist	alist.alist_to_fmap_MAP_matchable
0bae4d77b7a200e13f2c83ddafd67c62dacb8e207374d9ff1a1572ba97fca5c9	ASCIInumbers	ASCIInumbers.LENGTH_num_to_dec_string
0bbda2910d585eb4ee20dcb11c14efa77394dd492a9dd053277a3514858a208a	binary_ieeeProps	binary_ieeeProps.is_closest_0_float_to_real
0be2640624b2bf9d4df41f2e6788ad4d34bebfd61c0cdd10f4dafea22cbcd96c	bitstring	bitstring.word_lsb_v2w
0bf56d98a3252d2cb56eeacda237973fed90474e9d40214d28788ada1829e643	bit	bit.BIT_COMP_THM3
0bfb6b72a1e699267ba575d0d9e5937cf6ef5a40e9ce2c04ef8e4f293bc0ddd4	borel	borel.AE_iff_measurable
0c37eb44b0102fefb501345a022fc776b2f8f1a049e34824ec96f5ed49f339c1	cardinal	cardinal.IMP_CONJ_ALT
0c56f02ab4a877f8bbb8362e2809ea33113220608c7374168c85c44b40259dcf	HolSmt	HolSmt.r214
0c7122abce4f9a5caa1fa0be2d2cca70b2e49f9a0088e929485547a7ec78dcae	Omega	Omega.eval_step_lower2
0c80c33dc7554909681ee0323c2ceb7a30370d91f5c1d87338216578126ce71d	cardinal	cardinal.HAS_SIZE_BOOL
0c9383664b9947cade49175c64afc8d6404e9cbf9e21cd92fb1cc0eff35534c0	HolSmt	HolSmt.r239
0ca944b81e68fbe4155b4a408dac87f668f4bc31268331bde484aaffdcfd495d	borel	borel.AE_FORALL_SWAP_THM
0cb4412c02f6b752e58134dd410c2b94124201f19a83a7e307c282e51796d474	bar260	bar260.EXISTS_foo
0cbdde06d873929d61edd4720ab5d91ddfcc020ea9005f95931713cd1e285676	alignment	alignment.byte_align_aligned
0cc1ea0dc3f1945cf9cb99dd0d7a6bc98d32f420c5f29789e709cf901ff9d454	binary_ieee	binary_ieee.float_abs_Significand
0d0689c6fd6c60a227956d1a944691ea7b4c27e1f1a187c6fe360d4e85677947	ConseqConv	ConseqConv.IMP_CONG_disj_strengthen
0d34ac9031905700287aaae6fe6cac8bc3580bda404e77e78c2d4439f93d27cd	bool	bool.REFL_CLAUSE
0d3e41d85230c4ba0c104d6610278a663c074836a47f419f79c6d073881b40e5	bag	bag.FINITE_BAG_DIFF
0d3ebf6a75a2215b33f61e4ae1d9c3b27cdc8cf17a9bba7760a68a3b8da8d881	arithmetic	arithmetic.MOD_MULT_MOD
0d461e59da56405f37f92d2b999f983929feb0b7a69b17e37269d75ed1926e19	alist	alist.alist_to_fmap_FAPPLY_MEM
0d4bffc85f93913c1c516d5a86da34db3dee495dd085d339bd91211481dd8d43	bit	bit.BIT_B
0d66f42b312171035bd509b177c56f5c4b13d39a664b1ba448f8993eccb55b71	arithmetic	arithmetic.DOUBLE_LT
0d72ce095168c81ec7a48340cb8e76b37b6fc5140b14349da5aa09509a3356e8	binary_ieee	binary_ieee.float_mul_nan
0d73c699ff43ef0d568b4147d994637b825ac49b6bc59fa35a6ed1fb9e28984f	binary_ieee	binary_ieee.float_round_roundTowardPositive_bottom
0d8f375f43e16066efc4f5724c7e94ffdeacddcfdfc72da31e120b261c5255e2	alignment	alignment.pow2_eq_0
0d952a3d4a9e3bd2647d5ffe930df115e3c35d206332e578d7558e8c5969d199	arithmetic	arithmetic.MULT_EQ_1
0da04b4ad944c9f9d1407e92a174616248528789cea042a5bbe76e211e0542f9	HolSmt	HolSmt.r178
0db33ce0238f6dbf0788b734addab302e06fec79a20129d0dd3a9902cfc13556	cardinal	cardinal.CARD_EXP_SING
0db8810f04169dd36e24e787141eef17633e2a678a8c95df8902c1ca47c538fe	While	While.LEAST_T
0df34a3cdd2aca5b4beaee316edf4a8a0cdb96483fe1f690286028f9c76a26ef	borel	borel.lambda_finite
0e007ea6e451ce2ad20f8ec574446a0a75354eeb911dde9f04892e92628618bd	HolSmt	HolSmt.r030
0e07dbaac06f51a943a89e20a312b43db0add2c9f6aa61eae3f177d63340720c	binary_ieee	binary_ieee.fp_op_11
0e1e959d75f73ea2c6444d2b93f9d7b109ab677a6f653a683efd1fc7cc96fcc3	bag	bag.BAG_IMAGE_FINITE_UNION
0e2ca58797d1caf9ac45ef3ff505a5663d11b169971eb0996aa3a02ae965d7ad	arithmetic	arithmetic.LESS_OR
0e58f1fbda3de3d84738adbce403ff8b95ca89a9f0d0dcbc1b4f69e73fe3d55a	arithmetic	arithmetic.MULT_SYM
0ea6f1e63b9628f2fe3c529a9d82290e4d65dc591817184a24bb099360d49f21	HolSmt	HolSmt.r171
0edd8b3509d11b1a014c5d99125649108b25467e99054b01766c1934e2cc1539	bool	bool.RES_EXISTS_UNIQUE_THM
0eea7ce9ca7b2ff74ee88281c38b2fb635115ecba95139690a99d2950152d0a5	bag	bag.BIG_BAG_UNION_EMPTY
0eec855daff96ff5af14110155b6cacb0a1b84a3741f010b287a09ea7f8f6674	HolSmt	HolSmt.r099
0eed11e85fa396167ad8a031cc6888d2b3da938f2f89eb7f65e9f53216cc5de0	ConseqConv	ConseqConv.IMP_CONG_cond_simple
0efdb5019dfc60c9b1a4918e29141faed70516e5b0e3b47237465f479dec7411	bool	bool.EQ_IMP_THM
0f0683e26243e1e53f1f8621f8c3649e89cf949523630d11c74ca55d8c687273	bnfPrelims	bnfPrelims.sumMap_O
0f15ab2744eee5998f45dda3a8373061d6853d3632c1d0ce1a59d5c4e28cca7e	binary_ieee	binary_ieee.float_is_zero_float_is_finite
0f200c18d1cd89dde5dab49bda89104eadee8e2db302c90934c2af6af976a45e	arithmetic	arithmetic.X_LT_DIV
0f35e41fdfcc0bab599cc112b6e36c978f9ff96d837055ba27957981447d2b3f	combin	combin.ASSOC_SYM
0f463dc97e4435b2482451972cb83d152bfc98e7070c4766833841b26a982cfd	alist_tree	alist_tree.is_insert_r
0f89122e4adc7fa0ba68a9bff37cf6c359d2b40ea4d39177aa5c5d10838df1c2	HolSmt	HolSmt.r208
0f952c9de1b0dbc3e81fd4455675ba077b621d65a5c0429b9b8f17033f132833	borel	borel.IN_MEASURABLE_BOREL_CMUL_INDICATOR
0faaae55db671cf01d73ef74720f082401fa4af07f3561ed577a703282b3334e	bool	bool.FORALL_THM
0ffe601303c0061676db7c065b5de1cfe566030ec9f2ad37ccdf0a9ef9d2c291	Omega	Omega.EVERY_SUMMAND_not_gt
100eafd4d829f78ffdbb2d8c62b478f834ab66fcb5a23c5fceba26e9c1aae75e	cardinal	cardinal.COUNTABLE_AS_IMAGE_SUBSET
1012974c69f7c006ed87d24876dff7e3edac402f8ac864026c3cd77f5476c420	bag	bag.SUB_BAG_UNION_eliminate
1017f2f58703f5d0f83fbcf3d49f86a626889a320a8164a89fdc76f3695070b8	arithmetic	arithmetic.MOD_MULT_ASSOC
101d4cf6f58dee29f534133d1ee5ff999f2e9ac4d871b86cdec9bba9182d4b75	bag	bag.SUB_BAG_LEQ
1028f67eda492dc845825410db50dba5acf6c439280c4a39b658d25f86e86743	coalgAxioms	coalgAxioms.relEQ
1042e814aa4c64e3ec5b115f22446b149b282b627f57bc4666a6af667dfd9784	binary_ieee	binary_ieee.zero_le_pos_div_twopow
10586217bc82bc4b3321a47e58c698f67e9c808748bf4768e72ab30c66d54340	ASCIInumbers	ASCIInumbers.num_to_hex_string_nil
107bb0321a0bb50e4b8c266ae3433afcf6deb5be30511cf3eb696e8a5dde6797	arithmetic	arithmetic.LESS_CASES
109c5514b223cf82137debd3a4dcdc54028aa348f51a562fac64c4e05710cbcb	Omega	Omega.refl_case
10bd155f1e8133a2792e29759ebae59ea445a820f20ff67a4244edca460bacff	HolSmt	HolSmt.t009
10c34676d07f67c4d8afc65d6a7e5fe437952ed834fc4e6ea3f254908eec3d90	arithmetic	arithmetic.DIV_ONE
10d6d3c3f2f1faac76bfbef64282308dc170746a06f81c7967519e0d973d33ba	bitstring	bitstring.v2w_append
10d9e481e980c4c62914c97f819e0aee691661b3a2800c418da844b858bdb32b	bar260	bar260.foo_literal_11
10eda2e7937f70848fb4f1ca203ea48ccb7d5fdd41aaeebe5073b35ed99b3c92	alist_tree	alist_tree.DISJ_EQ_IMP
111d744661b10aeb9ce235f8adc3a093acd8b04cafdd3c31d40c1530fe8ce5dc	arithmetic	arithmetic.DIV_LT_X
11341fc3988f00c523a72484afadccd5847c7fc2c609aa6c38f99f5ad9071271	cardinal	cardinal.CARD_LTE_TOTAL
1158cfe8122e7b9355821627f10f0fcc1bcb4bb0ae64ff78067c59f0811a83ec	bitstring	bitstring.word_xor_v2w
117e5b43c58f5bf32d075b6f41b1971d931bba0afc9f864f3bdfee42d405bdc7	ASCIInumbers	ASCIInumbers.HEX_UNHEX
11ecea538eefd4526df9188efeea85ad94269adf05f5af071cc73c9e17b99e77	arithmetic	arithmetic.SUB_SUB
11fc42fffeda1516a7a907931a0f5fd86401c82a92720c3b1dabae47ceae845b	bag	bag.BAG_INSERT_CHOICE_REST
1222c62ffa3d54143f9bb5c3243d41fe0f747c3b23ff66d1402a359f44c0ba84	bool	bool.RES_EXISTS_CONG
122f730a6c49d9c4101fca946914ee5c2002a9e23a0c2d82d708c744cee68c5f	HolSmt	HolSmt.r142
1244986edbe938db4db94b47611e886362f2283ca6552f4b677aba4b85ca59f4	cardinal	cardinal.fnOfSet_SING
124c56c6fd4541a7dee80972e37a04dc3bc1c2c8a4eb168e26ef44d885eb5ac3	arithmetic	arithmetic.LE_REFL
1271e301c631e1dbeccf9f27d6f909d17b763abacd6429fc41c1fe77536645a3	HolSmt	HolSmt.t002
127bdfa15fdfd33baad7a99e57c7a9d585f561b29c0d84e61b7407146d755583	HolSmt	HolSmt.r243
128191f6934fcc08d317d212ceffcec055aaa2dd8786eeb7233d53ddec7a3408	binary_ieee	binary_ieee.float_compare2num_num2float_compare
12919f5c03d1b7ba05df9a8c274d4f5e79e308217a59aa401775692619723ab3	cardinal	cardinal.CARD_MUL_ABSORB
12a9fbc00a36c2cb86fb22dd20052e6c221a87a4078199f686fd94942fb0c287	borel	borel.IN_MEASURABLE_BOREL_BOREL_ABS_POWR
12ac2bcd4927f09af21a458ec87358ef3ff730dce9fa92a36eb0b0bad67bd3c9	HolSmt	HolSmt.p006
12bc01d4df49a5f50b52245494c5e755e71a15425e9eeef53bdf1838af5d4893	HolSmt	HolSmt.t025
12cb01f9ff2de39e96ae25825b927873ed9ff22fb8031c85c3325ebb0c923786	coalgAxioms	coalgAxioms.thm5_2
12d636711123fcb4a19f332f2c2c7ff88e917cf7cd3d2629ca41e061fb51dce9	HolSmt	HolSmt.r197
130d56dd009b64b9c524b6b186cbc390cd4e5659f7fc9460f5543d1b7b59d39a	binary_ieee	binary_ieee.next_lohi
13210dabb7e4a36a772319a6c94242bbcf6fe21668f1933f040b4f729a1aefa5	bool	bool.FALSITY
134450d59b681675730c6df83364702d2872c320e04dfa281e09035166e94ab7	cardinal	cardinal.CARD_LE_FINITE
13456f88221a07ec3a3b7335f8366b1deae955788a522790d3a7c7fe6ed3519f	arithmetic	arithmetic.MAX_IDEM
1353912ecc00446f8c21811dae0c6edbc9078cf0704e7cf7e6e7c38efab5d21c	bag	bag.EMPTY_BAG_alt
1369dba4b4b479fd0505b1d805014d5191581b355aafa4d63199ca04c36a106e	alist	alist.alist_to_fmap_MAP_values
138e96a3afce6bcc53dcd3650d729a9292e379ea6bf4f12608385551491ba8f6	arithmetic	arithmetic.SUB_EQUAL_0
139995f2d9fa5cbf89e216019843381967d8550daf33cdc9e1565f0ec6c93ce8	bitstring	bitstring.bit_v2w
13b389283cb52c173718e67608c546fd80025fc3563974e4236e96d5b02085e9	alist_tree	alist_tree.is_lookup_l
13db2881d8fb2bbc2bfb9e5fe0e4d3dd7635caaa506aa76ad811d41fcba47fc5	binary_ieee	binary_ieee.float_round_bottom
13e8a603976d4f8c89a446bb9faea14e0eb0a8e9ffefe4474f4538d1daed29df	binary_ieee	binary_ieee.next_hi_Sign
13f55a1a526f2631f5cae1046ac1b199cdd76709906f4334652272c1fa096e81	arithmetic	arithmetic.LESS_0_CASES
13fc4ade54aeb422c0e7c24b401496b127c2cf378ea88612a00348af9ee86b63	HolSmt	HolSmt.r199
140bd7c85abaa2240f2a94fd2deeff7ac7ceabe8461d829e3bb8c99258a20fef	borel	borel.IN_MEASURABLE_BOREL_BOREL_I
141c97dac9e4e2c45f1f3e6622e756d7b4e65e1a031c337344f44d252d2bc5be	bit	bit.NOT_ZERO_ADD1
14200665139e06f5b1b7d2d5f6a19ac34198f7f80934713814f5f2bba028293b	cardinal	cardinal.INTER_ACI
14988290728bf5887bcc5c5cf19645f9d2ec5fdee05bd3a8b1cfb56192e95c39	borel	borel.lborel0_premeasure
14a10f411d851b57bc2ac14ca39b8ca2baa962c5ba2ed312cd0c09d5feb31474	bitstring	bitstring.el_w2v
14a4ffd83b4210830d3399408697f048b8ff49aed60ab269a6e7a18d10f0a51a	bag	bag.BAG_DISJOINT_SYM
14ab71bdc2cf9362ffbe18afbda64810792b67ad15a7a58f2da97a517d9a7096	arithmetic	arithmetic.MULT_POS
14cf8330f77132fd06d434fe37dad4cd1c9ce8e3920c071028c634488b624a46	bag	bag.BAG_CARD_EQ_CARD_SET_OF_BAG
14ddcbefe72049cb5d1cf32497c1077e4aeb74ea9914fc0bc213bb1330e67bae	arithmetic	arithmetic.NOT_GREATER_EQ
14dec637016108589ff62c47ba00b1b72b4d09bf7cfffd903a4864b6fd92fcf9	Omega	Omega.dark_shadow_condition_def
152031f31dc6d7b7d5ca1738e10e3fbb5bbf07b17aa76c4fb8e73ccd25642808	bft	bft.BFT_def0
152c1f57e0c794481c564e432e691080ed8a3442655bf8d3d6e873ca91010a64	bit	bit.SLICE_COMP_RWT
153367ea634d5dc0c84017f8ec844e35c421558b99553ee3e2377c5a02727ad6	binary_ieee	binary_ieee.float_round_minus_infinity
154efc834fe04ff71f3fd0f691a55466151da829244e5c8c7414122593a65192	cardinal	cardinal.BIGPRODi_11
15545542f934ee0f53e1165e2fafbf2aa459dcca174ced566ab9919ce5a0f83a	borel	borel.BOREL_MEASURABLE_SETS_RC
1570262c19320d20f59b708aac47b2ac3c2dd68f4897727ed7287a66d9f13565	bag	bag.mlt1_all_accessible
15aad5d1aaf9353911f2ace1847b89113aa2944d1dc46cf0aa7992a6ad2758b9	binary_ieee	binary_ieee.fp_op_nchotomy
15b3c623e91196eed1990478005bc2bf9f828c185f03711016070d1f50411fcf	arithmetic	arithmetic.EXP_SUB_NUMERAL
1623c126786834b0762d7ea61b9bc09966f8dbd7965fbdb1b8a723426fe02bea	bag	bag.dominates_DIFF
164d1988e2bd165c1346efb56eacbebe28d3184c2282d632dfd8b0d590d4b2ea	alist	alist.MEM_fmap_to_alist
16504348a90f670eba9d5c3332fa21c3fb9c8236702d705b6b4483c13b6c5509	ConseqConv	ConseqConv.IMP_CLAUSES_TX
16579112bb8f7eba2ab0b630fad0b4d1425b1e0a7e662696717c88dd511149fa	bar260	bar260.foo_accessors
165c1c8e59597fefbc0e6d47e553394c0727b6caa334aa5b27de856683289cfb	bisimulation	bisimulation.WBISIM_INV
166859c68bb14f821c66165e51a7c913a6f001d7a91b639c5ea5ac934c8ab25c	borel	borel.IN_MEASURABLE_BOREL_IMP_BOREL
1668661f77cfc96343e46d59fb7ec866cfc657f13afa0eb2c246e4c66d2e8c98	HolSmt	HolSmt.r108
16acc35546210ba57426684efe1adf9f40ea6a9e0f6718fbf9b0b620d57086a7	arithmetic	arithmetic.PRE_SUB
16c51405e6d0882b9288de1b812b82a9215e3576c0b61dff38425e0c3fae1a14	ASCIInumbers	ASCIInumbers.toString_inj
16db4f30d219b3798442ca746485b8450ad44e6c6b5cb45bc52dc2979a44e724	HolSmt	HolSmt.d001
170165ceb3bb217de077464371b7513ff7249a68b65506dd487d596e26628540	bit	bit.BITWISE_LT_2EXP
1707859f957bfa52fdb881b81dd5cb756b04e997d7a425620c8800e5b7d13c8f	bit	bit.LT_TWOEXP
1715dd66c945b57368ad7cb2f15bce8b3d7f870ee43145301368608046dfff2c	arithmetic	arithmetic.LESS_EQ_MONO
171b473395f640fc32d16259d310459293d3a40689fd0dd0912b936557cdf98b	borel	borel.IN_MEASURABLE_BOREL_MAXIMAL
17439963547b94bf43920965874cbfebc6b553dc55d692804e4b6748aeb5bab0	arithmetic	arithmetic.LESS_NOT_SUC
17487b637a1ce1f6ffd8e93a195197ebc2f7b121e0d7b34d101b6f9c312c2f2f	bitstring	bitstring.word_xnor_v2w
175576b042628305f0401f78f60d4dd4a1d574c1993dad6dd8333e67fd348782	bool	bool.MONO_NOT
1766add0c445a90cbf529246061eba8618e3cf58bb675301db9ab026999f880f	HolSmt	HolSmt.r085
178c5a806ca255a8392dc359f790ce705d90f68bac51ad71f498327d9f9ca650	bag	bag.BAG_OF_SET_DIFF
17a972378acb6f8a1676929c0c5f5c351848e315323adbd5587817151d4248b7	binary_ieee	binary_ieee.float_bounds
17aaef7437e43b8618e788d604392eb9c264c0c08e4f1294ab3bc2cbc8b8d7af	borel	borel.AE_NOT_IN
17b674529fcf26d7409278b49b36eac343991957aa8d148b6353650fb94b61c5	bool	bool.BETA_THM
17beb930acd4a69d722bf46bcc90c29db95209578ce5adcf36bf2fab21866917	alignment	alignment.byte_aligned_add
17c18761a35a257239021a376005707903c3e0d60c441c30c245c054f2d68f11	bisimulation	bisimulation.BISIM_REL_sym
17c8cf9520cc3646945d014939cf1d1e27e4a6a1c258ae718b3bb6214ac303f6	arithmetic	arithmetic.ADD_MODULUS
17d300a81c6e73db0f7587ffe0e835fb64d60f541dacacca4dd5b37381cb59a8	arithmetic	arithmetic.EXP_POS
17e64dd05f49232ad355b2d3c8f6565d15d93303e5a486dd6e92ce04d6265ce9	HolSmt	HolSmt.AND_IMP_INTRO_SYM
1811b7f1c36c215fbba67215f3cdea69d28df4e6e1863a505002981e8c320136	ASCIInumbers	ASCIInumbers.s2n_compute
18132bd62b178bc43520d5e8c212d45c1a7c47ed50c32a2efeb60961a5d4655d	Decode	Decode.wf_decode_blist
184ed39437d434f92b68af98ab6bbfe48bdbaa02c0b8d218a99efc3ddb92f6bb	arithmetic	arithmetic.EVEN_ODD
1854a87b0a15c8e99a3826a37aba9b8dcbe2bdccdbeeadc7ca707ad0cf63a4a1	bitArith	bitArith.sub_thm
186bbed21e17bc13afc6039cab7d3fd2cbe2483ae2b42690b4139bd298c88aa5	arithmetic	arithmetic.DIVMOD_CALC
18804c365eae473f847d1a5dd2ad2662c882dee0953f74f7cb6cca10aa7a4eed	cardinal	cardinal.CARD_LE_UNIV
188ae1c4590c4ed3a94adc5cb6723826c0d859ba5d20da0dcf65052c6c9f71ec	arithmetic	arithmetic.EXP_BASE_LE_MONO
18a94317723d0d97a67e621aae7b2418f8750afad0568bbfc6a4b652f95fbdf2	HolSmt	HolSmt.r048
18c38a22e90cede9bea1b139d23bb60e1b4197062679b615419d5d2e60fe7de1	binary_ieee	binary_ieee.is_closest_finite_AND
18ce1f3f905637d49c181c81dc26a7cf0e2a0add8d2a04fb8b1d89c48eab884a	binary_ieeeProps	binary_ieeeProps.representables
18d21dd66363a8f9ffa5496307c45239f5383a711f19c894f89f9c0ccb1528b4	arithmetic	arithmetic.NOT_GREATER
18dfb5517a1b4e7ba798bfa325030d1f31d6a8f87e291b3596bd0a7a0a0f0a3b	binary_ieee	binary_ieee.zero_lt_twopow
18fa282008736fd935cd4c6cbffc3ba34be3998d6220f8433c06c4c8ec120a2d	bag	bag.BAG_OF_EMPTY
190b945e2a79dd616063497c275ea21596b334fdf7116bfb5d17072f9523f9a8	HolSmt	HolSmt.r073
19116c2e3d785c25acbb1c00a7eb28c5d7ebde47463f6677d6a2545cc9f17cbc	arithmetic	arithmetic.CEILING_DIV
191182466c729630c9fbce152b33994b5f81708be4a6d3f4d738218dbb30d444	HolSmt	HolSmt.r026
19145febc1d69dd7af53801015c75b945fed084addc39c6decdf5f1a7b4309b7	Decode	Decode.decode_num
1914bc084cbf95cf39feac88da7f420f901432db49727d0f898922b59912acba	HolSmt	HolSmt.r172
194cbb9dd6a8b0ab360b762cbc7f29846ba60a739bf18fc44c7f3231d1cdc185	arithmetic	arithmetic.LT_LE
198898e37936dfd01463b0669a1748d4e5279266f01c6a26734626cee7e2a99e	bitstring	bitstring.v2w_thm
19a0cc19eb53fd057af1589b145f30a8460ff2bb7689e880dbcc1573515d2449	borel	borel.IN_MEASURABLE_BOREL_ALT6_IMP
19c0175642df1ec1aecaf6a6c7fd34aa5c814719e1aeb8ce8ca4f777381f75c4	borel	borel.AE_BIGINTER
19d268a9da3ddefcbb7b4832249e42d8c3ed71e157e582a876c23ad86ee5576a	binary_ieee	binary_ieee.round_roundTiesToEven_minus_infinity
19dd172835340e9c9cc2d518c3dd85a6e2be4e71bf6c682e39c905f2b4598079	arithmetic	arithmetic.EQ_MULT_RCANCEL
19ea237869a3224471da3d0179479df9365e9ae21bd11ffdd8344cd89fc6fbb6	Omega	Omega.COND_FA_THEN_THM
19f39d3539bf4fd90d98b1bf70f56fc1ddfe4220dbab1c656c5ed3d163aea6f8	arithmetic	arithmetic.LT_IMP_LE
1a485f883d13ed932365ac9ada31eb7bc7e5611e39190be11c1b64ad3a642a25	bag	bag.FINITE_EMPTY_BAG
1a497cb5624eec23549abcbc627cea5e0c59599a692c4259a48540e41691e63b	binary_ieee	binary_ieee.flags_literal_nchotomy
1a5fd23ab5fe28a3283dfc4eaedbdbe550a623b16fd57940c31f9933575743b0	bit	bit.BITS_SLICE_THM
1a8a6031f3d9a788849fb1f36ed990f871f2e0363d27ca1c27c47b48fbe63669	cardinal	cardinal.COUNTABLE_INTER
1ab166a35089f87d6fbdd031004fb92e33e2849d14319b08f094e70236d6cfa1	cardinal	cardinal.exp_c
1ac00597989c6136376f68626b1f47f0ea1a97939ab1d5916d9071ec6a3ba673	cardinal	cardinal.CARDEQ_INSERT_RWT
1b05ed0a6fcf217d05b2d47808b1599ad412f62dd01dc4507a53f2455ee84d83	bitstring	bitstring.word_reverse_v2w
1b05f74de4a565d0f2c326da709cf5c86827beb87bef44f40194ab0a9a2eece9	bool	bool.DISJ_ASSOC
1b064a9a3d359d0e1c6f2a486c6fac55931ebc19fcba8e5492d07aafe5fc9eac	bit	bit.BIT_TIMES2
1b0a885773f7af5b64625bf727eac03a0abda72e926ba73d9eb5606b7628ac71	arithmetic	arithmetic.MULT_EQ_ID
1b0dbbc0e9d8a1d48855d07c817d8e9373e7afd212c4324a60b6146019022588	binary_ieee	binary_ieee.float_to_real_float_abs
1b1afc9d25a9213d1a49530d0df2ac330abe8246287037f3e73ac04c9622bdfd	cardinal	cardinal.CARD_ADD_FINITE_EQ
1b1fc9faf3ed196c0eb11fe9db96d9dafc83502f9a3980bf1a95d7418e32e97f	borel	borel.open_in_ext_euclidean_infty
1b234b977199d0fbc9a3b20e64890fbe84a85002b139b2f71b72f5efe86e7e04	bool	bool.LEFT_AND_CONG
1b2e0d92445e0dff3ba770ccaa0f1dd82e32e1c89eb065624773e1744e7ebd44	borel	borel.IN_MEASURABLE_BOREL_EXP
1b2f7099f89c4e0310104bd1f6d0f9d04685af83c1130429ae0e89e293a9a525	bool	bool.AND_CONG
1ba3b664d622471c286360184abe31113362d1a61fab500b1578522e4d132401	arithmetic	arithmetic.findq_eq_0
1ba3ddc814d8216705e4cde4641b882368a5c10398f39b9a3cd6028b2b9a0b43	bisimulation	bisimulation.WBISIM_REL_coind
1ba3f325c97a8fef65360ea0017fbf3d20e5784d1817fd3a27bb11093952e84d	bitstring	bitstring.field_concat_left
1baa139458731501d6c579b78662ab3f4fab6eeee97ec707653215f99eb20304	alist	alist.ADELKEY_unchanged
1bc994798e57df4b3116f2e5282cae868ca87e4f26eb022c0954ef5d70363314	arithmetic	arithmetic.LE_ADD_RCANCEL
1bcfc720c6f73a62364a5d4473a8b8b08a834b998fd120a3b10ead49426ba351	alist	alist.AFUPDKEY_o
1c144087bf5066793b080cea0fe71a2ec5340e5d8bb8bba889e6cf6963849fb3	HolSmt	HolSmt.d024
1c21786de7cd1c579e27415194e3dd10cd276b06feb4b37267c573631eab92ca	alist_tree	alist_tree.is_lookup_hit
1c2678cc9253f86cc1ebf023c346b93c7c942beda8fa429567f4c0b796ffb295	arithmetic	arithmetic.EXISTS_GREATEST
1c367f2811358719748c1561a670c672d19ababb183cb4d58a53345c272fd8f5	cardinal	cardinal.UNION_ACI
1c77ce933e48987d2a0191816e5c16d2acf44a69ec471590ea49470a79f4d33b	HolSmt	HolSmt.r152
1cb6e2c82ff4f56673422915f642e784d60d9b8fbad536ca0489323ff2e9c993	arithmetic	arithmetic.LE_LT
1cd535fa45d9fb754b01cd71af47ac0c13412eaa878f12db86aa08e5608ff03b	cardinal	cardinal.CARD_LE_EMPTY
1cd84506ba996acd08874ca6c66ae19bd2c2e21e3604a4bcc99c9d8f32681c09	coalgAxioms	coalgAxioms.BIJ_homs_iso
1cdde08ac83b5be7bb2070e0839ec122facdc17363a20f7ce7d9e36598dc601a	cardinal	cardinal.INJECTIVE_ON_LEFT_INVERSE
1ce218648e8f14086edcf5676ab9af6c4624fd006ae9a25c000f1ae247522256	HolSmt	HolSmt.r159
1cf62b5cc91824a8f238b388926918fedb543615411b180da2450ee4da3e73c2	alist_tree	alist_tree.is_lookup_far_right
1cfd20ace9808459934c4ad1d227648e16f9bde67bb2ccf1baee7195e1bc4020	arithmetic	arithmetic.FUNPOW_0
1d0017edac43b892020f500fa67d2f7b6f210059679d70e3bd1f028dc53f6bbf	bitArith	bitArith.sub_aux_thm
1d03a9ef3e147328400a91e210a628950ba5af2fd2cc2bd3729ebea2743714ca	HolSmt	HolSmt.d003
1d1905338b244a348ab92db119ef2be1103d37617843b702b2f0bf0ee397069b	bag	bag.BAG_GEN_PROD_EQ_0
1d1f9c874c2c9613d91e2ca6e81ddb581348554734934b9d2d6d1da28dd54189	arithmetic	arithmetic.MULT_EQ_SELF
1d2c5d4d5569903d244ecf3187ab86fa642ed770f576f805dd82264f4a674e0a	bitstring	bitstring.fixwidth
1d4659a1c6aef9f7dc612707640779683e5e77156f5b2eed611d8099d1a1ddcd	HolSmt	HolSmt.r179
1d5ee78b5fa06724f15572dee05afe56ce2b3839cedbd920b90f1b0a5d5eaf37	borel	borel.lborel_eqI
1d6ff7fcb401284016560bdbe05d0153396e0d31fc4614fb183454c87a6ad082	Encode	Encode.encode_bnum_length
1d852444e915fcbc8481ca7c7023a5727ef520db30e2ce2686a636020fc2caad	alignment	alignment.aligned_w2n
1d96f647c4809f7b49f0dbe6a6f3054ba8a3c4a63d0e2929b2a3ba3bbb533ddf	bool	bool.OR_CONG
1da3a635d44a459edc8131e8de4444532a71d23f09cdc62fbe36a973c835732f	borel	borel.IN_MEASURABLE_BOREL_BOREL_MONO_INCREASING
1dafeb15b54ba2f9c9f62d9c130b0fb911b1dbf14d69452920b6a078e5b63226	bool	bool.FORALL_itself
1dc4ff0e5700f658bea98893546c85c312b8ce6c97d714502b313ad8853a60c9	arithmetic	arithmetic.ADD_INV_0_EQ
1dd4e9b39ec82f8154c04b0c3635ade68a9c5c26f4be3c5fa80382bca6001428	borel	borel.IN_MEASURABLE_BOREL_ALT2_IMP
1ddd55542a7addd0bc2dd8fded154b76a6e21d2994ce64b27ab7b5473356a3af	HolSmt	HolSmt.t005
1de872ea98fba25e26799c9185f9a3e0e2bb616fcb71b178610a74a34348c40d	Omega	Omega.SYM_MULT_LEFT_1
1dfe87e3bb3d54d2a29a682f63777fada7e6d8bd4a2dbbb311cc145c15c862b3	bag	bag.BAG_OF_SET_EQ_INSERT
1e1851c3c5d8c45bf8d788ca586b29a598936ceff19fb49d7308913faa85860d	borel	borel.IN_MEASURABLE_BOREL_RO
1e205e5205475188ce90eff612017a2373cb338fe49d71f06b66631b846408ed	bool	bool.NOT_F
1e2fdbfc3a927d3d29054a4617407f51b9a4f8a63a66ed9dcf2a604b185cbc88	bft	bft.BFT_FOLD
1e5b95fd7035001d1cabf33ad6b371a088d620de6ea2b3bc99fa2b3b6383f909	binary_ieee	binary_ieee.rounding_distinct
1e75bb90e04e71269b60da6f5db0f4e6611af09c8625039f84a5df6c52608a67	arithmetic	arithmetic.BOUNDED_FORALL_THM
1ec380c8bd3a24ab18af1d547beed4cb009eef6b350c6ae6e83e66b8d95a0773	arithmetic	arithmetic.LESS_SUC_NOT
1ed8740489aed5681b98fee5480e272c7776ad1733543e0403222374db2a305d	borel	borel.Borel_def
1eeb624a7a2c4a61d418a0049cfb0828ba9e94df8bcf85b6e8ce53643cd5059e	coalgAxioms	coalgAxioms.simple_eq3
1eff960c1a2e8ee1b203322eda650951e67ec80ff371a32a3ff806107f7976f7	bitstring	bitstring.word_asr_v2w
1f085813762cea35f6a27e5aba3cfffd0097536705dfc20b560744f97847c6b1	bar260	bar260.foo_literal_nchotomy
1f1251eeb93f1c8f75af896ae5390daed48a153e92c75660cde74614bd276db5	bit	bit.BITWISE_BITS
1f28ad5b4fa46374e8d3cce427e7291af7d5a382a5ccba98e4f6eb84602c04c2	arithmetic	arithmetic.DIVMOD_ID
1f2fef1ec9039020608069e0c64423325a4a8db180e13fdf07f67a8bcf53534a	binary_ieee	binary_ieee.diff_lt_ulp_even
1f3cbc7fc6301e226ad16bb8ad78afcfe3dbe3c6c06ab21fcef0d95a15e00c7a	cardinal	cardinal.lt_c
1f410ab7d1487505ac3f240a018b9a934baae4ec5b48cd1ae07d3ff5ffb8de63	HolSmt	HolSmt.r097
1f652948d00ba9aaf43ca7d29124e7e2f1117ddf27a0b48f5af8add6159f724e	bag	bag.ITBAG_INSERT
1f75a2a02b30ddbd400e984461042d6a1ebd96bf3de2791407b119e28620fcd0	Decode	Decode.dec2enc_decode_list
1f7e1029b400d0827905266c2bc5c4fbdf2da5273fe93c74fb89b483863b7fa7	HolSmt	HolSmt.NOT_NOT_ELIM
1f857c2dd9f7eb8939f9d283f33cc481076f607021b911b562ec24f35ee7c230	Coder	Coder.wf_coder_bool
1f870cdbcaae5ddca06e03d150c64d3c838da99ed7a8206d824add9a6d60edb2	HolSmt	HolSmt.r246
1fabe55615d9117d948b8e88f20f9c90108f474197fe6fa5e143bf3d2b775b08	binary_ieee	binary_ieee.float_div_compute
1fad177755fef65b25b894159bfaedf434f4e756a3ae76baf22dfc9e2e332ccf	arithmetic	arithmetic.EXP_BASE_LEQ_MONO_IMP
1fbfe1bdc77ac8334fc71933e522e91c8d99ec4389b0cc7a5ee4765ea58e8115	bag	bag.SUB_BAG_SET
1fcc9e7780f488763061a1be9fb767f805508c1f710f62b47a0d5b60d4d9f4b5	bisimulation	bisimulation.BISIM_IMP_WBISIM
1fe46438b5821b0d9bb7bd9ba2a660524f480daec8c07181bfe1d591616e937c	binary_ieee	binary_ieee.float_mul_finite_plus_infinity
20007eeae2ee13165b7bc5ee147e23cdbb3b24ce459b187ffea88c2ec68f3f4b	arithmetic	arithmetic.LESS_EQ
20111da42c2656299f9c1109a3d69b7e9ac7647c0103a9febe9a7459a895e867	bag	bag.BAG_INSERT_UNION
2022ac59ef5c0da3950747d7eadc868b787500e39cf6b9585e3d7ecc61158d6d	borel	borel.sigma_finite_ext_lborel
2029c27db301cf499b37d392988c1a13abd0e2a5d246b05a1bf2e80f642bf0cd	arithmetic	arithmetic.LESS_MONO_ADD_EQ
20563cbde1d8a41872a7a801335802eadaf40a8e54b01e0afffebadd3f6d4276	coalgAxioms	coalgAxioms.Fpushout_ind
206540c9f86c0e39b4bd53bb0991c958dc684a757b6a22904ae19e089da91f05	bool	bool.CONJ_SYM
208107db7319cc3a2010e3206a9e118ecd0d0ba85b7879976de74edc5d086146	arithmetic	arithmetic.EXP_MOD
20a39bc8f9db497c4f096e32955132f88a4bd92313a62dea4db17f842c5154ee	byte	byte.be_bytes_thm
20aa5869ba4a46ebd3a01b78a46c6cfe21c2fb714bd2268e7e527bc72d5a64a1	byte	byte.set_byte_change_a
20bf292a310e39407d4b0e39e8af1acc06dbe7edcc89aef8643ee3770741b810	borel	borel.IN_MEASURABLE_BOREL_CC
20ca12ec1e570f86216491fca0bc977156989820c72c34d3164ba94869aae786	HolSmt	HolSmt.r010
20cc53aa89b953986af6c4dafc8b69fbe597f77144402e192828231dee34162a	alist	alist.MEM_pair_fmap_to_alist_FLOOKUP
20daad66d4ef63c3be27dae13bc2aef9334aae143307997839946460da1438bb	arithmetic	arithmetic.SUB_ELIM_THM
20db5dc363432b834a2dcafe185e38d15f7f358f7f16d736b70ef1b9aa2f5a08	HolSmt	HolSmt.r247
20ddf317311823bc99d1b9a856f91a8cd7c29af3b545fba033d37ba5460c830e	cardinal	cardinal.MUL_C_UNIV
20ff716c2117611d9f7caeedb6bf9ac83bf210a244feeb547a6156a89d68b74a	bit	bit.ADD_BIT0
21344b54e699519a057f18b4b1be559ac7a351e3b1bc69a8482ae46434e3d5a3	bit	bit.SLICE_ZERO_THM
21357480410c250862b64e5b2bb244499bd64e6a774e7c3f156c982c7c8f2518	HolSmt	HolSmt.r240
214db8985c38d5346d9403209b8e46500a074397214f27814624b224a350699a	bag	bag.BAG_GEN_PROD_POSITIVE
218350480a87d0a26218ac137809b6c2444bcf1e75071a8c824626e26b29d542	borel	borel.IN_MEASURABLE_BOREL_MUL
218af8787e7ade34a70ece284fd994299bbc3a8734582c5809dc7c93c42149b2	cardinal	cardinal.GE_C
218f956839353cef9126e1eae93daa37de1bf1e73b290f6dcb844c355cafeafb	borel	borel.IN_MEASURABLE_BOREL_NOT_NEGINF
21be816eb11a315bc19f4a3b1a896d3f11305cf42475365c7d1a827e29577fc4	binary_ieeeProps	binary_ieeeProps.threshold_props
221b6930c69bf00953b822dd81f485f623a41192a59e2a20007c8d11ebe855d7	cardinal	cardinal.CARD_LE_INFINITE
22245e2b93ebd68d730217970f99af539d1981dc1c8ada4b6980b62412e8e5b7	arithmetic	arithmetic.LESS_EQ_SUC_REFL
222893c10cbc1833eebb7b9d6b32aad22741696a55de38f6004079642ab8a48d	HolSmt	HolSmt.d002
22434742bdecfae3d55b0bcfea3c53b4ce11bac9ccbb6720edb8a93b23c08c71	cardinal	cardinal.RIGHT_IMP_EXISTS_THM
22488af2b09a0f2a109c5dffd058f8e0ecd66601dbbf6fa8ae2e531c14aab901	binary_ieee	binary_ieee.FORALL_float
224e21587989a82b3434bb5faad5267511a6265db1a3958a1847c0947d2e332c	Decode	Decode.dec2enc_decode_num
22597dc6a1760fc9565595ab018ee96201cac363efcf3d8189ae8472b8c84945	borel	borel.IN_MEASURABLE_BOREL_CR
22626a5e1dfb137558dc335a6b4f9a314b9977371bbe83bfe83ba8a5c6a74441	bool	bool.AND_CLAUSES
2264fb97c960b108c4d5719aeda6b8751597fc276397330ebd60364db6ed2cf1	borel	borel.IN_MEASURABLE_BOREL_ALT2
22796cd35db81578ad7792b9f00e447d9799b785fd1a0f281eb9c6cb9870bb8c	bisimulation	bisimulation.WBISIM_O
227ced9c01302933817d5147762c2fff1f620be222c8247fe892fa1c3f5cb4b3	cardinal	cardinal.CARD_LT_TRANS
22bc6371cb1a1f42611e3c62b9ac5f6f69706f873509b6978d6e5a561bfcd0e3	bag	bag.BAG_UNION_EQ_LEFT
22c2536658a8cb90841093df91840e35e5b2858df9ecc32c7b36bb3185cb32a1	arithmetic	arithmetic.MOD_ONE
22cc4f74620e6b029d5036824806897abf09c17891dac9a3f029937960b8ea29	bag	bag.BAG_IMAGE_FINITE
22d9b3125f0a5406146e6a3d6669b6ad9f35bcbc4821a6e2f80eaf98e7f326d3	Omega	Omega.calc_nightmare_def
22f493113b80db31da8748821edee96d47839564a9ab222b344fac413d2ec8de	bool	bool.NOT_AND
22fc70da1b2e60849ec0bd1c84a7a3b92635fb410f81407d0a228f9a55e5190f	borel	borel.measure_space_ext_lborel
2303cb3d9574de876765f58c62bd919d3a1a3a32d41b2068c0bc73ccd2d6af13	alist	alist.fmap_to_alist_preserves_FDOM
2349edca5ee0fe0ccf472aa2cb4d3bf23cd128c6057214d9a170154f954a8fed	arithmetic	arithmetic.MULT_MONO_EQ
23581727afb7039cb5608d4ab3588f5f9c45c9be260d5fc51227a6e6a47cfdd9	alist	alist.alist_to_fmap_to_alist
2373f2137d1d6c7505ea989c6c0be3e8a523d3ae5a2ec9e378db6c723e52e942	binary_ieee	binary_ieee.flags_nchotomy
237af5f1bc5ae6174c5049a5922fae6f55612718bc602ef500f39f324f6e27d6	arithmetic	arithmetic.EVEN_EXP_IFF
237b40ec14ac10b7ce972be69f9ddb59bb5cc7af3dd2e6e8b5f36c8849952282	bag	bag.BAG_IN_BAG_DELETE
23804af14da15b25f7c33fade638c2bb93c7f7ab116c7773e7e0f7efb28a303f	bag	bag.BAG_IN_BAG_IMAGE_IMP
238bd7ca39467ec88d86ac9df7526fbc31516e28eb4084bd1b439237bbda7f5e	cardinal	cardinal.EMPTY_set_exp
238f13faa682ba3d6e9a43e212f4b0402cfd212a5770cf9b8a9903f855586901	ASCIInumbers	ASCIInumbers.s2n_leading_zeroes
23dd71d09a2c317adcf5995f5c0b744f2da2944b24ff573f5a8a81a2e60cf703	cardinal	cardinal.cardeq_bijns_cong
23e5d2e07cf7397c5ace14f2d8b93261e1574917a793ca268beff6f980f6cfa7	Encode	Encode.wf_pred_bnum
2406f964b6fbb1b2cf79c4211f48a554db2261f180fe474e56849639d14149ed	HolSmt	HolSmt.r039
240b1c5995a43793e4224e62a0ce97f970b266f92e679b2764f287966b70fa03	HolSmt	HolSmt.NEG_IFF_1_1
240d1bb943fadfed9fc0952da3aed59fd84dc10565064ceb97fe08c599b587e1	borel	borel.IN_MEASURABLE_BOREL_ALT5_IMP
240da80c37f35f17bdbe8a50c279aef25e2d05d7e348e3bb1e6ae1c841d35f6e	arithmetic	arithmetic.MIN_COMM
240fb5a6d61099b6470e2b676e276e2a923358d1ceb5b6784f88a9b4ca1240d5	alignment	alignment.align_lo
24153605cd1e4e3d206935782fc49e651552d79248aeb41976527c511d3326bf	alist	alist.AFUPDKEY_ALOOKUP
243493f2c7164e3a01418b9a0e8406b6462f95e8ed409ad01d8cef6a5422a630	HolSmt	HolSmt.r009
243d371278746f33bc0e10d98f51f6dc1ff194aa02be2b705ea09c3564fe931e	bool	bool.EXISTS_UNIQUE_ALT'
24440a7b2ca4e469e52e12eb6a97a44f39d0d563c567ddc6dcf0512c84777305	bool	bool.bool_case_eq
2467162007d5f2d39e64216132efcb6987cd0c6211e46de5cd3d810a37ff4103	arithmetic	arithmetic.LESS_EQ_SUB_LESS
249092ef1dcf9b4cfc823af7acbb2027e2eb5f56cf1c61084147b404521d4eb1	bit	bit.BIT_IMP_GE_TWOEXP
24ef6e792237451e255968b25ddd0930d868977dcdeadf753b226a4b7551522e	arithmetic	arithmetic.MODEQ_TRANS
24f3bbfac98325894cf86b9ac24d785a7d3a2f8b32ad66fc2c7ae41ca1615b87	alignment	alignment.MOD_0_aligned
25386f893c673d61d75f1970c771d3e23b4d95f63f0ae4f6c7b4805aef430371	bag	bag.BIG_BAG_UNION_ITSET_BAG_UNION
254445272802806adeb15b51b491d526c7c8426e2e25573716917351e82782ea	byte	byte.words_of_bytes_append
254955b297a886ca7fafa13c03eafb224e25b859c294788ff6718df8b6198b3a	arithmetic	arithmetic.SUB_LESS_OR_EQ
2557eb69495b9336d9c54426b96ebf0204cc074bbc4754d013c4278c1250f055	arithmetic	arithmetic.DIVMOD_ELIM_THM'
25874ff9777a9af2baf5df10edfdf3bded7ead249a10916dd6b49fb33c0dd2a4	bag	bag.SUB_BAG_BAG_IN
25e450fcfdc92f41a3f8e7b733c333efe8ef5409666accfd8a69bc53b04c397a	bisimulation	bisimulation.WBISIM_REL_rules
2607613a5def7bf4b29c1e5619f2bd5a4ec9be258c881a9f92b5a7d047df387c	ConseqConv	ConseqConv.IMP_CLAUSES_XX
2627bc15e4891691df8a45aa19968563eaf959a76d1a3320d1c695b0a3d8b8e5	binary_ieee	binary_ieee.round_roundTiesToEven_is_zero
2627f19a59a572bddd8577b9b94b19e1034244ba1994c21f16c6a5e8076effcc	bisimulation	bisimulation.ETS_TRANS
2654be0928afcdcc3560de872d45ac1a790037fdc35e0aa5904a9484f87d5621	byte	byte.bit_field_insert_self_word_slice_alt
267c401d6f3d81311c5c47f5e001cf2b6f500648b9d079795ea6d6573f8bb8cb	HolSmt	HolSmt.r156
2683bba93c5fa542c0364fc271e6dcc10d8b2fd6dd30a7b11a82da2fe9bdac0e	ASCIInumbers	ASCIInumbers.isHexDigit_HEX
26acb4d8f581024c0f67e08ab273786ce91423a2f7a265a07222b64e9258d901	basis_emit	basis_emit.IS_EMPTY_REWRITE
26ba31755f30472009eaffe4c97defda8324048a4ee9ac83da43efd5192a0ad0	cardinal	cardinal.CARDEQ_CROSS_SYM
26cd38d1cf2bfa3d554b57ee66f794c55949ba733840ec55edf3567b9b655279	HolSmt	HolSmt.r091
271078cb2ba7f87a2f64f26d5e2d63218d85d9992954db0a68fcc9303daf3973	arithmetic	arithmetic.SUB_EQ_EQ_0
2728ed0648e7cb0c36aa999d838d1d42810582ba2948f4558deff816b57d1d27	alist	alist.alookup_distinct_reverse
272d42dd35e3bf41a988883eb2ea7af705fcbfe2fc1ba64ae683758f35301b9d	HolSmt	HolSmt.r147
273669895fb68640e7cf5cd1c07c66c246a6a0655723717e04a1e8fc96aa2aa6	EncodeVar	EncodeVar.fixed_width_univ
275be4cb0f5119f01748fb17d34d3099c1ca0f099a40cbcd8b3f5fb2e0f54bcf	HolSmt	HolSmt.d005
27672431de21ba1995238ed845fe9f930f196014af5ac805e4747212e42306bf	bag	bag.SUB_BAG_UNION_MONO
27828dca12778c7440871db924dae0714fba09bbff5441a67422e7eb25a92c19	HolSmt	HolSmt.r027
278717dd96554f9e3e284d2477a32f0aa2d94a28516b93cc7f19cac66e67a797	bool	bool.LEFT_AND_OVER_OR
27910909c402cbe42c9bb04d6d8b449b8aa8ecdf5208c93c5e210a08302f6b36	bool	bool.JRH_INDUCT_UTIL
2797bd1908e54df5f3d7f3f93296d36c11e89490d9c10ae4120e5956daf8d53d	arithmetic	arithmetic.MULT_SUC_EQ
27d186ea563eb1b124b1be8a368d2abe2422ee69ea8e0b1251927b48b44ad81b	binary_ieee	binary_ieee.ulp_nonzero
27f56b6aa1780a1a757fdaca01be2b2bac2bf21f27fbd70c3b7d7fa7e029f3c3	borel	borel.BOREL_MEASURABLE_SETS_CO
282817660fe8bd3350534df225faaa0665ec06467b57f518a6032702c5f59538	alist	alist.fupdate_list_funion
284be9f1bc0de265c1e192b24034ba94ef75c05a44c95c0cf513404624692eba	bnfPrelims	bnfPrelims.sum_bnd2
28589270c7c885dec9546389d5d03f304693e8112eadccae0d0c3f992cf25e50	HolSmt	HolSmt.i004
287d80c2a585b713c596bad1ca35cec52ffc09514a8d10a6846e1c21d19b781d	HolSmt	HolSmt.d028
288a74c07ee7c7ecd8a03168e687582a8612f433543818a1421d908f88fef767	bag	bag.BAG_EVERY_THM
2892742807d877ec0c52f9de0517a3df5729a2570c2c73970013345fc819833b	binary_ieee	binary_ieee.ulp_lt_ULP
28954ce2cb6756e878e67cb1f32b64b613f54f9bbd273a22a7f8a2b879224801	arithmetic	arithmetic.CEILING_MOD_def
28a66b1475ec85be5ee2785bb606c2da37a38d940df3f39a286a6ae3f32fe9c5	Omega	Omega.SYM_NEG_LMUL
28bf500cf444ccfd66d846de83a15e96b7273a650ef30906832f8c2d7c988fa3	borel	borel.IN_MEASURABLE_BOREL_ALT8
28d7ad65a57e0be1fd61f0c2aa16dac339505aebf7e08dec4736e2d57321af5b	ConseqConv	ConseqConv.AND_CLAUSES_XT
28d85141d562a6ca8ed0a2f5422c66183ece459c2a8b9ae17e30b7c8ab84de0d	binary_ieee	binary_ieee.float_distinct
2907d6f8507996c851bec7377c0a78cf931b05be020f6f46c4dba3fe1d7655ab	ConseqConv	ConseqConv.OR_CLAUSES_XX
2913d1fc5e7092085f5af15c4a797cd952d59bb717e698f50225ce5684e82a8a	Coder	Coder.wf_coder_num
2941c5ad8013b0d4b8a320a87e199a1473210561155b41b862aa1eaf7edee65a	arithmetic	arithmetic.LTE_TRANS
2947a42b57fde38ddaa3bf353a88e6efbd9b99710f5c93d26298549073970bfd	bag	bag.BAG_DISJOINT_EMPTY
2947e5a6cae80a0d8e5aba4bdb41cf4b347c6452156442585bdd66260e33a0e6	bag	bag.BAG_DIFF_2L
298f4e4ea44cb9911c3990c3f787d5b9286b8f27a9e116508e3435da94a9b875	alist	alist.ALOOKUP_SOME_FAPPLY_alist_to_fmap
2993802130adc2002cdf2794c1500f75ccc0591b5859bda629066a84aa6e31fd	bag	bag.BAG_GEN_PROD_EQ_1
29a0809e8bae9e0e354a972eee4f346bca377dfc00f351e165106ea5deb022d0	cardinal	cardinal.INJECTIVE_ON_IMAGE
29a74e9e74d82cbb46a2be375c84ee38de6cc5857ab6d0bbabebe6396c7dda17	coalgAxioms	coalgAxioms.bisimilar_equivalence
29a7d77d2a21f0bad828a2e1194fb4c5ce0a5638130de708887a50d2cc077014	binary_ieee	binary_ieee.float_ulp_negate
29d92cdadea082d6aaaa4d7f88ca2a1c53af107d36131db602aeb9150e72a790	alist	alist.fmap_to_alist_FEMPTY
29ecc455e5f6c2f9b47d2235cbcbbba599aebb5420a1e26bc37094b36325f89b	arithmetic	arithmetic.MOD_0
29f20444238f206856a26b9aba6c7afd648a70b675403c436bf4bfc905db8c5d	borel	borel.IN_MEASURABLE_BOREL_EQ
2a259554ae9482bbb9143b3d83af8197654ad50a59a6dfae102ed12e4d724e4c	borel	borel.AE_THM
2a4c25821298c5f2663c83307513499b3b1322b98f4b8c48d29a31e5f1aee7ac	coalgAxioms	coalgAxioms.INJ_homs_mono
2a5de8aafb555b7ede63bb8102062e2ef9eb6dc3b00c77e87dbbe69c6b8699ab	bit	bit.BIT_DIV2
2a663290ac0c6dcfb21d15fb7b4ea7868c6e610ed2dc0710d11791b80d868ea9	byte	byte.set_byte_64
2a6c5b55f79830ef059b096ad1d7c102d4c1a358cd311dc927f3a39f728fde87	combin	combin.ASSOC_CONJ
2aac02503f6007ca4be89fac0250460c30850edf8bd75bc4de289ac4be8903ae	borel	borel.lambda_open_interval
2ab4613030d07870a046649489c80dba3b010c2e85cc067f3dc7144d3f69b091	alignment	alignment.aligned_numeric
2ac3ed84fc574ab0c332bd31bcfc57d803613dc740981dd734c16822776e46a5	cardinal	cardinal.CARD_MUL_ABSORB_LE
2ad3cd4a360895c3443a58d6fc336acbdadc608b90d2049a1b8aaefd31fca9f3	Decode	Decode.enc2dec_dec2enc
2ae47ab0e85f73212fcfd220ebc7f0df24bb33fe66a6128d3f07398e2a6da9a2	arithmetic	arithmetic.LESS_ADD_NONZERO
2aea14036b460ce37df22c29339df7ad331f1f6e7773ba9f80d9000555c9c592	alignment	alignment.aligned_lsl_leq
2af845c4c08cec744b15b4c971ccbd5302abf5d3b6d4aa214f02aedf19f82c1a	borel	borel.AE_BIGUNION
2b20f59a15b00cfc3df4df3356369d3e6e7810a245ce9a4f4594086917d90115	bag	bag.SUB_BAG_TRANS
2b246132836607819efe36f0d939aca93b84b274ec0c8a7ff57e34f641839bb4	HolSmt	HolSmt.r047
2b25ed101899a0256f81d0280937a7bb8cf44b2f96ea65a22f1ef820b733d576	HolSmt	HolSmt.r170
2b5cc74b67c5f3e7a2d79d4f4589866372f781e989b21ffe2e8ec2e44df5b4f4	HolSmt	HolSmt.r068
2b6ab72f5a9cf558069f46cb21e0f2c5b7d6d0ce69a78a691d2a3592f49d8be8	cardinal	cardinal.COUNTABLE_EMPTY
2b7d705db0627ab9d599f5760a17cc6125cbe8d8e80496c454c155714976dd97	basicSize	basicSize.full_sum_size_thm
2b7dfba0e74935327bbc457b08c6466d20eeb4d517439bff2f9641ac0e18d6c4	arithmetic	arithmetic.ODD_SUB
2b7eec2e8a0a53b5948b513b570a3ab91e28aa77bc6af16d67e637b9cd2d2f28	cardinal	cardinal.COUNTABLE_BIGUNION
2b8a17f25795c599643b414b0000e5d5053fc73343eb5dd97f08cb58a623444e	cardinal	cardinal.CARD_HAS_SIZE_CONG
2b9f6c445e0e7e6047541a48253792ad311935608c029b65be19f1b9032c51db	bag	bag.BAG_INSERT_EQ_MERGE_DIFF
2bbc4f399ad04fcc0e26eb0b4674543b7dbac59eb32bdc2e26d1f3d4b09ccd10	bar260	bar260.foo_component_equality
2bbee3f79bfce90c038f14e0df36e5525585959ebdb9d69543bb3c62c5c3bf93	bool	bool.bool_case_CONG
2bdc64e617916b44d87d401c303446c7730309d03fb4fa163d19651a68405388	ASCIInumbers	ASCIInumbers.num_to_bin_string_nil
2be069d681d9bd0d51370a9bf76ae215906c922ef9df3164de47c446350d8bbc	HolSmt	HolSmt.r031
2be0faa95711c8a85ed73445d2ce6be7f3c06c16ca6d230cbe54bde1ca4c39fa	bag	bag.SING_EL_BAG
2be26acf66916e981f521a6c28ffd4bc704e3f218e508e83d084a35a775aa6b8	byte	byte.byte_index_lt_or_gt
2be920e2b6a4f1059858597a40e76fe58b7ee1c41174b7c2a95ea38001ad7016	Omega	Omega.evallower_def
2c009ff815dd41d5516c129055d2b322ce6a26959b3c68b6520f399ae2f650cc	bag	bag.BAG_DELETE_INSERT
2c017990a30dc1eb891bb87698e267026ced76f012624a9523279f6b00aa9e89	bag	bag.mlt_UNION_LCANCEL_I
2c1cd48000574c70c52d6aaaa61d52b9f66581fb35d1272f8fd0f7938610cab3	binary_ieee	binary_ieee.float_is_zero_impl
2c23e97a21a4379ef478476c59837922ad85917755ed70b7c3f48a698dde1900	binary_ieee	binary_ieee.next_hi_difference
2c3956f3d5d01dad05a01ea0529f3a215f570a2908ce403f09145038399cf570	Omega	Omega.alternative_equivalence
2c439298d45e38d360d87c59e6926d90ca3ac0b8b8be8fcb2db8264d1f5aba0d	arithmetic	arithmetic.EVEN_AND_ODD
2c9befc6f6104b10b966904bd5a205f2f52faadc7340389551e65eb329a05c5a	HolSmt	HolSmt.r192
2cc3ea4be4ec67281251cca2f8f8b1c74782c3db4b31cbcb2b21fd5ea7ceaeb9	combin	combin.RESTRICTION_EQ
2ce348de75bdee16faff7f47de402bd30f18b8b3c80a5ec88c6a6b7391b9cd60	byte	byte.LENGTH_bytes_of_num
2ceaf4c91c0a4fb04d6e82c1ed3fa6544af6513002213df999a660eb0e28523f	HolSmt	HolSmt.t030
2ceed914005a99f704f9e4d567ca17a79b519c1483024ed0ff5fdb3f2dd5d887	binary_ieee	binary_ieee.float_ulp_updating_Significand
2d051aaee2ed271b48801f5877cb228f6b1b17ac6ec480bf2942a040a3c9c139	cardinal	cardinal.COUNTABLE_IMAGE
2d1e3e23cb060d98a96cf95e203c6d224fcfc778f7607128b710369c15016c21	alignment	alignment.aligned_1_lsb
2d404dc13b051ad7251800f56f88bde68a95f879bb6bc0b7a453bc961f622c46	HolSmt	HolSmt.r193
2d4977884d7ee848f0808e794e1312d67983d4b25462cd0f9a520166c8106a2c	bool	bool.PULL_EXISTS
2d4985fd55f210f6a3b831ce41b34d4eb0798dce178dd263bdecd37bd0f57021	cardinal	cardinal.set_binomial2
2d768de11c80ca40fdb219d95d2a1eb3c809d09d12488c30df776266cb9d85bf	bnfPrelims	bnfPrelims.fun_bnd1
2d7b67d9fc5319d7d0fa709542b7078ed902633c657d56c45a140f1727e84a8c	Omega	Omega.nightmare_ind
2d83455b56604760af2caba9350f381805f395250afdfb8b193a515aa123960e	cardinal	cardinal.CARD_BIGUNION
2db0c707a43a2135616e89eb28eb86eb6e4ec16e27fd8d7245c205b54c7faf89	HolSmt	HolSmt.r077
2dc00ef85292b8a0435769f6b90613d04323c29c7f0c924c0727a226afec235f	HolSmt	HolSmt.r165
2dc53cb4c4f55db5340fd1f5be1af9addae494798897583d9e4a8f8e1dd4509c	HolSmt	HolSmt.r174
2dd2cb9c13839ca2a5fd1a18e0ab3d1f97f417d473a3d4c48f4afe4a209baad8	arithmetic	arithmetic.MIN_MAX_PRED
2ddbb021a946bec56ea2a482a8829030bff0275ab38f20c1957909cbb619764d	cardinal	cardinal.CARD_CARDEQ_I
2deb27cb1cc31bd877f008be073d9c83de68a4dbaceff8e69b6bcf18c5bf9268	bag	bag.BAG_INSERT_SUB_BAG_E
2df8e4865574537e6c1dfe5cc4674ab6132ca900507dc5eada79d72955d4085d	bag	bag.BAG_REST_SING
2e029e1288bd09f39c5e3882ec596ca9b2e5ca98c359039bcd82f48e7dfa2101	bitstring	bitstring.v2w_11
2e11e076a50b430b78d76fd15b177ca04da3cc5b2d7a474b58161da818d29f88	byte	byte.be_bytes_def
2e23181b7094f0b4993e867c7e989e950a0ed1f85abe898c4da808bc7693ceb9	arithmetic	arithmetic.ONE_LT_MULT_IMP
2e28ee9228ecac2fae2eaa4db79bec9cc4bebdde309f8969fa6e810b309dd479	binary_ieee	binary_ieee.float_component_equality
2e65f3e6fa66625b53af04779f48d3faeb2338b35782efe779cd6192cf3e7c16	coalgAxioms	coalgAxioms.gbisim_equivalence
2e6b91dfdaa6f96680d6dc0684cc317289bc5de3c3c187f5e9f6465b32dc2e18	cardinal	cardinal.CARD_12
2e7a14adbe7f825de6b3513cc3eb625f998a4ed6984744d920d04af6d67f16ab	HolSmt	HolSmt.r093
2eaf9dd23b749b744609c1a7f6db3cf6eaf4b43dc8ba54440cdc6fdee5c7184e	arithmetic	arithmetic.LESS_EQ_ADD_EXISTS
2f2d2f21ca18ba7ac151535dca7127393f4f900f6b5af117b8b02ad5f5ee2a74	HolSmt	HolSmt.r150
2f4e630b187f630a3d745e4917819daaa69c3d242d1fdbbb00e7c9d64ab9d1e6	alist	alist.alookup_stable_sorted
2f522238bfc292f9723b1cde646b879af36e81caa6cabebd3a4adb0f04a51052	HolSmt	HolSmt.r131
2f5424b367c240931eaf4de030e63d2214fe0e458877cd082ab039e10fb4ab01	borel	borel.IN_MEASURABLE_BOREL_POW'
2f86641952cd412ca1f3a895c2e12d1030821c784f97e38383ea69ddcc48dcf1	HolSmt	HolSmt.r182
2fbbf4dd4626f0e247486e7f1b048799b6a431e690838cc264f795d4b089a9e9	combin	combin.IN_EXTENSIONAL
2fc49c0775cf7f40ed18ad0d5e5661cf1c8858e146d002af3fa0bf4aff46c389	cardinal	cardinal.CARD_LE_EQ_SUBSET
2fdcf60678e5e2f3162cfc6485b51691894ea392ae546c44a291950f2ff986e1	bnfPrelims	bnfPrelims.o_INTRO
2fe00634c2001a1f430448c01d7a7d166ab872cfb35c3b3f2d7b951900a53a0d	HolSmt	HolSmt.t020
2ff335b98031df4237406d18432cb64b4254ad95335e5bfe7de45211b763c050	bft	bft.BFT_ALL_DISTINCT
3007eeabcda381356ccb9e35635e025f53879283b97af735d4f0b62ae2a962d2	alist_tree	alist_tree.LAST_APPEND
301bfed6978e97f6f97338f712335c9918a585e1aacfd8febefdb96b3533450d	bitstring	bitstring.testbit_el
302fcfbbace727672331e9f220ada5c5563ec1910af627ea273fdc6cb848cff1	arithmetic	arithmetic.EXP_EXP_LT_MONO
303b996d49c8384de1017a1f0afadc803dd60bc4d795b5f79bd0feaf377e4b78	borel	borel.IN_MEASURABLE_BOREL_ALT1
305e40b87520309e52e096a13eae3857f9bdfe941e2ebb262f9159ac5727dc70	cardinal	cardinal.CARDEQ_CARDLEQ
306946b199580e54773b7e585b044ca9f726113f10561f71e62d160f4b96f2ed	bnfPrelims	bnfPrelims.optMap_O
306cf4e1541c8acdd14c4094e81fa1150541f79de7a3a0e94167d4a140f41495	bitstring	bitstring.shiftr_0
3076576bb092ab9b90d0f591f984c7eb59e512922cc99014e6e6b552d2e372eb	HolSmt	HolSmt.r049
3081f42207b0b060d6c0aa5485637cc921cee6606c806c254a4069bb6e5c43c8	binary_ieee	binary_ieee.next_hi_larger
30ac6d4bf246af4507aad36a7131f1c46902ebaaa716ea96a53c8fc98ab02f1d	arithmetic	arithmetic.LESS_EQ_LESS_TRANS
30d91d35c880629f97f0789b597d536d5786c60b2065295e054e773a66cd6503	HolSmt	HolSmt.r119
30e16cf2d828638dc2d8edaa2a4a3ec899bc10f331446bc0a858d4fcc13a8d21	HolSmt	HolSmt.t011
30f35812ed8d72594a5725808cd2e41089ed2dc4ba3237e455042bbab2c78341	arithmetic	arithmetic.LESS_EQ_IMP_LESS_SUC
30fb52043c252e066d01f01ebb21aef750cb9d5e0399c8939c74d1e892063b11	binary_ieeeProps	binary_ieeeProps.round_representable_nonzero
31020e12eae4226ffabba6c4666ec63be5987cc72f6e4ca41f62bf842720dc62	cardinal	cardinal.CARD_EXP_MUL
31110be0a7161ddc1b4331e939c54d0f73a56c08b8d38ebaaf7a4796cfb18984	byte	byte.set_byte_eq_or
31130c7acca067c4374169dd79111ab9d18548fd0090e3b1b3d06a3c28607ee5	bisimulation	bisimulation.BISIM_RUNION
312dfea137f0bc91c963a8571cee6a87d7eea4118d986616365f3cd0d05f5340	bag	bag.BAG_INSERT_commutes
313079001ad3526b40d3ec9f76a9a36e784b108fa5eb1ff8f9721f74e953e2cc	binary_ieee	binary_ieee.float_value_case_cong
3176c27ab341c2e180da32163360bea10e27922c41e95e3dbcf663d0a7bd40e3	DeepSyntax	DeepSyntax.deep_form_Axiom
317b9ed4e6108a6d3a10509c057165aa47e1be7b35040da58101b700ca090796	bag	bag.BAG_GEN_SUM_TAILREC
31805f7f3311d9d0420e56312b4852d2ed237484a6d6ec193041ae0007e862c6	borel	borel.Borel_alt_general
318677059d4644bd3ac0f8cde44ae51a961f25eea07ffb297f7dfaf297bbfecb	bitArith	bitArith.frombl_ind
31901c01f926cd564b7cbeb5b56cc5d8ef806896e64937b462a350dea8bcb8a2	arithmetic	arithmetic.MOD_MULTIPLE_ZERO
31a0998d29f4ac0a534871c39ce12b518290a5c165a4b1fe47b2fe2882534cde	HolSmt	HolSmt.r244
31b72f353315784aea7e9760fe97c00fc3377d6603722c048fe0be7d114d8c30	HolSmt	HolSmt.d004
31f0f29f8784ca5b8a8f14dabe8f403d2036b4034bccc46b93f2228fbcd36eb4	combin	combin.literal_case_FORALL_ELIM
31fb0a2a7432b916e3ac3b411cddaf14d1b6287d6829d3136fac1d8f49424582	bool	bool.LEFT_FORALL_OR_THM
3214385e33acdb40488c0a14392e1618eb50e38487893a1fdf2093addd991366	bit	bit.BITWISE_EVAL
3218378312b863fe085936e3ab27160f931b3779c6d7568886d518a624ff5ff9	binary_ieee	binary_ieee.float_11
3228a1253ddee531a12597c86d19606368aa341dc030f9c62ef2b6bfea70d9b3	HolSmt	HolSmt.r176
322ae2a560b54cbda920aed28ef16486bbfa48cbb6bea3ba9bf81c02973b969c	HolSmt	HolSmt.r011
3230eaefa8fc0a9c58b49344521c06b8ee89920907cc1f6059cddb9661bf3ba7	Encode	Encode.tree_case_eq
323cfc95e3a79e64f78d70e138cf7722d93b9896c1c60fd8b58c6b3bfad0497f	bitstring	bitstring.word_and_v2w
324286f44c32de9a784a116b80852dbf7c057140f816335c1f84fb3055b6e1d0	borel	borel.IN_MEASURABLE_BOREL_POSINF
32689619a9eff87ddf002f03d988ebd983839d7529393056e7019ede6875fa03	blast	blast.BSUM_LEM
329174e1c6a8d4917b1d453f7ff1aa9bc84109a858b718e35980247ecf088a6d	alist	alist.ALOOKUP_TABULATE
32bbfd1e2ef56c5064a78c66c4a047b354a26d4fc0c191403e7334d963c830fb	bool	bool.RIGHT_AND_FORALL_THM
32d3889d6f467a15a8f59901ae142d67ab9693d8f40ede9368c02539db09a2c1	bit	bit.NOT_MOD2_LEM
32e053194225242c282b1003be5e808844f4be3f381e56bd4500a660853663fe	borel	borel.IN_MEASURABLE_BOREL_2D_VECTOR
3307c0ea5336fcf43f0d5c827228e1bfa69f0c147430ab34b7fa48b5e1babbe5	arithmetic	arithmetic.ONE
33576e5af5f9cc2760d03c47097533c340d96441d49b0e7ea978772f45a6cc19	byte	byte.word_slice_alt_word_slice
3379c78bbf3ff0f5578f92df2a0c4e25ef88577d73546c8be2aadb5c0014c96d	bool	bool.AND2_THM
337cf8e875e37937e672e53ea9f4c44ecb50a6e91574e415c084ec7a0a6943c5	cardinal	cardinal.CARD_MUL_FINITE_EQ
338502096de87d753493f2c376ccfec1fa9aa4c127f5ccca733b9e1ffacd03ae	arithmetic	arithmetic.NOT_SUC_LESS_EQ
338b2b72ecf439dfddee4e6bc9c60d6e280d8a5025f3ba299cafcdb43aba78b9	bag	bag.BAG_ALL_DISTINCT_SET
338c9dba265c7c2a7f1e690f3eae15be39228c31ae08f87065877b33619ce00b	bitstring	bitstring.length_pad_right
3394bdcadc4f3e400d90eed7a83ebfac27555eb41dc39e3d638f001f47196df5	arithmetic	arithmetic.MULT_RIGHT_CANCEL
33a08cc2f6cc98178747d91c804cb000887f27ec48cfe46d431094576fbf91a0	bool	bool.NOT_FORALL_THM
33a0d4c7bb6acdcfdcbe7123082f0f4234a26691d4e512fec22650fb5d454696	HolSmt	HolSmt.r117
33a64057f6f3c74a2d99bdc242503e60994c82a638a191e8cd00b9634fdc75f1	bit	bit.BITWISE_AND_SHIFT_EQ_0
33a8211141d4811d44cea3cc4b4711304d2a656d5fcad24b509762c1feb3d9c5	HolSmt	HolSmt.r139
33a87296733286c1a6c132b1624812de0da7e281117ad773f3ec2dd39afce0af	coalgAxioms	coalgAxioms.map_preserves_INJ
33e6524a4a5365fb75631ffbec06e125dc61e022456ac6d4fff9ecc8749accd1	HolSmt	HolSmt.r052
33f1d40064b106bf3d40fff6bcdc7d0be924a491802ba6f1c824525920c2f329	HolSmt	HolSmt.NOT_FALSE
33f2bbe6b615288136c3f3ff8dd2f5e009c3c3c2a0e881908d367ce155832e48	HolSmt	HolSmt.p008
33fa78d9e1d0181142b2b25e645ad7af3aa92eb3b40949b5e5da5e7dd7432337	binary_ieee	binary_ieee.flags_fupdcanon_comp
3440a1aa58ae301dd7579cba92a259ff4f96c47969a4179f2419a9c4cf7a02a1	bag	bag.unibag_UNION
345240fafc72e5a17fe5607504ed1467f2e37cbc17c0159ec2840511d00b9348	borel	borel.IN_MEASURABLE_BOREL_CMUL_INDICATOR'
346853ab9a4d770a185672c187430f407bfc5a266a2bc0c2c293fdf202de5008	bisimulation	bisimulation.BISIM_ID
346c97fc6adf649e2cd70dabf063634cbbef8b2311146f8a638c982dcaf0131c	blast	blast.BCARRY_EQ
347a95ed00ef5eb6476df380f42e8ee98910b569efff4d45e99dd0d3bd30bcff	bag	bag.EL_BAG_BAG_INSERT
347fc86f24ef1366414686d7c32e4daacb0a53b786fdc88b11e252d20dee09b3	arithmetic	arithmetic.ABS_DIFF_LE_SUM
3491261427386f57a13de95b68fa246c4e3ff8014dbb0598002cb468cc405ca4	arithmetic	arithmetic.ADD_SUC
34a667c0566837bb664558fce8245e6f447ad7ff66147ca5b0b8a7e60d74b0b6	bitstring	bitstring.word_index_v2w
34abab3c63877d5db117d011ab8baac32456135356a2a7a67771c0fd03eca2a3	Coder	Coder.wf_coder_blist
34d076831fb6b360d9d46687964d4b5e8903b9880cb3393087d49da3bc491475	cardinal	cardinal.CARD_LE_SQUARE
34d7a7e6b3a1bde50d85422086d44fba8b24ed41e3a1d79d13055821b087c7f6	alist	alist.AFUPDKEY_ind
34f093f7abed172cdad7bf7157d5e6fdf9a18a743ab4d5ed78387f839626a45f	arithmetic	arithmetic.DIV_UNIQUE
35070f36d5081e8f211863169a2b1ec2f31d89ce197b0150016f9144a2290296	ASCIInumbers	ASCIInumbers.num_oct_string
3508cc689650235c825133bda33b5eb3b7af83504542be835ad37e1e7c105f05	bag	bag.BIG_BAG_UNION_EQ_ELEMENT
350b66de822fdef7f739a36912467f4a00dee35fdf15dd0bf0b0abbcc84ae506	Omega	Omega.evalupper_def
3525f231cb8f28565253b2479aa60b3a6e91990c89975d4e6c9ece9c24e21428	HolSmt	HolSmt.r166
3527bd4262562caeba6df2449092507ee404e6dda9706637ed8226d82965f1d9	HolSmt	HolSmt.d027
353a029258ad38fbd0d8f49143825e52e6df820853c112d590a90539eb33ebc0	combin	combin.o_ASSOC'
353cac57ba57c785fdd088ca42705a46de75c060e954d32ab43b949c914f1853	borel	borel.BOREL_MEASURABLE_SETS
35575cdf0fcdd019b8030c4b758044b4600eeeeda09adbe1f9bb9b6a14fd30e0	borel	borel.IN_MEASURABLE_BOREL_MONO_DECREASING
35655afb5966adbf33c553e7381616307022b7f77befac2aa83b3db1758d9063	bit	bit.BIT_OF_BITS_THM2
356af0c0737fd6f129045221906d0e1a8448ed41eab4e3d670c912d51e9efbed	Encode	Encode.tree_11
356fb66e6024978062a09abef3c185106b97c847234653a679b64822b392ad9d	HolSmt	HolSmt.r222
3574e7c67c2786b1eb768581a19aca887dfb6c22c78b68e9f745d004aec6af9c	arithmetic	arithmetic.MULT_EXP_MONO
35770a617572851b420cf0610581961d1502d0e39545a7854ab74eaa5a4499ed	bool	bool.EQ_SYM
3577433deb1476abae69c3e05eda4ca976fd907719b7be1528fd72417ac0d1ab	coalgAxioms	coalgAxioms.hom_ID
3584214f0a3d9a28f09184f79fea6c62b49f4eaec2cf0ee12c9f11a67223bfa9	arithmetic	arithmetic.LT_SUB_RCANCEL
35c988688a6139bac43d345d01825dcf839ecc2226e245f490352765616bfb18	HolSmt	HolSmt.r057
35dc802620bbc5da8a621a0940297dac037c9e336f6d5f1a896fc9736ee964bf	HolSmt	HolSmt.r041
35dd6f341a578bb80ac4f55024c61ef2bdc4686c15f54143464cb0cc54699e07	bitstring	bitstring.word_slice_v2w
35e184177dfce3a750fb915479586f6c96a908fa05c50f88068ac355adbba0b8	alignment	alignment.align_0
35e55e662b25bbbdc1fd3e6ea63dd0ff598a44c5f042f1fb6af40baab9bc135a	arithmetic	arithmetic.LESS_EQ_CASES
35e5ac2d80713d5c342d63e27106c310fa4ed85b93b69e8a2cc3225e78381265	combin	combin.UPDATE_COMMUTES
35ef1f56cd7685e3ab783bdfd16d98109bac430530eb6c4a3766ada2ec84d0b4	binary_ieeeProps	binary_ieeeProps.Sign_cases
3665f440b7df42d22bf652fdd21bee98113be88eabd4ff7a876099299a1e65d6	binary_ieee	binary_ieee.float_value_case_eq
3668003aee6d2af8e412b12a615f61650b34323c48ebdacbec663ea81f3104a1	arithmetic	arithmetic.RTC_NRC
3670b3687557cf6beae2c03a5bd89cf8a3a935c0d10a269282e61e85a602f177	ASCIInumbers	ASCIInumbers.n2s_s2n
367730ed5d6ce576b2d7ee264c8ce9431691507fa400b786e084572b87203377	arithmetic	arithmetic.INV_PRE_LESS
367992a445fc61cfa890aa07c8e23d576c4a4465071e9df3f3a3d2b9956e9714	bitstring	bitstring.field_concat_right
36828da1eaef181daffc906863e7412ecb60c8e9a77e7f8188df5ca95ac6220d	Omega	Omega.COND_FA_ELSE_THM
369e6276134379352239b8a6d769218c2473e3938d10f1706df96ea9e8642a66	HolSmt	HolSmt.r107
36a28cbaf75efb5b2fa2308bbd8c09b04593a7b80d3f591e6bbc57b18346f7c8	HolSmt	HolSmt.r059
36b5bec2213465b607bb295a62c9f55255cec91b055c1fd4fd7ce62e1f204159	bool	bool.EXISTS_UNIQUE_REFL
36ca9f256fe59e7f80f377bfe03f3762cb290a8c07321c3c8d480d9f7145abe5	binary_ieee	binary_ieee.float_nchotomy
36d1856398fa8e0008c457297df2826319408c098b69932fa505779c2ca40c7a	bisimulation	bisimulation.BISIM_REL_IS_BISIM
36f343dbff437f339b64f718ce0834a6db2ee2d606cba0e6c70f921d72e2a845	binary_ieee	binary_ieee.abs_ulp
36f7858fd3b82b282614c35810fd9f64a18efeb5a82376b3a232b81d5e912466	coalgAxioms	coalgAxioms.subsystem_ALT
36feb4a8d9cc6d310fd5117d9a5da77d62a136cb49eba6d6422d4164a62c413d	Omega	Omega.dark_shadow_FORALL
3708eb9dbcbda4b462bad6d215a16d58335444ee31d75955955d819aed0462af	HolSmt	HolSmt.i003
37184f1672b2f4399322e677249a13ffc50db00e8349d11079d79ee04ee894dc	bag	bag.BAG_IMAGE_FINITE_I
377feaa765a6c6ec04406a1ce8b1e1c66ed669b23231e8e7424b44afff0a2309	HolSmt	HolSmt.r110
3786482acc8a6212e5f7b51601451538a8f6fda7ba5b9fd31ca51bdf8f60c25f	combin	combin.APPLY_UPDATE_ID
3788a196d5b4e21b75f4103f43fb350044f0efbc430672e4be6417a1b611f407	HolSmt	HolSmt.r053
37aba1ddd3852467111257d3dfe7e99bf843cd9ad12ef2ef3b8f708de7b04d19	borel	borel.IN_MEASURABLE_BOREL_NOT_SING
37bb596e7f0fea67a0e5e979f072a01fbde13f70af413156ee3e4d3a769a32d5	borel	borel.IN_MEASURABLE_BOREL_ALT3
37d230b70b2a100ea8af3823a87962430a9dcc722f9e8d975272d0bb6d50317d	combin	combin.FCOMM_ASSOC
37f8bd5bd50d5337d12ccb7932f6cc3ddd34839d941878f94ff7a12155e1c82e	cardinal	cardinal.COUNTABLE_ALT_cardleq
38197a8f308b3030a81831c4cebb46322884d97952efaa816826c0b688d8ea48	bit	bit.BIT_TIMES2_1
382c6d21a42b59807c6fdc9420747262983b6713b03962778b9a280cc046ab52	bitArith	bitArith.EVERYF_bleval0
383091b080bcb7a6adc97ea7c79eca1166d063377ff4fa54f7f7cc5bb09c777c	arithmetic	arithmetic.LT_MULT_RCANCEL
383d2a0da6d1cd0b0743def164d36ef69376de85a82e403b32115ed63e4eb2a4	arithmetic	arithmetic.ONE_ONE_INV_IMAGE_BOUNDED
387e4b90798b8d9e660c57ecd642e32f1e629ddcb9ce22dd284dcc546d3f4f1e	HolSmt	HolSmt.t029
38a5649cf80c67a33521e484f9eb804c9e1edb17b045abab1a90c8fc1ab3cd0e	Omega	Omega.rshadow_row_ind
38c1a9cf6c81f39df8f77645b7eee0912677ebbf1a31064381b4035c2a41d39f	HolSmt	HolSmt.r004
38dcf9d53baafe5ab40d144194b4e2b98d48746871c8a89ffff5a50debf80c54	byte	byte.get_byte_n2w_le
38df7fa77abb1a57496612c4e9baa7699ea186c032362e05d977d304b1e2fec2	HolSmt	HolSmt.r113
38eaf99270238fb0a7f94b0d6a9b025555053c36346068e266722de9150145be	HolSmt	HolSmt.r103
38fc42e868c6bb67fbc7b3ed20a61e464feebbeac9f7f588dd90741e924d9bcb	HolSmt	HolSmt.r259
38fe1fb9bb8d08e521d0792d482c9b7ca056cc7aea6772d13e697eff0ccc6491	bool	bool.LEFT_EXISTS_IMP_THM
39031ba4fc1cf2bc6ac54d995ef571520fa7bc4222b80ca412d96bcb6f60b562	binary_ieee	binary_ieee.float_is_zero
393c623951d9e1bb8230cda4caa29d5fc040944b25f5b57abe75ebd24f9f9f14	borel	borel.IN_MEASURABLE_BOREL_BOREL_MONO_DECREASING
394148c6d84ed42887fb7ace734f261ff7fe6f5c77be1b8383283dd9b7faba2c	arithmetic	arithmetic.ADD_EQ_1
3967371b60c95ac923a8c0ef0ec673a20e7e4f81179595c730c39c7baa196616	addDB	addDB.foo_thm
398a974a7b1f1e1ff9ac8baa1f6071b58a4e1c71eb40412bf3a0a14421507b21	bitstring	bitstring.word_bits_v2w
39b10832368d7cb1721b1ac4a46f185912e57b798ae39f23886192c8348f1767	HolSmt	HolSmt.r161
39b61f7967f0cefe8c2732a022bb74581209b4c49f7723bdc5d36c492b28d021	arithmetic	arithmetic.EXP0
39bac4a7836846b2abfdcf32bd3d213374398192840d09b13ce8e134a49bfa7c	bag	bag.BAG_DELETE_SING
39e69de6698d377d3d06228ac14ba1c70d7b09c4587db88a9a553c1b55579af8	Decode	Decode.dec2enc_decode_unit
39e8bb9039ad9832ae1169277557522fbfab0b3471fee5320408cdf616b4701a	bit	bit.BIT_BITS_THM
39ee5495427f81409c7b7aafe64dabe784f50f1d05156cdeb01c5f04f0bf75e3	HolSmt	HolSmt.IMP_FALSE
3a52b40b9f0f0f96b14d63677c394c7d888cf2b7ce05ee5954ee5653fbe136f2	bit	bit.SLICE_ZERO
3a5edca919ed60c0c80eaf2767679cdd4daa83de3c03d5c406e4eee0b4e5cb2a	bitstring	bitstring.v2w_F
3a7d13d3ce3406c10b4e0a32d797dad5ef565bf38e53736391c8639cc126710e	borel	borel.IN_MEASURABLE_BOREL_RC
3aa480473857bf34ef393cd2c5c5f473a372d0aa5ffeca3f09def0e6187ab7e2	arithmetic	arithmetic.CEILING_DIV_LE_X
3aa5d46d63483feaf7908b6955350b828cc0ffd8e4c9fc567b64132074476acf	bag	bag.BAG_IMAGE_COMPOSE
3aa8654d4dcb9e6f8bf839cb2f86715572d73797ed60224c2f75e9ba88d1f68c	arithmetic	arithmetic.ADD_SUB2
3ab84eafddfbe845015f71893c73dd72e3a48df4cbcc0d4135d1b5d785045a5f	cardinal	cardinal.CARD_LT_LE
3ac8b11823f4b45074333b244c6a0f8b7b56ea419938fb4f49a0cdac42ec4ccc	borel	borel.IN_MEASURABLE_BOREL_IMP_BOREL'
3aecebbcb66085d39b93c21e3a4e134b0ef612c8bbe1e3a34caa227edddc11fd	binary_ieee	binary_ieee.float_round_non_zero
3afa021aba9e01117e2b3df56cd94634594adf19e1d136aa417f8e8759782956	coalgAxioms	coalgAxioms.thm7_3
3afa8e151830f1b29ffe939cf81d0e6895c2b634595eca0f135486a474b8e9b1	HolSmt	HolSmt.t016
3afac46a6914f7b9da52ad492c234cfff1898196b361175a4f1e56988c2d3336	bool	bool.ITSELF_UNIQUE
3b006e6ab6756ed361ed4d86c5fac3e8317212633384060e375478735bd3cdab	bag	bag.BAG_IN_FINITE_BAG_IMAGE
3b1fd831ff02a92f02af881216e804fd6885f937f0e9d6386729bf5512b0e718	binary_ieee	binary_ieee.float_accfupds
3b3293ac2b5c3ecbf77ee6bfdd94bbf709bfc845e7ac3654e7c5b0082dabcabe	Omega	Omega.sumc_ADD
3b481923ff9433e5f1e8c7e485e4add83dde833a9a3fe5df469a52188633b438	bnfPrelims	bnfPrelims.BIMG_K0
3b64e58d13a583aa2a31d59edf5980c08b59837ebca091a5d75a8aa917a298ab	alist	alist.ALOOKUP_ADELKEY
3b6514e9cb84a9fb3813e95a8c6d233882919a7e218d51df5e0378a57ba90477	binary_ieee	binary_ieee.float_minus_zero
3b73d5634ac2239be12b43c9ef2f2a5571336a0f0945d3d5ef5bb11b49cbca06	alist	alist.MEM_fmap_to_alist_FLOOKUP
3b87dd803023f1a5ed288a4fc2b2cc87393fec8d6b875b4513a5c6027793392f	arithmetic	arithmetic.LE_LT1
3b8e9c8a79e94df4707b1cf7d18be059f51b7f57ef9a1a68a6bbdf95cbdac345	HolSmt	HolSmt.r148
3ba4ea7cf9441be2af4077e26643323c9538373cad87fdd72d6b3c3bc1c0aee4	Omega	Omega.sumc_ind
3ba591906c72572cd2885bc83b10fe2e7dd0cb13bf9d877c97c01a703f62dd09	Omega	Omega.EVERY_SUMMAND_not_ge
3bca37514c71a2b277dc7cbe3d7c30dc6bd4fab893811928f54096f12bac9ffd	alignment	alignment.aligned_between
3be2615da90dec26951cfbdf945a49a9eab00251367f3a1f5c0819c6e55858a7	bag	bag.EL_BAG_SUB_BAG
3be88e8b4f5f44a23a606407fa3ada51d433560230120844956cabd16fae6508	borel	borel.IN_MEASURABLE_BOREL_ALT9
3c03cf3ee620c4b8bb9b78658cee8b2dbc51c5feda863f51da7c829c3154decc	cardinal	cardinal.cardlt_TRANS
3c176ddc785a4c04cfc84500689189252c6a8b1b4792ee9c8e90caeb5f2783a5	HolSmt	HolSmt.int_ceiling_floor
3c3353218c4e0ac817e1744f50f6482963bd8d71b4498dc75bb857b52567cc62	cardinal	cardinal.CARD_LT_IMP_LE
3c3823098b7503f04fac2f011304063f4e4446514471a6248a657d2b7ba69cb2	borel	borel.BOREL_MEASURABLE_SETS10
3c6287def393bf714ebee2ccc829c9353b49ccabc0ee5884e572955d7b3ef53b	bit	bit.BITS_MUL
3c73ca7402179ff51cd1483b5113bed1dacee66bd12bd5014c1008a1169c4332	arithmetic	arithmetic.FACT_GE_1
3c7d976ea689c5e6bdbe0bd03f9561e076802397db0721216f86a47befac4de3	bag	bag.SUB_BAG_DIFF_EQ
3c9e41748836cca3224c9e9f18e60e9b6d99d4bb31289b8a8b0975bc399b2be4	Decode	Decode.dec2enc_decode_bool
3ca78eea56d0e364a487ebc398acc7caadb37aba89c8b0a2d147da06a4935421	Encode	Encode.wf_encoder_eq
3cc1ea2e66db72471a698952ddb9ff6a61bea264ccc2e0c8ced152fb416ebc07	HolSmt	HolSmt.r025
3cebfa40328ef2745fbd726c9faca4f57c1fa50ac0ac9fe0c9d30d8adc7b6645	bag	bag.NOT_IN_SUB_BAG_INSERT
3cf565e60d12456ebb6d797152fe35e4f3375e1fe882a71cbd45f8705362a2d8	HolSmt	HolSmt.r072
3d25765553d9ab3f8c960d7799f2b6748eee1d114ab5f01b3908cd549e8111ff	binary_ieee	binary_ieee.word_1comp_11
3d60acf816a6dee94659ec4c5dbd1369ca16b450cf42212723f8fad58e10b17b	bool	bool.EQ_EXPAND
3d6ca8ec969f233f41b244f26de5273e70dd9253bf38d279b75374e703874149	bool	bool.EXISTS_itself
3d7628292faa9a71b226c6b529831d1e0d22896eaac989a57c17789558715426	byte	byte.word_slice_alt_empty
3d8a265c50ac3086afb7bcd2be8f4d50776b15fc67f3e5598124639842e74b79	alignment	alignment.aligned_align
3d9581d33a3ea825e0e8f6d51967b247ab5597b4102a2f8528d5b11bdc0d7c61	Coder	Coder.wf_coder
3d9df1f7a6bcbe6bd8acfa89e6b8aac70ffae64800ffe97f4cf931b941dc5d99	arithmetic	arithmetic.ADD_MODULUS_LEFT
3daea9dffa0375e579f9e677e7dd785b18a0905d6f7308147255c92e7038217a	binary_ieee	binary_ieee.round_roundTowardZero
3de050ce342407bd2035390151cc2a4d365b40c33bd08bf742ec81dacfcd069c	cardinal	cardinal.CARD_LT_REFL
3de0f83f9e24b4ffca9c4eed66e3bfda0c9215042eb82f1fe66fbfa68778cdc1	arithmetic	arithmetic.RIGHT_SUB_DISTRIB
3de18620031576d4e2f07ac384c381db6c2ccad16f47ead2ad145a2335a3f4cf	bit	bit.BITS_ZERO
3df3449ee07f1be268892da06da6527ecfe9bc0e494e5ae94297ebbf848ba8ea	bit	bit.NOT_BIT
3e0793c16ea4f5d4a7f57ca7eacf76fd24f2974b67c40b41cdf2f30425ee4cd9	Coder	Coder.wf_coder_closed
3e1558f5d5648df776c7063f6a4fcd807dba9685d409de052ce4963cd2c81173	HolSmt	HolSmt.r249
3e34ae038240dae6a94f745ed054e35f80b119a0ec99f87e72248ea7c6ef4719	bool	bool.RES_SELECT_THM
3e5678b9c093c8729615b0ec22abf4380e8e886fd4e71065ee122986f4e0131f	arithmetic	arithmetic.SUC_LT
3e66fbd84aed2ffed33ce47fb8997af7f29d94121973c4d8afb9d0c92861d542	cardinal	cardinal.CARDEQ_CROSS
3ea4a76c56d8e4df885cb0742e0dd510cb73b65ef0e4d9e7de384e33eac6c27d	arithmetic	arithmetic.ABS_DIFF_SUC_LE
3ea59a3a14fc1043aa70121c5874a21dcd08548ac83580ae3536164956dead90	HolSmt	HolSmt.r069
3ebef35c8986e72053c86caf582f402ca8374d8e544f6b856fb8a57b5103e106	arithmetic	arithmetic.LEFT_ADD_DISTRIB
3eee9e0f9872ef7f7dc19d7771069f18701dc21b805194a2413ef7813c767afc	cardinal	cardinal.BIGPRODi_EQ_EMPTY
3ef2c3bf48d8896d2aa842e908ccf24945e9c7b037de36d25e32538fba812807	HolSmt	HolSmt.r245
3efe47fcc1c5b03c3e671af5a288925964f09bd16cc4bb898d5d42534e014ade	ConseqConv	ConseqConv.ASM_MARKER_THM
3f0cb57621afb5004c929eed7fde0d8d9f557c9bb5d5860787cae3fcbbe4073b	ASCIInumbers	ASCIInumbers.LENGTH_num_to_bin_string
3f39712bd3f6c4ad98a16021f903be194c70dcf1e1cbe90fe934088be5e8d0dd	binary_ieee	binary_ieee.sign_not_zero
3f445f0c4f814c54d8275fe8e8643fc77ccf7b9a42e19c9430bada351f390242	binary_ieee	binary_ieee.float_value_11
3f521f615aa81346f0e6c05c28f7da7e6f7c5ff9b7015dc30c7007e88b5400ce	binary_ieee	binary_ieee.float_sets
3f63f2f540599c5f452100a9d401c2029f2f33d504decca009cae684f229efe4	alist	alist.alist_to_fmap_to_alist_PERM
3f675622a62ee30a4914f30cc806271b13d0fae10c1974b18cd0fb53eede8772	alist	alist.ALOOKUP_MEM
3f86300fa85d54bd55fab96dfa442bda87d79203930e5f88c97a2575a067d510	HolSmt	HolSmt.d022
3f8e17c9fb5ac8083f569edef028a64f9e99b24483989b71752a013d0846c473	HolSmt	HolSmt.r187
3fce1ffbcda1849fe0026571d97091c7c7b22860ebc6fecda90a8bc80ff47a7f	bag	bag.mlt_UNION_RCANCEL_I
3fe86909c2c153cb7ee1a8f94936223df9cb000dcf706f577a885d79aaeeee0d	Omega	Omega.MAP2_def
4016fddf043e56abce91b7ac92b30392404bb1291f2b995dd6de71c9d70ca9ba	bit	bit.MOD_PLUS_1
401740adff075acc3fd2a04d12c3fe579946ee1987554dd8bf74e981162df244	byte	byte.word_of_bytes_word_to_bytes_aux_le
4041e41cb313427d4f1099b26bead71efe6f569670a8ae9392780e412b5f9107	binary_ieee	binary_ieee.float_fn_updates
404d5a2f518b69a6d0d32ca9838338d5d4390fb07878d6ac01fdf2dc2cc60ec8	bitstring	bitstring.shiftl_replicate_F
405362eb55e5f1016c27bc05291847c36d5d01f3e669eab3e42eca438835661e	HolSmt	HolSmt.r151
407a427ca5febad69a862c8acf595a153037a66a3b1ea73de6967a97cf01a3b2	bag	bag.BAG_INN_BAG_UNION
408e729f59bee9b2d3a8612838a77bacc5de9bfc85cb38097cc555e11f5b5370	borel	borel.BOREL_MEASURABLE_SETS_FINITE
409f0f524cdad49ecf51e2a80222ef3227e34f0239f675f101f42fb294b85011	bitArith	bitArith.fromBL_correct
40a146305b8ed2c64782fad76dec19a402a0424d272ee57f06902c8505517f04	arithmetic	arithmetic.ADD_EQ_0
40cbda9f0b875639c879296c72bd149b94008a744535329b9301800d9c8b92a3	While	While.WHILE_INDUCTION
410c2bf8886835e221f0b76b1abbe6eabb7ad35b2367edd4880a41f461a586fd	binary_ieeeProps	binary_ieeeProps.smaller_floats_representable_lemma
411bde6d9c853d4ed23b5f75912890e6e6a5e791804ec1f59123c87cd59724d8	cardinal	cardinal.BIJECTIVE_INVERSES
411be122737422184359f10e8c73b22cfab9a3bb7e539a340df60444917b2a53	bool	bool.EQ_TRANS
412bee4b97214505537ddef5a277cbee991bf491ed15394c9d3032de78c01765	alist	alist.MEM_ADELKEY
413b034669deb2e5cd27e4860776de9e071228840a4a7b4f1c5b725625dc7984	bag	bag.BAG_DELETE_EMPTY
415778df45995df1e201ae06c36a7504421a0f76f69559bf59144cfca083d136	binary_ieee	binary_ieee.neg_ulp
416dd1b7c10db81edf10639d00f862bc0ceeb4c7d4163af06ca1264d1db93206	arithmetic	arithmetic.num_case_eq
41b0ed7b77c0840bff9e04529c4965337ca20d3637d28d97567969ecd1148dee	DeepSyntax	DeepSyntax.in_bset
41cc47c68667aa4844ea6baab3298a8a477c0f2c2c6e51b53b2842c90655554d	arithmetic	arithmetic.ZERO_DIV
41d873be074770ee16402a12352702c9766f82fa0452b1ed3a579518b12aeb74	bag	bag.BAG_INN_BAG_FILTER
41d97ecc4762ab72b7539a69982dc3d863eb29adb454ddc5eee0a9b054ffdc14	cardinal	cardinal.COUNTABLE_RESTRICT
41f1d6f56b166a9b1354c085f260a0ed34b15bbd59217ba0632ae1dc0dd42504	borel	borel.AE_filter
41fced49ba2016a0c2c4361a81c9196244cc6e05915cde6bd6118affa11a2436	borel	borel.BOREL_MEASURABLE_SETS_OO
421faae8b077b313f4d93ca71014380e0c86b4aadd7d34dd3ff1f901b8c4457c	Omega	Omega.smaller_satisfies_uppers
4232cf5414ea3b22d581f7990e739ee4b8a89712eea4e67deea3ecadb534394b	cardinal	cardinal.disjoint_countable_decomposition
423dcee0fb430876638abeaf5792a112e7ef1927393f2c1885fcc07e5b59386a	bit	bit.TWOEXP_NOT_ZERO
424bce423eb6c6e7c4f899ae83dcb4023da9a48674e9d12035d55ecab52dc96b	arithmetic	arithmetic.MIN_IDEM
42678f9794900c2cb2b779a2861a2575234945d2f67ef8b35a8f7eb6b728761a	arithmetic	arithmetic.SUB_ELIM_THM'
4268fbf0e1c63b4da45fbb6a7960044e373df6540a85dad0ca9b7fe3720cacfd	HolSmt	HolSmt.d006
4276f82a88e18e7c1a4c9d8345911861b9c0fa223ca3cdaa5d537b86f670f0a5	bisimulation	bisimulation.BISIM_REL_coind
429158349991311802a074cf827f695a4f0f9e47dcc2b24c8270133ac440974f	arithmetic	arithmetic.LESS_EQ_MONO_ADD_EQ
42a003ed5c3bd045fb1a512823900a88a86580a62adf808140adfcb5bea5d325	HolSmt	HolSmt.r185
42a2f148b53d6ce297ae6ccdbc7b361ff996418a28bf6fbfe9630858c30e4c8d	combin	combin.LET_FORALL_ELIM
42e7e4df78ca6fdc1765213f8e62df63b9c4b57ac1f3c0a38bb8b068280771d6	cardinal	cardinal.FINITE_EXPONENT_SETEXP_COUNTABLE
42ec8c30df354e855598193b98952093e07f533568937f22853ab444f887e4d4	binary_ieee	binary_ieee.top_properties
42fbe409c81ae66ff5faa6e8b7a4d63e6175d9277ce81553fd1dcc901278e121	ConseqConv	ConseqConv.OR_CLAUSES_TX
4301e4a289003074aa9e41b9fcc717df23f1136c4976eed05d295005376a3fd6	coalgAxioms	coalgAxioms.simple_imp4
432a992f485b9821d92890ac53ab59f784d78ffe8f65f2996ca74b5c3459d903	bag	bag.BAG_INN_BAG_DELETE
43459aaaba9fd53fc7ba438ae0401076748b2ff45c65171a533bae9592475267	bool	bool.BOOL_EQ_DISTINCT
437a10fd5f4809ee6deca626a32fd7331811e7c15f2e0f12f43aac7b7b541302	Omega	Omega.eval_step_upper2
437e99387d27e0e384c80f579f6f44514f647bd386c397fbceabc534b32314ce	bitArith	bitArith.bleval_APPEND
438fc0f421059caeed80efefaface41f7964b2da104217cdb563a09c192b561a	borel	borel.lambda_prop
43ad1c1cf899c9149f52032dfb2d6ce394ad59e0eb3980a2b21262e57bb090ea	byte	byte.set_byte_cycle
43c76dfbc8e625c244ce340b29e465010ec5ac5fda2a40703b6636ece4cd7d46	HolSmt	HolSmt.r084
43d4366ab3a736ff2f89f29fd37e5317140232e1ae7ff87218d3ee1d3df41605	arithmetic	arithmetic.EXP_BASE_MULT
43e29e0dc5dacd0bafcf2bc3908d96d97079302144695072ab4010f186ce41d0	arithmetic	arithmetic.DIV_LESS_EQ
43f8840166f436b4b3a48a4b26e84aa44da57c4cf58650ab5e3b11ad27d9fd2a	HolSmt	HolSmt.t012
440decd47814004243b16ce524e2e1f9a297adda39ea488dfffffe39508025b3	arithmetic	arithmetic.MOD_PLUS
440e942483c6e9fdc2c367f0fbc867efbc4a8c49c691943b72b905e948654e11	borel	borel.FORALL_IMP_AE
44164ce9239aa561a58233f0f8073565445caf60a72d9b71edd7c829da2a473c	binary_ieee	binary_ieee.float_compare_induction
441b5db7879fbca787bc3aee8addc51a8ed78482cca0d067db171e686e778b68	alist	alist.alookup_filter
442da56d4bc114ff5fe1fefa2d6557ddb764017a2c7a7f8533ff212fd85ab37b	coalgAxioms	coalgAxioms.prop5_7
4451de38ab68ee59609c2a5d460053669b50e39f73cac198700175d62d198eb4	bag	bag.BAG_DELETE_commutes
44785a9e45d4b3bbcd91524ba9425436cd412987619759f6e33fd9ec1ae33ccc	arithmetic	arithmetic.LESS_LESS_CASES
4484b81816253773e6489be4276398ddf05f6cb9a447a3cdcd20e981d25e8dee	cardinal	cardinal.UNCOUNTABLE_DIFF_COUNTABLE
44ebab4bb7da7471f404de064349ab2ef3ba6b582bcded0a8d6774080e52f067	binary_ieee	binary_ieee.round_roundTowardNegative_top
44edcab16dab2873724b37b61569ae3d278e3083d11ae4a082ac58dcae6235fb	borel	borel.BOREL_MEASURABLE_SETS_RO
45071e0ac6c6ca6a5877725939434ce1c0b4e42ccec08cd5ce89ead87aeede97	coalgAxioms	coalgAxioms.bisimulations_compose
451d886903e5abe5eb3529b4a8c8e1ea98a164e25a29d161a1cfdf9be2cba571	HolSmt	HolSmt.ALL_DISTINCT_CONS
451ff0b45d1c065051d2a2313333a82722e9474c7172e60796fb67abd9838a4c	binary_ieee	binary_ieee.float_Axiom
45242a657df5408646d2e884553265742bf81f8848bd0baa380d31f5d6970481	alist	alist.FLOOKUP_FUPDATE_LIST_ALOOKUP_NONE
452f95f558382ab971bf69e4384372071a47a64aec4513f11ea7c81632cdbb76	Decode	Decode.encode_then_decode_sum
4542fd2857a8661d93ae5264b604e3ef6286bb9d2e1f8c72cbc4e7d1ec8f0adf	byte	byte.set_byte_32
454ad21eed898885e8e2d08ae059da737ba76bb7544568979cdd576251bd71c2	Decode	Decode.wf_decode_option
454c8bd8d520c937a455f7021165cec4abbadf29a7925505c84a84446015bf22	bag	bag.ITBAG_EMPTY
45658e4b835392ef8dd14e43791fe601ada37ff0d13a70e2d83e2d142c3b0951	alist	alist.ALOOKUP_ZIP_MAP_SND
456938174e5a72ff9f81b9220c6b0c94ef630490dc22065f667ae3b03a3455c2	HolSmt	HolSmt.r207
45aa240d8b9ae406d8d11f2bfdcdd9a3020e74e4ba584c1e273a3def4ade3bbc	coalgAxioms	coalgAxioms.thm7_2
45ab3eb0bda2eb6c2df9214aed3bb33be507f68c28af37d888099e87efd716c0	borel	borel.borel_measurable_image_real
45b5d65bd79dbc67e3abfb34f770975b2aedf419dd5cb9993a8621b70a9077fe	alist	alist.PERM_fmap_to_alist
45bb5ca37b544c2dbf793f5d3f3bf5270441a32ac4fa605ae4b50b056abc780c	bag	bag.BAG_FILTER_BAG_UNION
45d1c04763f3d66f8dd9ae87255880fe1efef1b6dd9e745f6b51751325458c81	bag	bag.FINITE_BAG_UNION
45d4ae50107e9ea6274f7214019954f9a17eebbd77c5f335e74bcf519b407fde	cardinal	cardinal.CARD_LE_CARD_IMP
45dcf992f10aeedab86efdf980ec16bed98553f543fad2a523e97674f7701e29	binary_ieee	binary_ieee.float_div_finite
4609c7d35183cb900b0a03982825278d483f6bb54a302f43380c820e1abb37fc	bitstring	bitstring.pad_left_extend
462d7726cf54a8d35917f80aa93822918cd9be0e4c125d46cae96822d83ad476	bit	bit.BIT_SHIFT_THM2
462f932f410e06f25d02ed1735e0b57e4bf2a08691da364705a78ecb5ddae5a1	bnfPrelims	bnfPrelims.optMapCONG
4631c3a803e638afd1eb9f1459ff8b7647a8a8b10db3e35849e0dcd702b1a7ff	bit	bit.LOG2_UNIQUE
4632d50f2b34377446ec3b4cd01f38932cb8e69f462f69c7d641d0f8f01db7dc	borel	borel.lambda_univ
4667cdff6c6075fd6e0841a25ce7aed40ef5ea0d541dacf040e09a2ef76f9d90	HolSmt	HolSmt.r018
466ecbd82136d4f18b0e1d2c7b5f2278a75c084fbc54a571fe24055ae9f831a6	arithmetic	arithmetic.DIV_NUMERAL_THM
46813218d506c402c03c9fb4dfc194d80c90bfd9c4002b0a22fbbaee079cd54e	bft	bft.BFT_REACH_1
468460b0dcf8111eedd24abd7d6784ae58979752b33ab9dabc4416b66a8f64de	cardinal	cardinal.CARD_EQ_SYM
46c207da3f776e73ed8f3b2ad22a2109c25dd7e614bd83a6ddd01bce3a55f30c	blast	blast.BCARRY_compute
46d3529a0059df1e27cabd5bc9ab2780725507843de62d86125be26f1d59930f	HolSmt	HolSmt.r154
46edbb69a59a5ccf61f7e38cb8efa9e997436526fcc6e916fcab1da14f40e2b6	HolSmt	HolSmt.t027
470208f28a99850cdcaa7829aa802cd2c25d748465c8f159e4bce330cd5d7d3b	binary_ieee	binary_ieee.float_to_real_round0
470e4f0a74423b157bcce276dc598dac7eedbca64f61a25dce90efdc17e71271	binary_ieee	binary_ieee.flags_fupdfupds
472b5f1bf616c89b06d59e56640fb3b4f7f5107e91ab82c0342964611b59cab5	alignment	alignment.lt_align_eq_0
4730d3a03b5040f9726a7d8123cbbfc9da6b33ec92347ba80930c2e64cd3e942	arithmetic	arithmetic.DIV_0
475afe2eac22b055f9b55693669363578e19be3110a1ec0cd979ffadf1d6e35d	alist	alist.ALOOKUP_def
475e0bed734c21430451b02ecc5ee904197326751a29b2595d939b317d359a50	ASCIInumbers	ASCIInumbers.SUB_num_to_bin_string
475f8d207e73a550814aef4eaf35e3054167c4b20ee60e7081591427844e9409	bit	bit.DIV_GT0
476e6ec027eee8df4ddd4fe13619e9243273155738af812b61c666e7ea06b070	HolSmt	HolSmt.r160
47704d0c5a64b83d9b74a2fd7e4484dd4ce6555ffa0b1dac1f32d3aee1f59cab	bitArith	bitArith.modpow2_def
4796fb790b6cbac7a86a5f031feea38d02d4046776f98021b93dbb0df9c90f24	arithmetic	arithmetic.ABS_DIFF_PLUS_LE
4798a394de9460c775e0371995739f746f4218c945c001769bf624a0c5466a4f	arithmetic	arithmetic.MOD_P_UNIV
479ecf32127223c6e94a159ca3a4264a93034c9ec39096f92bbbafe1ac72c053	ASCIInumbers	ASCIInumbers.num_to_oct_string_nil
47a873621e3a26ff2abd67ad58e84463e439dde2a4dc769ff0a36d29fa65f575	arithmetic	arithmetic.LESS_IMP_LESS_ADD
47f353b40616af938f889ea1447ee981634973a152f2be0decfa2b01e72bac79	arithmetic	arithmetic.MOD_LIFT_PLUS_IFF
4816f00248206320466826e975f95d7393d9ca87d1b7c89feeb39421752a27ed	arithmetic	arithmetic.DIVISION
4854e9148be91f712685882fc3b4993200fe1a97f8441fe67bee27e49d829d6b	bft	bft.BFT_ind0
4857f6cd93455b71aa1238ced46638e85544d21fe8f502ce00f01d5db0f924ca	cardinal	cardinal.setexp_eq_EMPTY
4863a88c6a607ae3f4dff40f8eb8ebd78ef43719717d4ad363d65e7f8f1f9565	HolSmt	HolSmt.d008
48646f3a3e17b48333a02740ca3b2a694d870d42881d7210acb33062eb969f3d	bag	bag.BAG_SIZE_EMPTY
486fe01c02e08c6348de1e9300606b958dc1d2abd97b284b0447f36097ab772e	binary_ieee	binary_ieee.next_hi_11
487f4119f1b1c3233a2f457c4b97a1c83701076069c8bedcc405cae0609c2e5c	bag	bag.mlt_NOT_REFL
4882fe3b5e92dde44bf184b6667c4a07d011234e5b9f065a03cbda17705afa92	bisimulation	bisimulation.BISIM_REL_cases
488982fb049142abe821ddee15dec3ee7ba3f3c0e5e7da58ce543d15f3778f5d	bool	bool.BOTH_FORALL_IMP_THM
488a2eb72153dfe48daa51188009204544035b55f1a6d16867ba695903d93458	Encode	Encode.encode_list_cong
488a5d7748fc0dfeea5dd8e85300817afbdc6e5bb680d9d98dad334921cb7e57	bool	bool.COND_RAND
48977db04e14a990a8c05b309ab53484dd9d863d452b1c537cb2d46096eab784	ASCIInumbers	ASCIInumbers.isDigit_HEX
489ab2773e25ca0bc73cd1daf8d980cbc530da1abb08fadd2e6f32b440c4d0d8	Omega	Omega.nonrefl_case
48b83d1941114a756d583877b8889c6c3a480b487686580b2d073b1bac258b0b	HolSmt	HolSmt.r191
48c0081d693c04abf046a6b4c1f88496c36b22ed7c7ae232b848b96090d9ab0a	While	While.TAILREC_GUARD_ELIMINATION_SIMPLER
48e98579fe00b803bc228d730e16ca96b9da3865aea78abdf3cfa2659c9742e0	arithmetic	arithmetic.LESS_MONO_REV
48ef048e9a8cb464e612c9f12313220ba5fd6d784b3f18871e5acd6f01193fe9	While	While.OWHILE_ENDCOND
49022767800626d34e854b1244a09c86870bc00ecec1ae9c0bf87b152042acd4	binary_ieee	binary_ieee.float_sub_finite
4915621c9f819019dd4085db9c9394d3fc80e8b7b777aa2c8ff7afc6bdcc7cea	cardinal	cardinal.CARD_MUL2_ABSORB_LE
49238de0c9a2a0c6de70b36e4db4ca70cea6e580eb520565743b5683e3f78605	arithmetic	arithmetic.WLOG_LT
4930a00030533a4059a4b7ca6a0bd8e033411feaf0cd2e29611a9f8e4641c251	arithmetic	arithmetic.MOD_ADD_INV
4945af43e4306451f0fd631534a635bf77a4f6ff0987903b7c3cc6a97babfb7b	ASCIInumbers	ASCIInumbers.toNum_toString
494c0735a44cefa75f0164c6711c73cb5ac4e3843bae70fea0c217691a01b237	bitstring	bitstring.testbit_w2v
49545ed780b734e596124a021d54df9f112a9b3424d1d783a3fa659b9743b9b8	alist_tree	alist_tree.is_insert_centre_rule
49562884090b138fc130967e29b699df883a939360b0d1281c944949226f134c	arithmetic	arithmetic.SUB_LEFT_SUB
49652e8f8811aab014080db693b09e752b151c08308cf65da63dedffd8e78065	cardinal	cardinal.cardleq_ANTISYM
4969ab81d07d79c2c911711b47c08b38414f102fa7740449736ff70138cd6a40	HolSmt	HolSmt.r218
496a04f3fab20e2b8e7d09ee013ef1413ae20efe63e9121bf1a992daa21dd47f	bnfPrelims	bnfPrelims.funMapCONG
49987a03030d8273d4ee2cc77d9911efcf48202fc90e7a63797eb4693a20f382	arithmetic	arithmetic.MULT_LEFT_ID
49acfab59f18fc248ba93aa786bbc68d1e7e2ed77c307ed76a11bee53b25b36c	arithmetic	arithmetic.NORM_0
49b9983fe4cb2abb7f27d972416ebb815e6a2ba4ef281c90d8be9fc6b765f895	arithmetic	arithmetic.DIV_ID
49c305913134edbd7327de3fefb747f5d5d4c5cfabc20563b213513c131a083d	bag	bag.SET_OF_BAG_INSERT
4a2e81f0c913539b3ee41b8ad3e2ac28bc93a32cbc2e4c6611ac7f245f127214	bool	bool.COND_EXPAND_OR
4a37efe041bd6de83eeb97eef34f853fc5d4e52971aa54bbfcf14c854e6cc08a	HolSmt	HolSmt.r094
4a3ceb05f933bda1fc338688d2c94d6c411e1c7166ac0cb16a5dd56770b7e708	bit	bit.BITS_ZERO5
4a519e679c41d3cc6e87b5a8d518e0c39f4a9c44c136ea48471a4259ec183aad	HolSmt	HolSmt.r120
4a595395dd57c38e58bb5bec482534f8550adfbeba91229fd1edbadcbeadbda6	arithmetic	arithmetic.MODEQ_MOD
4a7a03855fece0e3e112af1d5eb4a8667c347a0feadb3a08303d32657f6698b8	coalgAxioms	coalgAxioms.thm2_5
4aa12367cdbfbf746426a00ac67ba1b166671b5a7ef3b422265316eb4eb90820	HolSmt	HolSmt.t021
4abd483a14ef84fa8c3b3c99545b4f42080543db8900d185e8801101ef1f6153	bag	bag.mlt_INSERT_CANCEL_I
4aea70e7df9a1cea7dd30277e7068813f51ee29903566f49b9766422968c2723	binary_ieee	binary_ieee.float_mul_finite_minus_infinity
4b3622daf5370e815b96989ba566c6130a519706bc7f663dc6f3f88e13f5ccf1	bit	bit.LESS_MULT_MONO2
4b38d7ad4f620ad953c2f8c47d7bf3ab015ca12ad9f0c99c0750290ee3ee648f	bitstring	bitstring.word_ror_alt
4b527aa96ce96fb32cca0f743b8e2e301d5a2868f91ffe65c1611515557f75dd	bag	bag.BAG_OF_SET_BAG_DIFF_DIFF
4b532721740248d4bc3d021a344f90b09469dc5fd766a33c936a088a961e3e13	bool	bool.LET_THM
4b65ad07aae303665a26fc09a71eaa490d9a8f77ef641a3e18fa78f1598a4ac3	bitArith	bitArith.frombl_def
4b68310aa19fc4d62e3b8e37794d043e5eb4cbf40ac8675ebec5bf24015e2a28	bnfPrelims	bnfPrelims.IMAGE_IMAGE_lo
4b87b14e4cecbe800637701b2464020d2c6900e6452fbc371824603aee5a4267	coalgAxioms	coalgAxioms.iso_inj_hom
4b8946fdb9b001e62cf19b23e7df2b9240ff694d8f856e151cc5ad670c21a8a6	HolSmt	HolSmt.r248
4b923abd35d7bcc28627357f1723a9df74a3b3086c438964503aee435926a224	Omega	Omega.MAP2_ind
4b9324bf45f15e555ffda2e317cfc34068de2980ce80c996f65fc1d2b72a9582	borel	borel.AE_IMP_MEASURABLE_SETS
4babe1d5b26dc86f9d84479c83c990dba3703cd85f009b0c51e45755eb0172f0	HolSmt	HolSmt.SKOLEM_EXISTS
4bb7f80b87fba5a353d9233823b3872e677ddeeaf7685db0b4ad5b1720a86097	bag	bag.FINITE_SET_OF_BAG
4bcd8f271d7855576fdda1f3d6096fa911fe553aa5fe5f4115475ae770269843	HolSmt	HolSmt.r075
4bd592f31e9e6d06ad472bd4d50a9e06ec32681c7d4577f2053111bbe4524ef5	bisimulation	bisimulation.WBISIM_REL_def
4be7f7adccfca158a21f73e9e763faf47137aed7116a3fbe2064536fbb9b1163	alist	alist.ALOOKUP_ALL_DISTINCT_MEM
4bee573f96bf50e0a2ef6f7e48404a48199bcf655c4c14ab8d3bd279a78c1f1b	Encode	Encode.biprefix_append
4beebf79e736dd0ffb086da29dc48af02ffa470a25a6298721660edbc8558b68	Omega	Omega.dark_shadow_row_def
4bfa570455eb035411b6025396065fc70f0061b85bc57c5e2ca637c3f6100abe	binary_ieee	binary_ieee.sign_float_abs
4c33810676a59eb23df8ad6562e5b7b51bce01695316a1e627ae9e0be094006f	arithmetic	arithmetic.PRE_ELIM_THM'
4c4b7ae459f2a8d3b6773840943b674179019916fd809ab831191ea51373d1a8	DeepSyntax	DeepSyntax.deep_form_induction
4c4cef5ee5a4efa72b6c6d6420782b4d7e28fc28da2a1ded730ab67a5bb3e5a0	HolSmt	HolSmt.r260
4c6e1539bdc87270f412d8e31a8ad319b2f5f3d3ba861b6df8c4a492dc2e1a28	arithmetic	arithmetic.STRICTLY_INCREASING_ONE_ONE
4c8def823caae9111fb59105ae8184d63496a576e465bc962f4fb7ce9ce7221c	binary_ieee	binary_ieee.float_sub_minus_infinity_finite
4c9c78d3b4ef78e032919e9a3b0a244c7e9890cce7ac92dc0ce8616daf8be435	alignment	alignment.aligned_add_sub_123
4cbf9412983213cd57a2570aa78df8fafe8aa08fff7a222f4f688410e3790ba7	byte	byte.word_slice_alt_shift
4cef24c78bd385d1ddb310529aa012a805e2fc11759cb416a7f2391b1e687b54	bool	bool.IMP_CONJ_THM
4d0894c1145ddada4133aab6c8cee1978d3a23a1b8503fdce5078045b09cfaf9	arithmetic	arithmetic.LESS_EQUAL_DIFF
4d13f82790058c1b4cb7dbbf10a4dba70ade5a5d1875cc2a7f6598e8aa2d3fe0	binary_ieee	binary_ieee.float_is_distinct
4d171df9ab0d42efd40fee1e6884615a798ce911e379289851037e7404198f7a	bisimulation	bisimulation.BISIM_REL_IMP_WBISIM_REL
4d20da6dac2d0e159dd041655d54e188b6258898f766ad5d8257e44833da375f	bit	bit.BITV_THM
4d614f9c6dd6fecda60369083f52eea0ea05fccb80780aa7fbaaa3c1d0c43d93	arithmetic	arithmetic.ODD_ADD
4d6fac3df90c6d3e141d53c54ca71380a21e367971a1faf2742014a8e0745edf	Encode	Encode.wf_encode_list
4ddbb0239b2e4ce077fb509410e8b1cf09888617deb5b2daa303efc613d4bfbc	bitArith	bitArith.tobl_NUMERAL
4dfafa01cfa031a7a2c442d5bab801a9a51da4a7e7fbd1f9551cd4a66b495aea	HolSmt	HolSmt.r241
4dff35e1c3a9d437048d5e5dd6bdacfe9286866cdf77bf2356e17cb2f04bb1df	borel	borel.AE_iff_null
4e0c52ed8108807fabb99e9736690fb332ea226624e7f0b04701fcdcd45bad50	basis_emit	basis_emit.i2w_itself_ind
4e2d5d6fd82665d1ffeb485033c5346c2f3b720aedab136b769f36bfbdfa2ce5	alignment	alignment.word_msb_align
4e30fa55d1cb34895ec0b168aca7bacd508001dece1be319c53b13904599855e	alist	alist.ALOOKUP_APPEND
4e30ffe82dfd8c38a76afce4a8e371e774af78d672cd6da4f5bb27dbc61f74d0	alist	alist.ALOOKUP_FILTER
4e35df4d5e1e951a5fb67643bbbc99d029fbe583fa22c18bafd5d9b63a108742	Decode	Decode.dec2enc_decode_sum
4e6f39b43bbb5421c9edc7dd6faad7b679a8c29039d0545549751a6c10e27ccf	alist	alist.FEVERY_alist_to_fmap
4e77c6beca6b3cbb0ff2480d0b199e14fc96427d316b538ead04aa60f957828c	ASCIInumbers	ASCIInumbers.n2s_compute
4e82b7f6d412ad8e908d87e3670a876d3dc894ca72412582c71c18f174e4c192	coalgAxioms	coalgAxioms.prop6_1
4e8963d61578ab14ba3ed8c570d16c7f59234428c0ff82b976f98a34c674c31e	arithmetic	arithmetic.PRE_ELIM_THM_EXISTS
4ea929442427e6e56cf619e6dd25e76f9fabfd03890fa446b4c7b35dbf23732e	Omega	Omega.calculational_nightmare
4ebb63f94703cc69c7ebcc24286f6f2e19eb6268856f48a97f240b763293d6aa	bitstring	bitstring.fixwidth_id
4f391e02eb848bae067af7357e6c095667b15b076cdd56d2cf33adb33854f704	borel	borel.IN_MEASURABLE_BOREL_ALT4
4f3bdddbe90a00c0e7c63c9386b8b7157f21f125d71c8703f17b09dc83e9ca5c	bag	bag.BCARD_SUC
4f4962a62bfa4540b82642e2684f7ad08fea1b7e5285c4d7c7a31ff870dc60ee	alist	alist.ALOOKUP_FAILS
4f4c83a638422fcf02e0f7d410d3b8fe5fe96b9f1e3fbc7ae247d58667d663f3	borel	borel.IN_MEASURABLE_BOREL_MINIMAL
4f56173ca95772548485b77693b360b50040afa275c2295576eaff667d66608f	HolSmt	HolSmt.r233
4f5d38694255a0c4bc93b43cc65c69afdf40c934282346c1a0e4369e3083e3d0	cardinal	cardinal.CARD_BOOL
4f716e89fd7b7cfcfdbd8f199b76d9f0c6b648652dcce816f9b11f5ab3a80a11	cardinal	cardinal.CARD_MUL_FINITE
4f8607f4f10c86a321000a0bcd7290bc184d4edc630568b358e4b5434b22602f	bnfPrelims	bnfPrelims.optMapIMAGE1
4f8b0d31b42985dd718814497664c940e272b03aeedd701b297389f98b214217	cardinal	cardinal.CARD_EXP_UNIV
4f9595a54b71210e093b824767773ddfe0a0df8cf495c1284d5ced1741b1748f	Encode	Encode.lift_tree_ind
4f9816ac6e819720f21982faf1da863d44f66913c31a469e404c4a5980733f9a	bitArith	bitArith.zeroPad_def
4fb0e81d0f6f6e52bfec63c7ed57c1774d73010bff4f9a7d42d2bb187ce39e03	bnfPrelims	bnfPrelims.pairMapIMAGE1
4fc02d37c494289668fb7d5d6fa71a627be9350208f5c1baa8433ed7b73dcca8	Omega	Omega.dark_shadow_row_ind
4fc0db7d17ef476548ff2c5d7e55d746d6c81932f050a5e99ceb5dd5e94926d1	alist	alist.ALOOKUP_ALL_DISTINCT_PERM_same
4fe90bb95a157793e9e46c4eb048aa4a352b81c8e08700840492ce62af2f20b2	HolSmt	HolSmt.r008
4ffe701e325b0600ac6229705df583b4afce9d65df013b407b6a3156fb3905d8	borel	borel.IN_MEASURABLE_BOREL_SUM
5011b5af1121ffa1c222f67b3bd6c2e58eee95675c03b9841537d7bc154cbf4c	bag	bag.SUB_BAG_REFL
501b56c3511fe7672dd2c7f3393eedee85dad3cf31a8f36a8968bc5cd6d180f4	HolSmt	HolSmt.d010
502af3752909099fc8951e21494ba855757f5eefc547fa11f196336aae14228d	bit	bit.BIT_SLICE_THM
504943f8413fdb6915a2b6fec8578351a840a6ac58dff584bcd763a0cb975ef0	borel	borel.IN_MEASURABLE_BOREL_CONST
504b0fe657ce97c2800cd26dc964eac7642395c6ed5702b4c0ed2966b75e50d8	borel	borel.lambda_not_infty
505eec1d476795e521458b6e597326d95bd9b497d9310d0dc0772bda837cf588	cardinal	cardinal.CARDEQ_CARD
5064011e36661621c8e17923565e59ef8a4ff5c3ded91f7aaa1ee1449aa29e81	cardinal	cardinal.LEFT_IMP_EXISTS_THM
5089599b002473f412e2a98e57ba2e6f9fea866908ac3f155db81cc6fe2b4a63	borel	borel.AE_UNION
50a30498c26945251d8a6709f2f29980fa7ea045797ea24a6946528e37ceb906	binary_ieee	binary_ieee.flags_fupdfupds_comp
50afeddbe296b0ad36fe16dbe887f6801147eff6a546e22e7eae160d9181a3e8	arithmetic	arithmetic.MOD_P
50b04be69efd8d7f599638ac2b9f2ec9566a93babee2f5fb14509c3d086f33a9	Omega	Omega.SYM_ADD_ASSOC
50d8ad1f9a05bd97704a1e4f4c53c4226bf666ec94847146b9140de7930b1cad	combin	combin.K_THM
50ed792dc74dc2a050df263dd8eeac8a4b029c867916371e07bcd8c15c1293ef	binary_ieee	binary_ieee.is_closest_exists
50eeec63c34acf16654e270bd55b46ed3509c4381507fefd642a088997ccf1e7	bool	bool.MONO_AND
51156a3b84eba1d77a84bb3103af69d6fcb815a0322c5d7138e74f67c8351919	HolSmt	HolSmt.r050
51188d00b31196dcac3c542d749816b199bab339be1ac2a6e76a094e22f3fb28	bitArith	bitArith.lte_thm
5133d06534f14ac48eed9a23f5cc3c42fdbf9fc08fb5556a86d250e2644bd394	arithmetic	arithmetic.SUB_LEFT_SUC
513cc655017d648f15e37e3b3fe9d6da085da70f3820bbc4a7865478bcdff81f	DeepSyntax	DeepSyntax.deep_form_distinct
515053b1d1605ed5684de70f8bdc3ef4a0fc7d4c34cf9d7ac9658af10baadfa7	bag	bag.mlt_dominates_thm2
51a946c3fa82a1aecec06977ab1c098fd48e4982c5a76b0bd521c0cc8093f619	arithmetic	arithmetic.LESS_ANTISYM
51af6400f264ca87a543fb24f8372034cb55f2baabc20afb4e1d39b04ce43802	alist_tree	alist_tree.empty_is_ALOOKUP
51b2cf2b5a4bf950ebb9868e513531d0915845046d325302b3d3f2c626a4252a	bnfPrelims	bnfPrelims.IMAGE_IMAGE_ro
51b681920be2d16a61e75bdf71c231a42c129c9435beea7c42457f791bf0ccc5	bitstring	bitstring.word_msb_v2w
51baf83baee520fdac2adb208b6f355f5a176c798cbf717acda2173cf142e426	cardinal	cardinal.CARD_LE_INJ
51befe33ef119ae336ae5a179c4e24b9b10ee8e7b0c0665405be426ce8038961	bag	bag.BAG_SIZE_INSERT
51cf824cbdc6b8811f40351ab943c90a565e938fd56d4736b3dacb0f47b280f7	arithmetic	arithmetic.FUNPOW_COMM
52060b80910d32ccc131ad2d8cdc50e047a2da43781db0cdaa92bf6c2c8148e7	While	While.OWHILE_INV_IND
523c704ffd2ef4029dc2f40682cdf9ac4301a6e8bf5984cc6f94743637249a3a	binary_ieee	binary_ieee.fp_op_case_eq
524143644a4a9867283b85aa72d12b0f675aa82b155dcc2547733021b6fad599	DeepSyntax	DeepSyntax.deep_form_case_eq
52449ca81d1e920556cd6b28da2c25b921d58aedd51374481923e1847d358c80	borel	borel.BOREL_MEASURABLE_SETS_OR
524f989d478587eeda9d1ab5f32792654715015d0049c93bd91404f24e766282	alist	alist.fmap_to_alist_inj
5259382a26840c3223c537afc615065697ead4dd74478ef62904fcdd60cc8a3f	arithmetic	arithmetic.MODEQ_INTRO_CONG
526bfdc1c825191b2ece95e44100d7f280d13134a4d42a54111f81b3afec8558	ASCIInumbers	ASCIInumbers.toString_11
52771a8979573e20469b6b63f1bf707efc20ce5c18b6314099d6a5ad3e4dfbd8	bag	bag.BAG_INTER_SUB_BAG
528892cb488a4a129e72bfd0a8136650f7795212f818de800a2a73000ac5cdf4	bag	bag.BAG_ALL_DISTINCT_DIFF
528939971cf1b6b3f47f4d5b9a7a1aaffc7db89f0cbee685628299ef38fb9761	cardinal	cardinal.IMAGE_cardleq
528c542b92bd1bb92b6e74ea08bd77d2c8ce13a4794e61a20473e6d067d86f0b	Omega	Omega.eval_step_extra1
52a2ddc64e84d516d6e404c25f8b084a41d911d75f61ed5fb8bb4df05f423f11	byte	byte.word_to_bytes_word_of_bytes_32
52a9701b25f91e9bcb6f5cfea95c74c8b85d173c23fbec8b5a5d2cbde4a6b9ff	arithmetic	arithmetic.DIV_EQ_X
52b8926791ef69ee42f28274aff0bf0c821b7d6855f9115a8fade8d73f8ac603	bitArith	bitArith.mul_frac_thm
52f6776e961c29a53bb548d787570f12d84247fd34160952524a4b42d1e2cd39	bit	bit.SLICE_ZERO2
5307449d3d399078adb41e73de9a19645d10804c29976fe67b9036804e9df41b	binary_ieee	binary_ieee.next_lo_Sign
53259c457990ed31ffb3facbc9c4a477907b83e9aa55341729fc15f150d1ba58	combin	combin.MONOID_CONJ_T
532622d685e7a81df27d65ce75ddd474c62b426c52df17cdf9aecc7f2b204491	binary_ieee	binary_ieee.abs_f2r_le_float_ulp_mono
533b0f5d3b8d4460e60b634208b6ceabe9036e5e366f43a1594a6e5a975ac266	arithmetic	arithmetic.EXP_EXP_LE_MONO
5356dde208716c48661b4ba5f592799b57c255fe1b45d99bf9c73f434c578125	cardinal	cardinal.SURJECTIVE_ON_IMAGE
53629ba0e3666d0a32248898e3085dc8e033addbbed04dbfa3723106be1294c4	arithmetic	arithmetic.ABS_DIFF_TRIANGLE
53654767b7deb7a2e20f25a54e8b8b971044b6260fd19af3c869cf45f8ac7ef0	bag	bag.BAG_EVERY_MERGE
5369743a6b4d876479f754471c2a03f2fefbf4f04f66b4db7e9d027af0c8417d	ConseqConv	ConseqConv.AND_CLAUSES_XF
53e3d4ee5d4365c8b3b24600aa6c5ee05e0fdb62c3d5d5cab8112c95db5dd460	Encode	Encode.lift_blist_suc
53e52d5dd3d0a2277b93c69594c3817106fbef6e56e1267882284c488d380e1e	HolSmt	HolSmt.r164
53ff79385802fb2ea210b9e213832b5af7dcfb04224095a304136341f633ad02	cardinal	cardinal.BIGPRODi_pair
5405f7faab8ff682c41434df57db63d228bd0dc8c68ebbb28de5a93a064777a1	binary_ieee	binary_ieee.float_div_nan
541185996ba99b65e1365953fae30854ff4dfebd1e715370249e6eaff9318fda	bag	bag.BAG_INN_BAG_INSERT
541323fc1c76a23865549812ba19f91fd651caa42c4412b26d4dc5c3dc7cbc0e	HolSmt	HolSmt.r205
54146f9c7c16d6b3d49ba4cbe1da443dbec0d4ebbdfb5db25683817775208fdf	cardinal	cardinal.CARD_LT_CONG
546994b1fa124b3988be479ae81ea28e3b58933c9796784f530234e488a6b7f8	borel	borel.BOREL_MEASURABLE_SETS_EMPTY
5485652d75306b7bb6bc0d02e7b20bf9c7759c1d5eaa7cef314149f396e18e83	bit	bit.LOG2_TWOEXP
54aabde96c14aa843ea546f0767275a952eaee8356c5caa957260bea8eb3e3d2	borel	borel.IN_MEASURABLE_BOREL_NORMAL_REAL
55037318f019b786806c4fff1261b8c746430380caa468fe176fcf158d647f07	HolSmt	HolSmt.r079
552b83c2f08fb214e0a232a5fe8e0bda6e285f43919965218a2b229ed9a85640	arithmetic	arithmetic.MODEQ_PLUS_CONG
553b9f4c24977e942c3f16bfaa0082326a90a1c812fa31b5244d648f19652037	byte	byte.word_to_bytes_word_of_bytes_64
5542f47bbbdefccd519a12acbef6c29a3dd22b5ea452ad304c2ae81d8473d04d	arithmetic	arithmetic.MOD_2
554bb2112e5e81ec6de621fece697a95531be2182224f58d13695ca258908ec2	ConseqConv	ConseqConv.NOT_CLAUSES_X
55765473f4a75bfdab0b5aaaf1e3f5daf43bfe643771ff00fceca3bea8c06fb2	arithmetic	arithmetic.SUB_ELIM_THM_EXISTS
5590a2aadf485f3432be6f1742c4663d5ee2f626136795e642724a0a7baa1162	borel	borel.IN_MEASURABLE_BOREL_AE_EQ
55a99f9c36d0eb46664a6387cf35fb43d16100ceed0ced8748f82739306a3dc7	arithmetic	arithmetic.LT1_EQ0
55bba7365334a92edf516d0f4bf0a3526d92015c3d789855e214e1561aa169d2	ASCIInumbers	ASCIInumbers.toString_toNum_cancel
55c3506ba60c97e6aa687fea08e052d1f35417f41481f031bcf41524652cb790	arithmetic	arithmetic.SUB_RIGHT_ADD
55d7102272d446fbed7ac0dabda35936fed610f0e5c795daf8bd1d4910cfb16c	borel	borel.IN_MEASURABLE_BOREL_CONG'
55ed42cfa81ed47f28f072a262f1927b83dca8e9a587e22523c410b5861b3d0d	bool	bool.UNWIND_THM2
55ff875380ae99beb9160208dc37f663d22c135c4c9be65d20bba572f64b8ffc	bag	bag.SET_OF_EMPTY
560361bd7d94fa0b8b3fefc9e739de03ec895d87c4611a5b2bbf233228042a09	borel	borel.MEASURABLE_BOREL
56047d424b6b86427a2771adec93bd4713fb41d39777bde861d60ed74b63c0fa	binary_ieee	binary_ieee.datatype_fp_op
5618cf21cbcd064618918a32a4bf131adbd6d3aabba5a9ba38bebd1af9141887	borel	borel.real_in_borel_measurable
561ed836e2795c9242614025f9793a6ccac86e8e8ec1777fc513022b8a947ea8	arithmetic	arithmetic.LESS_EQ_TRANS
562c8148b08341cf1d67ac8cf9b906eaa88792b67311a41cf8aeef18818576fd	coalgAxioms	coalgAxioms.homs_compose
5638aaac8005f04a52bddbd30449229d6b58e9d937606a1ffee62e187e363a7a	bool	bool.EQ_CLAUSES
565218786763c42341c59d7aa0b4947334b90a00e024b448e3f87d2af9af61d1	arithmetic	arithmetic.SUM_SQUARED
56526c7f6f79312024c3c5f7a803735a0b08d934f0ca6025b0730fac23a767b8	borel	borel.IN_MEASURABLE_BOREL_OO
566e14868764a2bab05598f6f94f33f8b847f892bac4daf496ae823d0efd06b2	arithmetic	arithmetic.NRC_SUC_RECURSE_LEFT
5678f25cb42f91411ea46ea790eb1ebe913b131178380e813fc05232daba1399	bitstring	bitstring.bitstring_nchotomy
56953607e00215f938c534b14b856859912af68589eb7d73c4d67ffd91e9175d	coalgAxioms	coalgAxioms.subsystem_INTER
56ad3c3585ddc064b6f2ca9544973b4503e15a0312ad631ea66925ed042c3790	cardinal	cardinal.CARD_INFINITE_CONG
56c28bbcd0eeb5793f616b30fecff4e7530edc68981346214cebc1e68c9af6ed	binary_ieee	binary_ieee.float_compare_distinct
56c545b486cf6e8818905c5447aef8f42f29157a8711fa6cddcbc0557bee68e0	borel	borel.BOREL_2D
56ea8d50dc948f687be986b701dd1edcfc4b13c56a7c4ac718250ad6214dedf0	bag	bag.SUB_BAG_ANTISYM
56ec8c8cf97d9d6043f19b86248b03ef5b4b2633250c8d25af2a0d441564fb33	bit	bit.EXP_SUB_LESS_EQ
56ee1cc06280e2f7eb1a54d64bff9dd6ea28bd0845026506012c7444f012ba3e	bit	bit.ADD_BITS_SUC
56fe0426dedee290d48413cce7811f82d9d2cfd56d326653af0e14a0d87df357	HolSmt	HolSmt.d013
570394e3d7c3c20f65f41f237962b50d66a8a83d04b24a26ce56b11323167345	byte	byte.be_bytes_ind
5718ebc4f863679485f74a39315cb7728011aafe1efb61e4eea27794f59e2100	bool	bool.UNWIND_FORALL_THM2
572ae5e31ed919b3a6a3394d4e4ad5560fffa5909c0c15d73c240d78fd52e45a	HolSmt	HolSmt.r046
57562dffe9b44b56b48da0acb79135c59d47b400d980bce86da7b8f1a2e8987a	Omega	Omega.sumc_def
57581d73d21b4a19bb5da7bd8e7eced3182cafe797afbb23c2b39f12ebeb8a82	bitstring	bitstring.ops_to_n2w
575ab95d2583f0ed5b867f61ddcc60af43d2c951a4e80bf84c08c3ad10a3be0d	alist_tree	alist_tree.alist_repr_choice_trans_left
57655daa9e717b8a171bd67d85135b6128fc65e40d2aedfe8bdd55856599c9a5	arithmetic	arithmetic.LT_ADD_RCANCEL
576fdd20f1e734f20dfdec5a47316ca1da073ba719c7bb5be066363cee0d565f	byte	byte.words_of_bytes_append_word
577839dc4b991da13b3ef3e8dd9fc2aadb32e8e7cc55dd9534164a518c63a55e	bool	bool.IMP_CONG
577ea09ee7f4edac9cf732510d510bd8215f5a65c296340c68c5b55be9ddbf49	bag	bag.SUB_BAG_INSERT_I
579edab717af9badfa60b93ecd59705e70769c096e91770ef23ee38a30a27902	bit	bit.BIT_MODIFY_THM
57c757948fcacce9459e9fe96b8634b482c804ea10416666fa4f42674bdc9f5f	Decode	Decode.dec_bnum_lt
57df1d8c42883b0bc8ff4c8bf220ae91d0e0914e10d871f0bf0c8eaeecdd2d63	arithmetic	arithmetic.STRICTLY_INCREASING_UNBOUNDED
57f6e936614ef1ebccc7317470b0f48ee8417324d14ba461e6330fe9c27490a7	byte	byte.set_byte_get_byte
5811891fb3b9e0ce3fa926746a10c4ea88ed287351e759f64ee7173041f0f1bf	HolSmt	HolSmt.t015
58309ad5e8c62bd258d82f52b0b6c59a1120f268272f3cab724a9631e92b74d2	arithmetic	arithmetic.MOD_EQ_0
584c1409011ac3692f33401e198c689c886cebc74cbaea7b15dc8f3687d5adb2	Decode	Decode.wf_decode_num
586b439f11807fb9622d9e8ce591c43d242db3d20397b14981feb1a2dd8bc5e9	borel	borel.IN_MEASURABLE_BOREL_ALT6
5873574bd784c68274733a6c69e60708d9d86a17c67f34eed66d3c5b7647d1c5	HolSmt	HolSmt.r035
5876c1249ec5e5fe9e813c1454f983ebafe734eb5b4db08ced772008b3c5c075	binary_ieee	binary_ieee.EXISTS_float
5889947cca0b6c2ae8c332893cd81b897187a68747ea7d0ae06e3bced2589fe7	cardinal	cardinal.CARD_EQ_IMP_LE
58a0e5c3045a1f4f31d41d68c07089e0d650d1e33a42db37be44d230268de02e	arithmetic	arithmetic.NOT_LT
58d6ab961787bb74d7e00f84df8d3652b954c014e2e9082b70c954b3ffc49b44	bool	bool.LEFT_AND_FORALL_THM
58d8323da68c884afb39f1045fc18d33c8ecf6d6cbb9444da84ec71c5e8d8a73	arithmetic	arithmetic.NOT_SUC_LESS_EQ_0
58edb3139cb429d7bca9058c03d9d4a88418477a8a660fb8fd246094cd5cd945	DeepSyntax	DeepSyntax.deep_form_11
5919f23d13bf6a3e8d2d7179e0b7d1c334f5dc3fe952db6df791657bcf1ec4e5	arithmetic	arithmetic.MIN_EQ_0
5929cd458fba2a4cdd65b55074f1d23e75f28f4a8b4ccadb418d0920c7dedb77	cardinal	cardinal.BIGPRODi_SING_CEQ
59559c8a7e59398ce370a5a906850a0abe46da406b81ef0e2ca4486ca3cef204	arithmetic	arithmetic.EXP_EQ_BASE
59675c705461e297079014046500baed74c0e93ec090b625ade7bdb28b984b36	arithmetic	arithmetic.LESS_EQ_ADD_SUB
596a7569302a8b4d968c99faef3b2b1410d5d296e5cefe1b8b90217f33bc4e4a	borel	borel.lborel0_additive
598b100952d93e89cd7c4026f8f8c039f605b440b5a365899e00414c825a1e48	cardinal	cardinal.cardleq_lteq
59903ceff1f96b8d641807d49a1d3f58535097dfdd9ada3e3973587b29358e08	cardinal	cardinal.CARD_LE_ADDR
59aec5a94fb567dbf4dc2660f1e39bddf12d7edbe0350b4d6a5a77a65321b97a	binary_ieee	binary_ieee.round_roundTowardZero_is_minus_zero
59fad1e8b1b16babea42bd974cfcd0b7adfa97224a51003d5f7616cb8cb0f025	cardinal	cardinal.CARD_EQ_FINITE
5a44912f98b5b022244bd613e01d75ae0210b2666913c2d716ec5aab32667a97	While	While.TAILREC_TAILCALL
5a5a6dcae9c816f852988427d1951af21207afa2e7405a56a0442df211448e51	bitArith	bitArith.modpow2_thm
5a63098983da82a12ebf99bcb03bb35f6decac4f20a684b9f20999893d7afdfa	HolSmt	HolSmt.p005
5a64fb71de198c999d861be088a0ea72d3e6ed65cbab836a07417ae853d3c057	bool	bool.MONO_OR
5a710833dbbac241691a5e80b5a5680acce2f66c134842a71c62aa7f76da0f26	arithmetic	arithmetic.X_LT_EXP_X_IFF
5a8edb9e3308dbe0861afec1d05565aa275845bbcc58bf22109c0d559f9653ff	EncodeVar	EncodeVar.fixed_width_exists
5abd755d50dcd6fba96ede2be04595165f95291c89f45bd86bc8a6ad6fed6d01	HolSmt	HolSmt.r067
5b14ef8e9a46468e9c7a93984b962209df999816c6ee644c068bad64373a2d34	binary_ieee	binary_ieee.float_round_roundTowardZero_bottom
5b24e1891bcaa2e7e9b959118d1e4f093f2f64423a39465591e99b01622b3947	blast	blast.BITWISE_ADD
5b2b1fe94509812efd986c9b8ca5ce71d0bff83ea7621154dbd1a8a0e5b8d4bb	bag	bag.BAG_IN_BAG_UNION
5b3f9648d0a8d5918f2486dfe99ce6c2c25ef1dbef6e47d3e9fb1484a13593da	ConseqConv	ConseqConv.IMP_CONG_simple_imp_strengthen
5b6ce9a4de781d9ed125e634cb9564f495053ec46f3d226564571ae4db3e465e	borel	borel.IN_MEASURABLE_BOREL_TIMES'
5b82940de7537ec93c627675f0205ae05cdd61300eff134bc760ec4df2faa948	HolSmt	HolSmt.r137
5b8639d8df6d1afce7ffe88754a38731a6132df6c051118517ce566ecf51be4f	HolSmt	HolSmt.r045
5b9ff8759395e33f326fab9e835064411e6aa7f7333a7d08a7ea5861e17e502e	bag	bag.SUB_BAG_EXISTS
5bb52327e24fcf7d922493786ea87cfd205fda2b9dfe19f7dae06aba0309bbd9	binary_ieee	binary_ieee.float_is_finite_next_hi
5be95cd95dd054d2f29ccd6d2e56935882ccb555485a9037ba54d88e1e3cb4c3	binary_ieee	binary_ieee.num2float_compare_11
5bfbcd9f23e098cbca714a7008549a6f3c97a56927fd8ff8a65813fd7a9b7aea	binary_ieee	binary_ieee.float_case_eq
5bff044cb3dfeccb5b700e3cb319624bb9d5a8b26f2c8f3adcdde5ff93a9e62a	arithmetic	arithmetic.SUC_ONE_ADD
5c09e8a2f3d8ea3e85caf9be8dc75318e0687040567e2a0e467389c10b731d0a	arithmetic	arithmetic.MIN_ALT
5c188b7b1114788a10f454eb393874d330a18615cdb58674f4e054641341c352	coalgAxioms	coalgAxioms.bquot_correct
5c2b8a32ac690a7be54b5de0c2ae3afe4db5c6388504f564ded911c6f043095e	binary_ieee	binary_ieee.div_eq0
5c3a3e171a5f7b68afd088e82fcb72023bd598732ff725e01c13e19ae626a2fb	HolSmt	HolSmt.r186
5c43eab29776d2b01e2f32999ef7ae9881f36f00ceb47bad6c1b1782d1f1b6da	byte	byte.get_byte_word_of_bytes_le
5c47d2e07ef5067c949495eeda356311bd835ddb688a2dd795e6133407c1adc7	HolSmt	HolSmt.r237
5cb12fed609a0c0f5357d880408bcc700d22f2482025562df9a1a33988e811ea	arithmetic	arithmetic.SUC_ELIM_THM
5cb37403c9e29f9aba17c5bd3958e38551942c3dfddff2457d3597226516ed25	HolSmt	HolSmt.r017
5cb4afcedf426878ec95b7e4316b14d552f7e6037eb00548ab3a1976b06d1674	arithmetic	arithmetic.EQ_MULT_LCANCEL
5cd1228648b5a0545f27436ff36e35dec8458961b1abcfbbd3a1876eb1d3a9e5	arithmetic	arithmetic.MIN_ASSOC
5cf0b08df2fb3edde989a31e59f873f4b6ac45c4dec09e3c26bc8e29d47c2f89	arithmetic	arithmetic.DIV_0_IMP_LT
5cffb9d20a93c469dbd3fd9d70ce3bf6119bba444d51c1feb4f44971b421f812	Decode	Decode.decode_blist
5d0c5a699b8e3d304b06e0dfd5c34c42623e7bda50b07510b435dbe9edf31779	bitstring	bitstring.testbit
5d30080b5f06a95aee4c2ef28fae61c0c7c61083d8dc801290ae64f48f1a2e31	alist	alist.alist_to_fmap_prefix
5d49699230ebbe195c579ae6d4092fc6a1d51a80e544ee2f6df4e0e12fc28f95	coalgAxioms	coalgAxioms.bisim_system
5d49858c0f911560b495301272344d36c1df07dce979ad94d1ed6c9dc91cb95d	binary_ieee	binary_ieee.float_infinities
5d4e5671438c5bea8da950c46622dd7e3280f884e4caf4dff33842b0c10476df	bool	bool.AND1_THM
5d4e66d2cc611cae537d6de8dce7f1848fa243927b974f12cc063788b3f5d8ca	HolSmt	HolSmt.r083
5d7dfc0ea0f182d74bca0c01eef1a8f01eaab1e881adcf23e0d3f5b641358704	cardinal	cardinal.SURJECTIVE_IMAGE_THM
5d7f908564d7715105c8ccc1b9cfc7cf2f74c427a050e7b6bb576dabc57a99eb	arithmetic	arithmetic.ZERO_LT_EXP
5d801e7a6d8f80e955f09729ed49b27683c7e98543b19b10220972f39105a27b	cardinal	cardinal.CARD_EQ_EMPTY
5d88a9f7cef99f471ef71e8a21cdb1e21b46ff416f3eda394bedf337a7a4bb45	Decode	Decode.dec_bnum_inj
5db0d7721be53ae38a82a23e098f94bc85aa3bb9935c93c01958ae92d523a2f6	bag	bag.BAG_INN_BAG_INSERT_STRONG
5dd64193d7b95b68ac23f562b61508de33ffaee312ede48acaa286490e0f17a5	arithmetic	arithmetic.LT_MULT_CANCEL_RBARE
5e1cdd907981e8d1acb649da4c30111ce055e152722eb6288687ea6db54fc11a	bag	bag.bdominates_BAG_DIFF
5e2754bdac023ea5b19e4a335c8e1f68e1529d67b5b5959eb2e9b9166710e70e	HolSmt	HolSmt.d021
5e495358cb2d1c7526823331feb10a099ade6fd9f1640c2271b556dfce6f3031	arithmetic	arithmetic.findq_divisor
5e529411ca0d2cc727d64601f2c6de31e8e2b0404cb83c147de73b292bd12905	borel	borel.IN_MEASURABLE_BOREL_INV
5e5ff9190e4a02d6932214f859135cd25af824b1bd5e43731d6192a1d903239e	alist	alist.ALOOKUP_APPEND_same
5e7accfcaec5cacf38272bbcaa76f02aa530b4701f1a2e0b0bbaf00be8de53f3	binary_ieee	binary_ieee.flags_literal_11
5e84d531d887a334f59a5c239c362d2d4ad4e34432f8cceb1ca7fdda734f83ca	arithmetic	arithmetic.num_case_def
5e973e9a1dfb53eda91ef37c2fc99e32aaa1dc5a1964afc3955623105fbf384d	cardinal	cardinal.CARD_LE_TOTAL
5eb3280de753a5d705ce93b8f4b9fe8018d12490481028d956ca68e2df592a3d	bitstring	bitstring.v2w_w2v
5ec22194e413fb06f883fdb63e9700353894b413a36535f979951f3e46665ebf	coalgAxioms	coalgAxioms.thm6_3_2
5ee52e0fa360a1ebae6950ade950389aa16951993e4355cfbb0644fc368145a4	bool	bool.RIGHT_OR_EXISTS_THM
5f01d90a2dc73341424e7a3aac80980e3522931ee8682826c33cf37446f02d75	bit	bit.BIT_SLICE_THM3
5f3178d2ae738febd4f09d9a4c446ce6c0d5779e931bc791dc9e72b57fb94db9	bag	bag.FINITE_SUB_BAG
5f3da853adedce3c6399bf4ff308d02746af846fa095060251dcc43e6b79add4	HolSmt	HolSmt.T_AND
5f983d020339b5946cdddea7772c72500163bf146a95b2b11f8253ce4affce8a	bool	bool.itself_Axiom
5f9987c44e2122dad0a9f4f504003a2c9f795da3184ad637517ea73277f3114f	Decode	Decode.wf_enc2dec
5f9c284a1d31084ad28c41221ed76f234ada235bb732741394245dac79a99a50	arithmetic	arithmetic.FACT_iff
5fa7d23b73c2eddad29cb3780fe563d7098b22755140cd83b10207cbe3a266d7	bool	bool.COND_ID
5fb4cafa163231737a8f2c852a6990bee80f15ee1a4cd81968a43caee4831e9c	binary_ieee	binary_ieee.num2rounding_thm
5fcc31b390087f7db400c0c572b9a4f445f438fc80386a254f15adb2ba0c6bc6	combin	combin.I_THM
5fce730b72fb5e3e058459023e89034c1d31415ad6a044f5b4ad43f234870425	arithmetic	arithmetic.LESS_ADD_SUC
5fd0afd524448f5c2565a8d9f8aee7e2134b0b6faf565abbb03975c8a6522802	binary_ieee	binary_ieee.abs_float_bounds
6016156756d36aba90657fc6908860b72d2ebde6cbf26c6f4a9e661abf2fb7d6	borel	borel.IN_MEASURABLE_BOREL_BOREL_MIN
603ac8ae3e0d145b6d7c47cd2837c5307a391f6dbd49f4bd67e79f2fe6a260e5	bool	bool.itself_induction
605d2a73f1232892641d46010da422161b51624b765c7b49f420985c85dda196	bit	bit.BIT_EXP_SUB1
60a15dccfd906561a42c415bfdd1b75ffc195055b77ed028cdef31c9d917b51c	arithmetic	arithmetic.DA
60addf944ad84aefb2a3de0ef3f4872176ca9c40a3c3cb86bfe72b72ae708274	bag	bag.SUB_BAG_CARD
60c2ae325b9afa94da7bd62543bf6886faa2782aff6e71c34784164d9633ff5d	coalgAxioms	coalgAxioms.subsystem_system
60c429d186a00a36d60477f588cf260c35d45e961948045c5181e4e386cf436e	bag	bag.SET_OF_BAG_SING_CARD
6109982d4ad781576cc01fcbdb91bee28fdddfdf62740bf07c424eccf78975f2	HolSmt	HolSmt.r219
61202a2853854743160aadfab74ba296f83c2844796bd0e6b49939971bf451f0	DeepSyntax	DeepSyntax.neginf_exoriginal_implies_rhs
61354bef7539161c170ba6267c4507275fe319f81de0ef8eb37911faa67de37a	bool	bool.OR_ELIM_THM
6141d0702c4f70f74821c2e3b61120f72380fddd1879f76d0d9dfd75f6e678b1	cardinal	cardinal.CARD_EXP_POWERSET
6147e9ecaa8977d923c69981db70a51aa221b3f4c44625f7ff4ab927490ec1b6	binary_ieee	binary_ieee.largest
61481af22134da9f38ff9c6a40d7e3ac1dfd2850ba8a31ea4e2e40b606be9bc7	binary_ieee	binary_ieee.float_add_finite_minus_infinity
616341d9139b9e1bdf1a7c297b1ae86ce322b5a56618f3ab5932d7899b01d049	bag	bag.TC_mlt1_FINITE_BAG
616e3609578e75a84d45e2eb4ed925a38d67e52443ca557110f5c7e616c68a09	binary_ieee	binary_ieee.next_hi_discrete
618ac6a2186715d9a52801ca90ff5a8f9775ab7859b4525f835484360bad830e	HolSmt	HolSmt.r118
61b4cc5e3a935edc5ce44538a306a6a39c643bf09b9344321703c8c7999a887b	arithmetic	arithmetic.BOUNDED_EXISTS_THM
61bfeb8decfe8dcf9c327105ac9b5e57bcc02d9aca36ca625ce4880eba267a0e	bitstring	bitstring.testbit_geq_len
61e11d84cb0a6991c00b0bb76f7815963cdb6a9ff319aae59c75f6fba055867e	bag	bag.BAG_FILTER_BAG_OF_SET
61f09e61be331cbf58614a9dd402b37b8478941628f05c448c2e35cb5eb6d37e	HolSmt	HolSmt.d016
61f927a4060f1672228655ee18bd9174b33f61a985e60cfbc7d906ce8a9d1014	bitstring	bitstring.word_join_v2w_rwt
6215a0659d0d273b7d9415af09ea6af33741c36dd0a490bafa95ee70a044fccb	arithmetic	arithmetic.DIV_MULT
621652a1775620c22a5718c05de01f256ff04dec7cad39b8526640e370889058	While	While.OLEAST_EQ_NONE
623b72d517c6d5ca3736e9c8d12c22747aeb90ac79643b491562dacdc6889b93	binary_ieee	binary_ieee.float_value_nchotomy
6244d09360117db2ff7be3605567ec34750549493cc454e9859b5717d84782f2	bnfPrelims	bnfPrelims.pair_bnd1
624a4a635ee2fc963c09422b680303ec90f6238bbf728a5e2997a867b3e82664	arithmetic	arithmetic.NOT_ZERO
625683f8ddf56fe1b95c976609fdf378a78e161840c81fcd6ffe2317064dada6	bit	bit.BIT_SHIFT_THM4
625c0231ca16c58314797c83237a14500cdab3022d4b2be236b3ec207d6b2ccf	bag	bag.SET_OF_BAG_DIFF_SUBSET_down
627f75dafa55af1e0d9d4e94f948ecb114084ef9b70d2ea8636b4a5a49ce1d74	bag	bag.PSUB_BAG_CARD
62835832aaa4eb5fab40bfb04846b5d4f9a27a045e5b29855bab4d60175b0a32	bag	bag.BAG_MERGE_SUB_BAG_UNION
6294ca6337aabae85a006a5a69347f2f0acc6590e9f3105347191b975011a6b7	combin	combin.APPLY_UPDATE_THM
62ba9416300acc594a32618ce34b7f676e0866348b62db69a943922ddafdadd6	HolSmt	HolSmt.r130
62bb1d2dacd6969f68d9a8d5dd441f26ad7c1f51564a946fa3ee34da5abc51a0	Omega	Omega.beq
62c24223b1b8022bc2aafabfd3d6b079464b92c2b0523f21e45b6fb1915d3c77	alist	alist.ALOOKUP_ALL_DISTINCT_EL
62ca2329352511a2eccfa91ac8f34f813b30d841310fa4c1fbd6c006b2163092	bit	bit.NOT_BIT_GT_BITWISE
62cbf176f2bc842cd3b202f886baea677cc430bfaeb943538692b81821c67a24	bool	bool.FORALL_SIMP
630f1ded660874496ac53e6e6441e919c809002c0d229a47aa5afa7ccf3e1df4	arithmetic	arithmetic.EXP_ADD
632dfdd11efc706bf7868f25d8e7f7d8997e1d7c7c5d6262eae4a7c01e5a051e	HolSmt	HolSmt.r087
6362d85743408bf51601943aea6207d746905bcee99113367536577f812b76e7	borel	borel.IN_MEASURABLE_BOREL_ALL_MEASURE
6375a269650124d8cde989c91cc74f88342037fbea634ba2c457ee2ba1d634f5	bitstring	bitstring.word_reduce_v2w
6387d7ef13bc4f6b83d52c862d82c90d8e10d1008f57a0b93418ba0841c77e30	alignment	alignment.aligned_ge_dim
63a12ddaf634ecbd7973152a89adc3b3382a30a9168c10b5e1bdfa4669e71e60	DeepSyntax	DeepSyntax.in_aset
63ada806520727e78136aefe04eeccba5d69fe1f3a7fd191a920f2b0e80d8bfe	cardinal	cardinal.SURJECTIVE_RIGHT_INVERSE
63dd596edbbc14457d67a2f65158e0258fa91af195e94edf1c92bcbb2b7dbf49	arithmetic	arithmetic.DIV_P
63df52f2aa44c165e130b2de70cd3535fbfd5fad901f42a58b1c0ada7cc57b81	byte	byte.be_bytes_compute
64000bf0061f3d40db5ac88f1795b9cf35acf1a6414b27a534268bc13e5708e6	While	While.LEAST_INTRO
64109798dbf989fa94a946f3e57599a488f16892e0db19e2a09793169ff39853	coalgAxioms	coalgAxioms.epi_def
645d4d41a841fa9d847fd9cebfa8cfe32c62110948b40dc0aef37d9c8d6bc309	cardinal	cardinal.countable_cardeq
6463cffba17159f94ad604b1232e83ba339c70e18b3e895ed48293042c2c542f	HolSmt	HolSmt.r016
6495504ebdc147badce22656c40ded28173ae4d9671fcafc14080ecdb88db24f	coalgAxioms	coalgAxioms.bisim_gbisim
64a11d81ee56381399ba4dd2d79d524c29eee35ee43d0675bd77549465f8c87e	Encode	Encode.wf_encode_num
64af4cd7edb891bbad4b5dbb3097cb07c2089f5d37b7e4cf484f1866c18d221f	bit	bit.BIT_TWO_POW
64caa7a2b7f1bbdd493fe312a00b9babe88d152ccbf35837aee8ee5a47389cea	binary_ieee	binary_ieee.flags_component_equality
64d0d47465a986553ac14d750112a844bcff6b2aff13520b3621175006b85271	Encode	Encode.encode_num_ind
64ebaf6a5d914a1c621808b33dfb0357d17343298ae1ced3cc65b5e2084e1bb6	arithmetic	arithmetic.EXP_SUB
6519e063a5d0c4b111a4d990db66b683d8bae8d021c272840d504239a14e7fa6	arithmetic	arithmetic.TWO
651ae920c3880d2a588a1ca983f2c539faf8b620309908624ca7169d59a428c2	alignment	alignment.aligned_add_sub_cor
6520a9cf6b6105ebe2fa887c63886119d0c971ce041fc23c6a25ebfc65c50d70	Coder	Coder.wf_coder_unit
6520e9d5e42d05b204c23543361dd048d45ca21602b444e86cf18a8fd6fba060	cardinal	cardinal.CARD_LE_LT
654629b9df7ef276e8e7b7b735fb6b9e233c974794dc82de17da32cd54ad871b	bool	bool.NOT_CLAUSES
657d9442f1a8421f7f6440d7b3e200573f8523d32758abefa9cf50b9faaaa287	bag	bag.PSUB_BAG_REST
65a1fd095e4c54a6409b7736f4cf80def5262f01f0d11a02799baedeac377cf5	bag	bag.BAG_ALL_DISTINCT_THM
65ab89b0dee043e2a3272259af85757af16f29aa9e6eb653c2fad3e57aefe19a	cardinal	cardinal.cardeq_REFL
65b2a8de365b48e35f10801c3a40854737eb09dbc7db4b2fc3fec198e9c2ce90	bag	bag.SING_BAG_THM
65b2d62c265eed93d32f5900600ad592cc7e719e2dada0aec88cbb0cc94c67af	coalgAxioms	coalgAxioms.lemma5_3
65bfadb04a2fdf53b4afb4e4c7895a607d0420f2a8317eb6fb6ae9b3da336209	bag	bag.BAG_IMAGE_EMPTY
65c3798ffa5fa226a51e983e23307c5475704f8413f68c1d46e42018b722e523	bit	bit.BIT_SLICE_THM2
65c4ad15fec6085b7bc3733a55f45fac03b84b859fbf3848ff8a57895ebacc29	cardinal	cardinal.CARD_FINITE_CONG
65d2c15c81c11f8a5031f5404bac1c7b96b1e9d23c022351ce55269151b9a410	ConseqConv	ConseqConv.IMP_CONG_simple_imp_weaken
65d4a65e3503ed778a455b8bcf95c946b942f705e2421ff9e3091081737af026	arithmetic	arithmetic.CEILING_DIV_def
662d50fe6a7aa7720fa1fd7fb0accbb664266372ec4bfe927174eddf16317a79	bag	bag.move_BAG_UNION_over_eq
663c3b741bede92c9e894d14bf03f74a86c53d4add6e2c35872c32f895bb04b1	binary_ieee	binary_ieee.datatype_rounding
6654d980486d9d56dad7ef7aed8d52c86f1cb1fd4576a29deb58ad960f6bfd83	cardinal	cardinal.CARD_LT_ADD
66697f6dc042fa800d6a9b307c51ed523fb67fcae590efb508cbcd994292952d	binary_ieee	binary_ieee.float_mul_finite
667e3f1a27f17ce2a6c2244decd0f71efdd1657b255c4cd5563a65404ceb0089	binary_ieee	binary_ieee.fp_op_induction
668f846ef3907a567738ee153eb0e41b63fb19f1b89f435a3eec3d7e057453dc	cardinal	cardinal.FINITE_012
6692fb561d50529b0645c95620487ceee5a003e76bc723f9bd32debd97a0464b	binary_ieee	binary_ieee.largest_is_top
66997de090120c74adebc62d1a4daa6c85d715e9ae8bf50a5acb73cee74efb6f	cardinal	cardinal.CARD_LET_TOTAL
66a52c049550b76db027c1c629b328a7b68a2d9989aa08536f723deed89bb7a5	HolSmt	HolSmt.r002
66b37b6b8a4553b35b27528ae799f96e08f8f9f0eb6cea2739d9e6474f7dd475	cardinal	cardinal.CARD_DISJOINT_UNION
66bf1926a881641ee95c44744d043df39ad8becec23ae883b867ec1fa6a75b37	ConseqConv	ConseqConv.COND_CLAUSES_ID
66d69a6a6b8178b298e4a118dbb06d3b46beff21902f5169894b48bc12363454	bag	bag.FINITE_BAG_OF_SET
66f1ed1ff518a828cb400f1f21d05ae96ecc03bc67ad27cb35ee9025f022ef99	bag	bag.SET_BAG_I
66f24e83e7d37289c5e4b136be3c24deccafbecb02699732d8a68e7e80f07671	binary_ieee	binary_ieee.float_compare2num_ONTO
66f6c0f0828102e58febc5a012a1f1f68ac62a1b133f0e967065ef34e2e898e0	bisimulation	bisimulation.BISIM_REL_strong_thm
66fdba9fbbd9b451ae2f47423712624310b12a440beaccbde5acacda9d23b158	borel	borel.BOREL_MEASURABLE_SETS7
670ae6818767481e230f4f7a6465607f93f1d156d61e00320666eed5b9fb2783	arithmetic	arithmetic.MAX_EQ_GE
6711de2057cb8478284378ba5844297a2686830bdeb246ab3d16c6c4bbc1554c	HolSmt	HolSmt.NOT_NOT_INTRO
6720234dd7480729d66a08a680e977e3da77aeccc7ac591505437c512880f005	arithmetic	arithmetic.MAX_CASES
6737500496f7dc25ee05fe421413970d1bf52bcfa45c8152fd2c9fb6dfb1e117	Encode	Encode.encode_bnum_inj
673ba3efb4714222e71997fd87252028591bf04084062105e00d2b6d452dad23	bag	bag.mlt_INSERT_CANCEL
676b61c211a43a52c732779ec901362c8cc440649d97064d381f1ef1e9b3c5a9	arithmetic	arithmetic.MOD_EXP
6771049282e8b19a0f3ce297f75cd8e7e9031881776261b09a2e97f0e0fe974c	arithmetic	arithmetic.DIV_DIV_DIV_MULT
6774f1ec2e08da0ecec0a59ec922dadc2b4cb30efab4365cf8f2983ddf463d07	arithmetic	arithmetic.MOD_MOD
67855b6f399e96462107eaa2271bd3776993bde8c468654a9e11dd2c7fc188c0	bool	bool.FUN_EQ_THM
678762e8c33795a58976330e813bc8fcec9a917dadedadc24f4a17a7506dbea2	bag	bag.SUB_BAG_DIFF
679e426601ea4aceae445578c12502c04f984d2fb025761316e66e46252361bb	ASCIInumbers	ASCIInumbers.DEC_UNDEC
67b8cdbecc25419e674b411c54dff7aeb77046796cc784c0e497e8bfbc720b38	cardinal	cardinal.CANTOR_THM
684f8a68bc9e69d30eb62bcc518de1b4eb43f8cd9104b42e4f7fb8fb84642b9b	DeepSyntax	DeepSyntax.deep_form_case_cong
687152c2567de865025228a90ae0d3f69bdb5d15ed90f416ff2766b3086666ad	borel	borel.IN_MEASURABLE_BOREL_FN_PLUS
68881883d44fe355c3622848895b70875c6c56784923150ac8d3c4521a839248	bag	bag.BAG_DIFF_INSERT
688dcdafa13712d9c92833b8807a427295fd151d03a1f92ed40ae5ec8891742e	bit	bit.DIV_SUB1
6894398be4ee28470e511e6da5e95d61b30fdf9089cd31e08573960cd8ef93b0	arithmetic	arithmetic.SUB_PLUS
689921a43b687daa983bb965991909f6099b240ac743a5a0d874e103b8a7cdb5	borel	borel.AE_ALT
689fe3c01d1d03c8dd9acb493214876e4ab7bbaff944a952280b25001a02226f	bitstring	bitstring.v2w_NIL
68be114960a2a41c96b81210d8d708a27e93d9f7abdc2f36a812158107974b04	bool	bool.LEFT_EXISTS_AND_THM
68c3941280e2a2f3acf2ce444084158f2549728486f6a4180f20ff63d378f9b6	bit	bit.SLICE_THM
68dffa1d0a46314ef4f36e5d70514f9d0270490a0ed989037e3cb918407895de	Decode	Decode.dec2enc_enc2dec
68e4f81507fd16f6b19613ce678ba09371d966fc14b8783cc304c4536ddb633c	arithmetic	arithmetic.EXP_BASE_INJECTIVE
68e73086461a150977546c76c9781df49def083898518e7ed7712493c20f6124	HolSmt	HolSmt.r230
68e8c6d33e7c8657942f1c4e911ed8d64db1f02279c377b25b5039fc6ba87f57	arithmetic	arithmetic.X_LE_X_EXP
68e949e782dbddb1e87c4c99017fc935c33844d7e64a064d5cc7b7ec88848716	cardinal	cardinal.CARD_LT_CARD
68ee84e8e43495be64505f83dafd6974b0f5c515065cd055812bc47790fd8bbe	bitstring	bitstring.extend
68f035fcd10759dea7cfce03f68312c2a336404caa099fd3eb466d7bcdef8bf1	bit	bit.EXISTS_BIT_LT
690066086c5ea32dfaa53bae6a91b3bb3178846ff6ee2c7a52e23b1536cc78d4	HolSmt	HolSmt.r090
6902077d64fd15cd2ea34d40028bed7dd462400dee11b24b325e3d99e1fcada6	bnfPrelims	bnfPrelims.pairMapIMAGE2
693a8e51939990db4ad20c42b25e69fe163b41b8d4d56e9b9cbf6c48514b22fe	Omega	Omega.EVERY_SUMMAND_lt_elim
693fd2647d614d57df8607c68a9ae30a39c0b5bdae07f9da7207deb9975dc221	HolSmt	HolSmt.t023
698476b27dd9ae532c669cf5579dc7b14cbbd7e449d8f5b331bcfcd61f32e3ce	Encode	Encode.lift_tree_def
69b1bb9a56633feeded56a31c9b02bc98edb653f268da633460100a8527dadcb	arithmetic	arithmetic.ONE_LT_EXP
69b3af892ccb524206e041ce2fe4f690b6c981a0eaf03aa69873d6c0ebee1f29	arithmetic	arithmetic.MOD_MOD_LESS_EQ
69c293ebb61756da9e05d6fcc4f0b59bf9a4e18588b55f4179a5b8911500e780	binary_ieee	binary_ieee.flags_11
69c4e85420719bd6ec7e614407f87e344a74b97e6b6cbfbf901281892931f88a	bag	bag.BAG_IN_DIFF_E
69c521d75945861a04a0ba7f527ab308220a23134eb9a08609e20752f03c23a4	arithmetic	arithmetic.EVEN_EXISTS
69db76039f723251a4b3de93d95c797c5931452b457b30fe47c2a54b7dffdb75	cardinal	cardinal.POW_EQ_X_EXP_X
6a0610aa10e845d98d85698c670c3956caad476ac434bb93a10eabbbc2809ca3	bool	bool.EQ_REFL
6a071162c6635d24541b80e2dd80e15c4cb011b2e1c50e8cb7129bbc69713d51	bitstring	bitstring.fixwidth_fixwidth
6a10b5816e65408114dd3d5bdb0c557da116499480f9f40b79b9310fd6791484	arithmetic	arithmetic.MOD_DIV_SAME
6a14b55360f5ed2fa1d9a7f64bd13092a660dd7bec266e5ac2ccd18f371c1f2c	binary_ieee	binary_ieee.float_is_finite_thm
6a24fee215fd85caedf52e4e95b2aef596a07e7d809bf749408f3276fa2841ae	bnfPrelims	bnfPrelims.UNIQUE_SKOLEM
6a3625a69f365c56ab5ba82e44673374e92d9d55bdbd6f9bb24a87ffc70ca78d	bool	bool.literal_case_RAND
6a3a3fd8cde5a8a7a57b55bcd08b0925b1fc1541715924d958468dd93c883df2	HolSmt	HolSmt.r135
6a4e01b31429f576b5c7f7ca3b3a678b92744219839d6d736f2301257b33cb7e	Omega	Omega.EVERY_SUMMAND_not_lt
6a50a9d9a10a7416ab2c8eb41c702c92f5e40e3e04bed8c6e75a6d6f391ed8b1	ASCIInumbers	ASCIInumbers.EVERY_isDigit_num_to_dec_string
6a52c7b35cb680c8f81cb68dd75dbc1d30d4f49c5aba1eae19817fdc7617a7e9	cardinal	cardinal.bijns_alt_permutes
6a731b289a09a086a1e935380e5a48542b40575ecf5f1f46f88ef7d559df530f	borel	borel.measure_space_lborel
6a79d20c79d97f29585cc8f506aa6be7b0a1a87eb26cb942564fa8cffa0fdf62	bag	bag.BAG_OF_SET_INSERT_NON_ELEMENT
6a868e9d3be452f365c7c5bf49bbe754decba3d4e813dba63cb0fe7008688389	HolSmt	HolSmt.r061
6a9037c9f674ade0461324b56ead3386f456c1e98e37fef50c768175cb87b413	binary_ieeeProps	binary_ieeeProps.float_to_real_EQ0_cases
6a99a2e01de43c12859eb93a8951a31348fc704b31046a3200b0abae4ca8c5d5	bag	bag.dominates_EMPTY
6a9c2f0847f2b9ee67bc14a1ac7032141d167e581cf9933ab84a0754a0df1fb6	Omega	Omega.bigger_satisfies_lowers
6a9f6a53946b4040cd853698f007019223d7021488dd9af838bbf36a533b15f9	binary_ieee	binary_ieee.float_compare2num_11
6ab388658d3d847894ad8eba6ba26c1bf354788531471d9ce127e92d027a9400	bag	bag.BAG_UNION_EQ_LCANCEL1
6ae069e3ce57f87f251228993e4e40e98af8f07ee086ce5d9bc3d9e0f948cd87	bag	bag.BAG_ALL_DISTINCT_BAG_INN
6ae9c2faa2b47c539f4dbec82ed75adcfd931af28f946f09a682e44b4fb17e11	HolSmt	HolSmt.r198
6aef74f5c2b493f5be173b6d2009e6d640f355dd5e41ac1e00fc71bd5e0623c7	binary_ieee	binary_ieee.float_to_real
6af19a1c5423460c08311fbc9e8bbaeea788292f54ea09e593c50381e7109149	HolSmt	HolSmt.r019
6b1e2fe4b640c15b7be43453f6ad10630e7dd25571651d181f738b3d990ad0d2	Encode	Encode.encode_blist_compute
6b277989c17f71ada7ed04a807c1d6067bcdbef1495986a54e7e294729fd60b7	borel	borel.Borel_eq_ge
6b4c2af9dc350da31711883cd600504554602b99098a2c5b3a591a8d99ade86d	arithmetic	arithmetic.MIN_LT
6b4f6da4e17dd1bfea7b8be26c952c72c3445d5bbd8a46be9ab9b88a40d7ffcb	cardinal	cardinal.CARDEQ_FINITE
6b59289c74dddd7345d8f4f37cbed7aacbc9aad8bd20f63193f10f026f145881	cardinal	cardinal.CARD_ADD2_ABSORB_LE
6b6df786649de3e1cb6e45df15d568d7539e44f616b9146d4a9c6fa67e7c924b	bag	bag.ITBAG_IND
6b9df3580cf3881785c9124f2410809f2ccddc67214257f32bdd86fa23f67622	coalgAxioms	coalgAxioms.subsystem_INTER2
6bb364f406987c1eae467673c3cca6ad841cee52b5425314300227b4f88aa703	bnfPrelims	bnfPrelims.sum_bnd1
6bb6c431a270da7c1e9c67e568415351da3e9ea608fb31e35671f071282bd683	arithmetic	arithmetic.ADD_MODULUS_RIGHT
6bc62a2f64bbebcc9466514cc2e19ef3c325e8258a20e9f8a21df8839174a477	HolSmt	HolSmt.r220
6bd9e72d9feb988e71b22a0c08bdcaf61cdf3d0f5328c298d4015da491c3d781	cardinal	cardinal.BIGPROD_ONE
6bde3c8a8e82d34dcc03b5b4425db8d715f2dc5d86cdb42078f30d0b0fe3fc65	binary_ieee	binary_ieee.round_roundTowardZero_is_plus_zero
6be80803829425d0b27b336d2395ddbf4bbd91e1da5e72322a0232e456eca67c	binary_ieee	binary_ieee.float_add_nan
6c0db5613c17386ea5961f08a2f56ff3869cbc84acbaef4ac3b492b17186ad96	binary_ieee	binary_ieee.zero_to_real
6c19b4a9733666e5f9ce923947a133b7aeb21a9cd7db7574c1698b9624059482	arithmetic	arithmetic.SUC_MINUS_NUMERAL
6c1bb1783bf23698577c31e795be8ac1d767afc716f68fbd89e3ee1ae0f544b1	arithmetic	arithmetic.EVEN_DOUBLE
6c2bf5bc87b0ad73f281d1131a73244429ab4385cd44330232a4fa6076a7370a	binary_ieee	binary_ieee.float_add_finite_plus_infinity
6c5d6274ad16bc40705823e4f819b54da8c58d872ccf27faf00a700ab97b7584	combin	combin.I_o_ID
6c606c2c492519a48e930b572cd7d661db7f05f77126bb2466b5bc07dc5f0bf4	Omega	Omega.dark_implies_real
6c634c30687df38a09f5c5ed9cbd4a2bbdb7b513ea04dd97d4575d9f1e6b2df1	HolSmt	HolSmt.r196
6c8306f980dae9d28ee34d558dd4cbc4d41f97b433db0e78bb3f04f217c5ab0e	bft	bft.BFT_REACH_THM
6c861aea54d31b1c595bde132d8d4fabb064c1d77c9c23fb4e822b52d2fd0f68	HolSmt	HolSmt.r020
6cafe23854bdf53bd2dece2ba9985f504b7d04fe871cb224f4c9d5e347114c88	bit	bit.BIT_B_NEQ
6ce69a0c4cf3d87432394453e783f48a7806a6d9d8467dc89935de0bbd849300	combin	combin.UPDATE_APPLY1
6d2bf3471739f31ac6257c40c786984337b1d7e064dea513038af06cb24f39cc	binary_ieeeProps	binary_ieeeProps.float_value_eq_float_to_real
6d42cb6a8200416291220ddf8374b600b6e8c95bca8f988d34fbcb9f8500f0af	borel	borel.IN_MEASURABLE_BOREL_SING
6d5de52d00ba61926271d48bbcd051203477baba77d582d92a9365fb29dd6c64	HolSmt	HolSmt.r051
6da94cc5a6911a65154312b4b29fbc35925bc4865a22a3d6ecda04dfe4a5e92d	bool	bool.EXISTS_THM
6dacd10b0c81e1562113e4fd29980318109678c585a633dcf2848d334109809f	byte	byte.word_slice_alt_full
6db4868fed7e28f6abd13b4099ea10897ab91c5b09b0e573a7e4ba3c9ca6b3c0	binary_ieee	binary_ieee.diff_float_ULP
6de21f67de31f56054c5662d5a72dcbb4f0ca624f48c0210bfe897ac1762f539	bag	bag.FINITE_BAG_INSERT
6e07bab31fc078e2ba322200f95218aeab6ce6ed6b57999f70ef25c69c65eafc	borel	borel.IN_MEASURABLE_BOREL_MUL'
6e0baea1ccd5cad4b1b879c60e06613808129ed0ca00c578113400071c3ea144	arithmetic	arithmetic.NRC_1
6e0d04ffbe0e129b52503f6c136890143c43bd7a7e07228db3fb986fab394bcc	HolSmt	HolSmt.r100
6e1d94b2cfbaafbd0b214ecd5c512bc39699a9fcb3a5f114884a266a4d6cd8af	Omega	Omega.front_put_thm
6e2a1b296a65618303100109270ff2bd8d41440f960316788413e8f52c4cfebd	bool	bool.DISJ_EQ_IMP
6e3709091d562c9aa0612ce4de066246012845f096b40ae01ba1ce638fedeea1	coalgAxioms	coalgAxioms.lemma2_4_2
6e3a96d842312f7b4ffbed1b8b379ca67286a71476a959509e850329f27c1034	bool	bool.boolAxiom
6e50a1bf0120162b69ef902429b6c041ddcaf7230b6987ad3786957d71049977	bitstring	bitstring.word_ror_v2w
6e676d0c6562403b68167a1d7638f20d169ddf70f0ed63871e5b4d8df4077ee9	alist	alist.alist_to_fmap_PERM
6e6a775bc39fb4192480d4e1a1240a716a6e0f9f83fcd0213f6ea6f391071623	arithmetic	arithmetic.num_MAX
6e8f060d63f5f986e7477b8e1003eddc2d46f1db6bd6786b3a5a31173dbb78f8	bit	bit.BITS_LT_HIGH
6ea3d9c49e62858e77701583023b6f29896067733b00f807d01aad431c9d6792	Encode	Encode.wf_encode_option
6ec80a23f132e28ba71ef9e98a74e9f34232a9e2ddab05e2f0f0104deb5ec261	bag	bag.ITBAG_THM
6ecf931cea1a2ffbd23ba7e41110e5542169f5435989baad21faaaad262801f0	bitArith	bitArith.modpow2_compute
6ef2090efd89e3cd8719f1310a5a6ad500efe4708868195f4bb060159b40b7f0	arithmetic	arithmetic.ADD_SYM
6ef91b3df4f76ab8e7a522168576661aae8913023b86990eb38d19bb4c4b2167	bag	bag.BAG_FILTER_EMPTY
6f07ec4cfbfe584b6d5f28567d422677f630ef3d2703a5dd57daad7c228cd01d	binary_ieee	binary_ieee.float_compare_case_def
6f29d0a1fc9340353dda5d84f8463e0f4c9d29d210088cd5a2965b500df883fc	arithmetic	arithmetic.LESS_MULT2
6f3eb144f0ec835facd9c5122629cbcad9aa8677101fb5e5f20b08c860e6660f	HolSmt	HolSmt.NNF_NOT_NOT
6f40d033e4a59a0f209ba8d8dc69f240a9c8a452a0aaff293aaf87de3d8098ac	Encode	Encode.biprefix_cons
6f47ad7b90c0fd3170b2807d1a4231fa56d27d12714cbc2ca40b3c25258755df	While	While.WHILE_RULE
6f47ea49d26c0797b669e35ac56688b22de416b3087d9293194734bc222e1e86	bool	bool.LEFT_OR_EXISTS_THM
6f767ac0129b3c11250fa7a440d9d7a9e291113e9161623f777e5f7a3dcbe2d1	bag	bag.FINITE_BAG_DIFF_dual
6f910912e3d52b8db3bde4b6e93ad9e3e6f1438e2fa15912b79a52b5a1ec97d5	binary_ieee	binary_ieee.flags_accessors
6fa31468b7e2e2c1f7dd5be2bca160aacc3e321b2490dd39797ea99f5c44896a	Encode	Encode.wf_pred_bnum_total
6fcfb11a22da572e1669d80429b5e061e6663d7c58cdc390e742eb9464e2a0d4	bit	bit.DIV_MULT_1
6fe2018be8c814bb7136be6d9cca4c6438969a4966f8f807763f1c80b240e308	cardinal	cardinal.cardlt_REFL
700372c066cb288a66f93df9c6e10b92684ae19d5beba2ced5b81d99c8a862cf	basis_emit	basis_emit.FCPi_ind
70075ea6d47dfb548254147909fbe5d3a784bc4a19436fd4c83f0b84f24d06a3	bitstring	bitstring.el_sign_extend
7008f1378500817e56d9057125dc30d92f20640a2f64e8c060ee18d380853c0c	borel	borel.IN_MEASURABLE_BOREL_ALT3_IMP
702a4b448c59dbcbb4fcf7510e8e8e293ff77101f72342e585f6bb031c523b6c	arithmetic	arithmetic.MOD_LIFT_PLUS
70374055eb76affde075beca53597f4d432ea8bfebe2d0f2e94f93ed39a4fb34	bool	bool.COND_ABS
705bfd9d403d8bf517a2f27ee9e6c95f2eaac2726d59cadbf0020f18c8faea22	borel	borel.SPACE_BOREL
7077a0308f46d0de03a63cc376a7ede2892f470e4e20e8ce8778aa5108506360	arithmetic	arithmetic.LESS_MONO_MULT
70790697f7c70ac389078b742e6f267ceecb6cde6efd930ae265dab15bf33a4e	bag	bag.mlt_UNION_EMPTY_EQN
70ace9605c8bd2211aeb48e43c926b64618102c647b6efddb75d7c2a6fd44f19	cardinal	cardinal.CARD_LE_COUNTABLE
70c0a9b2918daaca60684b6d3adfa7a0e46932768891d37e7423807d40fb336f	arithmetic	arithmetic.EXP_LE_1
70fa4e1ff6fb8a4e409fe12c7218a1d62aaefbc4a92821163705648cbe6cb6a4	byte	byte.DIV_not_0
7100643adefd1ea2101a57fe8d8d49ed6ccca168b7a175aecd510a9237ce043e	bool	bool.ONE_ONE_THM
711084ab37e2a778477f066a59726d7f214ea52395ae57a9d9a28fe8e2f9c36c	HolSmt	HolSmt.r217
7117e3e00d844a60a5d1a350cded984dad7e8cae25fdd3b9a868c85467707192	HolSmt	HolSmt.r024
7122e912c54efed4c9aba6300cdff59d9f3e02d56de39ead17523e9cdce46de4	coalgAxioms	coalgAxioms.epi_ind
71261b6fa8170338e2499351e443a1ee85209b43c639d3da7ee466512203ac82	bitstring	bitstring.field_id_imp
713feadbfd698ae79357b4e32c23bf2f6a99b95bbf0e34e72ca7bfffbe9a79f2	bag	bag.IN_SET_OF_BAG
7146fb33f9348b07b192dc4c3ad32b3aabc2514e49c8c3e3220fb4b276e99b08	bag	bag.SET_OF_BAG_IMAGE
716aef4e9d964c45091133de7cd1c64c0097382f928a99f6c0604ebfe5b190cf	alist	alist.AFUPDKEY_eq
718b7b20485b2d9b60db0387745c15be7a3dd15badb2fd347fe0be598874feb4	cardinal	cardinal.LEFT_IMP_FORALL_THM
71b9333166c3c15bfab5297815ea678838cd50c915f6969e8385a155aa436a46	arithmetic	arithmetic.LE_0
71fb6825edd4e2289c0a0b569b13ce5b634ab554d8525675c07523e0a84c4ff6	bool	bool.RIGHT_OR_OVER_AND
720a14acdcac2a459ee7949ecccb51e4ede63540a411d53b4e8641bda254b563	binary_ieee	binary_ieee.float_ulp_updating_Sign
720f9eee58c00bc4e5ce78cb1c39480f8d576889320d9fea9f8d632a3e8ae8e5	binary_ieee	binary_ieee.float_is_nan_impl
72113b7e495eb5509c1de388785bd753c024c3cf2242860db7b988a63562a0b2	HolSmt	HolSmt.r254
72256417aa942c9a9e54a063a74824a236fbdfb18f6bc85a46c373ec70241fbd	bag	bag.BAG_GEN_PROD_UNION
722634fb561a5583232eef545b0699aa2ccc7d37a3fa5075505bacdd6d7cbcb1	bool	bool.MONO_NOT_EQ
724a2235fffca31ca736eadc7f3ed17a851f969eafc10a835b20837039a0fec9	bag	bag.BAG_DELETE_TWICE
7256ccd600cd4cbce025b754289ce4ea84efe3c705c71f0a1e973906bda43d72	bitArith	bitArith.karatsuba_bit
725c412975f4b2f968e6df1d8399d99cdb7b8666468308ed545858e356f3cee1	HolSmt	HolSmt.i001
72f34a8a8745ebacc05ae26f26c380e2b355c0093730c8da9bcb19067e059770	bnfPrelims	bnfPrelims.pairMapCONG
732bf6256e1462fd6dfc1e879f19fda35bb369eabd0f09ccbca1cde6abaf95bb	arithmetic	arithmetic.DIVMOD_ELIM_THM
73432c6b911c1b74e1d6859afeefc43119abdce29b887b40ba20cd86a29ef67f	arithmetic	arithmetic.SUB_RIGHT_EQ
738a13ff83a1b816e94677d3b973910d374e32ff13e72e86e4e32d0affb07f4e	HolSmt	HolSmt.r163
738cb93b7a9b60671116cbfd6f53aef643659c8202835d894123c11c74de0dea	HolSmt	HolSmt.p004
73df510c834f2528a296d552d5c3192765eee427acd96c90a1630e5f1c79c1fe	binary_ieee	binary_ieee.exp_gt2
73e02557443ea6f2eceec24c15d86736ea6f8c2f7e6d0ddcdb86640d79b99f92	ConseqConv	ConseqConv.IMP_CONG_imp_strengthen
73ee32be1b40835bcb6efd34eaed492293564bd964713731d38a94eb23ed8740	binary_ieee	binary_ieee.rounding2num_thm
73f52c56cfd9ef6a3f39ab6c2dc6fc173a66aa6c9834cf15a96afcfd10a18305	HolSmt	HolSmt.r007
7402e1e2125fe0a87448f765d5c1a75bc662aa27930c9b5ce0e44ece0bc42775	byte	byte.set_byte_get_byte'
74069a221bc9f8c9efb78a2f569c09cd269675478572ebff762f414103a844df	cardinal	cardinal.IN_CARD_MUL
740ea619c427da0731f3d7b66ab061c870ffe625c9085547c1c7d2367811359d	borel	borel.IN_MEASURABLE_BOREL_IMP
740ebb9cb56fc83eee3032ee62b845c0511d203c2ae7e78e97a26e3e688dc504	ConseqConv	ConseqConv.AND_CLAUSES_TX
7417790c8011a3d90f2a10d70f448c72ca06f72dab83b243ab9606cc537be572	cardinal	cardinal.CARD_ADD2_ABSORB_LT
741f6be9d5e25b60f113ca6f7c47f327e78ed1338216c4bb651761a3d15fac36	combin	combin.GEN_literal_case_RAND
74231e6be3a3173ee1bf6f42e09a091aef6074ad1d0b70b185c89950fd739871	alist	alist.fmap_to_alist_to_fmap
742a36074aa60e2343864c95e7bede57d78abedfd8eda15b42baee0ec19412d3	bag	bag.FINITE_SUB_BAGS
74301a23d3e9b584338ef6b69d0d84af4548db9cec1a06fbeb954ab52b0464e0	bool	bool.bool_case_CONST
74303828eb6149fb4b1fb83ef11a79a6e0020583f4ed5d0e9896266f3fff68bc	bag	bag.BAG_DIFF_INSERT_SUB_BAG
7440170878954ad34abfff9d45cc6268f63161cb0845744a82dc136c87a42944	arithmetic	arithmetic.MODEQ_0
744cc4ff6c2d6e17a6fb476b0f387ef8ecc02f1e19cc53372b29077a902f7429	HolSmt	HolSmt.p001
7462658e0d7b0586d574b1777cd2e140054bcf0f58a2b3f0539d486d37ae4218	cardinal	cardinal.CARD_LET_TRANS
74639fe30a00306015410be852c5ad27eda35f58cde0c9456bcf43ed84de7db7	cardinal	cardinal.SURJECTIVE_IMAGE
7493b93b8edf0e7b87ae8d928a0b2ddacbd295ad1124fe6fb2cafd5d652098e2	bag	bag.BAG_DIFF_INSERT_same
749934dbb2d6faa339d75a9b2b3620954dd7ddb4eb0099fad62dc4dcb498aa45	bnfPrelims	bnfPrelims.opt_bnd1
74a5f33e23e9abd8b09a2214b2e97511628a6eb6a81f98db11855a1d135a5462	binary_ieee	binary_ieee.diff_lt_ulp_even4
74ab83fdc5d5ab99b3fde32a151e29559b33cadbbf8760621710b78052a71590	basis_emit	basis_emit.i2w_itself_def
74b05c56cf6677e78dcb3ccfcbc7975cebe76c8d5f54597841122fcfb55d4a94	bit	bit.BITS_LOG2_ZERO_ID
74c9074f29a5b7cb92eaa214ab2cec8c79c966294a294cc3e94ddf0ca0a3f198	binary_ieee	binary_ieee.fp_op_case_cong
74d3ab7fa1163da4c9927d60308e3d51a0a3b439e4815427480fbea32f5c3b68	arithmetic	arithmetic.MAX_EQ_0
7516081d1804e05516e9a8d4a0e98d42067766cf8ee572e3b72e284672e6c3dd	HolSmt	HolSmt.r181
7535574ea1c41d4f0510f51274fcd2205d4288544fd8a85a624c758d4df75f80	arithmetic	arithmetic.SUB_RIGHT_SUB
75437ae2e62a7adf59352936c21e49be6aaf13fd130574621d7a063cc2400573	cardinal	cardinal.RIGHT_IMP_FORALL_THM
755a40a1227067a8f3636fa29172ace21b35a990df386652ed56ee17ce6d5c2a	bag	bag.mlt_UNION_LCANCEL
7562583e9fd9f131555e640b301210f6a9133889b2eca83550523bbcc27ffb3e	binary_ieee	binary_ieee.float_is_finite_float_negate
7565c2d251a16e977be927e26dfdacf56b208520c15a3ba85421615f264ef5ae	binary_ieee	binary_ieee.num2float_compare_ONTO
756c9ce801c85d602e87b3d38fa2480901ad4646eed7105f7616da9e699a1259	bit	bit.BITWISE_ONE_COMP_LEM
75bfe55c31c9c346c942b0614cf4e3bc989fb2cd9cfe9ed17dc47f90ec1c7d9a	bool	bool.bool_case_thm
75d01690cb264c73854696d838974e840547d62b10b9aba2ac4d3994c9cf4b8f	byte	byte.num_of_bytes_APPEND
75d3f3008d367e97284b69deed305f9fcaa719441d9268e094882e491fa454a6	ConseqConv	ConseqConv.AND_CLAUSES_FX
76007cb90112135fbc550b1405b8c01fa9449b1e2de74076b25a3de79f144413	cardinal	cardinal.CARD_LE_RELATIONAL
76019cd4a31c5c51deae66d43cd5b98ba175a818358ca026864d9805be361f8c	arithmetic	arithmetic.PRE_ELIM_THM
760d3fc60ce7e1617348fc9c1603443573ecccac02e6a50d3bf7a7715938d18f	bitArith	bitArith.divpow2_ind
7618ddd9d45e9f5be39b14930693684220f8f917bf4d2ee5bc3dad08545a58c3	arithmetic	arithmetic.LESS_EQ_ADD
762f26a4378427ddd63c94cdae9de3e197638e19df0de03427dc1aeee105a98b	arithmetic	arithmetic.RIGHT_ADD_DISTRIB
763bb688ba61d840f804c8f5fe2056c09898d41480826124eb9af26a501064bf	borel	borel.IN_MEASURABLE_BOREL_INDICATOR
764d980fb238ee27573ba90da745962a080d440d48f2bbd4f708f6f855292b0b	coalgAxioms	coalgAxioms.thm5_5
767576b62c588ad384884136360ec9c8ae9e1aaf028ff3bda70e8b2e685eb475	borel	borel.IN_MEASURABLE_BOREL_BOREL_AINV
7678d77758a6f60fda5d33773ca8e814db5135e7816c6308081a8b962b0619ab	bitArith	bitArith.modpow2_ind
767b5a70a8c4d165e9481395fc6fb93edca0e0120ead6ed5328de50c6dda3ee0	arithmetic	arithmetic.LESS_EQUAL_ADD
7692682cb59859cd3ff7634e2d96793c7195adc73f3cd9fb305273e6c661ee37	binary_ieee	binary_ieee.diff_lt_ulp_eq0
7695be17dfe026e0ca665c9370cb601d5d1ed4f5f05681ed0cb0b4f162d7d99c	HolSmt	HolSmt.r105
76a70fec57c501202686a46431c855d3744316083001041e372b75800fc3ad37	HolSmt	HolSmt.r209
76bf2840e2df8898274d80debf90e3e3a7a6d55a11880000704cb6f9bbb57c43	binary_ieee	binary_ieee.float_round_roundTowardNegative_top
76c7b2f30ae31b9b4290b3891275b7b07a2c3dc33904da99d3b38c26b8e6ee55	arithmetic	arithmetic.LTE_ANTISYM
76d2d5ba8cf2bc453b26012347e80456efb2312c36d1b1218dc9f6a4f1667ff5	arithmetic	arithmetic.ADD_COMM
76e50cd9604ce6e25bab6cd9466ff84bf6aebe4fa1e070f48719acbfada31285	Coder	Coder.wf_coder_list
76e8717038b4638a9f098823e8ed69c91279fa78c14db6d2ca7adaa56f826002	borel	borel.AE_T
76f1f347cc684a2418506d9833760636aa32fa308130be1b74cea83300b3d57d	binary_ieee	binary_ieee.is_closest_float_is_finite_0
7702b30060df5fa21e497076ed0c1b7ff72e8d71d1dd470f4399dc804e1734f8	arithmetic	arithmetic.NUMERAL_MULT_EQ_DIV
7708247fa7669db980a7646c49b6e668681dc8575f850b2d641d55c78e57c06b	arithmetic	arithmetic.EQ_ADD_RCANCEL
77285b2e022ae1e18a41baae1bb723b7e33cfbf8a6cf27790f03ecbc0b905d7e	Decode	Decode.dec2enc_decode_bnum
7732aaf3c2c86ac2b03b690113bfa7c5805606aab12a8a4daa9fa298ffb44e70	cardinal	cardinal.cardlt_cardle
77426d85a804dd8ec4b4a8399e7b8567e724b9b7e0efd8b0e5f718e599e9fb68	bar260	bar260.foo_nchotomy
7749f23b3f16c9865d2550dabab98a95bde28f2e79f3ad6e27e8dc5e750addd2	blast	blast.BCARRY_LEM
776a5fee5a445ad4af7a99b96e07e87f1873706abfc6574e419bc520a15daf2b	binary_ieee	binary_ieee.round_roundTowardZero_bottom
778be958a6a48a9bcfb3a8df290b5c62add70974ca825ccb2347bdebc0fb9117	alist	alist.alist_to_fmap_APPEND
77a0ff7c0c686dd7a88515bd9f3e039719acd009d8ebade901f6a7daad44403d	bitstring	bitstring.length_shiftr
77c203a662c5683a63219ca36390ffd17381863dbf88ccd3fd58ff1f8f9c8fd7	HolSmt	HolSmt.r232
77c556c686710fd42be0b6a8364c91efba1f25f7f78304b16fe87022e3562835	alignment	alignment.aligned_imp
77d1b77e563df5e5d7a5dba3590f9c9f803469a97461b7e37c33b8586b636265	bool	bool.BOUNDED_THM
77e361c1ba0fbd8ab9a7a3bafd5e65a07e2102cffeb2fcf7f6c665b791594695	Omega	Omega.not_beq
77f77cd1fc8ad3e02732b7e4e5360c9433406264fb7017379720f63f050bd627	EncodeVar	EncodeVar.fixed_width_bool
7803556225e576145590c0ba62198827d3610d772c1543367db9d67388aec837	arithmetic	arithmetic.ABS_DIFF_EQ_0
780cecf594e21393d8caf852aa0c64c35ad195c41e698af6d2346e03915499e0	HolSmt	HolSmt.r106
780e99c437c59c87a6a2b747e24f4699396418f6d65230b2f2eb86ec79dfdd22	ASCIInumbers	ASCIInumbers.num_from_X_string_leading_zeroes
7832fb79e593fa42e39ef934181ef7221dd83af035228875c1bbba09bf5400c9	arithmetic	arithmetic.SUB_CANCEL
783a971352d6a3f21edce7449f4a88417319ec1b821ee594a28d7af76af4beec	HolSmt	HolSmt.r221
783c2c4c13304962f3f1d3ad9511ceca026c12424489259fadceb579aa3977da	borel	borel.IN_MEASURABLE_BOREL_COMP
7840412322a1c025578018449abbaf409ba87f91fc758aa139619ad0c26472f4	cardinal	cardinal.CARD_SQUARE_INFINITE
785000b9fe686fccdba719eed45b22f5143693d87812298e8f04e4dbc768131c	arithmetic	arithmetic.ABS_DIFF_EQS
78840ea71ebe124badfa252da97e6f60ac1e89e20d5102ef025e1482d5f4961b	ConseqConv	ConseqConv.OR_CLAUSES_XT
7886a3fa1a507f0c4d7f9f38da391bb722b3d369376cd6b6a974a7bfdf4c1c1b	Coder	Coder.wf_coder_tree
788e82da945e488369316404b8e5d4b49d9d2e10423d1216ecfe4571b5a08f61	borel	borel.IN_MEASURABLE_BOREL_SUB
788f771bdb13cbe821cf0f0169b7caa2ddb98a1f6b875f85d4b41963b527417f	Encode	Encode.wf_encode_blist
78c8519641762e0eed4962e8e0457eba93db810c818a1154c6da486c36251df2	While	While.OLEAST_EQNS
78d457e6935853e8aaa0d77b98d9b755ac0d559b010c46e335395c616bbdc081	cardinal	cardinal.CARD_EQ_CONG
78d9b03c3f912abe91758b0544f973104bbbd1f211fbae418c15e0542d8bcb75	HolSmt	HolSmt.r235
78dc4681d4a4d609549026307a2ef560c57b991d9c138f74176c346a9360bdd6	byte	byte.LENGTH_word_to_bytes_aux
78e22369841d9f7e35ba87b60d7c9f94b9c23b6c274d2ce6cc02cde1f9c99ebd	binary_ieee	binary_ieee.float_is_finite_next_lo
78e5848833cd26f7aed249e913054b7c44de1abe82693791a1c982137d8df4ad	arithmetic	arithmetic.ONE_LE_EXP
78f30f2101352043bdb17d10cdb1b90f190c384361171e5abf02f5bf25686c9a	bool	bool.literal_case_RATOR
78f76eda0e7cbcbde7558886f238fe1b5d24c8c3d60e5b2d6f85f8a25d89979f	arithmetic	arithmetic.LESS_OR_EQ_ALT
798450252ffbfe13bd39ecd092c2bc08c258c309ca43bd992339e33115f61434	arithmetic	arithmetic.EXP_NONZERO
79aae13c47069343343dccfe3fcb66a0f71f9560596edd9308a9fc8a7ab9ca5e	alist_tree	alist_tree.HD_APPEND
79b0306dc73298059e401380dcea7c8c1125356e9fa67e9c4c6c4598869b8fee	Decode	Decode.wf_decode_list
79ece5372b6567a54a6afa7bc1b4aeed2d5f0c0d368a552efad93082bcbe30d8	Encode	Encode.wf_encode_bool
7a12e67ccc987cdca0e5dc04e2c0c18158d140d6923a331533cdb57b3aabb0ab	bag	bag.PSUB_BAG_ANTISYM
7a17d60a9c089c2a1b81f120884f914520a4e471958d21fafdd4171f1719675f	ASCIInumbers	ASCIInumbers.HEX_def
7a1c51dca2305e4366068f4ea186e7997e1bd146539cbff43fbcf69028d5770b	HolSmt	HolSmt.r144
7a28bf1ffd7fe15361d0474eee30c62ce865d5b03af5a310ec9ed943c91177d4	bnfPrelims	bnfPrelims.funMapIMAGE1
7a48080c18ffc43d8a6fb9302d78db780f84122a5e349db942d4b6a22548987d	binary_ieee	binary_ieee.ULP_ind
7a57c3bc52a49425800cc7a00f61f289119b7936ea9399b6aeb3e4aae979da17	cardinal	cardinal.COUNTABLE_DIFF_FINITE
7a586ceafeeb486778cd90eb69c1106453213108f1fdd275fded834ce5979f3a	arithmetic	arithmetic.ODD_EXP_IFF
7a5c6cd7503b11042f461bbabdec188430305e7f33faf7f686ce01a711765d03	cardinal	cardinal.CARD_ADD_ABSORB
7a6094718f9bc47b5c4869b0a592efc68d2fb529567c1e6f6076dcf45818320d	bitArith	bitArith.add_aux_def
7a703be5e234423958b421e5ddcdbee394a5a00bb36069b3a5e3991409b6747d	borel	borel.IN_MEASURABLE_BOREL_ALT1_IMP
7a7cc3a6481432ba25a8110c93b8a8f9a6e4d619ceaac78d5e92565e08765327	combin	combin.o_ABS_R
7a858c2367f2700068debbe6c6a8e7d1c90a2bd8f068c8e5aeafbea6caa62ad4	bag	bag.BAG_UNION_LEFT_CANCEL
7a9677053b38cbd781f836a0a8f22d0e5166dafd8d19dbf2b1b08f81c6db4ada	byte	byte.word_of_bytes_word_to_bytes_aux_be
7aa5cc7d8405c3f643cccfcc4a3d3672b2c687e18e81314b9f2b98065bc02bc7	blast	blast.BITWISE_SUB
7ab55ba52bbaefb687cd01ee009e4933921cc7a2a578dad830e0aa096d13d789	bitstring	bitstring.fixwidth_REPLICATE
7ab8491414e45327c0e1bdcfd109ac1f048e0eecb9ea98502868815ea6d853a1	borel	borel.BOREL_MEASURABLE_SETS1
7ab950f9ecb7fa2f18c2d4d3a8034239637807c41d8abd64e620ad1bc22dbad3	bft	bft.BFT_ind
7ad649ab05d864875e9b72fa9e6add3f69ae2874e12ff9c888b69512f72cb901	While	While.WHILE_FUNPOW
7ae68870d9e089d551d0112b8d5b7b6c0f062101543817478e0707baedd119b4	bnfPrelims	bnfPrelims.SING_CARDLE
7b005a1bef6be3ba8476efa4a3e82659839ceea1cbf929c03cf13c46fdce8740	Decode	Decode.enc2dec_some_alt
7b1efceb5846cf9e2e8315a605946c938479e9e7eac25333e07ebc3ce225af99	Coder	Coder.wf_coder_option
7b235dbb6ac404c69d482c010cfbe05d3ef6d79176d1b47b79380455f6e27822	alist	alist.AFUPDKEY_comm
7b2755d21707550bfdbc162639e6ce4c203e649052910f6aeb6b2697869cedc5	cardinal	cardinal.CARD_LT_FINITE_INFINITE
7b2f9292b328e37536a46fc2e8da378ab65860c6f46c60426fdad6ed80c96a7f	cardinal	cardinal.COUNTABLE_UNION
7b36a87dce444bff289e6c4414aa967b398cfadbee2bda9adb2d4263fada6873	bag	bag.ITSET_BAG_INSERT_BAG_UNION_BAG_IMAGE_BAG_OF_SET
7b3c9c406e3e7990ea2bb5196674a947a0831ee1d1db1821573ebe12f9f0d5a0	HolSmt	HolSmt.r128
7b7ec569d3ee9916e015e3cefe8f0a495ebcabb519ccdd9c9aed0cfbd25893ec	bar260	bar260.datatype_foo
7b9ec78f601c6747becab51e29c9f1f8b9602674458b90a200a6e0a30bc903db	Decode	Decode.dec2enc_decode_blist
7ba93d0cc1b1b96e28aa1169e8746ddfd610157d9d121dadcc7b6bf1927eea6a	arithmetic	arithmetic.ODD_EVEN
7bbd192e01f9db37fb0325818390542cf4c21f12eb0f7708d24b9b50ff765028	arithmetic	arithmetic.ZERO_EXP
7bccc90327abb8d2cfd86a8b6d241bf74d2d4fdb5d97a1822722375e8caa7c93	Decode	Decode.encode_then_decode_list
7bd14837e22094d73eccf66c415ea78593e072ad20e56373081df00fae049862	bit	bit.NOT_BIT_GT_LOG2
7c1a72e8e101153dad5ee9c82b9b01e0c0f548da2a483eb80187b20b60e7f593	alignment	alignment.align_add_aligned_gen
7c53411907158390ca75780c8270b94fd412fd29ba7295c1e535c9b98418dcc1	cardinal	cardinal.CARD_LE_REFL
7c84d474e96e301b215d7f12bb94636266df48b50b1764801b91989ce1785347	coalgAxioms	coalgAxioms.thm6_3_1
7c8d75052125fa81d4f2d0f7c00fc43bfd7718b41c3d0b76c51b58c91526357d	bool	bool.NOT_EXISTS_THM
7c8fb2e2bf594a968a8db41cf86656522910104392fed370367e2320bd6398d5	borel	borel.open_in_ext_euclidean_neginf
7c965b06f26bebc63a4ea0294cd7f134697c0a36d4d89153ecec06404f56ad50	bool	bool.ABS_SIMP
7c9700bbe86f965d7a6520e6d6f3292b6087d99d8db5fcf89e68214d087abf1c	bag	bag.BAG_IN_DIFF_I
7cda2df21251ffcbb48a38a737e60504ebcd20af794f2696456cf3cbc7bb1c49	HolSmt	HolSmt.r201
7cf06d49697e1d88ed43848d45b254638e408afd875dfbbe927033b26bc2593e	Decode	Decode.dec2enc_decode_option
7d170d9b8fa7d54d41deaf56707740e8773d5cc774bc58588c4e576f0dd1dee3	HolSmt	HolSmt.r086
7d21ce65fb3bc07c27d2327de47949871d180cf3c9877aa6c195b4f2ff562328	bool	bool.IMP_ANTISYM_AX
7d4004520d65be12066939f775c0f3c95986b73d8bb2f4e9a53be34a7cef8a60	arithmetic	arithmetic.DIV_EQ_0
7d561a9cac245a976955edca40be4dd9c709b2669c3941e40d0e45cd484f93ae	bag	bag.BAG_CARD_DIFF
7d5eaa23424c2eb429921fec58af45cf2db6c48d103e51673130b9a07bb1b75f	coalgAxioms	coalgAxioms.thm5_4
7d73b91452e70e9bd21ab7f7feaaf344d7e61d41866778a667c9d6a3d2840615	arithmetic	arithmetic.EXP_BASE_LEQ_MONO_SUC_IMP
7dc8f2782432608e5233148346b2127b80003285163554d9c6523fb826dd0d93	binary_ieee	binary_ieee.float_compare_nchotomy
7dcf9cf00e1821d8bacefaa34f5d380d15f549e83bb733bd180859b1997c6552	binary_ieee	binary_ieee.float_fupdfupds
7df43c37ef8385510854ba78351a3402093b18417bfd83cdf2e14324d5580096	bitstring	bitstring.bitify_ind
7e0136cd56f8f80422c07a4add854076213f731df5ca6751ea90f982d9415490	alist_tree	alist_tree.is_insert_centre
7e0212fc934b66a08e8ad85b2189cd52f7cb80b28d944a06b1a31d4825a9d587	binary_ieee	binary_ieee.float_compare_EQ_float_compare
7e3fd05b60aef9bb6680fd4fb0f35a06be9668c5dfb48e4924796f2b54ff82b2	HolSmt	HolSmt.r253
7e60b7e825c324a640bb44d2ebc0717bb3778d4503d293df2f2a1bfe525198eb	HolSmt	HolSmt.d026
7e76f0ab4c569d509d8dd5bee0ce797b6101ccf867fca39350ead00bb3697134	arithmetic	arithmetic.WOP_measure
7e923bdd786370ca4ccd21e501fb9db8c1675e7bfd7d898901f375576d8f9d5c	binary_ieee	binary_ieee.float_cases_finite
7e947b5c1da435208a1c050dfca1228031467820760e00a0186a5fcb6bde7c74	binary_ieee	binary_ieee.float_ulp_EQ0
7ec7583691b7eaf17fb2202f5b6ea5142abf1bd43882b061c58d7f234123f7b4	bool	bool.EXCLUDED_MIDDLE
7ee37bd9b7db019b0014d0dea5d77bda384eb9d27aa4ac47c9fb999c8206b7fa	bag	bag.BAG_IN_BAG_DIFF_ALL_DISTINCT
7ef95eaf73f8188cb3291dd2249f925b3a7d581501e13476f203ee48f8800503	arithmetic	arithmetic.EVEN_OR_ODD
7f0573cc883b140ce650df3293adc9417639573fb078a61cfb025aa260f26ef6	cardinal	cardinal.CARD_LE_ADD
7f12a72b2a7c06cecc9083ab1180035d60f0854e4e5fdd8a8fa93c6db9010137	Encode	Encode.wf_encode_prod
7f1566ec20e6c74f4ad727e9afe62f5b2c95ab13e419576115645719b32bb8fc	bool	bool.SWAP_EXISTS_THM
7f197c2b15c59e0fd5a7d937cbb91a19f5069f837129b3301326632615b764f8	bitArith	bitArith.mul_ind
7f21ad7cbc6dd9bbddb1ecc661ffb77066f676c842008eb852e67942d085022d	arithmetic	arithmetic.LE_MULT_RCANCEL
7f38f945bea0b86b344bf8f41f2c8115e182979703daf252abbceaf5320dbb12	While	While.LEAST_LESS_EQ
7f3b6076275db5e56d60f7b5568ee005f985fd80ae5fb990d90a25270d09da94	combin	combin.FAIL_THM
7fa7754997456bd08dbe8094fdec9a05dd96aaeb37f005fdcc8373fce98294c4	bnfPrelims	bnfPrelims.BIMG_EQUAL_L
7fb314467923df81ab57ff2b5380eea6d864bdcf22ee8fe9b3ce87e106399970	arithmetic	arithmetic.PRE_SUC_EQ
7fb4c37fc7ec6de422a4f810c95b2783b776f01cb74e0a7d0a91373a64b3ae97	bag	bag.BAG_GEN_PROD_UNION_LEM
7fcb44f546f39fecd8e0eb043e8b02a0c922492454eeaf799e3b6ae79abad7b5	HolSmt	HolSmt.r216
7fe004d929501d1d8c6c15e8c7fd577b2755f6c5869c39733ecacb85f5e78394	bag	bag.BAG_FILTER_BAG_INSERT
7fe639b78f1426189f4c5a126dcd3441bddeb2d0e224b917b757ea3b2fd9ba4c	Coder	Coder.wf_coder_prod
7fff021be5dcc3f72d19ea6ad199f4483c3a8f9c1323efc8fb4fdf36bd512923	HolSmt	HolSmt.t035
8011ea86a3344452a4023ec2109f3f9c1f5e32b09164cd4eea0398b293f47020	HolSmt	HolSmt.r081
802ba6dad49e784f8956e8c807cc133d4870a8dee01abd8c93ba1dfb7b1c55ec	cardinal	cardinal.CARD_MUL_LT_INFINITE
8058522641334f6cf644fef76c553da8b68141e6631feff6e26fcca511089a3a	arithmetic	arithmetic.MOD_EQN
80777d6c5b04f98b0d292faf391884445d0fb78b6b2c616f953878921f28cd0d	While	While.LEAST_EXISTS
808238ebbc8c2cea4ecf0152e2f40e5557a630f4b61a7d2313a751a855a15d6c	bit	bit.SBIT_DIV
80843f842c84ff20e75423035d270b099e6de75332ec81d3a430cf05f34cc5dd	binary_ieee	binary_ieee.round_roundTowardPositive_bottom
80c116e94067a1d6e254591dae047976b7ccd803524e5fcd2d0e23d130ce2dec	bitstring	bitstring.v2w_T
80cedffee3c2178e9bbe62a53fd56f9cb42225838ce0409bf0cf9ebe7eb1d45e	bag	bag.BAG_IN_BAG_INSERT
80d8035d74a87924fc508df2ae2d019433d75c449b9bca3941451ef7808e3691	bag	bag.BAG_DISJOINT_BAG_INSERT
80d8f6e44553189967ae32f5ae4f333e9f0a6dd1efd9d6df4adddbf7c281d85c	binary_ieee	binary_ieee.next_hi_idem
80dba2a6bafac5f9e3d19da0721fca750fa1bb00ade90882640da57472ca7ecc	binary_ieee	binary_ieee.float_value_Axiom
80e818eafb4949696281832983922bae97f207fb827252406b31ddc00266c86d	borel	borel.in_borel_measurable_from_Borel
80fdd16c5cbb6f4220ba724d40510a0992e256ae4bff5a0f6ee33cc36a5baf62	binary_ieee	binary_ieee.ulp
811a08f072430b12baf15688468ad99dde034228e8e112b1211ad1fcc19b93f8	alist_tree	alist_tree.sorted_fst_insert_centre
81245520f095282d352fa818883d669788d7326ee7490dbd8b121c429e6666a2	arithmetic	arithmetic.MIN_CASES
813467011a580a26b7deb9eb01f6ff3ec31e27681d6a76af4abbcfe7e77dadc4	arithmetic	arithmetic.MOD_TIMES2
81430177ae99c09cdfab1f2821068a97f73cb5cd156257e64c6debe96db3698c	HolSmt	HolSmt.r162
814bc8517d419e152305b002a4af02f24a53f12935b5c3e2818348d88e3e3df2	bit	bit.DIV_LT
8181e366bb713cac6e7608eb446e8782b457db4a574828f17b1a3ee088da1d0e	borel	borel.IN_MEASURABLE_BOREL_ALL_ABS
8183641dc777ad1823525f428aa91dcf32ea7cea18603864f2dacd9d1a38422f	combin	combin.o_THM
81a29a21faf0d32f33a785039085d1b65879410acae2c64319c99cadd6fcc84b	borel	borel.IN_MEASURABLE_BOREL_ABS_POWR
81ba237fa4e0ad5dd9000f80387d78c94e8118293be3ea3db247e2047f1dada8	bit	bit.BITS_ZEROL
81bcbee0c12ae7a85cea75dc0a1255e5eaae9fb382bb988764330e47c47ab8db	arithmetic	arithmetic.EVEN_MOD2
81bff1ad2ac2c36e0ec71acf51ce291e5c83f11f4ba5b2ddeca49437b6f07e16	combin	combin.S_THM
81db5e092384dae21effc70f865981abe1ad1cce7d1b75e401c8189076a07caa	bnfPrelims	bnfPrelims.pair_bnd2
81f13cb72aa7f87c329e999b481acb8c656332ba5acef2e0fec6a0e2e66e6738	Omega	Omega.real_shadow_FORALL
821375934ccea7c8262534a7f9b3c02406dd0b187b3ff04fefc296963e4b4061	bag	bag.BAG_IMAGE_FINITE_INSERT
822a541323b77fd04d903148091d63879fc667e2b0f87289bca075222c00c725	borel	borel.IN_MEASURABLE_BOREL_BOREL_CONST
822a55cef3f37e4a8cbfc2e97db40a79aeb685b5801f46f0d74742007c0432c8	HolSmt	HolSmt.r032
8230ef5c6eb6ca2f7d65240396bbbedc36ecb8c9fef7e9ebbdf7ef9bbaabbbb8	HolSmt	HolSmt.r127
823b8b8e45be0480fc02a6b2c395d2befeffc6865f5b05951ce2c2949eacc7b7	Decode	Decode.encode_then_decode_blist
823c664b14801e5020e21ad0998d22ccccfa2e5c8b9ce0f7c3a4fbc23152c0aa	Omega	Omega.rshadow_row_def
824cab775d722d721e234f8e2ff314e8e4b677043095600b07bbc1bc1ea725a9	Encode	Encode.encode_prod_alt
82548a5bfe695350c8cfc716471d1598dac3fded55aeff96fb2ef134f4dcb360	arithmetic	arithmetic.SUB_LESS_SUC
8256d5b0a632fab952820ffa732df52f54651be0821d0bb6d04eb51a67e17db9	bitstring	bitstring.word_join_v2w
825a4e9424fba0be3dbd08ca2a7809c3992931a5e28cdf17fe730c66d6396e95	arithmetic	arithmetic.LESS_SUB_ADD_LESS
828711911481156ad3781f2081aa4ff58a16a0cf2524002f9e047ab5f03ebaac	bit	bit.TWOEXP_MONO
828df4cf5a16d6a5a798f2f5ebeb8bf111fd3a4f0bd10c8500ff69ef8a665a6f	arithmetic	arithmetic.EXP_BASE_LT_MONO
829536bc8f3d681bad50383ce44befae079a606e3dd21e33d50ae9edeeb4af20	bool	bool.RES_FORALL_TRUE
82dc425047ef404d0b4334ebf12a39d56385387d2f8965b364a27bf5d40f25d9	cardinal	cardinal.CARD_MUL_ASSOC
82ef3dc3109204ae7b9e49aecaadece787897d2c092ae2294e00b7ff64e9cb1f	alist	alist.ADELKEY_AFUPDKEY_same
83140c052fa4d00126700259c1d4c0f251e2ae042d4a31900f2ac92a25b84690	Decode	Decode.wf_decode_tree
831cee8893bb367348c91cc87d4989f4773aeed94a004bb084dc2803414312a8	binary_ieee	binary_ieee.float_sub_compute
834335e90939763ba92996a90f5709e40726b551e1ebaaa32b5b3ae6199c1af1	borel	borel.lborel0_finite_additive
836902885c8e4f29cc580d42ca88e5f5ad901d9127d47d296f5d4c5f67694845	coalgAxioms	coalgAxioms.prop5_8
837afd8d643d6f7f07dd72aab53471c12c3ef1b99f5687d442534ff9509aaa4c	arithmetic	arithmetic.SUB_LESS
837d26f9cccb698d2b5ad6ad999a2ca739b86fe68410eeb610b6e8a42a88325e	HolSmt	HolSmt.r202
8392f242534d8a99a263d50aa0703958fcbe0b2d8c74814c78bb883b7148205b	bitArith	bitArith.lte_aux_def
83ab64d825cefa10cf34c44304a8764a0d526290e850adf80bd3bced1085cc7a	bitstring	bitstring.word_nor_v2w
83c7bd89e8276a23785186adbada3166b8d2168a7ad048966c6f5667e1560aa4	bitArith	bitArith.mulpow2_thm
840a84dbb6930fcc11f762f56910c98afde3081cc9ff063b2f8fad9d5acc9818	alist_tree	alist_tree.is_insert_to_empty
8423f68dfcd8abf245f3853fcc146ed3b04e6ffae7d848c297f461712b5c5911	arithmetic	arithmetic.NRC_RTC
8433b693125eb719cc46f73dbfa20acf436b15aab6252b0b5a253ce6a1c861ec	arithmetic	arithmetic.MOD_COMMON_FACTOR
843c4f831a833515b9e6eb2fa905cde354430856b149f505ef1f089824002011	HolSmt	HolSmt.r242
8453225c38119a8b917ab954c08b1e5c7586309e67236c73800a5492567305be	binary_ieee	binary_ieee.flags_induction
847c5aba809a805a58b83bc6af96363aee9f2dbefa99e8fdee0557c448fb4321	binary_ieee	binary_ieee.num2float_compare_float_compare2num
8485a93b23a70a3bf45248a513d47ae2f33020e08fefba2bdaa33a593e19f1ee	bag	bag.mlt_UNION_CANCEL_EQN
84aaf8ffb101ef3462e0524045de559083629ac6ae8f9bf196d9dd763f2c1f25	arithmetic	arithmetic.ABS_DIFF_SUMS
84cd37479a20c1e687597085e49a990f317f2ecb51d5114a227882c0179ec2bf	bit	bit.ZERO_LT_TWOEXP
84d487947ddc391d86ede7fa0a212518b4315a3533cc87d5483c5ce0918b9f1c	bft	bft.BFT_CONS
84e31f7a194048ebde427c26fd6828777f96f1360db441f2842c87ecaa6c5f5a	byte	byte.bytes_to_word_ind
84e6111431e60a33a8eaaff893abd6d308ae1bceab8b573437208575700468a9	bool	bool.UNWIND_FORALL_THM1
84e746bba9e5070e8d94fc0907111e81b1ec7c8bb5e826a9f833c23d3c37ed6f	borel	borel.sets_lborel
850de14a2ae6506b06e924a4eb5d3593fae3f93248d2231c46fc5cc5df44a9bb	arithmetic	arithmetic.LESS_TRANS
8521f2787d933104c494dd48bc1d6cf50009d6fc7a2ec15f78142b99b7184a41	bitstring	bitstring.w2n_v2w
852c3a2b8340c54e503668270597e05f9cb328ec2437aba8366c5d388e0551f9	arithmetic	arithmetic.NOT_LE
85328b80d44c662a77e6a032bf5a2a1fab6f510afd462a1c1ffd62251e386995	arithmetic	arithmetic.TWO_LE_EXP
85493ac9fe8b56c900793aed5b622a11707d295853b77e5540872f0ac608a25a	bag	bag.SUB_BAG_UNION_DIFF
854e63f422770338a7f08819bd121a30c4dc4cb556e4ce74a012bc3b47d1f56b	arithmetic	arithmetic.SUB_ADD
85b1c930ed64ce8abb5d97a6687cebd78edfb67214c4a6d4f287b9ae4f726cd8	ConseqConv	ConseqConv.IMP_CLAUSES_FX
85b802cd022e6d66da6fdc92211aa7809420e1144a5509fb4dc7439ba52b2db3	bitstring	bitstring.fixwidth_eq
85c9e642efc0d8b73836bf63df85d63ed780e283d3fb1ac3de7ea8ec4aa2fde5	alist_tree	alist_tree.is_insert_far_left
85d017cca71cb3ebdac959135f412811a31312065273701249fbce39fd95f86a	bitArith	bitArith.lte_aux_ind
85ed1ce1999cc77ea9a2ade9497ce8ac0bd831561380550fd609273c426e03b7	arithmetic	arithmetic.LT_ADD_LCANCEL
85f4ba63c962cda3b7144a885cafcc0518592c9373aef48f8576542da43ccccd	arithmetic	arithmetic.MOD_ELIM
85f618fe8df8aebd2c4e06e4a1258004a54bebf0383e57658fc4946886ed84e3	bnfPrelims	bnfPrelims.KlamF
85f6cc9370e9061dd6d2e4b553ba5b72040eb3ee3a75cea6e7bdedf5db44fb77	bit	bit.LEAST_THM
85f8142943b2c26015aa0fec6797222b7a2acb91f9b7cca7035b9b8b011c7979	cardinal	cardinal.CARD_LE_CONG
860ea2e41535649c9d47f1e9a77e417574af8aa62ecbb57ff0204ccb8c08b01d	Encode	Encode.wf_encoder_total
8617768d286cc91724e03acd6e90c4d677de6e5ee7cdd779a35c3981414351f9	ConseqConv	ConseqConv.COND_CLAUSES_FF
861a171a547d1add2e27c549fa9ffe641b548618edb6359d14d22405dd868915	alist_tree	alist_tree.is_lookup_r
862c0a74d03e6a2e970a2dbf542789404d7ba0969f6414cf9187d2673e344e29	binary_ieeeProps	binary_ieeeProps.round_representable
8654052d9ef80ce91b489f4308744667e0766c33fdfcde5a2c98a882d9ac899b	HolSmt	HolSmt.r080
8672850f17c117712a004a076943c5c6a4d81084568c972378677a8710808951	coalgAxioms	coalgAxioms.coequalizer_ind
8680ed98b8d3d0e5122fd3de2729b6d479f6c6219349cbdaa51380e8cde35986	alignment	alignment.aligned_lsl
868eff12e5ceb181215b5be20ce5775c1038bd446f9e7397447204d4847578b2	arithmetic	arithmetic.EXP_LT_1
86b53c612cf3dac0ce7c37c2a4b8d9cc31a8a99d03830b2286080aceb7306679	arithmetic	arithmetic.DIVMOD_THM
86d3cc86e55a6fce40aaaaf50d9d12e971712847fc38c1fe6c08a83a9be50618	borel	borel.IN_MEASURABLE_BOREL
86e8c9d765a4bab5aec779ace31b5d544c297db2c66c433fb259adcc6e45092d	arithmetic	arithmetic.SUC_PRE
87017856aa703e42ec37391c2d1107df57260ad8cf11dd74f1668db5c8db38ee	HolSmt	HolSmt.d019
8704d5554650d6269091327f5e08438dff1db011e98943e2c394cb208490a0c0	binary_ieee	binary_ieee.flags_updates_eq_literal
874c72397fa4a41e13b7824aa402099affd5914957974ca422c813454198a2b5	cardinal	cardinal.exp_INSERT_cardeq
87927c90e4769d99d29b0dca3f82d26bf9f89b6f4daa441e660509c046bfdb75	HolSmt	HolSmt.r012
87b479ca991a91135c203c7f2360326665efe754e0b8cf7c82fb1680a2819e80	alist	alist.flookup_fupdate_list
87bcdb33640d1af67f18505543bf8d0e7b567d38bc89a8aa33277920adb426f4	bag	bag.unibag_INSERT
87d8344dab33ee07057f1c42b05f6ccb4b474c86ec815255a1c793eeefcb5aa3	bag	bag.NOT_BAG_IN
87d857afbc76ff49a83a0fbb857f9b316dfae7cd9578f5e7eed4733e1b7a89dc	bool	bool.SELECT_UNIQUE
87ec3ad946c6af27aa5f5ac7091067c1201b259ec62d4b093030e10916b1bc36	Omega	Omega.evalupper_FORALL
87f1b72f8d10a1bb6ca11bc2841aa122651af53e5e041139b3ec6b3c8b5f4a52	cardinal	cardinal.cardeq_INSERT
87ff0a5420b6617cb0217e6b332589e11aec39a196953b6af14e0ee48ab75691	HolSmt	HolSmt.r194
8816aea0287c9ccb53aa366edd0d9203b2e91842254dd19c84e931590b1c07b5	cardinal	cardinal.CARD_LE_EXP
881f861934c1947598f8b00f293699d0a8dbb797401ab881edef66fc54819e5c	arithmetic	arithmetic.SUC_SUB
884fe45c66c27fc22d49c905d6da19b20a6c5932bfe2b1024fe7ca2d94aab5e4	bag	bag.SET_OF_BAG_MERGE
8888db60e9582b8194119478266a94f32f8fe4645902c80d1f90585b95bdd3bf	bitstring	bitstring.reduce_and_v2w
88907e578e359dc1dc1cdbb02a56f65c237c225b5cdab51ef1dba05afe2bd8f4	bit	bit.BITS_SUM3
88a0c6984fcd1d491bfe537cb9bef86775396a3eb98a81521fad07679b654a98	bag	bag.NOT_IN_EMPTY_BAG
88a6ba83000a1ae9f194ae583b585e5f6b1e56541a2d9912ddd5977b73120b5f	Omega	Omega.MAP2_zero_ADD
88ab17c3f81ac50ded1131aabb3eb4f1bd17adc9eed9c4684fdfae52f3322de5	arithmetic	arithmetic.MOD_TIMES_SUB
88babb3b383d81de6cbd7ccc51e06830414f0df9d17e1fdf4e205f1cb1cf100a	cardinal	cardinal.FINITE_CARD_LT
88d2c9c78343b396100534dd6486c5d3409a8731d21f8fbb03f7a55175bd49e7	arithmetic	arithmetic.ADD_ASSOC
88e6b2f1d7cee845c9e91387dadc771e37b2e728074180a68fdb66643a20ba1b	HolSmt	HolSmt.d009
893a799824d88b271d20d60fbe9b98d93fba872bb2b899b7860335729672db8b	Omega	Omega.EVERY_SUMMAND_eq_elim
8942cb9cfffce3e78f2bdc6c95dfa3c2db57ef733c54e555a55a9df97ce32df1	cardinal	cardinal.disjoint_countable_decomposition2
89521ef3f06aaa8262849b65bda63d8fb471f7a4515906306829b7b418ca08ed	binary_ieee	binary_ieee.float_is_finite_Exponent
895b9b729cd63e1ccd41100313a345455c44f30bec44af1d5ed4ca4c67e945a9	bool	bool.literal_case_THM
8966f8d4b0c4af1518c405d42a0a48443688a13a9bda6d4ca2f7c6b8cca8f03d	binary_ieee	binary_ieee.ULP_def
897a7b6cecb0db0a87a5b97bed847d3acce8129a3acc6159ead2e8287966b0f0	cardinal	cardinal.LE_C
897fa6bbd86f96826c2592acc7593df86ebfc4e3acfc10569adfba73a8aa118f	bitstring	bitstring.word_1comp_v2w
898c5380e1dc42e9aa790e4f2bb247be56763f393cbbae7334d7073f69ddb835	bag	bag.BAG_UNION_EQ_RCANCEL1
89a112ee0039ff30aec62c0b1b8e243c1187cf1b64d3a23b59e8ed870ea1b005	addMLdep1	addMLdep1.thm
89a84655cd32b23c489ba0b31c75a44bc061f5b3b35913eb3e762794c2eb79af	cardinal	cardinal.COUNTABLE_SING
89aa02c0464b92c983b8b37feb3d6cd8f07d3c4b08cc606bb8a62d5ba3f9d08c	HolSmt	HolSmt.t031
89b3d283ee0e7f306ef36950d9bffdbd5fc160232ec1ea54650085a4bbad1e20	bool	bool.literal_case_id
89c71c5e8c8cd28515bdd4ecd431a87101e03d3fadaed0f3189f7d38cadf3cc6	arithmetic	arithmetic.SUB_LEFT_GREATER
89d5e7b527c9da5aaf25273af25f7a34bb6dcb80788c5d5f563d7542279b41b4	binary_ieee	binary_ieee.float_sub_nan
89da38e11deebc6ddb4f09356460c1185d2924b4f2a70c01c7bc08c34bd369de	borel	borel.m_space_lborel
89f830769737f1e8130d20073283682763870a58ea33d2836b93bbdac35011b2	bitstring	bitstring.v2n_APPEND
89feec062d64e57733d181c1ae8e42bc78957cea28aeb099c3ed85c98150807b	cardinal	cardinal.CARD_ADD_CONG
8a05aa092d62f3fb8dd7ffd8d9059b89f5fea6f9f434db5296c8d54f7baf31d4	borel	borel.IN_MEASURABLE_BOREL_2D_FUNCTION
8a1e437531d17513bcd72fa0d935587612b87aaf0c9be4ca2b5cbef7385d0b60	cardinal	cardinal.CARD_MUL_CONG
8a4037c4a062fc20941c467dcf6dbe3a0c52e7d9e394f11e32d78c479f011fcb	binary_ieee	binary_ieee.FORALL_flags
8a4897d2662305278130347b32552ca22792ff38e10779e72c8a3e70aad16631	cardinal	cardinal.CARD_EXP_ABSORB
8adb1df7b185d87cfa79332b76f86e6279b1a2cb84c79b2a17c288c7944a9eb1	byte	byte.bytes_to_word_eq
8ae9ac5a469976aa6f5bb3631ae980fd3ddb2726ab4643ef1343d31cc2312275	borel	borel.IN_MEASURABLE_BOREL_ALT7
8aefd87bf16c7db5bfb1e67e823c9e41b9c61ed692a5059ae660b6092f6cdfc0	byte	byte.word_of_bytes_word_to_bytes
8b0b65433afaf737c1b825cfece85fe16b65fc48f9bfc2f3bd8496cf851947d6	bitstring	bitstring.word_nand_v2w
8b4ed7471b8e1e52482ec61dab203af2e752fd8742a11bb7b430ae752c06c5da	cardinal	cardinal.CARDLEQ_CARD
8b929843e2a7518eab75c2360ee3438602815e0a4b65c7a75b5e6b62a0dcafa0	bit	bit.DIV_MULT_THM2
8b9752e769a5c218a08ea397fb129f82b871c79077e71d653da1a3204dabee8d	HolSmt	HolSmt.r255
8ba1902a30a499edf3c93ea7d84298af8d8d269d8c4e073510ee750f3e47b10a	borel	borel.SIGMA_ALGEBRA_BOREL
8ba4e43eed55ecbba94c86f90aac3e56fdbf0709de2ff3f21d4c2dd37535dc7f	arithmetic	arithmetic.LET_TRANS
8bb2fd266e5c669594756e6b4d82e075c5971b9aea2614dfd31439fb76e7823e	bool	bool.LET_RAND
8be9421ca90eaa699966bebdb4ff15260d7441c15cabadfae6e4c8ed2de79f88	arithmetic	arithmetic.SUC_SUB1
8beab784c6a8af1a05052a2d69189f6abce10e35cd2ee08b2367c15ad271b7dd	HolSmt	HolSmt.SKOLEM_FORALL
8bfc9d3898e1e7f702709c137fafbe74d5153dce329f7b3512c006e172e1e37e	HolSmt	HolSmt.r132
8c0c8d855cfbaa32bc22853dd741ec85b251f70cc483c006cb2ac89f554ef866	byte	byte.num_of_bytes_REPLICATE_0w
8c1559a5b341112b55b9093e43459ae6935fce44a06dd39012f060b266c3f6da	Omega	Omega.dark_shadow_cond_row_ind
8c27035c9e37699435e01406d4761414fd943fe52c393c3f492e4c4cf25013d4	bar260	bar260.foo_induction
8c2ccb9ab4877468b8aa5e00d0a0fd366e8356087f4ce6aa8af3330a4e0ebe58	HolSmt	HolSmt.r229
8c3364551718eb27bd2207a21e0f921bf5242555877bb987a24e747395dd35f5	bool	bool.bool_case_ID
8c3499ee59f89cb15c83b2a9b987c7965b56dec6eb655c7fc0d0ad06ba4370d0	HolSmt	HolSmt.r074
8c50c82f472346210b5a9ce2623c2a61cfcff239a494df1550e5593ebe14b81f	arithmetic	arithmetic.MAX_ALT
8c58388ab093311530f857e668d37feec63416fa33a43282bd1a75c217579c04	binary_ieee	binary_ieee.rounding_case_cong
8c71d81ce7c813342311c5901e435f7f3d5ef9217b35e8478b9645ebb5caac82	bool	bool.BOOL_FUN_CASES_THM
8c7e5a88251fdf45b5cbb4470eeb3b593d5c7a73ea1cf92388ad8178720a77dc	EncodeVar	EncodeVar.of_length_exists_suc
8c7fddc4a13c173eff76006c6728d6a4f33ad80e3455af305ba9750ea8006326	bag	bag.BAG_INTER_FINITE
8c85d588c9bdb9b52dfd4da5041f8ce16bd0a5c1440871fe692b86b04728ecf9	bool	bool.ITSELF_EQN_RWT
8ca19c3ba75f3032585d98754d148da0c51c966298d0a88a4f0ff0d49b10faa0	HolSmt	HolSmt.r116
8caa700b1390ac61abb282dd9cbc5a8444de24ed4e72b6ed0625dbc9acdddc80	HolSmt	HolSmt.r124
8cca18784cd4cd252ba36cfb97a314ee8177e5e2bc445146714b810ecc9e71d0	bool	bool.COND_CONG
8cea0b45e15673f8ebc17a283c4b572e3fb64d494f1bdd45feff65766351797b	HolSmt	HolSmt.d025
8cf43e2d94c127b1c99126d1ecb036c5a020e89e7cfce1c9de1f05885a7c893e	bag	bag.BAG_MEMBER_NOT_EMPTY
8cf4a61aa4a3b6dcb531d01b4aeb77cef4317eb6d5b6d586681ff6c9541e063e	binary_ieee	binary_ieee.flags_accfupds
8cf55456d9d2ad990bc103a1aeb0c3b0a6d45e5fbf8d967aed1f6888bd935bd6	bool	bool.RIGHT_AND_OVER_OR
8d16ae05473a06d563c1da23d8d4f22bfde4900b04d98559c4ee76f255aac60e	ASCIInumbers	ASCIInumbers.LENGTH_num_to_hex_string
8d2e25dc19dcca236ac4bbf0ee5f9ab131ef953f5a50a34ad5c69ddeaf0eef38	bit	bit.SBIT_MULT
8d7a3a99e68378576585ca4cef4051ced65b8ce6b4e419da32eaf0742ccca1b8	cardinal	cardinal.COUNTABLE_UNION_IMP
8dc0c4d9369fc26738b79e3088394485fff9b98ae27f4c279e37f353ce863142	bit	bit.MOD_ADD_1
8dc8ca30216d5ce0de90d835200ef5a1d7a0784b288ed3cfd6c7f1b8d0b0f022	bar260	bar260.FORALL_foo
8dccccbf14b707cba2052b185720abbadd9f305811225badaa0ff063714a430f	binary_ieee	binary_ieee.float_negate_11
8dfe73265a2ebc7d1eca3a6800fbf837b8c682b8d1ed2243149ff43663fba640	borel	borel.in_borel_measurable_imp
8e0206fbf9d8633fe3b4f7e6b7cbce3e560b4705455d53a580864f26764cf850	coalgAxioms	coalgAxioms.mapO'
8e0ccdcbcd5c45ecce469b966a9e602d6d5beb3ff5b835e3dede884f19f9a5d7	alist_tree	alist_tree.alookup_append_option_choice_f
8e17ecd550e8fec2825404884abf554d52216ea155b294744e182258a9a5d943	borel	borel.Borel_eq_le_ext
8e1bfc0402eb53387a9abe0e992a5b18d052f25cb249b6f454748978ac892dbf	arithmetic	arithmetic.NOT_LT_ZERO_EQ_ZERO
8e3003cbc9cda27d074fb1c1ed28ea397be838b695c2d9a0347b42d426421efd	arithmetic	arithmetic.SUB_LESS_0
8e47310941c94978df06a2419f2aca0159e287ef38fc64f26af371902a9f7953	borel	borel.IN_MEASURABLE_BOREL_BOREL_MAX
8e4e8d17ce577cb2e96fc98440f75f417139370e186140b0f8f66ea2ab5e3623	binary_ieee	binary_ieee.float_sub_plus_infinity_finite
8e70388b525d2079b17e393a19e0c24ded80efb7c5d2b8e9b7764fda1a103229	bag	bag.SET_OF_BAG_EQ_INSERT
8e88546329927a0149d6a317aa1547c077bea32779c199cad5cea87916d46e71	binary_ieeeProps	binary_ieeeProps.abs_next_hi_EQN
8e9a8ac31a8ed01cef83ec9f29455e3434f4abc6003f6e7e4f1f3192501c6814	bitstring	bitstring.boolify_reverse_map
8eb86d163fb73263a1d54f9fc4674883977add8b140ae1ca96fb475eafd0b501	SGAUnicodeMergeB	SGAUnicodeMergeB.thm2
8ed5e409a4cf14637244c2053407d7e2924f2ec8f815fa69530ba6289f6f7593	Decode	Decode.decode_unit
8ee274747f8b3e0738bfe723265926f46c6bbe0cf775251e0f46e32e1518762f	arithmetic	arithmetic.num_CASES
8ee63bf662125a515dc5a20218c343e95dd7363b8a879e2aa5f6e70b64bd04ec	bag	bag.BAG_OF_SET_INSERT
8f05d4ca3fa92b644133bb49123ab91ccedcb9b54de8c87c2e94ad583f1f7861	arithmetic	arithmetic.LT_SUB_LCANCEL
8f1794bebbae58a2cb849de1721ed814c48a91e4d6160d4aa54764c9e146352e	coalgAxioms	coalgAxioms.map_preserves_funs
8f25a4e3167cb316afe46788f3f7387df0a2b8bf9c2606329c28946294663129	Omega	Omega.eval_step_extra3
8f4d59e9a1e6189895e693dffb9e31ccb46753cea8bfadb6cb7614eb2bda76d0	Omega	Omega.final_equivalence
8f516ea15e553cc51f7a5cd1f6f51c151b50bcf7c3054545f42ad1615246510b	arithmetic	arithmetic.LESS_EQUAL_ANTISYM
8f542a2a1cc98c51d4e22200c2db48f0eeb07454d881b90b70b609de9ae4c9f7	alignment	alignment.align_bitwise_and
8f7eccc0ef115f94ff5635fcf4a3386bb6b13f89e426d99e05a8d6df665d675b	HolSmt	HolSmt.r028
8f82888e719e2e4f1a90314375783e2fd85510a820434709fa70608dbd844040	arithmetic	arithmetic.MOD_MULT
8fe4ba246bbc3773c1c011318b21208db075728443613b8f50130509dfebce1b	HolSmt	HolSmt.r040
8ffaed126f91c67744f7e8e70e13b504738cef5341320d27cc2908f48621fbdd	bitArith	bitArith.bleval_less
8ffd8f7bb9be210969b17301b13bbaeb479e764c69b5458e55c1128cbaae4bfa	bitArith	bitArith.mulpow2_ind
901eaa219fbbc638bf799537232be7aae770d0cb3dec562dcd86376d5ffe0809	bitstring	bitstring.every_bit_bitify
901f69b58165987a4726e9621969f07e9383b0d9eefe72a3ede34b16bf0944c7	borel	borel.IN_MEASURABLE_CONTINUOUS_MAP
90237f22436f420550a8545e042afe321f6b70b664ac6780548a834867c9f296	alist_tree	alist_tree.set_count
90302b78a496dea8c2fbcb2b1130e8c0ab377e89957f19fed205028351edb562	bag	bag.BAG_DIFF_2R
905b7abe74fedcaa0cb38e34402797a71afffd2d1587a5acaedf722c96972627	cardinal	cardinal.CARD_SQUARE_NUM
905c4830b92e9b61cb5567a1ebfe4595f4f957e50efec34df5bff5defdd76e73	cardinal	cardinal.COUNTABLE_CASES
9060c19c64d1a3ed3412684b2b3ec397f82ef0f445f31e2005bfa23baab65b93	bitArith	bitArith.id_thm
906f5b5e9d56263143f2f91fe9ad9a633077dd877bac13710449b74508b53bc1	combin	combin.K_PARTIAL
90a8b23eba230d449ddc6506b2bc627a229516a57455ffdac625e014689be8f1	HolSmt	HolSmt.r054
90ebeaac4a05f621bb55542d0f583aaa052542abc9ae9fb3d0b8257e1775adfa	arithmetic	arithmetic.EXP_EQ_0
910f83ceb6443176999a9d8748a85ed037a341f2d5e511ba7661c3286a17ced6	cardinal	cardinal.UNCOUNTABLE_DIFF_FINITE
9138d9f8809ff6dd2771588a4191dc7f2cdd35d22645fb1fc66dba5b49ff679e	arithmetic	arithmetic.LESS_EXP_SUC_MONO
9145c4289e2fb2020f79ee1b826c409267be4d1f00931a9b7bce7b7dd46741a6	bitstring	bitstring.word_bit_last_shiftr
9146797e7a80d72253521abcff83e0ae915ac6a427a3d499831310eb91406d4e	binary_ieee	binary_ieee.float_minus_infinity
914eb935ec040ace88659be3afa7da4d8adc31274e2e00bacaa01f945092ffbb	borel	borel.IN_MEASURABLE_BOREL_MONO_INF
91b4a3bc7b4d927876c1fbc49db90229f49f2a9e37d287db75ba17760c860f76	arithmetic	arithmetic.MOD_EQ_0_DIVISOR
91df18800cb4f2717565cc0ede749f24ced879022b40241f5df7f12216fa937f	bit	bit.ODD_MOD2_LEM
92047752f94eafa31b07bf8a5668195c694dd6663a871a3176547c8dbacc0c44	HolSmt	HolSmt.p003
920f4d9218ce1471ba44f6ea4da6608e84266886ab8bd5dcc59b2621a1c2003f	Decode	Decode.decode_option
9239d26bf78d20f9415af5ef3a688e6d4924c5e445c647ca64b7d74da93e6df2	combin	combin.RESTRICTION_THM
923de342df860812a1884c7aadaab1b16f7d9ce9b8f63515fbbaca95c60093e2	arithmetic	arithmetic.ONE_LT_MULT
92657b0a18dffa39952d99de77a70aac219e26d60fdd3f31b6f44e69af5eb648	bnfPrelims	bnfPrelims.sumMap_def
9281e4aa93db001a8ff95ee1fbeee683951600e8387d38c8090036a3ca47424f	HolSmt	HolSmt.r122
928379e852ac7d8a10ac26f248c13f9dcd24ceab48ece7866b264947d0c6b35c	bool	bool.EXISTS_UNIQUE_THM
92a25675f0ba22b8e3f70d152065490936da1731620971ef7713d1cd5b82abd2	arithmetic	arithmetic.MAX_ASSOC
92b0cda266a9c12937e1f5bd5a83600813680284b6f3a2d9502b80f58fc43c7a	bool	bool.DE_MORGAN_THM
92e8e081ce581ccf346fe7f579f9acbf7dc030d2a44cf75cf2f24e0fdaf59da8	arithmetic	arithmetic.MAX_LT
92f12147953be7c839730aefcdc705dac0718359300833aed7c56f52795bea9d	cardinal	cardinal.CARD_EQ_CARD_IMP
92f73ca848e435754fc78b3a88002546b987da9bc3ef0ad3405ccedb1416bda4	binary_ieee	binary_ieee.num2rounding_ONTO
92f953f4071a4e73ede97da4f8b0062a06ab3671daa2ee794b6e738d53851886	bag	bag.BAG_GEN_SUM_EMPTY
92fef99ef436cd1fc9a91fc33a05d6765ddb21a94f8f323040ff13b32ba4fe99	cardinal	cardinal.CARD_EQ_TRANS
932a72106da85a1c57533c7ced61687a334be30c8c12f1f48a7b339e840d5c65	bag	bag.COMMUTING_ITBAG_RECURSES
93c282ddd917892741189a67e5909b6019c9c6b7eb1bbcc22b40c7708e9a353b	ConseqConv	ConseqConv.IMP_CONG_cond
93defab655a9c2eb80e3f733a9a17491813ddb726252444d16f5cfa536d089b2	bisimulation	bisimulation.WBISIM_ID
9417f2d09d045c93c586c94fdc42df01604d7a062dfeaf274621c2ad31c02da4	blast	blast.word_ror_bv_expand
942c97fbed8a7f2f05723cf5e42ebca4e10d846193a562f5d65ef02e866aa47b	bitstring	bitstring.extract_v2w
943efa7d107b13e6d830caad696bc65c2a5a9c697be5585b4531a0f5035fae15	bar260	bar260.foo_fupdfupds
944f96a2887e1e27145b66d30e488d3db71e4cb5664d9f397beb98134b1fa764	arithmetic	arithmetic.ODD_POS
945dbdecf299b2597ac2660936f1b34772c556aa3268228ef39f98bde61f9a18	bool	bool.MONO_ALL
946bf20179cc85aba29a68e89582287fa19a5889136c98ab1b62e61fd9ed5613	HolSmt	HolSmt.r223
9482431bb13fd44c78314546472f1303bad6efffb234b093f0f07b738cb2b3da	arithmetic	arithmetic.MOD_LESS
948c11b8488d502b0a3a1dc7caeb0bfca6d8c530682060e46611f57d9ba90f4d	coalgAxioms	coalgAxioms.relO_EQ
94b62b58a0669acfe383422ba5b4a03ddbbeada8d1025785d7861b4c5d2fba68	combin	combin.I_EQ_IDABS
94c749a950f060cfec9a298ef336912efa1f47ebef8996edf17276e3afb4c9f9	borel	borel.borel_eq_real_set
94dbc1d45a837bff0eee6e3d2a62eea53e0935a90c62819e1aa94a8e667976b6	Encode	Encode.wf_encode_bnum_collision_free
94e20cbeaab5367a2407c314fa9d7d8ca8dd6b286b3cf82cd37bee97bcd4674c	arithmetic	arithmetic.SUB_MONO_EQ
9507a7401d9b872905654211bbd3f3040ca92bdecf64faba07c5559d2c7a516d	cardinal	cardinal.FINITE_IMP_COUNTABLE
95101430e7ceb8248a186328815c979780fb38a1084db602ac0fa252ba82b36b	bag	bag.BAG_ALL_DISTINCT_BAG_OF_SET
95166d0c663df73908f3090b6df9a6f09446e27b563ce3bc0849c4475fa2905e	bit	bit.BITSLT_THM2
951df29309d2d368d0a93743d3333f716d3253e41c0e980436d26300061f2e24	arithmetic	arithmetic.DIV_MOD_MOD_DIV
951f0062090e72dcbea2dffae6260d6c61256043fc4ca00567cac9d7f6317290	arithmetic	arithmetic.EXP2_LT
952714a3d655640f26b2bd3f9df4ae5495abb7104bf1b64c455eef092e74092d	arithmetic	arithmetic.NOT_ZERO_LT_ZERO
95646b762a3b435a54d824b7e819f5dc4d9b30ce56c54dd5f5635c01a8ae7e01	alist	alist.ALOOKUP_LEAST_EL
958764e9d25b61c413be5fcb714bf58f71c76622fed231102658605ea00fb58f	HolSmt	HolSmt.p002
9589b22d705468ba31dc7e039fdef8328eeca69d9a06353bb63f62968204989d	Decode	Decode.decode_prod
95aca4667e2f102898a85d6710410557ec4148237661ca78ab5edcfda0376562	cardinal	cardinal.FORALL_COUNTABLE_AS_IMAGE
95ec52cfc87d1eec795a83778539faea2e6f9c6dc3b4d24fa307fc9afc813a25	bool	bool.DISJ_SYM
95fb111d7a564f1a5c82c5a76e3cd7534d5cd70e2e650fe9b9a40722a311fc24	Encode	Encode.biprefix_sym
95fd206caa4dade646f4401ecc431ea49e84f2ec120443fcf3ddd908f677eab6	borel	borel.IN_MEASURABLE_BOREL_SUMINF
962199a7373b5ca5217c54128dda23cf9f86e5513e35eb11a0356352e21bbb8d	HolSmt	HolSmt.r138
963f077abf2f989940782c74164c789132816ef0590d8201e5a5fb2519a25675	byte	byte.set_byte_transpose
965897cf0153fce58267a54518443c84b55d345c18ec612e63a64b4f162ce713	arithmetic	arithmetic.NOT_SUC_ADD_LESS_EQ
96b1103fbf6a00f01e376805cd417f87b882753425b532f19640814e12273c0a	cardinal	cardinal.INJECTIVE_LEFT_INVERSE
96b74f323fc306a8046025bda4798dfa998f6a6a3daea9ea699e87504a53aa3e	blast	blast.BSUM_EQ
96e4ec5efeea297f063e4885b3b5e29d41124068b9d1fb7180553b6ccad27b14	borel	borel.IN_MEASURABLE_BOREL_AINV
96e58a60e96ff8fa9ae73ff7ae53e749944688432642faf8a7f7698e88a67cf6	binary_ieee	binary_ieee.float_tests
96f5cd9aa0c6e64c8721b1c65ea9860530c40c0b82efe93ca196f4273e8591bf	binary_ieee	binary_ieee.float_is_zero_float_negate
96fd5a7eda08742c656aa7a67bff6d02fc576545d07ba6a4b7f62ef4d8e31c09	bag	bag.FINITE_BIG_BAG_UNION
973a929ee1fb03e02ea3d89f8f29d7afdb8c8e310a63eb182b0a2e5d922a7aeb	combin	combin.C_ABS_L
973eaf82eb87fd3a9696b4a22d486d19ab3f91e6ccfb5e27cb90f04a30f9c107	Encode	Encode.tree_ind
97421b4232c2c5f1806b2c2c69a54d9dda98451f1fdcd58b8abfaec970f28eac	While	While.OWHILE_IND
976507c6c5d0dc9b1b8e5244f6f627a559d7719d746ae6f920b1dfa0034a8415	bag	bag.BAG_DIFF_UNION_eliminate
976f6ca0f887aba0dd04e2c71000eef1b55092dfa85e5ac6b41a486416cd71f8	bag	bag.BAG_FILTER_EQ_EMPTY
9776ad2e9a67a66f98e14385defa3337f3ffc3d79399368f8b03260f4f8b7c5f	borel	borel.AE_iff_null_sets
97879142f7407cbe4992260a65b7fdacdf2e5895e50f84d8637445a51bc5aba6	coalgAxioms	coalgAxioms.subsystem_UNION
97b2bd897828bfc474bdbda6f5a565298faf5f5050496aa027a793e56f336164	alignment	alignment.align_align_MAX
97d4f17353c6f0e26d17e73b87257472341d6ca37ccb2dc7b518bd941d6f07b4	bag	bag.SUB_BAG_PSUB_BAG
980d653ad11f2c238a7a6e33375c52616f53bffedefbb246112b9e70c2a7ad32	arithmetic	arithmetic.MAX_LE
98122afdea505aafdd7552f767862a545027f9e2d45b9c461bec325a7f00cb04	arithmetic	arithmetic.EQ_ADD_LCANCEL
98177bf4eb727383f3012c09ea9e6d97835c7625b5b3068a10db7ad8cd430f14	binary_ieee	binary_ieee.float_compare_case_cong
9823ad803703a268787842a4495ee305b8d353f35e0c63a3d3466e35352f6e93	HolSmt	HolSmt.r200
9823cfc9ed04962f804654a5e279e32a85c79e4d96debe75aee34654b7e838b8	arithmetic	arithmetic.EVEN_DIV_2
982b18a8f7a3cc9e055a19d64476cdebe75366474b17db0d2dc27c5c57acf48a	arithmetic	arithmetic.SUB_LEFT_LESS
984f93f6e4b3feddd954d1a223793b38c245c9e6bc8f4c913f3b6e979fde04b7	cardinal	cardinal.BIGPRODi_KNONE
9852726930c356cabb94aa0f3c1e88a7bdbaab31979d1e247f712aff13736f99	Encode	Encode.datatype_tree
986dfd29f3dfbe84adac608403041e332a5e49fcc623a7bd2c8134abc3999776	HolSmt	HolSmt.d015
988657e67947263a9e795414ca14d8375af0f0decb7f901cb772309723de468f	bag	bag.BAG_INSERT_EQUAL
988683182655f9c82e1a5fb392c2f611623e24ad024b442f684c647df31625c6	DeepSyntax	DeepSyntax.datatype_deep_form
98a16343680bd71fb896ce0b08d6c66fc77cb2d6f2d22a411287ada36af0706a	arithmetic	arithmetic.FUNPOW_ADD
98b03d55e055b67254dfca176a7f54e9cf341552dbdd64d94707182bb69c4aff	binary_ieee	binary_ieee.float_cases
98b36784ef136575100931635549058b1fa1a78ac0d8aa2aab398607248d9258	arithmetic	arithmetic.MOD_TIMES
98b70eea3d75e05800c2e9644cbebe0220ee65994aee4e426a8bc7fd6f6ac585	bag	bag.BAG_INN_EMPTY_BAG
98c4c8e078615a64988406b58dabbddb124dcec3bb1265fbb64eeeec0e6b2506	cardinal	cardinal.CARD_LE_IMAGE
98da9f7c03f5ff9fc6732acd1bace20691df1c22a407d6fb9ad98df10476b9f3	ASCIInumbers	ASCIInumbers.num_hex_string
98de677983a26fafdc258a9cc8d44f79f5aa9d49ef7c4df58227f96d9e52d209	cardinal	cardinal.COUNTABLE_INSERT
98df7ef4b6f2249d1e6d07779c759fcd6144c8ddb92fce0b9cbd88b7c21b88f6	borel	borel.lambda_eq
991eabbec84997d4c03ff4be8bc7bbaa6ba6664ac636cb8e994e19cf0ce49566	binary_ieeeProps	binary_ieeeProps.float_to_real_ulp
991ef2f14c9d9ee62e55724d1543cb618197ff32c641abd96f55fa15dcb2a9a0	HolSmt	HolSmt.r104
991f50add422c8c9b2c32c4ea2d120a62e67b920f4c3cc07d58460510e4b81ca	Omega	Omega.onlylowers_satisfiable
992533fd5c0186d66128822f78b7ea3bef23465ddbe62d6ad7e2382c64b5a7b1	byte	byte.first_byte_at_offset
99376e23ba46391c43be8df1e09b21b79a6c623d60e2db6e5a8c1bb0d8c8aef5	arithmetic	arithmetic.EXISTS_NUM
99585a63f2190b4303d0ff2bb0bd32dd4c6f4f069b971f77784966c965ce18c3	borel	borel.open_in_ext_euclidean_posinf
99605c40825ddc1bd2cf2a738624ca24643f3d1a460bc5502b2063c8325cd24b	arithmetic	arithmetic.LT_MULT_CANCEL_LBARE
99856ced799563038f00a777815d29a0a4c2c5441538c32559a5e8ca9f08af19	HolSmt	HolSmt.r021
99b9fb48327c73b4d95057019fa47cb7d1f70cf574dd8a557ec0da263486a0d2	arithmetic	arithmetic.LESS_MOD
99c4c5aa3c54c3adf0cdb645f0e4e1c9bc9a73f113e5a54892fe568007b0c417	While	While.OLEAST_EQ_SOME
99e42ce2c3c546368cc05ae3f8592c998c110e74bbe4ab990f5b17016d6e42df	bnfPrelims	bnfPrelims.BIGUNION_o_IMAGE_IMAGE
99e59c8309d2e3a287b849fe41cfc1459e78f7f5c7f08d9640ccf47901c7057a	bit	bit.BIT_SLICE
99e60b899b0ac967c9b192ab1f3e9b691a5e60cf7083c238987c12291e47bfd3	coalgAxioms	coalgAxioms.subsystem_refl
99e76d29e7dce1dec1395882c22b1bf34199c6e2aac3e2343ccbe44d7b9a3c37	binary_ieee	binary_ieee.float_round_roundTowardNegative_minus_infinity
99e8f44c9f1a9b451396e922f94dfaa3865df0a977d12e0e45d0731681c4438c	cardinal	cardinal.cardleq_REFL
9a0e74eb47dbe4e314261fcd278c45b0b5b67e9261899a2aafd1dafb546e5da8	bag	bag.COMM_BAG_UNION
9a1089036d7a1bc7ef9c11d0f48ce4efec18b34967bf1727a83b1d582209435c	HolSmt	HolSmt.r136
9a2941c41346c4bfe3f69e51c7248fff1f0f65129b980e6ab656ed2cfa9cfab9	arithmetic	arithmetic.SUC_NOT
9a584e91b221dd7d91b31523fbb088a7868d0fea52a981eaf079f13ccbcc8162	arithmetic	arithmetic.LESS_EQ_LESS_EQ_MONO
9a67afd6dd12f0f9b3547eb6033cfdc58197f9d912e658192859050a1825200b	bitArith	bitArith.bleval_less_large
9a840bb6d497a28a8b05acdb15dca73b026182923c084c2b6420705052e673ce	Coder	Coder.wf_coder_op
9aec96332f0036f86558bccb1f6b74951fa6f56c24341c739f40cf1fe7652d9f	borel	borel.lambda0_empty
9b23713342da6e99d13a6fd71404ca42fc4e3a397b53adfa5ab6e817b61ca648	bag	bag.ASSOC_BAG_UNION
9b3b56d85baa39cf59178240f6e9b7daf537b4694201b561b07c7d700aceb11e	alist_tree	alist_tree.lookup_repr
9b472ad7c0613d31391aef8b18138793316c50a8dbfdd3b5bb8ade0f267741a6	HolSmt	HolSmt.r168
9b5f7e4ba1054782b6552d19a5713b7f4e7a95624d766270a3b15f1eb9a1318c	binary_ieee	binary_ieee.float_mul_minus_infinity_finite
9b6ced7ebff35beb5ef689bf936033b02570e3ff741166ed0e35c00d739cd37e	HolSmt	HolSmt.r003
9b820a6f05d519095be2f20f9ceca9f414c172ec17e3826d93a1051f28ef3399	bag	bag.BAG_DELETE_11
9b847de9af80df8c6d1a28169617b0884308089edd3c6ec7b1524afd0300fee1	DeepSyntax	DeepSyntax.posinf_ok
9b901c30493a3f1eb02ded6438f0d44914e4f4521b03972485f37df652f6dc41	bag	bag.BAG_LESS_ADD
9b92bef6ac072cb64d50bc72aac088d78e5cb69739a39076ed0cb9e4b9e81b85	borel	borel.BOREL_MEASURABLE_SETS2
9bab02e9f92c157afa23aea46456d2590c570388ccb7a5377eb711ea89f0e45c	HolSmt	HolSmt.NNF_DISJ
9bdf7589f0d758ac4486458606648a19bc9ffedf9703de81c553fd2985a841d0	bisimulation	bisimulation.BISIM_REL_sym_strong_thm
9bf2032f5930529e3250fd6c77c4f3f7c2c4d613f1085f47ce6af81834248065	bit	bit.BITS_LEQ
9c0ce752a72eefb537c8655c5ec39a2eae7d70311cd87ae3d933028a4bc5fef7	alist_tree	alist_tree.HD_MAP
9c42604d21236be3130465d95521769c336e3ce1884e67256a7352c20e3dbf91	bag	bag.FINITE_BAG_INDUCT
9c5ce2e627adb110799b90e9e2327fceba7ea5647ce015c145f434551c82f2a9	binary_ieee	binary_ieee.float_accessors
9c6ff1cd8b128b331d13a276f3d2284094bc1661f39038ffb593718a96fea7c4	HolSmt	HolSmt.r076
9c8e76c7ef9f561cbf6e35921873bcf9a11132ef118adc02ef0cb8ae59ecdb76	arithmetic	arithmetic.LE_MULT_CEILING_DIV
9caf716156526eb32b23c783c9652478c44a157efc3b6cdc0a63c3669d4ed756	While	While.TAILREC_GUARD_ELIMINATION
9cb769cd53b8b499c0383a071c30aa485c00ed106e69ec894dc15792eec198ad	borel	borel.IN_MEASURABLE_BOREL_ALT4_IMP
9cca06751146d750479f6a0901c44a26fe5d1a926ff0a3f6d345404f8d522387	borel	borel.AE_INTER
9ccbd7bf45748d8f08749a401ded581aafffadeed0605fec4133374e018184ba	Encode	Encode.encode_tree_def
9ce4f1aeeb243ca2457af74938cabcee7784d43e3cc74e0a7d591a3d42d02e69	coalgAxioms	coalgAxioms.rel_monotone
9d0a912d3514e449ef673027c986bb40f82981380b4686d91f96b132e11e2cf2	binary_ieee	binary_ieee.round_roundTiesToEven
9d0e023ad18641fb0402e3e81115a4432cf7eb385ce646f6f7d1d458b4cd8a46	arithmetic	arithmetic.SUB_LEFT_EQ
9d0e2c1c1ac821a07e3ecb235b54c072c74c599e0212d7106cd86423b335bc2f	binary_ieee	binary_ieee.zero_neq_twopow
9d2076542fbaac8d1888ef2ad2d01b98af8e1f6fbb215810cd808dcefbd6987f	cardinal	cardinal.FINITE_EXPONENT_SETEXP_UNCOUNTABLE
9d42dd0aa73c3c5c0bf1532f252432f1d3ddf27442b6750de0ac464660ad8090	HolSmt	HolSmt.r190
9d4a69ef400a5d2f2cd0b107520c931f0919785c228f0cbfa4318372a002dc61	bool	bool.MONO_COND
9d592af566cfeeb13e20ecf69de56a1c6b830a1915a415376547561d6688fdb1	Decode	Decode.decode_dec2enc
9d73d5c7b7e5436784b4b7d18f518c854fdab71b74700517df8eebea2aa4c704	Omega	Omega.equality_removal
9dd9f84e49ab7978907bd58c733bc6ca0d0f217feee4bf30a038a2edd7e0d1e3	HolSmt	HolSmt.real_div_smt_rdiv
9dec43c1e21772a54906284d43aa97a17381028d30ce9cc704261752c6f4fa6c	HolSmt	HolSmt.NOT_P_OR_P
9df0c1f899ee79b8b14c8e2c88449f2cac4271d7363ba0080d77a876c08a972b	alist_tree	alist_tree.repr_insert
9e0f1153452f8bc42e15fb21b097ffe44041946939f2d7e03e6e0499edd7e8d3	arithmetic	arithmetic.LT_MULT_LCANCEL
9e220a76ff9d45b96af65d625d950772179446809fe854bd3e3aa18535fda481	HolSmt	HolSmt.r001
9e29f2b0722508538594286be827940bbe615ac7b19a132ea0cd3e6784d261cb	bag	bag.unibag_thm
9e3057cff00430a7ec0b4d923f3650cd11c44322f47af1dd4cb14a9e4462946f	arithmetic	arithmetic.ADD_SUB
9e3df133a192f3c8b2046919db1026910a905642ab41dcacebd877e5afb07692	cardinal	cardinal.CARD_ADD_FINITE
9e586182b673e57eb245f4f84cb3f57a668440310a11ff043e117705593c1206	bool	bool.FORALL_AND_THM
9e608a82ad62001e7c34f2acf818d0f066fa1e2b3a481e44726b4e2eabdf8c3a	DeepSyntax	DeepSyntax.neginf_exoriginal_eq_rhs
9e6ffdea91256ead54f4f66d42f119a664006e84ae72193613821cf3ec5275c5	Omega	Omega.dark_shadow_def
9f16afef4188075b15e631d8749070995bed250a14b89b219f60a51a209747ae	arithmetic	arithmetic.LESS_MONO_ADD_INV
9f189b8ca0349abca3020abcd6db6e9ca0abad8e88726210fe8cede126a340f3	arithmetic	arithmetic.NOT_STRICTLY_DECREASING
9f1c7dffad7600f74b3c98629e2d1d70dcc3f3ece5fd517deb58609fbb5be6e1	bnfPrelims	bnfPrelims.UNION_CARDLE
9f2686dcfacc84d69a2a4cfb6c722d66d17dc439213c1f950c88a8573dc32777	blast	blast.BITWISE_LO
9f2ed6ba6da6f29cf448aaeb2587316a805923800926ba7f79a725347dd4d5b6	borel	borel.IN_MEASURABLE_BOREL_2D_MUL
9f526d20512e67cda1d167536988caf70f12e74d7b4e3a95a786170c09f1ca12	HolSmt	HolSmt.r043
9f597f58221032a21c4a16d5bb6c65de1bf096f43ea9e00be3fd259a21b90148	arithmetic	arithmetic.MOD_SUC
9f7eaba064ebf3123cfb2a11fa0f112187ff5eb96ee79b01ae04003440dabff2	binary_ieeeProps	binary_ieeeProps.mantissa_UB
9f927e7f5b5d143a70739386b3facec55ad8bb019cb331ab8785adaac622889e	borel	borel.IN_MEASURABLE_BOREL_TIMES
9fb13e6f03ed8f3b1817a9afd688e3aeceb2894d84c4c9ca5338d1e0ec6925b0	Decode	Decode.wf_dec2enc
9fb9a921b87c61f2e32fbf8206ca9b44ca5b9d22ad9363cb9ce577598df2d6c2	bag	bag.BAG_IN_BIG_BAG_UNION
9fd404b6d3ad25dfeca12ceb0e56bf326ed60345dcda044315d85ffacb325dd2	arithmetic	arithmetic.MIN_MAX_LT
9fe0482235a7a55e3fa30f19306e25f8e2f1eb4448e7fc1d4dc316f7c1e6ca38	binary_ieee	binary_ieee.float_to_real_EQ0
9ff737b67ba6c2120f2a1f8c7ebc4fd07cad62ccbc492b71a2acb79c7bf68247	cardinal	cardinal.cardleq_TRANS
9fff3bd443a978e8bebefab0e4797a68517244b18a6963f9f0ea7c2a71dce86a	cardinal	cardinal.COUNTABLE_DELETE
a007612e274077d0ab71fa632b8f5ffb4681ef3f61997b679627afa036adbe97	arithmetic	arithmetic.LE_ANTISYM
a00c6ed54cb1cd9607258da8f59bb9aeb5cabc1f6c7d9d989234eb0a65eba475	arithmetic	arithmetic.MOD_1
a01ea53fe77295760d8efaeb1b2a11bd3bed6e41999692351284faddf19dcbea	binary_ieee	binary_ieee.float_literal_nchotomy
a043a4fc938b082cdeee44f01e7b45a6d0c7d20daf95061a1fd8b8c55eab6ac8	bool	bool.LEFT_OR_OVER_AND
a093739ef8e79883086423af97984953d016225344edce93b758562b9ec8cf26	bitArith	bitArith.frombl_correct
a09457ff4025fe0d8667eb4c6d3eb99ead76f766ce29e415527ee68dbbc3d6ba	binary_ieee	binary_ieee.float_infinity_negate_abs
a0c0fe30dfa018b1339562cd52b1fe2b8297ea8078f57100c01b73ccb2df649c	borel	borel.BOREL_MEASURABLE_SETS9
a0ee9674a03e8fe957a291d8633353559896b2980b33d2efba913f28cb99b85a	binary_ieee	binary_ieee.float_ulp_abs
a0f9f72a6259b89c8cd2a3198333a46e00e26546fb05c8016764586dfbd4c8c9	arithmetic	arithmetic.NRC_ADD_I
a0fbee667afb411f36daca8203303a143e3def9b4d9c039262eda03f765e5b89	binary_ieee	binary_ieee.float_distinct_finite
a133cbf26445e26ad599f5e84bb3a1b1c75d43b33ab341d29d24b03c2c22e2ad	bit	bit.BIT_COMPLEMENT
a14ae5a3fe392304d35ed3ca15858119d3efcdeab2ea167522f909530f6bb085	HolSmt	HolSmt.r015
a1626f8f1bd512b18c8b51d519bfeeffef56f8735901f426b2b17c8fd56102d3	cardinal	cardinal.COUNTABLE_IMAGE_INJ_GENERAL
a1821429d149fa022222699fec908f2c3fc0cf5d03d84f92a2dcb185581a7435	ConseqConv	ConseqConv.forall_eq_thm
a1ca3253f697e00751d2852ea46b3d659b3c4761d7edecb109dac1d3a592f50c	arithmetic	arithmetic.LE_TRANS
a1fae5c5862668a88f4fcb345ea2f656766d8d184a6c2948551e6eec528890ba	cardinal	cardinal.cardleq_empty
a1fe6c23858f4d31c962d29f5636e09d72d795b15cd0a53c8c81aa6baaa86922	cardinal	cardinal.CARD_NOT_LT
a22368ca673c953629fa669cb1ea9d3d35235d1bf33dcd150c480d49d7ffeeb8	Encode	Encode.tree_Axiom
a2396d2379a7cc741444fffe588c71c9dcae93cf61f60716819bbd493bd2342a	borel	borel.BOREL_MEASURABLE_SETS8
a262fa50e9ecea0762e6222902f97c5d2639da7c2ae673adb82cb09c85eb3a99	cardinal	cardinal.CARD_LE_TRANS
a267a08b7245c9a8a748b60d4e118418a99037d209374b9bd8d0bef6d2700fb7	arithmetic	arithmetic.MOD_LESS_EQ
a2806fdeeb4a5e2aedf8efabe0b7ccae10967d9ef9a13bd74cc24800c661ee37	bag	bag.BAG_EVERY_SET
a2836d50ed6ab8076d71d515a5b2252217783dc8cae51300221d341621b79ead	arithmetic	arithmetic.DIV_LE_MONOTONE
a2952a2cdf7da080c96d6fb5dcf9a6903ee42f8ea441094573d622136414f7bf	arithmetic	arithmetic.MIN_EQ_LE
a2d738d39449936cd012d08cead79a1e57424db233bbc1a6981088103a12a05e	alist	alist.LENGTH_AFUPDKEY
a2efc04ef5838514843a18b18aaab0d6c7c1a4fc7e77b5285de31fe002506f42	cardinal	cardinal.EQ_C_BIJECTIONS
a321d588febd795b08e79c0752044c57e07ae4dfe83f2b56b691c3d922ff0a85	binary_ieee	binary_ieee.next_lo_difference
a35d79ad4d7d07247e4c8faef33dc87e78187021de02c3f9355d312e160b15f9	bool	bool.LET_CONG
a37276bada8c554608db75f8e11759dee65cded0d9c2aabee19673bc13c70208	bag	bag.BAG_INSERT_DIFF
a377d7d6c7867d3d33841ba24f800a0c768b2a69568322287c4626a8f68ba110	cardinal	cardinal.BIGPROD_thm
a3822a81d12612f07e6989d02675b54d43f35c79a9d82e95e5890eeb8e47bb5b	arithmetic	arithmetic.MOD_ID
a3885f361a6988647c0b66b650031a3831263fe814cc89972da7badcbd1f4a2e	combin	combin.UPD_SAME_KEY_UNWIND
a38bf95c7a9ed0ca1106c59a96c4503f5ded1191aed96cfd6b4c8d3531db1baf	binary_ieee	binary_ieee.rounding2num_ONTO
a3cbc82646419e79b0803b9a2f8819813b3feee8da52102f594f562153606da3	cardinal	cardinal.INJECTIVE_ON_ALT
a3f364348b30c42180a7adc4eb24d9a09ab78f5c180a1bec40411ca10744ea95	borel	borel.IN_MEASURABLE_BOREL_BOREL_POW
a3f99e6c2e6f3d4bc2b125e08ac08f8af9367d2186d0345c07bf6f8cc86d4fc6	bag	bag.SUB_BAG_UNION
a4098a8d86b9c44ec13faba7cf3814cc8511869b87a7bb054e87fb0b91377266	arithmetic	arithmetic.ODD_MULT
a41ec3b05992aa81dec3955939fe601f59ef34144ba69596922bc23010f00e65	binary_ieee	binary_ieee.zero_le_next_hi
a440472328f7c990ce75731d8f65a4ddeb3fd8a92c0240722c43410370c93afe	arithmetic	arithmetic.NOT_NUM_EQ
a446c99bffb2cdea32d7fd81f9a1b66a200478a8653d14d38f7d60940bafbf08	arithmetic	arithmetic.LE
a45511bd737bdb0e16f0370e96b3b28b243ce8eb1f8b22b3390c6bd640322f8d	bit	bit.BITS_COMP_THM2
a45c8600cb1bccff899b45a902c175f87c47765d52a0c27c85a83f02959a0296	HolSmt	HolSmt.r228
a462b9b8f3401ac1bdfcb287b6db0002cb76fc8a246c5e0b02db15ea6c8f2dcc	binary_ieee	binary_ieee.rounding_EQ_rounding
a46d6ce77ba00054e5809db8ffc2c8167381aaba3e2180c94777d6634fb85fb8	arithmetic	arithmetic.LESS_LESS_SUC
a475f9848ab094a1eae6bf7d2e02d9d614c16b83fbe689f12dd619bc88c1502c	bit	bit.BIT_ZERO
a49955dc190d4d48d45a0f26bd62cad0d48c9ae0387692080e3947c3284b8ca6	cardinal	cardinal.INFINITE_DIFF_FINITE
a4b9dc85f2fd5b203675c472cf51489798c8f7bd20cd35d0dc665693babe9361	byte	byte.words_of_bytes_ind
a4c3b1c015f81651a6992b4a5b2183534773e06c439e08d0faf8a6b1fdd02971	Omega	Omega.real_shadow_always_implied
a4feb634fd1c423c6ba977b350851d04e8b70b2ea912a6714f5d43c7be591fca	Omega	Omega.real_shadow_revimp_uppers1
a534a0218fac312f273c9069363d738a48fc11cae1aa4b32cd798beffcda59ac	HolSmt	HolSmt.r224
a54e03368b9b8a57f07d527e7623a733b44239e1b965bd326baf5dc2544e3ac2	bool	bool.ONTO_THM
a59669b4623053fe1216271b5bbfaddd9780ed91525e884fc84b15f0e9270246	DeepSyntax	DeepSyntax.add_d_posinf
a59f9da8394401b49bb0eabc27cebf0de2119602bfe93cac92fa3e25ddfc8308	bar260	bar260.foo_11
a5a2cf0bb5046547b1bcb34408eb3cb5856c0a4415420296d9c6dfa22e598c59	bool	bool.EXISTS_UNIQUE_FALSE
a5cc8ae329fba4aa8aae125b059581a855d8ec7731113789de8b68e7875c6693	bag	bag.mltLT_SING0
a5e55c725be6d21d2984c6a40623a81a8f6e66ba5a559f910b009ee416e6faa5	binary_ieee	binary_ieee.float_value_distinct
a627066072cb945ad091c57adfce20ed036cd2d3753960b776c46e71fa5919e3	Omega	Omega.nightmare_EXISTS
a640112aa002bd36a0a6ae2b7c5ebcad7bce26d9534a1c3501c346b68ee430b7	arithmetic	arithmetic.CANCEL_SUB
a65e356ef6804e90b4374b8f389369bdb6457152bb8aa199650867f6754b312f	bool	bool.BOTH_FORALL_OR_THM
a6932bb2dbf5ef013e3c775222239662d20047e1748ee18ee0e6b6e41f182511	borel	borel.IN_MEASURABLE_BOREL_CONG
a6a48955295e0271146077ecbb2775ef85bd8c802518ba0da1be33a1ac9a02a1	borel	borel.IN_MEASURABLE_BOREL_MONO_INCREASING
a6bd09eb129fba03faca3687044721a54867db730afcbbb106e95598898edc3d	HolSmt	HolSmt.r177
a6c0ad11db0df906ee84fb514611d5a519084e6f11bcd35d2fc46494d94d761d	HolSmt	HolSmt.r033
a6d671f297522ea3b32b158bca39dcaca5eba152026ca63cbc3c98b27731cc78	borel	borel.lborel0_subadditive
a6dd06b9f01bac410f00f3d77c39860c6fb5fc54d97f57122e76eaa07a78eaa5	cardinal	cardinal.ge_c
a6e68b79e27dff6d1a373c39b5e7aee65f6743ffa15a73ff9dab937f1ff7eea1	ASCIInumbers	ASCIInumbers.num_bin_string
a6ea0fdd62a9fc2ce001d600589e15b3c94348481b3471051df628080ae76c15	addMLdep2	addMLdep2.thm2
a718aa40381d9f50ae1550fe3b5b76f55cb1916743646d08bb73bb06bbc812f0	bool	bool.IMP_F
a71db8368a9149e2d683a54cb139c3afae771a347f69c45511f804de8ae1ffdf	HolSmt	HolSmt.d018
a7261a7cfc0a2572e6024605fbc7c61a31a54762ab54787fdaa586b1a602a119	HolSmt	HolSmt.r146
a77e489b4927b48540dde3b0974c297e319b22b8572f7a0d1ea81022141b7137	bool	bool.RIGHT_FORALL_OR_THM
a7c3b83e5e58cbed03469034c1d33fc8274f8bd5c573d16e4dc2f6d202e1f747	bool	bool.RES_EXISTS_THM
a7d11b2eb8996ff6c3bd088c38449a39e4649022549f9ce28bc7b184e938e980	cardinal	cardinal.exp_count_cardeq
a7dab5ad57f021ae6a759e58624d950a7f6f39c161712cd4402c0c4f69d24b02	bag	bag.BAG_DIFF_EMPTY
a7e238e8e744203fc7620c4790ae79550ea52f93364e03a8fd628f2fee3453ce	alignment	alignment.aligned_add_sub_prod
a806e2b5fd2fe57cb1c7e7d733e5a02a27b77724ae15858aabb35e83f26ef760	HolSmt	HolSmt.r095
a808f67d778276798fcec8881c6fe0eb96e403757145f5e7365e741d0c30b2ef	combin	combin.RESTRICTION_UNDEFINED
a80d49a704c49b94f7b7761b0257cbfeb8559bfd85a43ff348f43374d6bc0bf8	bisimulation	bisimulation.BISIM_REL_IS_EQUIV_REL
a82b46940e2c3666363485ba05f4819fa2fb868e7f552d5f2832e13cfc3261c5	cardinal	cardinal.BIJECTIVE_INJECTIVE_SURJECTIVE
a82bc9a14fdaa1315c7ca26e6b2276502340fdc9966e1b8fbebcfa9971dab405	Encode	Encode.wf_encoder_alt
a8781592b24e915d4fa6da2c4e0dbcff89d6a5fd734230fcf91a176549823342	arithmetic	arithmetic.MULT_ASSOC_COMM
a888b1ee0d225e9ebdb650b3fb4fd0cda7a9d02a79406ad19d0a4285ac046510	arithmetic	arithmetic.SUC_NOT_ZERO
a8acf0120a28c95252413f1baeb17b5233222b402b7f78c0ac7145a403255c33	Encode	Encode.wf_encode_bnum
a8c2e25b53ff723bef5c8dc0edb22fb46aeb6d47d22e49502c1d72b6ab15e35e	bisimulation	bisimulation.WBISIM_REL_IS_EQUIV_REL
a8c374b60bdca585f063ce1a9ae02308c7e797c41f2cc8db6f3591e12630b78f	HolSmt	HolSmt.r257
a8c5213aeb197ce3dd06f33f94f21ed628b3100029f59e55a833225c06c2b991	Omega	Omega.eval_base
a8d139cedd4f9d4d65407430142490f2bb25e0a41149817d4cf376488b9cd1b9	bnfPrelims	bnfPrelims.sumMapCONG
a8dd9f07eac967df27235e52aa02b709af787acbaf1811285e292b68e5cea1b6	bit	bit.BITWISE_THM
a8f9db1d2aa41d4f2ce014a60ee2f93eb63a6a852c56a3363626769ab1aa61dc	HolSmt	HolSmt.r133
a9069811998a991d5717bace09e04f8816f7ed322ed8d3956c27dc0445a367b9	bag	bag.BAG_IN_BAG_OF_SET
a914faab4070fef1ab3d3bf171054ae01fcc325cd1a65efe80c29b2f57655ee2	bit	bit.BITS_THM
a9257217eb11c7d944c02d7270770987c47f096937f61915f58de97637cdf40b	cardinal	cardinal.CARD_LE_EXP_LEFT
a9337207255d6144663be14f4d559ffed28817c367a4ed994401097b88446407	byte	byte.set_byte_get_byte_copy
a933863e197382dcd449248b841efe90b763170ff6fdc060f435a7c533b0dc5e	cardinal	cardinal.CANTOR
a9386fd26c73e10ef47bccc8043ddd771f359534ac3c516d765e0a0a7ef73300	cardinal	cardinal.CARD_LE_ADDL
a94cd824ff61acd6d6463589c71cb49a4200696a019a1ba17ccdc10b7c1ac757	binary_ieee	binary_ieee.round_roundTowardNegative_minus_infinity
a96babdd4a5d1641c476fa62c892cf9387fa4d1431aea330df2c40da34c458ab	borel	borel.BOREL_MEASURABLE_SETS_SING'
a9a344f65549feb9449cb26832a43df2f14b309f3a776d79933e67a49dbf4be3	binary_ieee	binary_ieee.float_compare_Axiom
a9aca59be72e56c1496f1de35227919a824d265c7d8634963096dca9038aa542	binary_ieee	binary_ieee.datatype_flags
a9cc5b1e40ac9d5d7807625ae2889244d6cfad530fb54edeb6cc91da3533dbae	arithmetic	arithmetic.ZERO_LESS_EXP
a9cfac249f7d3d93b63f987eae06018f8c950bc11cbb0d86fb607334428ab1c6	HolSmt	HolSmt.r210
aa123fa4a785f059fd1dc0b8e076de1d5eff830dd7bb4096b5524a1a6f386481	arithmetic	arithmetic.EXP_0
aa422220067eefa32d8d2fcda308d58a51693d8ff0df004bbcd896e96521ee56	DeepSyntax	DeepSyntax.neginf_ok
aa5cbfeaf7fca855c084d2689e9bc7fd363c86d0168f84fb658a81d8c4dba811	bool	bool.bool_INDUCT
aa687ba0066c753c5b930ecc08c076b5f71e4b58f23101c0074138d329753244	HolSmt	HolSmt.r082
aa7154ffc99fcb129661efe3590561d569f090ec84990e1474eb165b12dcb428	borel	borel.IN_MEASURABLE_BOREL_MONO_SUP
aa74a1724de068069ee49d70d890cf88470475e21ba2c3482f88b9fa7f7c374a	binary_ieee	binary_ieee.float_fupdcanon
aa7df153cca7e9869052358247515589525f7fe9f6f14a0c86404da25c50e557	bitstring	bitstring.length_pad_left
aaa303adb04169d8000d755e884bab3b2b46379e169b7bcd97e3de38d2777002	borel	borel.Borel_eq_gr
aabb4c63e1bb4077e8649345592e14174bfa9624052e1e7adb1d6367de59a89b	bag	bag.BAG_CARD_EMPTY
aaca3530c4789458778707a4efb1b143db971bd9211065eb87eee885a76b9b02	HolSmt	HolSmt.r167
aad04faabae33e93286107634ff448961819ccd48efc08ef1c907b9acb09ed44	While	While.ITERATION
aaf3751a6b0e5771c25b54250dcbfe1630f44630a578947ffce3d010278dfe79	bar260	bar260.foo_Axiom
aaf71841f96a5c9e82a8edbf2048aebe0790244c18c83db61b75dcbab1ba383c	bag	bag.BAG_IN_BAG_MERGE
aafacd55d0bce2c29f85732a05fbb8619fc87044de9bf700ad1faedf5eeff5e3	bit	bit.BIT_DEF
ab179e5c9fb057178ca3cf9d40965fad072feaecb6e6d4ba9e564e4bae76415c	bitstring	bitstring.reduce_or_v2w
ab1b5eca22830d47e10ec99a0bd2e2789f192a50a455e36c8c331717561e70d2	cardinal	cardinal.SET_SQUARED_CARDEQ_SET
ab1e5456795950d4c9e76aec94967fa6dbf4687058c846bd6bdf4091bdb86b4e	bitstring	bitstring.el_fixwidth
ab1fdcfe3016948f0f7e6108f40854b73dd81297381fa62484c9b219ce5906f3	bitArith	bitArith.divpow2_def
ab2c456c132885910a3831897f0d58aacfc573a1ad3e5f8673fa928b2c67f919	borel	borel.IN_MEASURABLE_BOREL_ALL_MEASURE_ABS
ab381812b36925f18110d4644753f7e8735fe698fe5e1be0e887d418c03dc27f	arithmetic	arithmetic.FUNPOW_SUC
ab45dc0d378bff91badf31186f6ac982cad7fb7a3986ce099c69e34fb651590e	cardinal	cardinal.cardleq_lt_trans
ab60952d4c017ade4740352d9faa0f531ed525d865d3ec5060ed3a5798cc41af	coalgAxioms	coalgAxioms.thm7_1
ab63cf1478da9840c4248836e99a4d2b2619a7e6150505cfd731aac5e577e995	binary_ieee	binary_ieee.float_mul_plus_infinity_finite
ab6c2a3d56ecc35e076c9efebab251512df4c50d2b115fcdc75be35dc27df55d	borel	borel.AE_eq_sum
ab8dd2612fdcd176f7f9f650a4bd3a05eb5180d1c2a22ac7bc8d91d64dab81ca	arithmetic	arithmetic.bool_to_bit_MOD_2
ab8fdf9f58531c025fc90eb40cdd7b6b4658b8dc22f577ed7f5b8d84fa701a40	bag	bag.PSUB_BAG_IRREFL
ab9175667bc7fe2bd7f2812c2fc5f7fada46aa2e18d450c62467ff4ffa02e74e	cardinal	cardinal.CARD_LTE_TRANS
ab96a9afbf42b7fc58a3eaa59d8277f15110c9736805d96f73ae2c8964257f4c	binary_ieee	binary_ieee.round_roundTiesToEven_is_minus_zero
aba4ecbd4d65ec62eb465f2e6ac17d972a959532669547cc13533f7f514adc52	arithmetic	arithmetic.NRC_ADD_E
abb89fbb602ee9798e24011cfb8e43105866bcf5c95f747487d37aacc600ad3e	alist	alist.FUNION_alist_to_fmap
abbdcfcec07a9aae390efa85936aef797cc27f8836a75509d0092d393de88e44	bag	bag.BAG_IMAGE_EQ_EMPTY
abe86947492f8275633352de32430f740a274cc8489c03699109863538e3b7da	bit	bit.LOG2_LE_MONO
ac041ee5c5e4885044aeb31af45263efbb95c775722d91ca365eb6d738b4f198	bnfPrelims	bnfPrelims.pairMap_O
ac093db4aec65f4178a493cf094ddad02a22969c782e2e12b01453872ecacb5f	bag	bag.NOT_IN_BAG_DIFF
ac2b19332b0c4790933d4df549be086cf2ee105952d27907f901808f00c0b7d5	arithmetic	arithmetic.LTE_CASES
ac436613761d923f31857d8bbb7e12602374bbe7b293960037a683c0c66abab2	cardinal	cardinal.CARDEQ_DISJOINT_UNION
ac43e9a38a6b4ed46eaa904d5449a235bd07e51afd134d3541fdfa127d3afd9b	bag	bag.BAG_IMAGE_BAG_OF_SET_ITSET_BAG_INSERT
ac9e1dae7452cc45e7d2e7b8817dd8a7fbe6dcce0aa1deb0ad3f4d2b53c3cfb1	cardinal	cardinal.CARD_LE_SUBSET
acbb78bfb63728d4811ef97340cdfe581b98581b86c8d80149125002a1c02cb2	bool	bool.OR_INTRO_THM2
acbc94eda4621fca7c8dbd58bca4da12c47863775db9dca78f36542d9a3647b7	arithmetic	arithmetic.SUB_EQ_0
acc9a49dbb3d308b01878f3005691f3f67f39774d5da6e5f50399268e7651eaf	byte	byte.word_slice_shift
accd8721797acdcef577830d27b679c0c328bed4e38cd7459e2bbe0739bdc84b	bag	bag.STRONG_FINITE_BAG_INDUCT
acde97110220c10b093e9f7592fadc43a32a79e4c37ce09e002da879861e28d8	blast	blast.BITWISE_MUL
acde9e1165a92b04b1b673974f70b82a04d08a215a692e818c5237a58ff35db6	arithmetic	arithmetic.SUC_POS
acfe741f355eb8587163d50109f57d6040d2b552c9935be2021155df90cb478e	arithmetic	arithmetic.MIN_LE
ad4d09a6cf3790608f16f5e7af358864d3fccd2a0b6f825196b3e47bf9bb5940	HolSmt	HolSmt.d012
ad5b1e6ba96c0782ffede958df715231d6e999a2df17c4c7f7954879715f9aa4	borel	borel.IN_MEASURABLE_BOREL_BOREL_NORMAL
ad6520d99b5cb92e678a6264991c436b3c706f9f62a9f92498a8d38afaf559de	arithmetic	arithmetic.EXP_1
ad67ffbd5861340c3df1859640c0ac2ede93525b78cfbe15b5690c498526ff76	cardinal	cardinal.SING_SUBSET
ad6cdce964ad079485286ceca7c2e23f3a36564b7377aa22cb2550f9aa011118	cardinal	cardinal.UNION_LE_ADD_C
ad7a16a8d8f4dad8d9dd3836f1dab7630416f341bbeb7c6105087c65f4fba3ae	alist	alist.LENGTH_fmap_to_alist
ad8c4035ae00f67d4e7d8d746cd97f90a30929c956f175d1e9c0090edf078dc3	binary_ieee	binary_ieee.rounding_case_def
ad91994e689e87fe9a278c154ae28e8eee2f6414ee42449862cfed060ed15b20	bool	bool.SWAP_FORALL_THM
ade1c9ca3ffec6acfe19ac112d22cb7f12ff038694a78bb06c2fd021852ff1c6	cardinal	cardinal.COUNTABLE_IMAGE_INJ
ade78c645195d8792a6d330283ebd4394a683220260d575d429f344116fc0b64	arithmetic	arithmetic.ODD_bool_to_bit
adf4d1805637f1f52428eb64fb9907c8d1c3db6a8c9241378ee47ccbfaee72af	bnfPrelims	bnfPrelims.IMAGE_IMAGE_o
adfb320013555ac9b4badf2f2e0344f0b803fa1df79f877477c0a66703767a29	coalgAxioms	coalgAxioms.Fpushout_def
ae2ef8e995917f3a351eba1fc57cb32f3d880a8b3a8c59f0f3916a5f746d4071	byte	byte.LENGTH_be_bytes
ae56efd86edd76868738da14a150d4afd63e6a79194d46c6fcab5dfb21adc015	arithmetic	arithmetic.ONE_MOD
ae6021f6d9cd74a2fad18bd723a2f5314f660892e47872774c1c8d9bb89c5a21	bit	bit.SLICE_COMP_THM2
ae62e25b70fd9443b1147dfa5816e187fcb9482c488a7a04600a6a65edb9bd5a	bool	bool.UNWIND_THM1
ae7e68becfccc30506818ce8a1a6bc6118af87bb41d5aa94939a9dc7e024134c	arithmetic	arithmetic.EXP_ALWAYS_BIG_ENOUGH
ae803cb4b87a7adfb48894fd011cecd81f473798e087c530872e7c1ce1564e72	EncodeVar	EncodeVar.fixed_width_sum
ae95e9fdfff15770e750a3a7684e4699f2a61412486731eebf4bd1080053b613	bit	bit.BITWISE_COR
ae96445538678d2be3c8fde2b96939c8ba8655c6df92efb461769331634dbaf0	borel	borel.lambda_closed_interval_content
ae96b23a1a5f835b77da74b8dd14c2bf0ff75c285d37122e9c18de62b09026f5	HolSmt	HolSmt.r158
aeb988d72511e05b1980f352fcd8facb1012ea907cb7590ab03c7b0981be9e39	HolSmt	HolSmt.r036
aee0344cbbd4d7847cd79d2ab51ab1287c52570ada4fa44a044d90a7d9999bd6	borel	borel.space_lborel
af17f6604f6864402c8c55fb0a7446963162d06a2c61efb42cf271d17d83b3bb	HolSmt	HolSmt.r096
af2ba3fe0537561325b588e367ec82a385fcac304f8b2d1dd15d0ce78293320d	borel	borel.IN_MEASURABLE_BOREL_ADD
af38ae5b11acfbf1b6cc01baed145f0a75217e130dbbada4d0fdc5da9cd9b7a4	binary_ieee	binary_ieee.is_closestP_finite_float_exists
afa134d4dcabeea717a45e219e9e23aa09a0e3e09e97def17a6646df761004eb	bag	bag.BAG_GEN_PROD_REC
afaaaa9fbc306e58fbf8860e63a1b4c87ac24dc7ad9a74e13f5fcee1ce05b99d	byte	byte.set_byte_bit_field_insert
afb695dd074c39a9887a81ad9ed28ab974bb04377134caa23e522f5dac2222ee	arithmetic	arithmetic.MULT_COMM_ASSOC
afbb6059786eb86445bf40f22b9ab30ad88f3bd589341feffc37b4d8335708cd	byte	byte.word_slice_alt_zero
afc77cdf53b6c964d7748cc50c42f315ab8305fe05104321c23d9b85a487d904	binary_ieee	binary_ieee.threshold
afd5b008b031dc27fa3f57c16e4fd94ed4a4529c0175594910e44bcc000f03bc	Omega	Omega.exact_shadow_case
afdfce59b1c53a21f54c6a8819b385681e0713cb6044ff75112d48f5658ae968	EncodeVar	EncodeVar.of_length_univ_suc
b0074bbb7ac4cc568fee3fee96620f83eed73d0296397036a0742c8d76cd4c3d	HolSmt	HolSmt.r212
b015c2046e54cdf6edcee41e57875d8ca752e8b909a490a57e0716f0535fc986	arithmetic	arithmetic.EVEN_MULT
b022a499b1b6225911b64ee1425fc3b8448ee48939728cb530a86b6a7a64dc67	arithmetic	arithmetic.EXP_EQ_1
b02cc91cb5d4f5f2056d563dc03d05a6ffad54ea78676f906df006b810675eb5	bool	bool.RES_EXISTS_FALSE
b06d247584c81de3b773c45c07111862f546ccd18e690adcf5382c32b4e82ba0	binary_ieee	binary_ieee.ULP_le_mono
b07d46d25e023239e10bef1a2aedbf74276a8cc9d70c4180e24cd0a76440943b	arithmetic	arithmetic.NRC_0
b08f627daf0f33b4787a7fb58ee3c64687df244d6c45558975a734d9982552de	binary_ieee	binary_ieee.ULP_positive
b09b6259821d03f8eaaf529ee5afee41def8b2e4b9b1e0d8afdd239260f4c8f0	arithmetic	arithmetic.PRE_LESS_EQ
b0b3afcf7cf61a2acab2fed772ffb8ebac2783358459a308dc22af254da1e2bc	arithmetic	arithmetic.X_LE_DIV
b0c5da78f1f9264b96de2bb693e19e3213a1d692ef09c4ed9b62f1f6b8c8474b	alist	alist.MAP_FST_AFUPDKEY
b0f7bd4de53c5891539ff85e34188a21172db1c6d23427c2f01a651665d3866d	cardinal	cardinal.CARD_MUL_SYM
b10d2cbd680734cd218306bf70b7e51a5d833186f5a1bd50b1520b26d93a2f29	cardinal	cardinal.CARD_ADD_C
b12309531081316fed012a43f8ff657675a6560dcb5098bfb4b054981e876ec9	bitstring	bitstring.v2n
b14bd1e506109116448afc1476d73fff643b9b59f79434083efeb2408f8e44a1	arithmetic	arithmetic.MOD_ADD_ASSOC
b1521d1ece656a9449745fce8fdf0c157f50dc9290debb44af22369b28fabe44	cardinal	cardinal.FINITE_IMAGE_INJ_GENERAL
b16fbdd0e5fbec72cb81da1da96b845ad4923d26a00925b11df50805ff4d3939	binary_ieee	binary_ieee.round_roundTowardZero_top
b17333998c76347d516b98b44e86eef16acacde4c59419c16f0427a599b8dcc0	ConseqConv	ConseqConv.IMP_CONG_disj_weaken
b17b3bcee593768d8a8ecd78f33ba57a1d8fcefad5fd78b49e16f11f8e650a39	bag	bag.SET_OF_BAG_UNION
b193240d03d68a365ccaf0bfd734fbd1291d9c6d5809ee0270a53c9b91cd0e5d	HolSmt	HolSmt.r023
b19476e193b532e6dc541bae03312738b2b415a6b20dcaaf43fb10338c5a0f6c	bag	bag.BAG_UNION_DIFF
b1a4e88511ec20e1c236fba72bd72b06a668e9471f1684cbd36666af88f337b8	ASCIInumbers	ASCIInumbers.STRCAT_toString_inj
b1a5f15b29eb5776fa81bc2c428dccbc0ab1b4611a957a5f7c6212aee7a8d9e2	HolSmt	HolSmt.r089
b1b0892bc3dd304bf2de839c4e0e6368b5663592aae5ee75fb9f61f576cce126	binary_ieee	binary_ieee.abs_float_ulp
b1f63a409ae0916ed1bbc3209b4ba02153f0ffed3c1f136651768c072817252c	coalgAxioms	coalgAxioms.epi_Fpushout
b1fa0eefff9bc9590ccd307e5d914413c140dc4cd281850f1c77b7ae0eb43b54	bag	bag.BAG_IMAGE_FINITE_RESTRICTED_I
b20f7d4b3d6944829033752b38c214883015832e88fb82c39c19cde61345785c	bitstring	bitstring.length_zero_extend
b22f4510e4b74fd416a8607add030b6a19c5a381db7cfe12005b4c6b14286711	arithmetic	arithmetic.DIVMOD_UNIQ
b23635c3d4be24e1a3c3413f91463c3704a736da307ae19eb7764bdb8860ac2c	binary_ieee	binary_ieee.float_fupdfupds_comp
b23b7bf87d824ec1bc8dda0580fd9f66573f3afd46148933d0b3eeeb3f2fee41	arithmetic	arithmetic.NOT_ODD_EQ_EVEN
b259d565b4e0b4ad01a47de3161bc0d735bccfecfb7adc5aa920fa40bafd2d44	cardinal	cardinal.BIGPROD_EQ_EMPTY
b2600755ab93e648616020d0f57642f674f4f965fc19a133d242159463918972	bool	bool.CONJ_ASSOC
b26daebead591ce226c3762ebeba9fbaec3b9db5b5c654f40c46335ab275dc43	Omega	Omega.real_shadow_revimp_lowers1
b274fb23ebd0224ee2a9ef193beb087294215c55b8ce488dc85c57fdd94eefb9	Omega	Omega.evalupper_ind
b279c55a5c5aec4351dd7e54ddae4d34f98bf816be1fb5ab05889e9e38fd368e	binary_ieee	binary_ieee.float_round_top
b28ec7aea5bb3172883eb47428247a025a111cc2fdfceb385f8c2ccea3cd7f18	bnfPrelims	bnfPrelims.BIMG_IMAGEo
b2e2598ee1d003a9e5db0a2a5f87c8b00d1b9b163eb4ea817c1707e0bb7ed828	binary_ieeeProps	binary_ieeeProps.ulp_multiples_representable
b31432db01acf4c624577dee6985316675870b1782a3007faac63bd28811289e	borel	borel.lambda_closed_interval
b3207ca8b76bfd3109da757fc1b85a92280f397af3d1ab08b3d4275589342204	bool	bool.EXISTS_OR_THM
b3421d978e9d476fdb33ba2603560b02b7d7051b989a236473795f10e066d5d0	binary_ieee	binary_ieee.float_div_finite_minus_infinity
b36c4950f19e97dc6f7cd50e45a297e4d79ef3c6ec80d0040799fe06b3f51131	byte	byte.LENGTH_words_of_bytes
b3991271a759c5a0a7c8ac93709b1252e3a5e4eb006e272070af3ea717615598	cardinal	cardinal.CARD_EXP_CANTOR
b39ea2c6efdf4675947a5144fe801b626a16ac445cf39dcc1ba2fd9b1c6f25fb	borel	borel.lambda_sing
b3aaadd04f2f43c4e21514a147423d2c61af5a2abd001760dfd8df15b95e9fb7	arithmetic	arithmetic.TIMES2
b3b84f90901947b99354003c606a16f889472246d4d81192330f6aba4c43e043	binary_ieee	binary_ieee.zero_properties
b3c7adf29dcc305956a512a0734041afb410b4a3d83fa6a96b61a4d5c036fd15	cardinal	cardinal.BIGPROD_SING
b3c86a62aa4e43e17f02948f7ec91ebaf410f3f65d5d5280a935f4b563321e64	arithmetic	arithmetic.DIV_LESS
b3cd94b32cd545cf4f324dc966f7741b30f84389259f8b59663dd70df455fb9e	HolSmt	HolSmt.r013
b3ddc3727d6582e64b15beb5a6860a9647d62e59e8fe7010c002afdd5c26658c	arithmetic	arithmetic.EQ_MONO_ADD_EQ
b44121f7f7ce645990671870f5c880599478f49bd61c3675edd6690fd514fc00	bag	bag.IN_SET_OF_BAG_NONZERO
b463c901a23e501a127cb67885760f11086973901379be1ca1b5c90b43cc73c5	byte	byte.get_byte_set_byte
b46de5fc548f429ac0ab3e655e6342f4f03c21417fc491dd136ab23eac005334	Encode	Encode.tree_case_cong
b47bad5bdeacd3e03d236fd9ae7c5e90f3925c0ba6580b29e680660ff8ab4cd5	arithmetic	arithmetic.MULT_EQ_DIV
b480d769f895ed14d1a8d482c6900e654094e45b314061a279774d4391c9e021	arithmetic	arithmetic.LEFT_SUB_DISTRIB
b490e148ac4f5926da8beb9dca0036ddef54af2a4b8925652f0170744eb68083	bitstring	bitstring.el_zero_extend
b4a3637488e28a3d88d541ed57c14f9d4c1c07ce9df1cc9843859539c4389b2f	arithmetic	arithmetic.MODEQ_THM
b4a4e402d9ca39f176e8ce5729b0f0e201b17dd8468b27085420a4765444062f	cardinal	cardinal.CARD_EQ_REFL
b4b5f929cad7da776971a97d8ed022bc40c9c6777d907df442241c0691212a54	bag	bag.BAG_IMAGE_CONG
b4ce4b34f90e018ea4a4cba42bf67f7bd993e509856586e087464d708acdb552	bitstring	bitstring.el_rev_count_list
b4e2c6d5b06dd7d0218639bda36d6cee7b04d832c2f78ef9c76d8df4fec263eb	cardinal	cardinal.POW_TWO_set_exp
b4ff19096876719eb2a1ae2a8385c78efb769e69e31d9b967f48d444ff5e733a	bool	bool.BOOL_FUN_INDUCT
b52b04f93385dd02bfdd2ce7f444aa2f35a311a182dd8e59512572ade9ea01ac	bool	bool.IMP_DISJ_THM
b5384175b1cc3e592db33f8488c9904cdd4b6685e0258b6846d8311427886df6	bnfPrelims	bnfPrelims.BIMG_EQUAL
b55e4703739d02279d8011958d68ca49919d8a129c6dbf72d94ce52b7b8efaf7	arithmetic	arithmetic.LE_SUB_LCANCEL
b593682336c791ad417b809e276771943ee00595bc8bc65f561ef78500d06ccf	Decode	Decode.enc2dec_some
b593e0d116cccfd25bd1287dfcc8b5834531c86ceba8ec3a6be8ed7bc9a0dfd0	borel	borel.BOREL_MEASURABLE_SETS_NOT_SING
b5df2a51054fe9665ea06c33a853517d23757104687573b16471520ffa6fb0e6	arithmetic	arithmetic.OR_LESS
b5e38fe6d30edd0b6d449d700c5ae9d54e6e227789f5a453f9af9a02103b09e0	bit	bit.BITS_LT_LOW
b5f49ddf367b77570772687f6dc2bc4dd3821d838abc1179a05250a770a15507	cardinal	cardinal.CARD_LE_CARD
b5fbf1ec6491b676867768229214a51ccfffc26809053d8b8e5ae7bf010a4201	bool	bool.DATATYPE_BOOL
b60c007132a38600915bcbfd912e5ad8b7ead76f3a23d3b999122262f85edb75	HolSmt	HolSmt.VALID_IFF_TRUE
b6227d9b2c30839d248006877bda7efff0fd80de87f90a4859a6af582b91a5be	arithmetic	arithmetic.LT_SUC_LE
b647880298222727293aae3931bc68441c578176a00458ec2907abe4fc88b93a	arithmetic	arithmetic.GE
b6514621e955e1c4d2cdedd3ba92faf2b40910c5a80276854160c3a3ce32e0c6	binary_ieee	binary_ieee.next_hilo
b652c18d4affa587b1f55427f129cea486bf259d2fc81a40287fa68e1f97c09b	bool	bool.MONO_EXISTS
b65e9a0041dea3424953c1100ed62c5dd453d55c92fa8e738d0fb47cd2027b0f	borel	borel.IN_MEASURABLE_BOREL_ALT7_IMP
b67ae10eee55388045d1e54a1dee288ce9a42e656f62874c94cb5926e7139cce	arithmetic	arithmetic.LESS_STRONG_ADD
b683f37cc1bb53c4712d8a79e31f2412e4301b9c0a4a17da8782303e11ecf031	HolSmt	HolSmt.t019
b68748c3eab7c502e6a1da96d85a2085849012ee2c32c004b10955e4fd04d01e	bit	bit.BITS_SUM
b693a4523ae93d9ed6f0e6cae46abe91ce034959381d7b0f517de629d23cb7ff	arithmetic	arithmetic.DIV_SUB
b69a4c0f81e61d0696d1ae0963b050f5f9f82cce82f5ccb60e27cc343e7cf7e7	HolSmt	HolSmt.r155
b6b00ccbccc3ab022b7754084cad544f5f5b83498903a45bab1156371f8e1b70	bag	bag.SUB_BAG_DIFF_simple
b6c3bce74ae998dafefb6b628f9e03077e860275479b699dd3eeedd137b51c1e	bit	bit.MOD_PLUS_LEFT
b6dd195e579f9fd9870928a87d897eec7b240a9e71979b2a2ee127f6448ad1a4	bitstring	bitstring.v2w_fixwidth
b6eb5166c7c5a202db5e340e36879f1d2de7b8d97eb6fab83ac72f60fa5f157b	arithmetic	arithmetic.LT
b6eb595fa658b3eb7da64c0f7ff6d0854d2f509ce28eeadc48ffc9404acb7736	bag	bag.BAG_OF_SET_DISJOINT_UNION
b6f5786080d188c055ad014de389e5173a1363d1b7de07d4636ebd56f5cb1013	arithmetic	arithmetic.ZERO_LESS_MULT
b6fa1e69da3ce7c230bc65c4dca03db941454f35a9b46ccc21088a603898c9fc	alist	alist.ALOOKUP_ind
b70808e129d5ef8fab385715c5efe223011dfe489b22a5d09f326e0a44436a07	binary_ieee	binary_ieee.ULP_nonzero
b70b6a543476004c5dfbc46b3246730dc35d9d3026b5388accc02645f46c8305	bitstring	bitstring.v2w_n2v
b71a85725066983a0fac46731dc46937d9274bd55f2a21ac6786f7b4ac08651b	coalgAxioms	coalgAxioms.prop5_1
b740a72b948a7a0d151e37bf9da414e97bae2f1242a18728559a7252875a8f98	EncodeVar	EncodeVar.fixed_width_bnum
b77246c1e907be0123e22a58852430fc1c48d577290ccb7d68c5e82cb1a4a64f	bit	bit.LESS_EQ_EXP_MULT
b7780a3ad9d7198102774ac030dd9da2a08616ab6588f09cba5f58738d2542eb	bag	bag.BAG_ALL_DISTINCT_BAG_UNION
b7dfc44b4d04b2bfe63e35018ab907b4721fbf613fe22d438d9d1dbdba23d82d	binary_ieee	binary_ieee.float_abs_Exponent
b7e8eee6abdbe9dde659d87f54723c0601a5a55122de3cb4408357b528acb1f9	bag	bag.FINITE_BAG_FILTER
b7e983b040d6a1c1955191ba9d9858d93c87007e492b06b6844b748c14963163	bitArith	bitArith.bleval_ind
b83352493deae6acc723c93aca32c04b74c16e89debf42d2c8d805d5f7b2feb2	bool	bool.IMP_F_EQ_F
b842cb2391c2aae0f9a7095aeb37dae8648e578ed74c990d53d9f82ef9d9fb85	bag	bag.BAG_DELETE_BAG_IN_up
b84441b8c8c1d1413cc06f64805cead78e5063438088de96b65af5c1013be77d	arithmetic	arithmetic.MODEQ_EXP_CONG
b857ee450e712f3b8aac6c8972c2fcc692ea833e4b008865080e4265ef59f615	HolSmt	HolSmt.r126
b884b8aa8f9c870547d7909e78d2a9a654f66ea91380d861aa32267f3e41afb9	bag	bag.BAG_NOT_LESS_EMPTY
b897f79b9cdf1312ad922d5fdbbdf60262382dc9bf1960da70adb0daa3d1f9e1	combin	combin.C_THM
b8a27a0dce428e0914e6d0f146beb4ac4ab85a9556420c1f1a21994c8beb337b	HolSmt	HolSmt.r098
b8ae18896220993d7bd36267b31b5bf96888c6cebe4ab310fa5562084cd3f9e6	coalgAxioms	coalgAxioms.bounded_ind
b8cd69832f38180fe1576fd5e9a300752d9a62b95d20d481318f7aa1a727661c	arithmetic	arithmetic.MULT_SUC
b8e8f20b59ecb5f4125e0dad37c5fde32ec269852f17e6350128b817e4c4a8c2	ConseqConv	ConseqConv.NOT_CLAUSES_F
b8f856b5bc96321563fe6a738de715147f2f3eb06efd371793f5ed4c4ccfb1dd	cardinal	cardinal.COUNTABLE_PRODUCT_DEPENDENT
b8fa5e2d740f466fa8f36b0cfa609712f5045eb423ac0d21658135b106d57d68	arithmetic	arithmetic.ABS_DIFF_TRIANGLE_lem
b8fe1381463ee1f143c2d7ab8de9e905e5e02903043a5894bc25ee7672dbc589	bool	bool.PEIRCE
b91a176d8385c24166e7af93d1dba465295f7cdc19e04305843c88b85a184dd3	bag	bag.BAG_DELETE_BAG_IN
b92f96b03bad9dc48d5e0703ed4278ef5d0d00d9f57b45b8e5836b1b4203acfb	arithmetic	arithmetic.MULT_TO_DIV
b9556f0cd27edf00a3fb7a4ef0c303ef4222e1fdafbdbfd5d8253b12466ace97	bitstring	bitstring.length_field
b95fec235b198968ec4f797969ff20a0334d478304b13823b977f09946475901	bag	bag.NOT_mlt_EMPTY
b987a6b5482665c3a22928df9221738380a2765db6d26a731c2a10467ea412b3	bit	bit.BITS_DIV_THM
b988bf749731a0e9d1a8540a73e3333bb74bf00a8c2eeebae75812499b80d537	bisimulation	bisimulation.BISIM_REL_sym_thm
b98f8998a52ecf826a0fd740f637d6deca2bed6585db2dff37bb863ef32988f4	bit	bit.MOD_2EXP_MONO
b9a292d743deee4762b5ac33de5cd5ddc17c0998a9848483fc63d4ea73397dc2	bitstring	bitstring.word_or_v2w
b9dbcdf2ad63ef210311f748c8b34ce9c1d7c7fa95bb4f78b7251bb0b7f75075	borel	borel.IN_MEASURABLE_BOREL_LIMINF
b9f5649935898becf8fb576e42c3fd28bb077067535b9036d5e2899417e552a4	HolSmt	HolSmt.r112
b9f8eda549018c470d6d9cde56c5379d73945a2361001047255cf99adfe0301b	HolSmt	HolSmt.r042
ba02c68f6f4cf3fdccbe60c0cfe2e50389613792a00cf9db67da46005a046027	bag	bag.mlt_dominates_thm1
ba02ed9ae9ac37d4622a6f884d2618cecb5750c45a8a4679277eea22985db367	bag	bag.BIG_BAG_UNION_EQ_EMPTY_BAG
ba24ccdd5fa17cc41a5774a5bfaf1d594841b6ffc63a9fc1e2b9464217b4004e	bnfPrelims	bnfPrelims.IN_equal
ba3ec07985915cf61d7f13601e9aaa28bffaaf764f988dcefd48ac79cfc49a3a	HolSmt	HolSmt.r115
ba3fa43cd314b5594389a96296893e39c64bcfdf3f65fa7f63616642e62bc12b	arithmetic	arithmetic.FORALL_NUM
ba4d5e0e6028eebf2707d78eb951045952438c8e251c37202af7cfa1684d4ee4	borel	borel.AE_DEF
ba797ae95a9bb54d4e89f6a394403609323f09fd468f18e216bbec417642516a	coalgAxioms	coalgAxioms.iso_SYM
ba8fbeac1c6ec2a4cf9570d7ccf37d3eb70b6f242fde67484de2602c7038610e	binary_ieee	binary_ieee.next_lo_smaller
ba90da5faae4bc8e6b8917fc841e1f4a0be76d5bff6bd50a6d1f12ce112be228	arithmetic	arithmetic.SUB_LESS_OR
ba960c1faaa6fdea2e3cbed9911628eb984ffe8809e89bb395ea7a4811340467	bag	bag.SUB_BAG_REST
bad328ead285bf3a24060e2b0db7c362ac9bd8ae02cde973c489f4e50cb98378	arithmetic	arithmetic.EXP_EXP_MULT
bad81c1d06a51b26a919d8e6b587aceed30f659070740610c42bf6b146882017	bitstring	bitstring.ops_to_v2w
baf5e463d0b66d6adb43a476b8f3706e1c00bb3170ba742c472d0c7a9cecd2d7	binary_ieee	binary_ieee.rounding_induction
bb06ddbe963992c2cf8df514a75b7ced352d4afa0087619d69148d130468f18a	bag	bag.SUB_BAG_SING
bb0b9969ab8f6ba616da23282b1fb28257c6674af0bf18bac20f9e84ec74f108	bitArith	bitArith.sub_aux_def
bb131cb5c09fd0f5999ee8e0b8d31f11d9e70d05c7867f51e66a033aeab52cc3	bitArith	bitArith.zeroPad_thm
bb3855aa37eaa508d7d95de0b9e235f47f9f49b004d44504991068ed0ea07e1f	bitstring	bitstring.extend_compute
bb408386056af4818e623a2cc67072957dbed14993f89cdc71fc184b96a87ddb	cardinal	cardinal.COUNTABLE_IMAGE_INJ_EQ
bb86f20731849ba3bcd10007ada8e6241cc2a56af9e4b964dd305458f9eecb2e	bag	bag.unibag_SUB_BAG
bb9f5304f8ada7e5bb565dd2c20e5299e7fd1ecbe0a84cb54dc211fae035e56b	bit	bit.BITS_SUC_THM
bbe2b0fcf097ffc3e1aada73fb28eefd1b722bcd5efb576a086699f5d86d31cf	bitArith	bitArith.divpow2_thm
bbefe1ad48d65bd0e8dc5fc3c1bd1f3727c928ecd81f8cd00215d6a6e9ca4040	bar260	bar260.foo_case_cong
bbffbf3f659b9b2f3b7e5f8c12ce72a39c89a9f812d573b4a414ca9a5a8125a7	bag	bag.BAG_GEN_PROD_EMPTY
bc038cda882d147c2e41c415a95c775f46a6347c1567ced385de694ffb94387c	HolSmt	HolSmt.r062
bc19f5dc3b4634a9b7411dadfdd7a89582a528301188feed184483742412636e	arithmetic	arithmetic.WOP
bc2b3cefdb72972707d8b84115d2c48e999914bf62b72351ee8d1f2373860282	alist	alist.ADELKEY_AFUPDKEY
bc3aa383a1b05e7416b52381848025c30d233806c7fcd5b1b0c0585434aab1af	alist_tree	alist_tree.HD_MEM
bc42afa4a14a100bea7d2c62464a2ec8fe33f19ddde48ef9e87f728188cba445	arithmetic	arithmetic.LE_MULT_CANCEL_LBARE
bc65ab08be64a7b1d0946c184861b14387fa477d3546e5bdf3f9a314f296dd46	bitArith	bitArith.tobl0
bc698ef33b62b9875aaeb3a7006beb7e967e5364739d06617eb2fb74e826f0b1	bag	bag.SUB_BAG_EL_BAG
bc8a6cb72c396213e48a8e1d1a6e15a6b2fb6a2ede87de75d20d4902791d16fb	DeepSyntax	DeepSyntax.posinf_exoriginal_eq_rhs
bc8e6b16a22c46a2db456711f251210724f6fbe0f534e14c4ae4e76a17efec2e	binary_ieee	binary_ieee.float_to_real_negate
bc91343fac7726f540f9a682fe30e7b3f478a933f4abbf68994877ca52dde2f3	cardinal	cardinal.CONJ_EQ_IMP
bc9587771c64e5cb40535c2a1635d3dc4ab2e1b57e53b778999555f67b29e3bf	HolSmt	HolSmt.t014
bca341d4971a113772cdd61b6241feb845a18683f7f8ebddff038b04a79dd812	HolSmt	HolSmt.r157
bcda2c636703551b5082c754627a630a94fd719fe09268287c415a6e5d2b87e7	byte	byte.bytes_to_word_def
bced9764173fccd6c3f548d0f383ebc32f5b6d44f4b893c06ec945d6ee65c40d	binary_ieee	binary_ieee.float_sub_finite_plus_infinity
bd087e305ee361c07c09f1764a38c5d08a83ad56da3974728728576a09cb7adb	byte	byte.bytes_to_word_same
bd0f98a9a277688bcbf2cae0c6ce2e75c5a62ed45496cfca4d65ce595c99243e	bit	bit.SLICE_COMP_THM
bd1ae72786aaf1dafd4ac398731357dacdba2ef491f8ffbde497f43293c693ae	bool	bool.EQ_EXT
bd2f37b7fb3a9ea9cc9bb85dce963e7653984a74f7041c3b9ca30d819343808f	bitstring	bitstring.length_w2v
bd3115791328844dc995f01ef3f57e6f8fbf22d7d0ced43cfe8ef0f31e34bb1d	Coder	Coder.wf_coder_bnum
bd3cb545d50fd87ba441ce1477c2bce7131a5b04e03344e4b451b1cc01171b43	borel	borel.IN_MEASURABLE_BOREL_PLUS_MINUS
bd9c4b84b8e989152a281db6037d27d323c2a9b178ae40fa662f2c59fba46b0d	HolSmt	HolSmt.r215
bd9e570536d4db0b7eb449a78274e1a197757244d2e9604f992c164896f3c55c	cardinal	cardinal.EXISTS_IN_GSPEC
bdb8ec310d0dba9ae8d7bb41b920a6d1eaa8a09f1fc632ef4db87bd9251056d0	bool	bool.FORALL_BOOL
bdce7cac23d8ad403e3143ca2f5bcc50d1efd9cb581322ad88fc4af22ec67ac1	arithmetic	arithmetic.ABS_DIFF_SYM
bdd00286d1e364d2817bd6cb57c58ca38047d3d87a3354a6a9eaa2515a71ca62	alist	alist.ALOOKUP_prefix
bdf04eed746ca4fab24d1ed91eca28380c21f7563e019470054f235c3459e07d	HolSmt	HolSmt.r066
bdfae8382f57090dabf68ee5c1ed61337c635d3ec188c711f2ad9be93d9255df	bag	bag.BAG_UNION_EMPTY
be09eec6bf69cd1f4c5fda45211eeea75923503a779876a9830414a05d52c5c4	cardinal	cardinal.HAS_SIZE_CLAUSES
be2cbc5b124da945f26032cb3c06fe6e26dc5c60c34c97fdf4ae35ffcedd6ea6	arithmetic	arithmetic.MULT_LEFT_CANCEL
be34fe1599509c6c2083371a249b1b4ed90ac7fdb840d2a2856c82468a1556c1	bag	bag.BAG_ALL_DISTINCT_BAG_MERGE
be433e9a9b0a4927bdab1cbb5df679525313e5af835d6aacc3b593c40a53629a	cardinal	cardinal.CARD_BIGUNION_LE
be62c6da1d3096a2eb63ab8d600cf189d24f846f31b5aff375d2d182990b80c7	cardinal	cardinal.gt_c
be634d00dfded623b5197b2c72e82436e90a58984c5615eb83749ea83feca44a	DeepSyntax	DeepSyntax.neginf_disj1_implies_exoriginal
be6df32aca01e7c1a1aa717215dee9e1212b5b2af541a3ca0ef86189c5461afe	alist_tree	alist_tree.is_lookup_far_left
be72b5589cc5e99e15070af09cc352a66e6517261f8908fe4239b5017e4eae0c	arithmetic	arithmetic.MIN_MAX_EQ
be75c5122ff494b0aa758cec844551df1a7e8fd74e8220abc402885423a49823	cardinal	cardinal.FORALL_IN_GSPEC
be8a1a0bb107df28a9d97ce7888d9f31453d2f6a829a10517d4d5d4f2d8e87d8	byte	byte.word_of_bytes_eq_or
be9e2e0054f454a53170253dd94bf790c7be5f81311d9af0ffcd2068aa3cdf8a	borel	borel.IN_MEASURABLE_BOREL_LIMSUP
be9f1f8061f57103f90ef711d00348b0669a404bb2ab1ad9fc2fccdf88954072	bit	bit.BIT_SIGN_EXTEND
becda89253b1b9a6181e7f621d2fd5a689c1c3e739ae71d7b5d390fb4527a185	combin	combin.UPDATE_EQ
bee77b5037603990ade573a1dcc3b87726d7b916e386b601117c404c2e38a595	arithmetic	arithmetic.FACT_LESS
beeed4de7cb5dd694ae8d72ccc3ee247fe5df609df39ca250ae1606d4f2ac63d	bit	bit.BIT0_ODD
bf07175083c2c9424310303de69ac43117026a6da2304dce4939d20b70480f50	borel	borel.AE_subset
bf165cc98e3fdfed32f80365cabbe127fa27f593696caf6240ab346b9439c574	alignment	alignment.aligned_pow2
bf1fc3f48ee7bb9e10d7db6c1f68fa7e56329e9ae6e169b82264efcfeab8dcbf	bitstring	bitstring.length_bitify
bf35047cc6f16425d23adf8b4258facd74972865011a43dde48ca79b12d57c1d	Omega	Omega.sumc_nonsingle
bf40884ddbcfa21864b7e69ddd7b16abee9227eb36b019e754774cd3c5081316	arithmetic	arithmetic.LESS_MONO_EQ
bf48720f9ee490bc1edae7e1b367eb9fbb9ce20ae822846536541c56eaa4a577	HolSmt	HolSmt.t017
bf4a51621bfaa6c3f9cf4aa14e7bf33440bd76a917474a81d4fedaf4b9b54491	arithmetic	arithmetic.ADD_DIV_RWT
bf76a21d776eed6780107c1f1cc2fc4cc9fac1315b6f3766b0a4c2ec8e0d0a2e	arithmetic	arithmetic.MULT_COMM
bf8de29b4cf440f7b449afdedc00afbff112ff2da6612e24f3f3d045e77c6d7d	bag	bag.mlt1_INSERT_CANCEL
bf9411bcb0bd3d0c4393021d0e0aefea5b99650a428bd01a32507bf1542c221d	HolSmt	HolSmt.d011
bfb1a25a907447ea289b54bb333eaaead0cb3f96a43c8df33e0dbc3c1e5501cd	cardinal	cardinal.SURJECTIVE_ON_RIGHT_INVERSE
bfb954a18dcf6f7ce65e5305c9f7f072de3047bf722d79c765d74f4b06443840	arithmetic	arithmetic.transitive_LE
bfc4c32f424f1404015e2da3b273859d275c93ecf003480c77dc596a6d4316eb	binary_ieee	binary_ieee.largest_lt_threshold
bfca19e1ea0f58c702990a7d092d28fb05f45fa28aa6f381d3f95ab395ce6d94	binary_ieee	binary_ieee.num2rounding_11
bfd590713c0f8dcf8d8f2330ffbcb210d6aa4be54ea297b7eadee56972cf4822	cardinal	cardinal.EMPTY_set_exp_CARD
bfe1b51e12821fd4012fbab5a0136a9b089d22c3ef1e8274bca5f4f08d0822f6	cardinal	cardinal.IN_CARD_ADD
c011649d5d2f1c0cf46464f847cd430e4667586e28f71f54c501802809422b48	binary_ieee	binary_ieee.float_is_zero_float_value_EQ0
c02e49eb00083f90a3b8a28e35f0e46f72fdeff11afb80e180f44847c9b93394	bag	bag.SET_OF_BAG_DIFF_SUBSET_up
c0517dfb2ddc3c25c267f68821eb196a4d584cbfaaefaf6e79cb895f52aa0a19	Omega	Omega.sumc_singleton
c057cf142863de70196e0ff32097e4c809e950c5048be5e81085edcdb159f43f	bft	bft.BFT_REACH_2
c06a914eeb337a357c65be129543877dceff937fce9740a47f7e465e9442ef80	HolSmt	HolSmt.r060
c073814b2632a592a88479f58979dca681236033b0fb54e1d894008162707aa7	bool	bool.RIGHT_EXISTS_IMP_THM
c0a5f440db19186591289fa475ae17c39a3a4ba81006a7b9803c18991b4073eb	bag	bag.BCARD_0
c0ae2cf32f93544570178d64212ca6ca4168ece0ca54589053c114e80631dfad	binary_ieee	binary_ieee.rounding_case_eq
c0cb12be406df8bf33b8492fbc6eb9e2ce8cf576f22aa2cc55cca4c66be7abc8	bag	bag.unibag_FINITE
c0d262e3bde03b77e5b35e3b7ac7289d90b6a1492d5fe7fdb9f62ebba36d7b67	bag	bag.BAG_FILTER_SPLIT
c0f0fe48cf7bd86449e6854bbd483675c4a55586d0cd1571ccfa6ef471e9662b	byte	byte.word_of_bytes_SNOC
c113dd46f97c84e772c0fdb2bed04fb95ff8516cfcc7a899524d2f1e654b67a4	cardinal	cardinal.CARD_EXP_CONG
c1232cb8d59a975b961ca7f8d9071da06c35a24d99be56f4e88c0febd14f842d	HolSmt	HolSmt.r175
c1299f5d9a74b4d5cbd3b2128a473fef53b48f32776effad7032484563e9bbff	bag	bag.BAG_DISJOINT_BAG_UNION
c12bcc25d178f28e6c167d060478538307e6b2805d2b36ef12631a10c05a316e	EncodeVar	EncodeVar.fixed_width_unit
c146049dfeca530c98738b84ed8f461b291940d3fae3d2472015e86c69e2b879	bnfPrelims	bnfPrelims.funMap_ID
c15ab9269f44e609058da88ee5e3d29e56ad8ce5db331b6bdda177694444e469	arithmetic	arithmetic.LESS_MONO_ADD
c167ba44b6ce2f523a0ea59c0d133fef9ead9a827e89412bc2fd7635a307fa5f	HolSmt	HolSmt.t006
c16e70e3854546dcce5a6c8a8c14c4be629f4e43f961e4ccdc6b9e50056e9523	cardinal	cardinal.finite_subsets_bijection
c170f70815ef1236f972f1548eb81d2d4765b0269c13f909bf2d36c1cb8d644f	HolSmt	HolSmt.ALL_DISTINCT_NIL
c1749f26f161e7a8ed22acfaab6ea12bbdcd41a7e59d73cd54fef169f287ee02	bitstring	bitstring.word_lsl_v2w
c175be088583d4bbb084cb0f4b5db35c01533e3c823d794e471bba0a8e24a5bd	arithmetic	arithmetic.ZERO_LESS_EQ
c189c3231adbdeb8d94ae049b7830295367ddeac534c4fbc5e116fc93f7c3323	Omega	Omega.nightmare_implies_LHS
c19eb7414a3087bb107cd968a9122910d64eb8c0081cc72521248b47eb0768db	arithmetic	arithmetic.EVEN_SUB
c1b176b05d65341e290bb44602fc52827d4a7c62a76481c2920488e213c07bab	alist	alist.FUPDATE_LIST_EQ_APPEND_REVERSE
c1b3c1a130c7b29da085361b7543837c46ac896496a473cae4f8a95e0fcedda6	arithmetic	arithmetic.LESS_DIV_EQ_ZERO
c1d9695a4136b49443449b7622c3193c7621e8e9ef2c828634bbac7fa97044bf	bool	bool.LEFT_FORALL_IMP_THM
c1e636fc3d372acfa4058a2d4a94d5131653bd24e85b142c7006aa1f6689e09b	HolSmt	HolSmt.r180
c2128a84bce0d072cfc621ecea3acbbebbec10fb5b6c1a03e71b85400e2305ec	binary_ieee	binary_ieee.float_round_roundTowardPositive_plus_infinity
c216b303e3791062cfdb9e0c7ddb54bb6e18d7882e1bf3311de74157becb4266	cardinal	cardinal.CARD_LDISTRIB
c21ac787aa59425f932681d2327f2ffe9e7b54505269632818270358becb10ee	arithmetic	arithmetic.SUB_MOD
c2220e16347a6a70795fbbcf561711f28399c38bde007ee65169edbadaf17616	arithmetic	arithmetic.SUB_LEFT_LESS_EQ
c232415b55207b1627fbd1021997d5a1ca09ff753b6e09cd8d0bea22ebf9dc87	bit	bit.ADD_BIT_SUC
c23f363982cce6ff61838d7c95d3784f26990a87221553861cc4f4198abdf92a	alist	alist.ALOOKUP_EQ_FLOOKUP
c23ffd16fe3201995301945ce2cf8b08e857480464f118b3c196da74897e1bcf	arithmetic	arithmetic.transitive_LESS
c24727f67f59700a5eee016050967ac73bd47cdc96d8c1b8632d2cffaa14658f	ASCIInumbers	ASCIInumbers.UNHEX_def
c25887995dfa611ef83fefed3a46afe8b64e8fc421557f5b9b9b0b144cd932e9	borel	borel.IN_MEASURABLE_BOREL_BOREL_ABS
c26e55b3dd2d70eb5bdbe6ec7b29f8e14174939b8d295b0bcdc01088c7073fef	binary_ieee	binary_ieee.flags_Axiom
c275da6f700116afecb4e638fef9a26fa5746f7182437baf1ff8ecde2a82542a	borel	borel.IN_MEASURABLE_BOREL_PROD'
c281c55757f9e7b756dfa8d82017fb92a9802be85cb7705581cd288b36dcaad2	bit	bit.TWOEXP_DIVISION
c284cc28371fdaf8b0e835bbb346cbf459982d5c405f0eb714ec20a74e8038a3	arithmetic	arithmetic.num_nchotomy
c28de579fb6ae6ec54f459843ab4322332324f7d034c2672a787772ab0a5f0fd	borel	borel.IN_MEASURABLE_BOREL_MIN
c2b5aa3e3336a5ebd8d010da6b49976e119615b5c29bc2492f8060e000d68ffd	bitstring	bitstring.field_fixwidth
c2cd4f26425274af3d38e7490356ac6004e59cb600db501e5c776fd9c1b5c6c3	alignment	alignment.align_shift
c2dbb6b98e03aeedb1fd34687586b5aab67266dbb7f803ae23582ab20e9e5516	arithmetic	arithmetic.EVEN_EXP
c316b4d2993b4a73cd8d962535db06450ef6dfa1b4725351e3dead04c6961d8d	HolSmt	HolSmt.r065
c31cc33dfa8877456a06bc01bd6d33d5b8af1881e0f2997bbdaf7e21d5cc2f0c	bit	bit.BITS_SUC
c31e091f67be87c16769c2629b3d3f3898fe1e7b05e100f1dcddca6d3a0b4d42	bool	bool.EXISTS_SIMP
c33dac4e12f430f77fc27e5cb594edab0243b23d766ecd6959df5b65a87d63b5	coalgAxioms	coalgAxioms.sbisimulation_projns_homo
c34d2061e48ed88f2e79838c5eb14f48c622dc1c9c650662b026cf83ea0bee22	arithmetic	arithmetic.MAX_0
c34f26fd0835c86d2acf625f097789bc9f6dcda744c45f3436ae455829e8d8b2	arithmetic	arithmetic.MULT_LESS_EQ_SUC
c350387b541c278925ddec4f01d1a63e0351f6cb1bd5c42ca566901308724575	arithmetic	arithmetic.SUB_LESS_EQ_ADD
c370742a746baeb7c83f402e1137f76a3f9daf38719619b2b572de3f51c09f8b	binary_ieee	binary_ieee.EXISTS_flags
c3a56e0255a426f2b08c27cd0f294fa71b1ed683ffaccc331735d0199af1e1d9	byte	byte.get_byte_cycle
c3c604ea0761cbe04db6441860cdb8c017c5438647b2ac0bcbd10df2ae967b0a	arithmetic	arithmetic.ODD_OR_EVEN
c3d3f63c18a8b8c6d730440173f5a1a39cb66cd410f240f7459ebfa0d33b5afa	bool	bool.EQ_SYM_EQ
c3d7649193d6fac6d9ac0761f03085522a599b1e49613c37a01eec15ed945998	arithmetic	arithmetic.LESS_SUC_EQ_COR
c3fa127e552d546277bbd37297f90b46edff3395ef2e08b155de4d073a171878	cardinal	cardinal.CARDEQ_0
c407751acb88ea589ab7b4ac67a5a4022018ce047df00eea7c7520123fb047ea	cardinal	cardinal.UNIV_fun_exp
c40da24fe9635259e996eadf7a9a00823a4579b44768a6f3c019ed2d7e4a4bd2	bitstring	bitstring.v2n_lt
c40df6087d30f5a9ae9835e2b9e117f0cb8c3aedb56425f980a29977d35bc279	alist_tree	alist_tree.alookup_to_option_choice
c41e28a2171475144f7ec66cb0d7a4d9ac6ae47004098c57e4f597a363ebf402	alist_tree	alist_tree.is_insert_far_right
c42aaef75db87bc8c017b22ebf2a6fa4b0219ed6a5858c99c5d03c0e4e9f68ef	bitstring	bitstring.length_rev_count_list
c42ccb5ca25ffd071f45ac6b9c78c76d17fc832a73ef4aca0e75506e180428ed	HolSmt	HolSmt.r037
c430b79626dfafba276252af7551fd5c20c8be98947825c6528601436787c476	bisimulation	bisimulation.BISIM_REL_def
c431026b6e1853870a7a446bcc72beb3221c25366b34ec0abbec1a432fb8cf8a	arithmetic	arithmetic.datatype_num
c431a89326c04a4ae961edb9188167b58e190b4383050043effd0b81b002bed3	arithmetic	arithmetic.MULT_DIV
c452b92519ca1a33a4fd3b336be13d9810d894f3f2762b662fb699f3288d379d	cardinal	cardinal.CARD_EQ_BIJECTIONS
c45f195bb224e3cdeb386db104ca563570d986da2e840a3e2cd64a93b4eeafb0	alist	alist.ALL_DISTINCT_fmap_to_alist_keys
c4633afbd5c9afe783149c87d5a5cc76b80596d66ecac888c56f869a93bd8d32	arithmetic	arithmetic.LESS_IMP_LESS_OR_EQ
c49cd029aaea246006981ba86dfcbbe9e3fa61dfa910f837f42961b8a2875632	arithmetic	arithmetic.NUM_EXP_ADD
c4b7a14941545074d63441a6284eec1e30c55d509c09780703175ad0e10223ec	cardinal	cardinal.BIGPRODi_SING_EQ
c4d63a20aa5b3ca97e689321095a1facbe9bae05e947c99ffea9730f1c617ee6	bitstring	bitstring.v2n_n2v
c4da69598dbb6877f604487b6e03821314f66bba4e52401d22ddb8a6d8a42f05	cardinal	cardinal.set_exp_cardle_cong
c4f5a8f2ef0bd160b4c4e91a944b6f54918d42c0b5bcf7a81ef7d98a1227292c	HolSmt	HolSmt.r022
c50dad8e5a0182202f69bed9059f15e5b3c123f1508852ae1b76223aeebf6e33	bool	bool.PULL_FORALL
c527bff0dde7d5a824ba0a7b93508a1bcd77d6bbe82228bcf0fe63741c8f4866	HolSmt	HolSmt.r256
c5301113bb4347752efa5fb67a9f80fa1823ea2a9a6997f3f131ea667f2f3b7f	binary_ieee	binary_ieee.float_div_minus_infinity_finite
c54f09acc60a10a4418f729bf900acdd47b20f34ec75bb090b2ada39e0beaecc	bisimulation	bisimulation.TS_IMP_WTS
c55088530d765dbedd539c31283a886bc77608a681864a52a17f328e526ef15c	arithmetic	arithmetic.MOD_PLUS3
c5539351397f178052e6037b4876581cc7286ebb671de46a86bd855659d43634	byte	byte.word_of_bytes_bytes_to_word
c55ade129c4774d34c6dfa93cb9fb1913f41330b62160b89d446670841b0c7ab	bag	bag.BAG_GEN_SUM_REC
c5600549e73bcb3f893ac8c77ff7feb1c61a4c98bd656ed874b4e23c88db59ce	borel	borel.RIGHT_IMP_AE_THM
c572d235393b5df57c6f8ef046233672e4e58ba541153dbf15b18dc0bee9e30e	borel	borel.IN_MEASURABLE_BOREL_NEGINF
c574cb6b8bad2ceda4b262de390a933481bd21320dd86b90ffc1d28392ba9588	DeepSyntax	DeepSyntax.deep_form_nchotomy
c5aeaf2ec370ee5e65709a34f3dc4a8ea2482928e02cc56a1c0e140eb1c0639d	arithmetic	arithmetic.DIV_P_UNIV
c5b199e1c7fe4c1ab572a89fcd2e231a2ef4999fa816577d5680e5ef357312b6	bnfPrelims	bnfPrelims.IMAGE_BIGUNIONo
c602b8626bb0d7f121c19f2b4809123992db131a54d4f85110df3d4dade86bf6	Omega	Omega.onlyuppers_satisfiable
c61066d078557d69d489b2a738ff22baafa671660faf8a827d8af1f261ddc900	HolSmt	HolSmt.r206
c61822e77a454567ca2c3d9855c8df17c7d1134538b06656adc5fc999ea79875	Omega	Omega.eval_step_lower1
c6240f6b2ecc4296be2734e3e049733a6b9a03c1facfc1f28bec60f6b3a834da	bag	bag.BAG_DISJOINT_BAG_IN
c636ebe264500d987f35590ad3b55d0f082693689e13684b0a736e71dc876ce2	binary_ieee	binary_ieee.float_compare2num_thm
c65f6202978adbb12df25d4bc81ef6862d9dce78f43d8d278ff08f6d333ef2ad	bitArith	bitArith.sub_aux_ind
c671f26192061661a08ce9878b1a34411d9e0b7b26058c01e99998ceb8731be0	cardinal	cardinal.COUNTABLE_AS_IMAGE_SUBSET_EQ
c67ff5b14ccf88102f0c19268a140411ea83fb1f8206d769087be1091e09e26a	HolSmt	HolSmt.r258
c68c5dc03137176c4a7f4ccde6cc73e508e13f94e4ae21f19281bcd7dc8dce28	bag	bag.SUB_BAG_ALL_DISTINCT
c6a32c59a9f75d111222c8bfecd734d36746ae2507edf504d2113341aa1a566b	HolSmt	HolSmt.d007
c6aec3bd9ea2f38b851fe7b2d7e344900958a29f1a3bb66888a26faf91f560bb	bag	bag.SUB_BAG_INSERT
c6d3d789ca57470b163167e17d99279db22171dafd9b505209f266d434dc5494	bag	bag.BAG_ALL_DISTINCT_DELETE
c7186f312d5382e41a944bf375ed9c3154478b23ff5182ceb9dcf1a5e84a101a	binary_ieee	binary_ieee.float_round_to_integral_compute
c72d1fe343ea1c1afd76a4fb8af5b12c0cb4bc97e32c149a9fe6308601c35258	HolSmt	HolSmt.r005
c732505e43d66ca2eada9f9c6bdc42b5f62fb664fa5feffd8f6aa820f1f53b61	bisimulation	bisimulation.BISIM_INV
c739b1b2ff93e80af40914906db6c8ab618edbe0ae4f80b4459feb028b96c350	combin	combin.UPDATE_APPLY_ID
c78685aa7c3e9eb06b0cc719b81148ab1bef9bbf8f98f089a4a2a0172fcc0476	borel	borel.IN_MEASURABLE_BOREL_ALL
c79b9184ac0c5a0331844048712b8594838a75ffa086c9a5fe276add3d702cc7	arithmetic	arithmetic.FUNPOW_CONG
c7d6390b7977e192f0e1057bccb03f6c9ab912baba8e3a1b06901dd57d375cdf	bool	bool.COND_RATOR
c7e48cb89a85d7a040d0dd6e9043e70da76473815f0c239d444bcf11bb344af1	bag	bag.SET_OF_EL_BAG
c7e852549cf203c5a2a772b8c3a784b8bc1aa610ca66e51ff151a07a551ae3f4	bisimulation	bisimulation.WBISIM_REL_cases
c7e85361c515d423671afaf057978831850f3d4178c7a01ed64db21f418c7d19	byte	byte.bytes_of_num_compute
c7eac9d5d8c6e272c6ed2759d357aaec169e5bffcb794f5ed24d28b26e7be19f	byte	byte.get_byte_word_of_bytes_be
c7f87e89a44452546d2000513e78e6846f2eca8d0fb64dff787d5dbc158f3126	coalgAxioms	coalgAxioms.prop6_2
c8044f6a3d8d3a4f69e3bdf66257c43cae1042d88ab29fbaad0ec6bebb206775	bitstring	bitstring.length_sign_extend
c817cfcc356afd299777a65fe2ef46fc1cc5ebca9a7bafccf2489c32529bc468	arithmetic	arithmetic.MULT_CLAUSES
c8304d5cf33d65f6288f3daf35c01748eb298334bb0d1dab2bc51fda40b0cb68	combin	combin.IN_EXTENSIONAL_UNDEFINED
c837f2e940aff9adb6a52bd4e85b456b5902be736e457c4042e63d5d4a9314c6	Omega	Omega.eval_step_upper1
c863cd51fc37a95845ead252bfab20d507fb69d1c3fb8b16ccb5ffd943849258	cardinal	cardinal.CARDEQ_SUBSET_CARDLEQ
c863f2dea70af85dad42aab59567d4f88c8fe80876400ab770dca50f01eefc00	cardinal	cardinal.le_c
c86af7aea1115f3982d6ed4b2c316c7a8ef7c299700c46b9013ae976aafbdafc	HolSmt	HolSmt.r071
c86d00791bd365a200467e296617013a44fca6594f01e6fec2c7de1d4a4e69d1	arithmetic	arithmetic.MODEQ_NONZERO_MODEQUALITY
c8779bd6c5839590fe3ba73c2c2d3d5f2fc60494a76d079cb094c0e0bdf8e1d6	borel	borel.IN_MEASURABLE_BOREL_MINUS
c88c589a3fb03d9bc70d568d934e4bb9404929b1c5f57449aead339d39d61d84	bool	bool.TRUTH
c8983c275e353cfedb054b9520ae309ba958545b2a3f758e75936af9d4dbd258	binary_ieee	binary_ieee.float_induction
c8b0c66c069458091b71a378a403eaeb9587a3db60473f410f100505253cb9da	arithmetic	arithmetic.X_LT_X_SQUARED
c8c19461c9d22ecb416355beff5e39d0202636fa86ba94d0e49f1519603c46cb	alist	alist.MAP_values_fmap_to_alist
c8ce25eeef97bd8c5c580573e3497767554be260e5a9305381e26d9538c47690	arithmetic	arithmetic.GREATER_EQ
c8dd413864bbad4b1116b9b760c548c143fa193ec0b4c3bbee1c2d7bd70470d0	arithmetic	arithmetic.NOT_LEQ
c8f7f709b558433e7420cab087cab95022ed9038f49de1209309d6aca34a142b	bnfPrelims	bnfPrelims.UNION_EMPTY1
c907c384f648a8fb200b66e897be3c5832ebe1c0754126adab805a740f63bbe0	arithmetic	arithmetic.transitive_measure
c90d8a5fc27fe4cb92e66584781c2685906bbcbe0bd457e822dc772fb48075f8	borel	borel.BOREL_MEASURABLE_SETS_NORMAL
c935184b0089d22be7047bddd76a945b4f769833ca9f4f606c8150d53db96fad	HolSmt	HolSmt.r261
c94ab88092e1371ef2b7f91a821995096b8e7733da15371601b4658c19ec06f1	ASCIInumbers	ASCIInumbers.LENGTH_num_to_oct_string
c9561e247dfddfb4ae1c86dacfaac9b80b65a7085388cd0f06e4416dff70ca19	ConseqConv	ConseqConv.IMP_CLAUSES_XF
c95bb30c13b220e63b0c2a9a503c54ce316fb4a3f52c8c3aa3ffebcd7562c292	arithmetic	arithmetic.LE_MULT_CANCEL_RBARE
c9a060c0ef62b8fa50928a7d68a63aaaf97d170e808cb21232db90e12a731a7a	HolSmt	HolSmt.r226
c9b651311eed01ac40c85eb75225d72f8499a46fb9c007bebce0e19191696fdf	bitstring	bitstring.word_modify_v2w
c9bdd564e64d468538d2bbbc3e86981728399d10e56ba26740c250b9a30b1174	bool	bool.NOT_IMP
c9c9a8a505a2007dd552a1bdca027056b52895ceb16523760caf81d302d646d6	HolSmt	HolSmt.r211
c9cf853b5c521a974b415776905c41c121edb04ded14eb9cd6f224f2086d5443	borel	borel.sigma_finite_lborel
c9d45ddf188d468e0fa5ca081878f77c2006bae80b4cb844c2f7083b6bc6aab2	cardinal	cardinal.INFINITE_Unum
c9e1a742ec9524884fb7d8f560308be72dd81508350c0d86095b1e342526de57	bit	bit.DIVMOD_2EXP
c9fad204c3df65858dfc5dcd0f7f1d0daf512f940444580bfe87fa4d806b50f4	bag	bag.TC_mlt1_UNION2_I
ca18733382791e32212a636357daf38e9b5c3444507ca2cd84d512fe3af042eb	bag	bag.BAG_OF_SET_UNION
ca489ef9e9a21ba1dceb245110af3af30f47fb18dabd2ad56a9db2c8234b47aa	binary_ieee	binary_ieee.float_fupdcanon_comp
ca4cafbf3ed709296f99feb984f00c58e139f88590819b6f352ddda8ba5a4ffe	borel	borel.AE_I
ca4d4a77d9a242cd471898d6a7cf37f721bf860abdb2db45e0f348520f50ad7b	borel	borel.BOREL_MEASURABLE_SETS3
ca68481bc36e23338500c149d894a0c6373abfadad08ba5cf568ad88b319475c	ConseqConv	ConseqConv.NOT_CLAUSES_T
caa22a17eeb2eb6ae0701667de6fb2802afbc6979825bd92be90c049bf0f8eb2	cardinal	cardinal.countable_thm
caae7f2ba0a7f96a4aff4abf90d7a31e11ea0b60bcab9d6c3b049191c094b240	HolSmt	HolSmt.d023
cac318a7d7cdc1441a43995d130f2dfaf31923bb1d9ab3f3fd2149c4ab936ab5	Omega	Omega.EVERY_SUMMAND_not_eq
cacbeabc5046f2710867ec366259e2ef2523143d38ae50e2772ebff089b17b6f	bit	bit.EXISTS_BIT_IN_RANGE
cadbffadb5124b08c06f2c6d5ef88e6783cd2f1bea624670f7f3a3d9c171e900	Encode	Encode.tree_induction
cae1fcab22528efbf023bbbb82e99a9857b6f4037bf6998612608d334a9afe2a	arithmetic	arithmetic.DIV_1
cae8655102e959147d6c2419f460e10cc6426fa642e124d9b2d26848c01ad7f1	bag	bag.BAG_MERGE_IDEM
caf44cf4874c86c2016dc0cbfc26bd15c0d54c685c6452c536f576f03e8c823e	borel	borel.lambda_empty
cafbf8969806a67e4af92d09c0ddae76c805e54c999d2b4841a4b5e5b5c5c436	alist	alist.FDOM_alist_to_fmap
cb0120291edd0bd14d2105da80570356ec19b12af9c5807935f1a026960ec9be	HolSmt	HolSmt.p009
cb049e4b6317ffa20461afac81de8d1cc48556138967fd3396b65ab8c5f74ff1	bit	bit.BITSLT_THM
cb263545b0436b6fd1fe065b1f6619cd93e4e4c9d4d784c0e64e62bbb2a9f7c2	bag	bag.BAG_INN_0
cb3903cfeb930dc26230dff0020be74e2d0afb4840a82958db47f55e94983c3a	bool	bool.OR_INTRO_THM1
cb50160c8fe9bcbeb2073d55d4846a0197275265214af625b9b560bb11075dd0	arithmetic	arithmetic.SUC_ELIM_NUMERALS
cb73929cdcf022fe1f665be679ee413fe049ac4912398a3faf84029ec781b223	HolSmt	HolSmt.IMP_DISJ_1
cb779426f6db81732e66a1e3648f1addb1f41cb5109c0ca2c6e66ffae7ebd81b	HolSmt	HolSmt.r121
cb8cd46cff5592172a51c41cfb80a057cd368f6f96c50e57fba4edb7748420d9	bag	bag.C_BAG_INSERT_ONE_ONE
cba9b675ad082a733646456a398038cccdcfa8e91b9f4f70352547d2a4757654	bit	bit.NOT_MOD2_LEM2
cbbd98cf66309b2fe4fc7916213c1578c4dfd8ec9d979825bfb74bc4697c05f7	bag	bag.BAG_INSERT_EQ_UNION
cc1219f2183b91b5504df9c6aade7fcd9fbb73db8f5aefe405ec5cf8fdff752d	borel	borel.borel_measurable_real_set
cc1d229c3ed0b3c1f912988d277af4ac1001206f031e72bff49cd1015833a862	arithmetic	arithmetic.PRE_SUB1
cc89d28065be362c3eebc8b976a2df06b7501c1e01d6a7aaea222bad03d5a70a	bnfPrelims	bnfPrelims.EQ_SING
cc996bab9bbb42ad2d4466cec942067fe4958a90202668a03df14b70c3c131a2	binary_ieee	binary_ieee.float_is_zero_next_hi
ccb15df003ac9faf63ede1bdb6b0603cf67da84f802907c861a0ac98c143404c	HolSmt	HolSmt.r238
ccb9b6964f17531c8aa546a0081147201b55075493b3bd8083611a8fca06a06b	bag	bag.BAG_DISJOINT_DIFF
ccd8f8da605c0ebb13a49af9a9f52fadea28ae18345b4d1c5daf5d910c339f3a	bnfPrelims	bnfPrelims.SKg_thm
cced8d5e50801ceb8f2a19bf93c16c4c2566f0a8ee722acbf6df4c08586adec4	arithmetic	arithmetic.MULT_DIV_2
ccfba8494cd8e265e2088870aa91a9c666c0ac47caee5ccb083276826773e944	bag	bag.unibag_EQ_BAG_INSERT
ccfd40a2515a3c72372a34dd3acf52224c4a1453e79e62823d6f3579c5802160	cardinal	cardinal.cardleq_copy_wellorders
cd02fec57ab079ad8e8da239ad948424a7ed12303e54a87e5cbe8f3880e90a5b	cardinal	cardinal.mul_c
cd39e69e0d2104ec8cde8c56c12d8407996505cf9cf80549b5c3ce27baa3ad64	borel	borel.IN_MEASURABLE_BOREL_MUL_INDICATOR_EQ
cd5db0fcd980367080547a9e7882ccbe5942d894fbb356e113bb1602ebd92e94	bool	bool.SKOLEM_THM
cd6318b690f297b19970ed10c106292044b80a95eb494ab0c06075fe367e7008	bit	bit.MOD_LEQ
cd8cbea9f181a35182383b2f2585a46c13a52368ca02a020698d73ef6b1fd565	EncodeVar	EncodeVar.of_length_exists_zero
cdadb2f607b595c80a5cbe60d6b7cec7b85b06380146175c5700f8d7926ac227	HolSmt	HolSmt.d017
cdbd089db61ac5761a747f68cce3275666004022c82846594c16cff8ea200fbf	binary_ieee	binary_ieee.num2float_compare_thm
cdd5991e730a7c9090dd255697c93d9eb56ca4c911071abb17312f528670c0d1	bag	bag.BAG_INN_LESS
cdf37aa6140d5633a68bac6227be03c4410eee14f1f21683a9935db12017379b	coalgAxioms	coalgAxioms.prop5_9_2
ce150e1186787bd3d8e6aef48003f767ce65bdeb692da43abdaa82341da7e83c	borel	borel.IN_MEASURABLE_BOREL_SUM'
ce1b1e28d1c901cd01c7ce4154625601af1494acc0de3d8100b8c987787da6dc	arithmetic	arithmetic.SUC_MOD
ce1ec5fb55174aedac89df633c02b6fcd4fbedfef1eb431d16b7a6148ba53590	While	While.OLEAST_INTRO
ce4cea89120153ccdc8b115028597c8bbce4f4228af53ab70b5d9719296d9495	arithmetic	arithmetic.SUC_ADD_SYM
ce5a146545666bbc663f6f3dd9899474e9927117c3628755b5d48922890b1948	cardinal	cardinal.FINITE_CLE_INFINITE
ce5c591eae8b6b7787289fbe208c7f0158ff142bd0ee468025a3cd16a4de394d	HolSmt	HolSmt.t018
ce5ca7e09d6d4de6032f5e9f7d3fe683a5e9cc565befb818ce5dac0945bda792	HolSmt	HolSmt.i002
ce8b010068e5dc2617ca2351f40e89bc53079b205f0a6dd1ff8f8ba7f9bfc57e	cardinal	cardinal.CARDEQ_CARD_EQN
ce981bc2f67d51f141dcf223c7626106fd29205a8b30229e9535901a38859761	cardinal	cardinal.IMAGE_cardleq_rwt
cea727770f8dbc5555e7416aa2a21873960f3b49c3a451275e1b8d6b04a9d1aa	arithmetic	arithmetic.EVEN_ODD_EXISTS
cea7673b51b7f8e6de4f27e69b0ff7e7ee412b8f51826e5c68753f1b0eb0fce7	SGAUnicodeMergeB	SGAUnicodeMergeB.thm1
ceb4b2759e53327cd66d753f02a0c40d03fc48640d66fc19891b77774da135f6	bool	bool.UEXISTS_SIMP
cecada13019a0af26d3f19c8ea2bab5dd139fa83c63a57d9ba6f8b927e300139	Omega	Omega.dark_shadow_ind
cedc6f7edf424c5e620068eaf1929b59db02dc1fa7f37627be90061ee6c5ba95	alist_tree	alist_tree.balance_r
ceed5dcd41101533816949487aa04a155f7fcd8965bb43cf1ff038dfdfa85f65	bool	bool.EXISTS_REFL
cf069c9fdc5b9efe948b461ea2cffd7aeb58accb86882a732be46c0170b6d5ef	cardinal	cardinal.tupNONE_IN_BIGPRODi
cf09110642f8d2f7d7defb13afc19d73855ea00f82c905ac85a3c4ce62f02d3c	HolSmt	HolSmt.r251
cf156c498d4943592a0257597e62c0c90d63e8cd148438202ebe8d7276038b3f	bag	bag.BAG_MERGE_EMPTY
cf2a3e5ae0c9f1ef8472623425c954ba270a94ee8e0773b17bd31703b108369a	Omega	Omega.EVERY_SUMMAND_not_le
cf2deef893e07e1666e6c3082803df0f2fae26dd7bf8f8d015aa207a3fd99eb6	bitArith	bitArith.divpow2_compute
cf65b68d6c3edf4d8672c8b8b425af45d116a7e8ea09de2e6670f5125c46d30a	bnfPrelims	bnfPrelims.pairMap_ID
cf77e281cf2dcdf21c436983db1b1eb8f0b4b138fc45dae0bb11232125c35a37	HolSmt	HolSmt.t032
cf79fd27774690b571821a6a2d2adc6a8645734547e31097cc7a8c75577ae3a5	arithmetic	arithmetic.EXP_BASE_LE_IFF
cf8a722852e02ffd7fcbe8d2fcc9ba41b0356634558798b003513873fd38a371	binary_ieee	binary_ieee.round_roundTowardPositive_plus_infinity
cf98dc3af9b0103ef3eafa646b348de8fa09e76478c0e182af394296ac80740e	blast	blast.word_asr_bv_expand
cfa1ec54d21c48a11958ae5d60f8eff735c6c118293ef97645c6687c67919d97	HolSmt	HolSmt.r231
cfa30aa7ddd8fc3885b8e365f1423cb21d2c7dd8e4b21ddaec142c2204558c7d	binary_ieee	binary_ieee.float_add_minus_infinity_finite
cfa46f22c9f29e026a0f14448df77b4da8649b30d2e6924a141c6bfe36ac2733	cardinal	cardinal.CARD_MUL_LT_LEMMA
cfaaff926db2df0c96ccd325f85f8f63e908568ed81c1ff4528cd6964e17d4ff	cardinal	cardinal.INJECTIVE_IMAGE
cfc4b9f6db56d69dacc55d079ea643d10b65364d59996bb9e830a67139673ec3	byte	byte.word_eq_of_get_byte
cfc54d23ba9dc2f80042c74d41abf8bcce1ba393c404da321570d4c560ad8161	basis_emit	basis_emit.FCPi_def
cfc814a9966b31d169e19919353380cc5776594bfd6148cd12a69f6db4b85627	cardinal	cardinal.CARD_ADD_ABSORB_LE
cfeac87d49505e1b4dde180825a8b265315c599c176fa9ed364ba395f9f5e7c5	bool	bool.COND_EXPAND
d023bd82b98f62b4b491f630252759721aa8759a936dd5c8c6a29a7eec89994c	borel	borel.IN_MEASURABLE_BOREL_FN_MINUS
d0299f9eb5fdecc1c18f44e2db4ec6521b2715d84af887262c71f36a86e35191	Omega	Omega.eval_step_extra4
d054ae0ef64bc00343a04608d522cb939740caea4a65da31d15f41abdffc9131	HolSmt	HolSmt.r055
d0822243de52c23324cb9aa3b2b2d3bf88f35c2677b8e44354ec7bda59efe0f7	bit	bit.BITWISE_AND_0
d08f056d37872e32dc8f5ddf0588a5671139791b7f87acdbd928c9789152ccd0	arithmetic	arithmetic.STRICTLY_INCREASING_TC
d0b9e3c88f597eec30678df2b159abba2e428e67a612bd321aa8518d589e08f1	bag	bag.BIG_BAG_UNION_DELETE
d0ce7a59e3f51c2d61b8b63714adf40e689b2606c88664ec08f7ef2b56605196	alignment	alignment.aligned_bit_count_upto
d0d2ba625107dcc3c020c9254258976bc90f42499f3cd69f260f8ffb2c11451c	HolSmt	HolSmt.r140
d1642f3f40c6378ecaff98521d15753390c33b6e71f0762f63b40117384fee73	bag	bag.BAG_ALL_DISTINCT_SUB_BAG
d172df0a8b83d0aa116f6476008307ca8f2452941ff7e35199e5601aba63b508	bag	bag.unibag_DECOMPOSE
d17b0dd762900ae0e9a8459d45ac59e73120e629d55a1778a454d33b21cb9a6d	borel	borel.IN_MEASURABLE_BOREL_SUB'
d18974de17d830bbeb54b03e3b5348a32e6b004d117a1fbbfb2a2858ab15747e	HolSmt	HolSmt.CONJ_CONG
d18f339585ab07cac23ddf91baf58a2c948887ad6af0c523575b9e77f09713ca	borel	borel.BOREL_MEASURABLE_INFINITY
d1ae1b2fe4350840c08c492832fb314a5c687811f58fe34fafcd3eeef7366e53	Decode	Decode.decode_sum
d1e7ff287875875afb9a5287474c320f63fc488a8d364233b12b4cff0098da12	bit	bit.ONE_LE_TWOEXP
d1ef109c08ba446a2e91c5a2aa73d6461fe6f5a9d2a29dfdaa32ed6fc34d1e9d	cardinal	cardinal.INFINITE_NONEMPTY
d22b4a0c14c5f90075c664d9b907d16a40d42bb51d19b2d19b1f8753012c14ea	HolSmt	HolSmt.r213
d2361373f28163313631d5747ff04e794f8233d2fa2aeaa3aa6287f84dbf15c1	binary_ieee	binary_ieee.zero_le_two_pow_inv
d2a67bf0f5fcc01c1f93909aeff7b57ecdaf421563bf689adc82f41ea052c4c7	HolSmt	HolSmt.r203
d2ba3356412413ecb6fecf633390c2ff60df4aaad9740fd9f398db06106a701e	arithmetic	arithmetic.LESS_ADD
d2d0fccecdcc6bda1d21566181be4ba39666fda8a758fbb6f7faccded3065ed0	Omega	Omega.basic_shadow_equivalence
d2fd7e9036800efd1945bfd370497adc3cc3b53676040d046b2ffa8adc8b07e4	binary_ieee	binary_ieee.float_negate
d312ad3a60ec605dd524c143c5b7737209d5a3eca8d771e07dbc0c897d2e6c61	bnfPrelims	bnfPrelims.sumMapIMAGE1
d34464779280fbfa731b5f1db51a091cc27ea8c2945e18eb2411211fb312c63e	bool	bool.BOTH_EXISTS_IMP_THM
d380e48c04b8929f0a90836cd7535e0060f6e65ba00752cb4997ed121646f02f	bisimulation	bisimulation.WBISIM_REL_IS_WBISIM
d3a39b785947d4ea27f5d3730555be726bf3720e85ebcc4ec3b7aa4ea034c4c1	cardinal	cardinal.cardleq_dichotomy
d3c2e78a1f46202da8fdc33710a8aadde5272f47eb9df5327dd4be956520e5c0	borel	borel.IN_MEASURABLE_BOREL_INF
d3eba2c75610d9fa066f15463cb9e88949e31796f0133deb5984f758b46e630c	arithmetic	arithmetic.MOD_SUC_IFF
d40df0cdaf1aa818dfc8bb0ab621f06ad867f3425e3f5aa68be303ab3ccec737	arithmetic	arithmetic.binary_induct
d41cabed40549bf61fc94c8d356cc17d21ffc7f2e2f09dccfb5aa76e54500783	Encode	Encode.biprefix_appends
d42380352fa936d8892b430b859d24c340d8b901675c9122710547cd83672c3b	cardinal	cardinal.CARD_NOT_LE
d42a1bb70ef86e182c53c69f1d7543a6270dfb3bc5561eca73a8ee56b2da8fd1	arithmetic	arithmetic.LT_EXISTS
d4457202a6ccc4af90f509a1ea0f01bf46bfe0c73a6ce250d988da3430e76460	bool	bool.COND_CLAUSES
d4645e21551a5294f1f5941c8e2f9ef42f2b25c855498ac58c5094858993a40f	arithmetic	arithmetic.INV_PRE_EQ
d466abd081cdcb51b0d0798f210c2f28af1994fb6183081c073fcc1daf55a34b	bool	bool.UEXISTS_OR_THM
d46acfd79f807da6ecb688afadb34447b0cd0708c0932207c510f5fb5e8ea12a	arithmetic	arithmetic.FUNPOW_invariant_index
d4751656134ac41a3d63ba9dfe934b1d0def59c915de8c26fd55501326bc089b	alist	alist.ALOOKUP_NONE
d48eefeb649eea17f385a8d7d917f75c071ff3ecdc4d5663a45a2dbc54d21d04	Decode	Decode.encode_then_decode_prod
d4b6d678303f1096f17ea432d3cd6725a904a406a9c6b66982e29461e45e7af8	ConseqConv	ConseqConv.IMP_CONG_conj_strengthen
d4cb0e7bea4c839dbbd7a8a70062563ed629b2f0fca654a1494568dd74a29d12	bisimulation	bisimulation.WBISIM_RUNION
d4ec0cefd4de46cc9225d3d0fea49c59ecbd777c6cdb9bf8aaf83b8dc59818d2	Omega	Omega.COND_EX_THEN_THM
d50bf581c319f72cf4658c3563b3cbee50d43909fdb9b7494cbc2ecbfb7158f6	bag	bag.FINITE_EL_BAG
d55c3eae0061b46631e7490cdb2dee9fe5ca05cea3209a3ea26b09bc3c140b67	HolSmt	HolSmt.r149
d55e939ffd38cd600be4e715a7de5e30f9ac86e7997ed05f837cfe9cbe9dd5cc	borel	borel.IN_MEASURABLE_BOREL_NORMAL
d575fb619058194ca71c6256130eaef7ed76b5675732ea9749ade9606aa7bf93	arithmetic	arithmetic.EVEN_ADD
d5857c10d3339e49b94ec94ef7aad875963e8c3cae422c270b59528481933486	bitArith	bitArith.mulpow2_def
d5a3bb960ffd577cc81d2e8cc812503c1558dea5daa0e51c72d9e648c9b7c1ca	bit	bit.DIV_MULT_THM
d5c1f9b014acdeb63ccf8ea08544760396214360807e3f8ba274f662ce155a74	arithmetic	arithmetic.ADD_CLAUSES
d5d5a11293a21325f2b550597da8d98da78e1cd4842073803d8597576bb936ea	binary_ieeeProps	binary_ieeeProps.positive_representable
d61e9edf74348bef9cff6912a83782b4671692b12b7be31d9da5a1d04d9dc1b8	borel	borel.IN_MEASURABLE_BOREL_FROM_PROD_SIGMA'
d61fb785d4f4b6212cafd0d63e8247450021024197e1eacdc090f901de3e499a	bool	bool.RIGHT_FORALL_IMP_THM
d62434a23ad77d01b0e6a62a827099f319bb51fdec7b35d16973e2424359fa89	bitstring	bitstring.extend_cons
d6309ffaea21ea034ac146dca5d80ec46d4b4727c03b22d2a01bcd4b402a496f	binary_ieee	binary_ieee.float_add_finite
d631681e8d39007f36026599edc50e6598c77228e5ad67ba2c4c25e28d84a344	bag	bag.BAG_DIFF_EMPTY_simple
d6746d11712d2eb99422525c64ddc2b2cbe433451b1ab85f0a020f320eae07a6	arithmetic	arithmetic.transitive_monotone
d6a3885f60336dc2defa76f21de5b57b21b0dd1ba4fefc5965eee523b5287708	HolSmt	HolSmt.r125
d6a3df3654cae70abe9a46a8d878abb3fab1a101630278b5387b84f1fa02541f	HolSmt	HolSmt.r236
d6b24befeabfcf049ff0b54ee8b2e4cc80576625e759bef31836c494cd90de19	arithmetic	arithmetic.MOD_SUB
d6b8be009ae585517956421ae08c0fae17bb6bbcba4f3f4dcb9e502a0619c197	bag	bag.SET_OF_BAG_SING
d6c1bb3e194b32db42d9f6a1298fad8ced61e2c35be86262f07490aab456c0d3	byte	byte.get_byte_n2w_be
d6d262f5f1925735a71b4fd547453bcddabbd155b3993e793a8193b11e1fb987	bit	bit.BIT_SLICE_LEM
d6ebd2e0d30441d1fecfc26a4b8ac9fcc575bfc9239ef0f8a425362ce0f759aa	arithmetic	arithmetic.LESS_MULT_MONO
d733fad29670562a5b6dd556e982ed09fa83511b9a0fe6e7c23db6e9e6dd3c33	Encode	Encode.wf_encode_tree
d73eb94332f8d138628b635d1f763bc222dc7eb4682975cf6bcdf599fa5fdba3	binary_ieee	binary_ieee.datatype_float
d74f18615fb0357e6b9e3ed2d16a57f313efe0734e0ad281de48c0550985852b	binary_ieee	binary_ieee.flags_fupdcanon
d77075e49ce3cc1df8d2d4980c64d625d87d63803d9b3f6edf73a0bfa922e16c	coalgAxioms	coalgAxioms.UNIV_system
d77a14feffb873d4bc3a4949ad51f158aea7bcbaf2feaa4647700258df6714e9	arithmetic	arithmetic.LE_CASES
d77ff49efedf8d75bf9eda73b6d826399744478ea9e58ffc11f8632bd537e7cf	bit	bit.NOT_BITS
d7a240cd525f415930324cffa3c72bdf1e3dfa972eb6354c784ef7d2548d0bab	HolSmt	HolSmt.r129
d7b9820f63596c0687771f2373d01510455490ec19bbcc6d5bac074d62f05db3	arithmetic	arithmetic.bool_to_bit_neq_add
d7cf942d88622d48de73c4a946df313c5a4daa1319bae37571b8a97af196b623	bitArith	bitArith.mul_def
d7d24d0d97d9b6f61c0320bdb123c4430cbd3afd3674f5ed7a162136372fe323	Omega	Omega.SYM_MUL_LID
d80c75dc2b353db4e5ad80b03b2e84dec95b54d5d3cd2a1b52ec378a743e532d	bool	bool.OR_CLAUSES
d825e394bc1c8a2351170b948352a2a427daf016a906d5c4e6c000f5434edfb8	Omega	Omega.SYM_EQ_NEG
d82c8ae301e8a0fdd64bbdb004e6cb02a1a26ba94a15a00b6ab4bf3f1e12fd60	alist_tree	alist_tree.option_choice_f_assoc
d82d04c61a0d31deb038f8fdcdc362eb54e58eb5334773cac9b2a82632c80876	ConseqConv	ConseqConv.COND_CLAUSES_FT
d8558707a7e817089d336ea531a484511f4fe5c6e9b204bcf4d282ac8aa17694	bool	bool.OR_IMP_THM
d87f6bd13494e58f174b8dd9720a66d2e98656c6baceb8e7d771bb3cef503283	HolSmt	HolSmt.t010
d8a260a46c34a3b641ff14ff1a4711a898ca86b468084550b55c8e5eb62346e8	arithmetic	arithmetic.MULT_ASSOC
d8a4a833073bfd9fbce9d2636916280f1eec340bd5fcfff7f4edfcd65ba63dcb	cardinal	cardinal.cardleq_ANTISYM_IFF
d8bc93bfcce2a9b89bb1635d5648a66c4c71aca1dae07b1e57433ebe829c3065	binary_ieee	binary_ieee.float_mul_compute
d8c9fb9f65c251d94fd71fcf17b56ddce0d0d1717ff345c2cce3310e787dac20	arithmetic	arithmetic.COMPLETE_INDUCTION
d8cae3b1826d2137a65aaa371be80d673e65afaeaa83d408c3c27e2ab5f49c87	Decode	Decode.decode_list
d8dd72b58a85e7c1b56ac912f8ec6e66f4e1d5c47587729a5550c779930ac985	Decode	Decode.wf_decode_sum
d8e66e61483feef809d758ec1fed3e73022c5ace2900166b94e52042f022d829	binary_ieee	binary_ieee.datatype_float_value
d8edea5114fa345030489f354ed86a4c682b569dd9c322318853a1fdf8082cd2	borel	borel.BOREL_MEASURABLE_SETS_SING
d8fdc685f8ad80b50b03521a2b3abbf9720b15b3decf98718cd7efd9b1e8d4e3	bit	bit.BITS_ZERO2
d90493a4a7ad3a7bfa9ea6d0b44dc1b995af9a060b6dc21eb446e1d27806ad4d	bitArith	bitArith.add_aux_ind
d91b3b7e85462d7c6f55bcfa5b24a8a28c48085a6236d2777572e42e05a4533b	HolSmt	HolSmt.t024
d9212bbdae9ae74d445ff32ff0a8039e30b390e365a2daf3522925926246142a	binary_ieee	binary_ieee.float_div_plus_infinity_finite
d92712672f26fae9038a9641f6bfec8f7ec819409813318932f26c8104223b4c	bit	bit.BITS_SLICE_THM2
d929c4acc6dd9fc57ae2e4c97f10ec71b26d786f5d5f2f1a8674c99aab67407c	HolSmt	HolSmt.r250
d9412005dbde1b6b1a7d1db31b64001e1934a30ff57fd459e03eb31cc4f3544a	ConseqConv	ConseqConv.AND_CLAUSES_XX
d96f7c6b1cd8cd48a62de8ec76e7ca335496b1cc4ecdf1e31be45e5c34d601e6	bit	bit.BITS_ZERO3
d98fd3b87516295820333368a5ecbcaed4fe1c043272d04e27f8f43d4994851a	arithmetic	arithmetic.MODEQ_NUMERAL
d9985d878cf336ec870072316ebf45d52209087361f2884e877b52e471a564e5	bit	bit.BIT_SLICE_THM4
d9a0ebce9711e1dd30aab111e5ef54c23a55e37407918e086ede30da358cc6f8	Encode	Encode.wf_encode_sum
d9a324214a20f8499c9fc7964193f361622e2235e2c3508da92b1ce45bb026af	cardinal	cardinal.count_cardle
d9ef8bed8505e3109430a23ed4a1e5a19b319e5aba1e62ba4b5b8644cb0e5229	HolSmt	HolSmt.r204
da02d391a382cee3f328cb414553387b30e86288389417362583508d03191fc5	arithmetic	arithmetic.SUB_RIGHT_GREATER
da0e4c49836f840b8e6182b1ebe69b39fce1d79c619a2391dda3a36bd1352996	arithmetic	arithmetic.SUB_RIGHT_LESS_EQ
da14b389a7ca2d71bd8e277f4b6031e52b9b54d02c780b8c89748871970af549	arithmetic	arithmetic.FUNPOW_2
da209774c846a7065c59f6e690b69a3f3957ca88055776a35229684d39f09109	binary_ieee	binary_ieee.float_case_cong
da3d74c5bc1247bc32b11628d238b434ae5105452d50cddedd6d32b52632867f	bag	bag.TC_mlt1_UNION1_I
da4f3bd51856b010ebfe0a853df98c57bbec393bde7d02d4d6b1e53ded6bc162	coalgAxioms	coalgAxioms.coequalizer_def
da7366b47c695ab0f2a303da376282698cd145304fc82aa5f5b2eb15670c696d	cardinal	cardinal.INFINITE_cardleq_INSERT
da9f024f2f525570e9c27aec9604ac24d7007e961943b25d5e16a26d2490ea94	HolSmt	HolSmt.r153
daa4b0a254ad1a90b635a86bec9be33197ad37da613f3149d82bf9084394d09e	HolSmt	HolSmt.NNF_CONJ
dabf749f73c479055637b5221d58c8a0867f0016a72a536370bb71dd693ad07b	byte	byte.EL_word_to_bytes_aux
dad11f04fa5cdea7e42698c224594c9c12edade1b8d64fd95df5ad689cc534bb	bag	bag.BAG_CARD_BAG_INN
dae1fe624a5126655dbb7738fc5406ef314c6b70b94151480a992807da345daa	binary_ieee	binary_ieee.rounding_Axiom
dafd063a54830d828f78d6053b176eca9754931ff9d465cbb421766a3ae39a17	bag	bag.BAG_DELETE_PSUB_BAG
db1aedcba7d361b2686f447da48506132598724cd789788882d39371fa090636	bitArith	bitArith.zeroPad_ind
db262ab6bcad226b7b5477ebed73db895b7e435cfa5465db698cd609466993c0	bit	bit.BIT_OF_BITS_THM
db36c770793533363d91ed5a0294be4ce20a66207ba91f0c1e5e44f766963ce5	bag	bag.BAG_OF_SET_EQ_EMPTY_BAG
db3a7f8f94f9b3a3e243618e80628bbeaf031f2d152b958c1be9292f8c1d9758	arithmetic	arithmetic.ADD_EQ_SUB
db3c87fd76a762a77037b0e7d06d4341abe7fa3b021fa55fa38eb108767526bd	cardinal	cardinal.INFINITE_UNIV_INF
db4e6b4cd33127fb9e304ea8fdd2f6bcbe4313cb5ce7b066afa4a4eb303c179c	ASCIInumbers	ASCIInumbers.s2n_n2s
db57e902b67b7ef58f9fee6ae7bcc20578b62d5a1da322174de6c539cf9c1e9f	combin	combin.GEN_LET_RAND
db7ad70608fcf29950d70af086935d75ba2b9fd94fe0cbafd10c8dc519e4713e	borel	borel.IN_MEASURABLE_BOREL_POW_EXP
db7e602203e835a7d3458f1ee8c13bd99eed04e3cb8a41e5bb071ba06ba64baa	arithmetic	arithmetic.LESS_EQ_ANTISYM
db8da5bfbf52d2a5eecd80f23d8e5e4d1c32f0eb110c9908f1f379fa761835de	ConseqConv	ConseqConv.OR_CLAUSES_FX
db93e28112d9b3b1658a223f3c2770b50aa7f90feb5d114596abe633d26e1b3d	arithmetic	arithmetic.LE_ADD
dba78246817fcf0b8c7e920f34a8c632d36cc45080ea9e0078ec2393f5858d27	bitstring	bitstring.word_concat_v2w_rwt
dba8b9a2359c8addb1068a322c13b88a059dd4a5d3090d58746601a087f48e06	cardinal	cardinal.CARD_LE_IMAGE_GEN
dbe4ba6867d968a6dba2d6d8b51ddb8707e9b77012a8a16116cd92ba98cb466d	bnfPrelims	bnfPrelims.BIMG_IMAGE
dbf73facf8a1e3b5664e29b18d97bebf700d3698fab6a227878d18846d48f2bd	arithmetic	arithmetic.ADD_INV_0
dbfee5543d8489291ef6d2c9f4377186cd208af5a84a5ba2fec6aa4665f8fd73	arithmetic	arithmetic.EQ_LESS_EQ
dc121be99647e01fe6eb1f057fc2ab5178452d1f7e231a7c228ad9c6a944d19e	cardinal	cardinal.CARD_SUBSET_EQ
dc273a2b90ce89809a9b700e01706abeff84e438dda7f1ed736a190b0f1e3604	ConseqConv	ConseqConv.true_imp
dc2a7530a29e72b10915fbd9a40cd4cd9896aa84e319424ddb37843d64b2f321	byte	byte.first_byte_at_0w
dc519367fcc76f3ebe8b6ee91cd5b4c639a394bbe24d62bdf294a89e306c4382	binary_ieee	binary_ieee.float_infinities_distinct
dc7560d3db26be5855d031036837aeb2c6ed575f87c5559d17d21416d249296c	arithmetic	arithmetic.SUB_RIGHT_LESS
dc861372bfd6796f2331363a6607aba50849c62f900f8ce0853ec98e41f9140d	binary_ieee	binary_ieee.float_div_finite_plus_infinity
dcaa3506c1657aa921439e979cbae90896b6d96885a5766f726866e63f94557f	bit	bit.BITS_ZERO4
dcb9a5febde754a40e815c316c694e200e5d37f531e4ca562b8e721d81abba4b	HolSmt	HolSmt.IMP_DISJ_2
dcd309b327dd8ee8d27c7568e233ff23df7278457324034cc2d4b795db16b2f0	arithmetic	arithmetic.MIN_MAX_LE
dcdcf66aa6c2150b3bc0a15c47515e2eeb2c8794b6531df4b2b04f24136205db	bitArith	bitArith.karatsuba_num
dcecc05d090536f0e21cb4e196b99216afad2b24910aa31f8f27fd56e8e21515	bit	bit.MOD_PLUS_RIGHT
dd0956b2c13329b746f6fedc7ae6fd5903ec7598b09b0a79adec985ff746da06	alist	alist.ALL_DISTINCT_FEVERY_alist_to_fmap
dd2b0a6f2a0071f93826c0d956fbe212e59833b786afb409a9ce41df9a929596	HolSmt	HolSmt.r225
dd3c8d82094fe27e173bdb5ecfb3b2346a7b31449a574eb3b1ae6ffaa02cb445	arithmetic	arithmetic.ABS_DIFF_ADD_SAME
dd437a087fd3dbdea1c22f2bb958fe9740512e6395b46dd81f7d669f8cf557fc	While	While.OWHILE_WHILE
dd569f897bea959fd7bb1541e33104ae091789fc82a5181a9225e0aa112952f7	arithmetic	arithmetic.SUB_0
dd886ec47beb5122c9f8f70b036954dbdab0a624605edd1b4e8256e3a1c11a0c	alignment	alignment.aligned_add_sub
dd8dfb9bb07f79255ec02de41c012ccdcf6b03fd64df33bf498f65310d559cd9	Omega	Omega.FLIP_COND
dd924e892fd9ad7a582f69c32d450d7d78ccb9b551108314264a89efa3a30205	DeepSyntax	DeepSyntax.add_d_neginf
dd93b718fb8f594e9c869b3ba84f9e91f8b321e9959fa61833bdf6f56b77b7a6	bool	bool.RIGHT_EXISTS_AND_THM
dd9645ef8e3b4a1b1da5bc92f7244fdccf1162f6ea3ab7dc5e3c7ccb36a564e7	bitstring	bitstring.bitify_reverse_map
dda5c542593fb4c6e3fe9d098f9ac172236ad1a4af406fea15027f09958d1a1d	arithmetic	arithmetic.LESS_CASES_IMP
ddb5592e33bf722fc40d67cfeee94c956b62badae41780b8a7e72ee904dacb92	borel	borel.IN_MEASURABLE_BOREL_ABS'
ddc1a8f07c4a54cae73ca8ab0b559ee4da59d949908f5d52fa7c8ade1beb9cfd	bisimulation	bisimulation.ETS_WTS_ETS
ddc5a576dc33bd42d9a49b7f30e7f8d8a912ae3e5a1f186f387c7760d3096aa5	Encode	Encode.tree_nchotomy
ddc5e3ec3a6179867729a7d5540e9d15fba2ec1546b05c6c4c257c1061e2dde4	arithmetic	arithmetic.X_LE_X_SQUARED
ddcbe13c802f5ccc4045f9b1f31083789614772dae2330bb44685e869b76399c	cardinal	cardinal.wellorder_destWO
ddd70b26f436e881698bca3960049a8c74843fbe152436ed8d2530ceabfd3984	bit	bit.ODD_MOD_2
de00b554ac0e8250f43440cf5333f411250cad08b74d6727d00f8843f4dc7020	bag	bag.BAG_FILTER_SUB_BAG
de13a159296b1bb68b6f265c8b24a24d2c8a861eb144575f2c542f93f183c97b	borel	borel.Borel_eq_le
de3c387ae3a92a782058286b02c6396f5bc3917047a3ea4a579818d9c84dda35	bool	bool.DISJ_COMM
de40ea2437e4f233741d7d1f38f398d634887fc63668a583a72e24f2fdd74ba1	arithmetic	arithmetic.LESS_MONO_MULT2
de444407968346d82472dfff39f36c854a02e3b1b5ff2da68f9659fc99e12318	bag	bag.PSUB_BAG_TRANS
de4e0f1c941c55b72cb27ecc2cbdb463dc704944487930b3a2df4aaa2edc3be3	cardinal	cardinal.SING_set_exp
de74b1489ce1e09ab98d557b0901b599c8b6664d19fa95fdc17e762390ce6313	arithmetic	arithmetic.X_LT_EXP_X
de7997a92b358a48fd9b7853074ceb67f28f7990c7f48f0d9f85331e94de1c2a	bit	bit.BITWISE_COMM
de7cd8f83a693ed02991246a5230d9abb5e9c332edfebf7a99ac5dbae26dd70c	cardinal	cardinal.BIGPROD_CONS
de81928371bdfa9241a8ffe9d8264e8082a7671a21852909f9d8ea387755060a	HolSmt	HolSmt.r145
de93bf835f622d103932e02abca48d3723a4522fec310a4d42bd2cb36fbadf36	combin	combin.K_o_THM
de94ee129d1b7f83fddf43249f6ac2538145027996633704286579c2fdb33524	arithmetic	arithmetic.TC_eq_NRC
de9c28a92859b6a5e9e7324dfb6614f362e5464eba0606d48b5eea2e9919beb1	borel	borel.IN_MEASURABLE_BOREL_MAX
deafb54f82c0a447be07821313098174a95b124ab95750b75a513aa465da15e6	alist_tree	alist_tree.balance_l
ded078897ffea331f51363a428c1b2a020f94a8566d7297ee4700ae4d73bbec5	arithmetic	arithmetic.ONE_ONE_UNBOUNDED
dedeb39aaca51e97c9aac55a2c7d690ecf015059df260d363eab6d3257296f06	bitstring	bitstring.bitify_def
dee4457ec27fee064210f4c49e438a05023086c6f34e0852115e0f1e13bff45f	borel	borel.BOREL_MEASURABLE_SETS6
df507d061a811166f838755d85de0e724014e9ff6aa49e37073a750d8e1203ec	bag	bag.BAG_OF_SET_INJ
df5a11901aa4344f4445fe9e65a205519f5f052b4ce3da4df9131421f645fc5e	binary_ieee	binary_ieee.rounding2num_11
df70d84cd42bb6ea3d126066fe8d94a1bad806eb9c211761fc644184936b7aef	cardinal	cardinal.cardlt_lenoteq
df9359653890621c7591a844a1bb000e0b959c4a27b08e880dfa7b5f29b307b3	Omega	Omega.dark_shadow_condition_ind
df94d20d88142f605c315669d3e827ae19c09d125152dc32ff6ba4357505c76c	Omega	Omega.SYM_NEG_RMUL
df9715876b8d45d0124509b729ae8843566a34bc26aea89e49d46dae0f6e371c	bag	bag.BAG_IN_unibag
dfc6c6135c747b14fa282654295bd74e4f5915f9019c703abab6788e3e302de4	arithmetic	arithmetic.ADD_MONO_LESS_EQ
dfcbffc7a07d90fbe32c2f4c4ddb11189fc6e77267f0004f380f3d100c8d9afa	binary_ieee	binary_ieee.flags_case_eq
e00e697f1da60897ae76144281154a8e12a1d05a4c7380cdc528d36ced4fea95	alist_tree	alist_tree.alookup_empty_option_choice_f
e01ad8fb0ca77dbe45839a134a7c89248c8716a4baa22e6b28c55b9f18bf72f6	ConseqConv	ConseqConv.false_imp
e02e6b469b90586ffbe9987da82c313771d2c80246a517602e33a0ac8395f611	bool	bool.COND_EXPAND_IMP
e036cb607254aa28c9e437582b768831347d710a632cd156cf2daff4f63c4112	cardinal	cardinal.CARD_EQ_CARD
e0592919df994477a68978a6d42b510de3b16aa611e5431d74a583bd69aed01b	HolSmt	HolSmt.r143
e05dbafb37a71c758c2be3fbe72db69505679811fd1c44962df6c168b4d64eae	bag	bag.PSUB_BAG_SUB_BAG
e05f8238153a6ea772931d20bc88005669322d59e9ae48e53e51170cd248bc1a	coalgAxioms	coalgAxioms.system_members
e075ad157e355d75577bb2b286d5ef4d718b09ea42dcd227a647155956a96799	bag	bag.BAG_UNION_DIFF_eliminate
e07851af961ca22eea63543f4db5f9cc72b8c3c8daff363dcf1ac1d9a94164d5	arithmetic	arithmetic.ABS_DIFF_ZERO
e0899f213dd0bfc2348b4df8e6119e89eafa7adb94cedcfce42fae7b8c9ba090	HolSmt	HolSmt.r169
e08f4d3243eca110c40a20a2ced452d7c3d29504ff609d99bebb4e94ece6c075	bitstring	bitstring.word_concat_v2w
e0c4ddc09be0ac668a001a8c5dca982acf579d7b5fd35ea66925347a0b283744	coalgAxioms	coalgAxioms.hom_implies_restr
e0da49a308f036b5f6abb6e0578a6b02a205aab4debf8ff3d21bdf64b520323d	bag	bag.BAG_FILTER_FILTER
e0efeec9df80ba7eff954cab01a2e6e25fc592d66da46a0666cc99fe94d4b2b4	alist	alist.AFUPDKEY_def
e0f1327126298eccc525771f1044884af75facdc763f9f64ceaa4f1632ea4b0b	cardinal	cardinal.bijections_cardeq
e0f91666cc119e4cf5014295c5ca46b4d27a3f5885587b2e829571eef39c72db	borel	borel.BOREL_MEASURABLE_SETS4
e1193daa709d720b519c669e8c3a07607eeac9de2a9740e90a993195869df381	arithmetic	arithmetic.EXP_2
e11f384defcaee5a4e1ea8183783f290ca26016cf75bad816771836cd1da9c69	Decode	Decode.dec2enc_some
e13104e152f137a2b5b57a603a6253d36f34fd51b91b07dff6833410dd5fe760	HolSmt	HolSmt.r134
e13e58d4a2e8c77b101cb918f33938216b3bf021f7b95c106ae4652e5cb8d970	alist	alist.alist_to_fmap_MAP
e143391d3e1ebd46421100f8098c8c1704becfc17ce2be2324533089fe5945d8	HolSmt	HolSmt.NOT_REVERSE
e15616988fa1afbe54c72a19cdba21dd4f54b07a0a6c722b1d03f607df22b7e9	Coder	Coder.decode_encode
e162a267906dd35f3e3c0c1ea1c579fa2766b104a7306d96e4d1720509ba188d	bit	bit.BIT_REVERSE_THM
e18020b3692ebcd04a213e63d211b084055a460ea5ff421d04ff03fbd7017ec1	borel	borel.IN_MEASURABLE_BOREL_CMUL
e1850ad495e8ba565faf74a970f54e552f3975fd69d26d863ce6bc7eb0428504	bitstring	bitstring.length_bitify_null
e197c781b2770800f655dd440826e1ad8e466cb341dfd80f7a9780ed456ae13f	bag	bag.mlt_UNION_RCANCEL
e1a3890d091f278cb9aa449347a82462e1d5caed54c7a13c862b5bd211a8a4de	bisimulation	bisimulation.BISIM_O
e1a90824d5d420325e3653d5ea8948dfa0522ec718438ebf758bbc3584c45d16	bag	bag.BAG_DIFF_EQ_EMPTY
e1cccb7563d6fa79a9251e5b1762a2b9cf0dc2ce235fb456dfa4f6a265a45a79	alist	alist.alist_to_fmap_thm
e2135cc6e7d2a70599bd46770483b6a079fc3d412d90d54ce7d71afa27f47690	cardinal	cardinal.CARD_ADD_ASSOC
e23ad4f9811002b15f7d701bc24bfeaf82d06d00f898a1fe0bfc1987125ebf31	binary_ieee	binary_ieee.float_is_finite_float_abs
e27a3b4271024d65062ee07e3473e286ed0009c0dab0ef350a04268801a24578	bag	bag.PSUB_BAG_NOT_EQ
e2888af5636b476c5ad43b0f2aaf3f7f05f4b8ee3917b822cd025a00d920ca15	binary_ieee	binary_ieee.infinity_properties
e2b9cf8f75946f843818d7f115af11116b734d586ffe917541687861b5fb4771	arithmetic	arithmetic.LET_ANTISYM
e2f1cac14e6f9b904e3c4ece941100ae3b203c493a86013706f6346dc10967c4	binary_ieee	binary_ieee.zero_le_twopow
e2f4d5e417a86b75b535abebafa010a287c1e72e5c2ccead501a080b6bc4a334	binary_ieee	binary_ieee.float_compare_case_eq
e392a10b75dd6809b6b4025b82f4f3b0d14f1456c2b6acf530322cf2d1bf86c5	bitArith	bitArith.tobl_correct
e39a7a29eef8afd902a3d9cb0b94afde84f3a9e50ace6927224160468b9e415c	bool	bool.SELECT_ELIM_THM
e3a80a94a1dcf53428b67f498df2458d2646e0732ff80bedaf5be28b92596daf	borel	borel.IN_MEASURABLE_BOREL_EQ_SYM
e3ac7eea70cf84da71b6d8a3613c0fd31fc61ad4a8199ba8b474fc67e1fedd70	cardinal	cardinal.NUM_COUNTABLE
e3b4b9186271d167549721dbf59ba3c372d942b2f3b693d8d8535214c9b6b406	bitstring	bitstring.sw2sw_v2w
e3bf0b932dfab5e6e91b793cc69dac73355b5abecdd5b37ceb56046225fee849	borel	borel.in_measurable_sigma_pow
e3d0a9278e43c6e50f94b11cee636c33b5201bace1d90a04bf451fc60cddc2b3	alignment	alignment.aligned_bitwise_and
e3d70b82c9f614d5cedd02e30f8240242172a696b34e7a3ccb49465c32c1c58b	arithmetic	arithmetic.LT_SUC
e4024301373fb9ce4df7b606629426e505332bb4c424f402d163a8499129e392	arithmetic	arithmetic.DIV2_DOUBLE
e41576cd086ffcfba5e93dc7e49aa73fd994eabec606c1e56d2281dc253344e5	arithmetic	arithmetic.MOD_UNIQUE
e41adfc230941ee0069fcf179f3d0a84c7187f3ccd78635bd947e6b714d57ab2	Encode	Encode.biprefix_refl
e42108ec4054c8f8f0bff3139198bccd7dee65c4770e17a27fbf3dac6f6ef36b	Decode	Decode.decode_bool
e470bbc08e23ea41c223eaf3be69a6d9b7004b1886c5da3b75bd343f7217e0a7	Omega	Omega.eval_step_extra2
e474e59a0d18a657f23ab304649eff945058b51a6e1867d00e1907902ec7a6a6	borel	borel.IN_MEASURABLE_BOREL_LE
e4b2f085e247dafe63f9f08c8657f453ed33d822462aec8c55bd0f8bdfb63b4e	bag	bag.SUB_BAG_UNION_down
e5143afcd1b600e6b44fd93ff0d68b9ee8941da8b0c30329fff5618d5570ca86	bool	bool.SELECT_REFL
e539eb1576c5dba38a01092e60137b9c1146d4469d9086dd3f1241bc5f0b0f36	binary_ieee	binary_ieee.FINITE_floatsets
e545e55c5bfe230ccc56436a2d6bebabbc8827c40c7c6871f761cad0d886c5f4	binary_ieee	binary_ieee.float_ulp_GT0
e561f681d33883feb584e9b4a165bc984691b9397cbbe0c90a5e4c9eaec484c2	binary_ieee	binary_ieee.round_roundTiesToEven_is_plus_zero
e5b5628ff22885ebc4eeab6506de81eaca7e79e98ab36639eb97a78e3cc30a2d	blast	blast.word_lsr_bv_expand
e5db67579f93bdd3e94b5c0e3687a65282d8f13a07fd7c06b113bc5e4347d247	cardinal	cardinal.CARD_ADD_SYM
e5f9b6cc436b47da83e6353463bd83f6b35a8a58f461e2a21fd4219cc76fdc74	While	While.OWHILE_THM
e6107fb2d4d9126141f7302ee3a6dbde1e3e2653255bdad7bd964375a47240df	bool	bool.CONTRAPOS_THM
e635380767a352a7edb906d1fd9e95e40c70848d3cbc2b54f5a094d5117c7244	cardinal	cardinal.CARDLEQ_CROSS_CONG
e6526bcbdf0113542e12202f489f328ed0bbd32c3f1de31fb9c1fe0fda95c55a	bag	bag.BAG_GEN_PROD_TAILREC
e657601e2714161f8779b2f98930b8c53db89e8043147340f6d89a1655824559	alist	alist.mem_to_flookup
e67eaef2e9626831dc615be069d208e5399953232892e23b20e1f8a7be3166f9	bisimulation	bisimulation.BISIM_REL_rules
e685d852bd2dd042a2cfeeada443b53afec21a2d529ba821ba4088fc1161ac84	binary_ieee	binary_ieee.float_negate_negate
e6992369329928352ca93cc4359eb5e585cf9f9b9d18b7989a9707e45ba329f9	Decode	Decode.dec_bnum_compute
e6aabfad9506a10f46b0af13adc99127f54745568e6552f31426b8003887daf8	coalgAxioms	coalgAxioms.relF_inv
e6b8cd19e85805af738f722683c4970ea41d706d0f42a19a0085d23964476060	ConseqConv	ConseqConv.COND_CLAUSES_CT
e6b930f1acbff61a6c067c51de12bbcbe440900293d54c855f9a52b31ab43837	arithmetic	arithmetic.MULT_EQ_0
e6c6eda0af0b9ebc92c638878637b71acbfe0e7c7372339a5bb99b1d1f9206fd	borel	borel.IN_MEASURABLE_BOREL_ADD'
e6f1469b0383cdc210b16d320c68fb7d505ad2897fd84ea9ef1298e54d89e021	borel	borel.BOREL_MEASURABLE_SETS5
e7059bd01438a7d2e7f31bbe730bfbf76733c057db34d9dfbbf92dcd8ce18b2c	arithmetic	arithmetic.NOT_LESS_EQUAL
e705a98d17c937e618dbaf1b8d886dffbc67cf70865a74741f58ceba8cf8d445	bit	bit.MOD_ZERO_GT
e70ea1d63dd70c496ff7a348fdd0a5daab802dba59251553017c1709dc93f185	Omega	Omega.EX_REFL
e766fa92660596e23f5c2a9508c104ad306635e9e5c581ca7a4da095a3658bd3	ConseqConv	ConseqConv.exists_eq_thm
e78c36d4740aa3f1ef1a37dada4badbeb5f97bce43cd3efa6b7f923b710147da	bitstring	bitstring.w2w_v2w
e78cc728c004b41f06a5e65a7ef6ff21e04a438dd0bc8ce8cc4496cf9233d255	binary_ieee	binary_ieee.flags_case_cong
e790922f590b6b1f7cddc204bb1a8cb218e96f1910d8658817129328d2d2fb05	Omega	Omega.sumc_thm
e7b02466788c4925851ea04bf672ba0588ffa65fbc3e992d71a04ae8fbb225cd	ASCIInumbers	ASCIInumbers.num_to_dec_string_compute
e809b985fb49cb9fcbcd55f6efadb59d1ab5e77c6cbd610730c2b4ebcc2023b1	cardinal	cardinal.CANTOR_THM_UNIV
e80a5ad8487891ad6865614416479b76e5b99188ec5bd80251c24ebecf41660f	borel	borel.lambda0_not_infty
e870d5e7c30ea25c953f47bba5c5bebe2dafca76c648245d5fcffc8d55c84520	bag	bag.BIG_BAG_UNION_UNION
e8a69bd402040f47bfc5626fc97b7f739240911c80ac58068ce5eeea75d653c0	borel	borel.IN_MEASURABLE_BOREL_ALT5
e8ae37bf793e4fb8e962e8bae75a92567fcf74afc329aabb77f8fe28ae16db30	bool	bool.SELECT_REFL_2
e8de0d516c221477f05bee2262d36645d8241f25ad2f5637a6f42fa7e890a891	bag	bag.BAG_MERGE_CARD
e8e5e04ec6d51519bb256211c89ddbd64f50dbeb44e3a3674977d6d96fcdd745	byte	byte.word_to_bytes_aux_compute
e90c6c5efc57f9bc4358d2be46c4098e9ccae4cff20956b731d71f2f64827f6c	bitstring	bitstring.w2v_v2w
e90e45dec1585cd288d796254bcdb1e658a8c4c93687b3582c4e63d678120f7c	HolSmt	HolSmt.r064
e91f2e0dd8fbe42f9f9315d8e2e884c3ac08f8a26b9fbf5bf40b723c0496b99b	HolSmt	HolSmt.t007
e92b9ce02b1f4a9c09bcc53b03ac9cbd84c4215253420e1ea7017c1edfc0925f	bag	bag.BAG_ALL_DISTINCT_EXTENSION
e95d6c7b6fc6194d87fa2d6fd6fe20c280826218abde4649ed8b683ad181d0c7	bit	bit.BIT_SHIFT_THM3
e960b0da8de2ac8a29ce9733deb869b519c559fcedb402ef96b24b6aed8e9057	arithmetic	arithmetic.LESS_EQ_0
e96c4d833cb2fa9bc0449395282e40f9579e0d5805f65b7c0583c7cb1feb417f	byte	byte.LENGTH_word_to_bytes
e9719a67777775a286881fc355b40f86091110d819896e55c0a89d4b0a4496b3	borel	borel.IN_MEASURABLE_BOREL_CONST'
e988107d239d5d4f8b20ebc56750a4ca880232537dec552b56d78a9f525e7126	binary_ieee	binary_ieee.exp_ge2
ea231010449bebea9b9b553a2ff792b0d5295be63f597e8bd40c8e7d512916ac	cardinal	cardinal.IN_ELIM_PAIR_THM
ea272eaec565b37bfbfe20ae6beccf15390faa71c5833d7e51bde55e4e2d8ad8	bitArith	bitArith.lte_aux_thm
ea27a8439f3191f19c274a31a56823fbde61512eeb95e8e0dd53a63cc1adf5d1	bool	bool.LCOMM_THM
ea28fb2a795e7980354634b21df0114f30432c6cbc109e5fa43bb5f19a73a0c0	alist	alist.AFUPDKEY_I
ea2e87e60090ad4b3d0d8a0ea49353844e78eacce1bc00f933e62d6858964aad	alignment	alignment.align_add_aligned
ea3f92333adb7b698fe3d5a874893c34b09de78e71268e153eba7ad12412981e	Decode	Decode.wf_decode_bool
ea4ff8ae21003a3e06b563b76be17228febe3c8e1abf85363bef8698cea64d4d	arithmetic	arithmetic.MODEQ_SYM
ea536bb5c8f55d779f1f66bf67acd3611417d4bd5eb3fbdfd6f515bd0f6d54da	arithmetic	arithmetic.MODEQ_REFL
ea54c01ae5a7d0e71cc28195f92907798c0b37963bbd4e8fdce48180e335bd89	bit	bit.TWOEXP_LE_IMP_LE_LOG2
ea676904009ea6b8e8ee1cd79b5e46e1f986660a53a2a94c49c34cd2312e7906	HolSmt	HolSmt.NOT_MEM_CONS
ea7adfb92898589451df0225302ce677f08a0302a8eff09772200542503b2cd7	arithmetic	arithmetic.findq_thm
ea92ac79fd45683be9c109003a17d327d4a074b50cc191286276aec4fe76a4c6	While	While.LEAST_EQ
eaa95919985fe1193b810776dacabdb29c105eac2b849c4198a43f05c9dc5254	Omega	Omega.calc_nightmare_ind
eabddd7168adf2306f0798ad8df36a6da21f02876609fde0596e874b3b3b6a45	arithmetic	arithmetic.LE_ADD_LCANCEL
eace02ac24e2b49563afae10889baddc934c73b93f9fa3bab58a4cf3667072b6	bitstring	bitstring.ranged_bitstring_nchotomy
ead6d7e301997f3812f4f0ba0a151c5990eda59546d09f405e052069490b57e1	binary_ieeeProps	binary_ieeeProps.largest_props
eadd723e046777540791513c02317ef5e5dfa4521ff2348157d7acda641c9481	borel	borel.IN_MEASURABLE_BOREL_OC
eae1e1eb68d0f4b6a60657f745a7a28c8b5642bba0ae1b1f1a02986f41d0a19f	Decode	Decode.wf_decode_unit
eaf43a1fe069c44176625a0d906f0cff0199a0de671153d31a3a2e235d8072c5	binary_ieee	binary_ieee.min_properties
eaf878e5b77f708de1e99617aa21612a8f4fc78292a2455532795b794563560c	binary_ieeeProps	binary_ieeeProps.float_value_float_to_real
eb4c36f9b5255a3564c78f172f84bf92cf77de02d8af062fca14040cd6dc5c0a	bit	bit.BITWISE_NOT_COR
eb53aa9477cdbc2e6d61e1042ccb59cc96212ec91aab16a850119d391fd593eb	arithmetic	arithmetic.LESS_LESS_EQ_TRANS
eb6977a5b2c83cfbf408e1efeac79750f8e8e6f98854389d1808cbb89a99d1a1	bool	bool.AND_IMP_INTRO
eb7020428e09044ab6918be9cdaa58f7609b8fa1b09a6704cbf6a53017a1f84b	bnfPrelims	bnfPrelims.funMap_O
eb74ab7ae31122f34d239e395b54a19b3d5d71a9d692e9a9977d72bc7febc4ad	borel	borel.BOREL_MEASURABLE_SETS_CC
eb75373e42f5b8085825812860a6ad0e205f0f59a608fb25aed62d2594325310	arithmetic	arithmetic.MULT_0
eb8aeefdf2674a18ae271163b9e797941eb5306fe0eaaca75668dd2b594a018b	borel	borel.AE_eq_add
eb8b090109cba33e7b5b80f87f1512341700d0ca8c8309a7a8a14ccd18f6f8e5	bag	bag.SET_OF_SINGLETON_BAG
eba7588b7bc5f5dc9e71862e2c66eaf5b395a331c7847a9e8b6e3272370b4032	bit	bit.BIT_SHIFT_THM
ec07435e405a9e9b6ba7e764829fe09f07f10b67a91408dbc8f6628b96fa4d7c	arithmetic	arithmetic.WLOG_LE
ec0922d20bc1d6e3a9f9c2c09b23aea98acc1f9eb36f90d8fb434e8984a02d51	ConseqConv	ConseqConv.COND_CLAUSES_TF
ec43e28cb05cc08c3f8e236fed9acf40fb0511ff1768832785082f4ba49baa67	Decode	Decode.decode_tree
ec55f00a26d672eaab6bafccea3d7e7058f4bab17fc1daa6fae03c18311002da	Omega	Omega.SYM_RDISTRIB
ec65ffdc6d61dda2489a8f48dafbb9aedf9b1d962332ea7aa6da226a47435a49	ConseqConv	ConseqConv.COND_CLAUSES_CF
ec793293ca0261b84fc7b4b2435c3b5d89471b59a359c1a78d2fae53d8217338	binary_ieee	binary_ieee.float_add_plus_infinity_finite
ec7e295227d1e79de001c0d3c8368a29f225a4ef7938266201827b6cbbd28628	HolSmt	HolSmt.t004
ec95f3ea4168c6a3cd2ba9824c145c47a71cee33ffdc548b8a9689e6f7517398	binary_ieee	binary_ieee.abs_ULP
ec96b408235de00926de989a5c86eb55d549c72429ba5271bd6f3552126f7409	HolSmt	HolSmt.r101
eca298bfac24f066f0715f060d85992eaf29fdaefa0e9ed85f865e0f3809dcbe	cardinal	cardinal.CARDLEQ_FINITE
eca4f5ac99adc2410878bc60551cf6efc748b4d9ae974c835bda96256e52ddd3	bit	bit.BITS_THM2
eca61d3602eff4bc4913416b33b543354725fcc7bec949e127e5e061586a2f9b	bag	bag.SUB_BAG_EMPTY
ecc8c1b8ee1f2059731f7618d02cde44787269abd88a4b6efd0ee6de0047933c	ConseqConv	ConseqConv.IMP_CONG_conj_weaken
eceeb2348f44fe81d2ec2ed8ee25e1ba46ce808b5cebb1022a9a49096217b395	binary_ieee	binary_ieee.largest_is_positive
ecf96d70fbe046fe37ea252129327d3b012528d0c0d4d3cb41a54cc92f770949	binary_ieee	binary_ieee.next_hi_float_abs
ecfdc6859e232fd02c1d85524c08e26b3e98e9bb23d5fce38a96315097bc0e59	binary_ieee	binary_ieee.fp_op_Axiom
ecfffbdd4c62d71dfa4bcd65aad316acb3db1948bf0ec8f7bffbc7a03f1c79c9	HolSmt	HolSmt.t001
ed27e6b4a778f5bb6610cdd4ba29df2974414d859c89e854c0a6f7ce925913ed	bag	bag.unibag_EL_MERGE_cases
ed39e5fc94b431f12de916ea3986d31874feb9ce37fc8ad45e550bdaa7cb4568	binary_ieee	binary_ieee.rounding_nchotomy
ed3e4beec3eb6ca255ca338e912465354bf711b6488f46699e5f380ad1a20c57	borel	borel.IN_MEASURABLE_BOREL_NOT_POSINF
ed58d5d95eed42b1ec8c213f9b251b35b51f3689baf6dc0639a5b51ff2115601	bit	bit.TWOEXP_MONO2
ed6743ec53852394d17d397b58472809283bcb6f7d5d1b2e1c1ba22f7bab6858	bitstring	bitstring.length_fixwidth
ed677848a40f74dfb09e970cf1f985bff22d3b9ff8ed0b06031f4719446fccaf	arithmetic	arithmetic.LE_SUB_RCANCEL
ed6a5d971e98bcef61143d49e9bc24f50f57ee69059ad31c282066f5d3d7226d	cardinal	cardinal.COUNTABLE_AS_IMAGE
ed72ad183a653174fe6135a4e52156d5d1b99c73451eb1007cec2c97c4374ddf	borel	borel.AE_not_in
ed854d7d117d52eac2f0b830d047ff49995f3bb5298fbf372f7191b9a5f97123	arithmetic	arithmetic.DIVMOD_CORRECT
ed878c06ee916a642f05244f6404e7f1d8bb504498c1d94bc86e603d9dbbac44	binary_ieee	binary_ieee.flags_fn_updates
ed9025034c435aab9e7aba55bb74cc3d1d93739c13878ecb0fb57eef2472d11d	coalgAxioms	coalgAxioms.coequalizer_thm
ed95192b17e28915e5552da3252916cf2456638f3b3ad87c2f361806fc31b727	arithmetic	arithmetic.NRC_ADD_EQN
edb52978d973fd2c04f983268ac69b9fec667b499d17d07ed3d26f661240224e	arithmetic	arithmetic.ADD_MOD
edbcc206b22d21fe0ddebeeed8ec2be3d9a21b030889f814af75ddc2d5c86221	arithmetic	arithmetic.NOT_EXP_0
edf9100a74ef81fc2cf8efdb8163150e2af8d1019c0fb5a76626e40f93689c2d	bool	bool.LEFT_OR_CONG
ee00fafe355d21490851cce344c30de88e5569c39942e1728364aa447c0ff87c	alist	alist.FRANGE_alist_to_fmap_SUBSET
ee1970da126dfaf90920c4f28a9a78dfc95339e53e4e7469ce101776d073afbb	binary_ieee	binary_ieee.num2rounding_rounding2num
ee1c20ccd12f9748b291417094b9e1ffa671abe9e1d3fedf78bd140da646473e	arithmetic	arithmetic.num_case_NUMERAL_compute
ee1cc687b8491013e37f247814ec8b311687105cad5b86c3747a38bbaa51d5ac	borel	borel.BOREL_MEASURABLE_SETS_CR
ee1d0d0bd5738b81124287c5f9556a0ad9cb7ee2514294bae2b2216b18746356	bag	bag.BAG_CARD_THM
ee2841a0d0d9b150e52a17533140a113b302a6e4606a671db89a170a94c2b421	arithmetic	arithmetic.ODD_EXP
ee607a5b87072a5bba4c8cd0559d93aeab6ad6ed6536eed1e2dc60b3e8be6181	Omega	Omega.EVERY_SUMMAND_gt_elim
ee714e8fd6f1cfc189ee574cc1e66c7b9a0d80f44368c9301205a9ba1df757fa	borel	borel.AE_cong
ee7a9412da10bf0e703299ebb53324d7cdc3107f26773f7ddfbcf8beea2f00a6	cardinal	cardinal.SET_SUM_CARDEQ_SET
ee7b012b87362fa07415f723d043309776dee262889f3c6d13ead70cf1dffa2d	bag	bag.BAG_DELETE_concrete
ee9adc1633ffb450cbc16edf3f3c6e9a4c167942095dace13cdb0635699cdf50	HolSmt	HolSmt.DISJ_ELIM_2
eea5f2e509496e47e46ea7c83d2e0dd5800e71d7c06db5a6224b9b9748df6b88	bool	bool.DATATYPE_TAG_THM
eea82347bfcd3aa28ab697597bd83b116358a22db20ac2d01adfa0396b2c935f	alist_tree	alist_tree.alist_repr_refl
eecf60a9f33c99220fcca207fd180b84425b5efd007d66c3d89ec67ac5c08c29	alignment	alignment.aligned_0
eedd19ac5deb231970a0f1cebcf115e69600135bc4064ba58f1d814e71ad0216	bnfPrelims	bnfPrelims.BIGUNION_o_IMAGE_IMAGEr
eee66390a7c1be82f4d3c5e79e68addad39adfcb1b25fdcf326cd112845d023b	ConseqConv	ConseqConv.IMP_CLAUSES_XT
ef02310b635fb467fd3ef21293d5081707f538970ac99ddfabe8e724b00c48cf	bft	bft.BFT_def
ef09486cffdb73b537a652c56a59176cd9480682621465719cc96263ac96fe6d	cardinal	cardinal.cardeq_TRANS
ef33c3e69162c98872d7e759b7b72e30db12432e9c66f5a25acbf18fced442e4	coalgAxioms	coalgAxioms.bquot_coequalizer
ef3a3f3967cc56079a584d1e8d5164922f69fd29b296caea811e195858e2a8f0	binary_ieee	binary_ieee.some_nan_properties
ef4d864782f2b42639b14ee1f8c92fba876461ebbeed41aa232bd966cfa27319	arithmetic	arithmetic.MULT_INCREASES
ef72744fe57ea967de4677dde5140ce3a66bcb4112a5a17061de91d41d4fc13c	arithmetic	arithmetic.MULT_RIGHT_1
ef7398cd46ff258170451d64cfe8f6d75aebf4d403bd0f7af94108310a335150	arithmetic	arithmetic.MAX_COMM
ef7a4441085e7e03a45a35a4465b6d683befd5598f4a541b907a3b12ab6770dd	bool	bool.DISJ_IMP_THM
ef8e60dcb53e12c6d754634bcd468d739f048e6c4af8387784749ffec57f644d	While	While.OWHILE_EQ_NONE
ef97ef5b801d906900c73969c061e92a9f2fd7f17fdfef4b78588d677271dc97	bag	bag.SUB_BAG_BAG_DIFF
ef9d757efc3817404846189c6bfa81d90478e657bcc7ae992a67528e31338c9b	arithmetic	arithmetic.MIN_0
efb54d61c390461d45e2a396c115fd589b57b56f3dd2db348141e75db500c840	bitstring	bitstring.word_lsr_v2w
efd683bec3789109ee03d0adc805a2e11caf2272edf95c38e5e9cbde427f1e61	ConseqConv	ConseqConv.COND_CLAUSES_TT
efe01199b346026f276cb35c4c999327df385d2393800428c4907dbd173d3ce7	bitstring	bitstring.length_rotate
eff0204a36b5671945ae1eeff3de337a9918c9de0aa53adc09733d89881e5131	HolSmt	HolSmt.r114
eff2fffc60f6f1855d14a53074505cc15bd976c526a7b93cc13251117aaec1d7	arithmetic	arithmetic.MODEQ_SUC_CONG
f04644eb6fa4fa6576d61f8d092ec5883007ae29a8fbb941279777c86717d6ef	alist	alist.IN_FRANGE_alist_to_fmap_suff
f062050add845a0456d27a6bfc0950965cc4b9c3d4ba4493358ae1ffa4cd2e5d	bag	bag.BAG_GEN_PROD_ALL_ONES
f08d8a92db015030788980aed7d53710f5728cd0073c48811a2cf9d5bfebb151	arithmetic	arithmetic.FUNPOW_K
f0ba634bbb9a6cf3fd48328833da579f76194617d692c210c4febcb6e839a4dc	bag	bag.BAG_DISJOINT_SUB_BAG
f0f0be815761d637dc6486aa24e56161de239894b7e22fdc9bc396058e5295df	alist	alist.FLOOKUP_FUPDATE_LIST
f10202a77c47744ee71aeb8ffef765ba1bbf35610fd9ca3f70f00597c3c526c4	HolSmt	HolSmt.t028
f134f44efbe778bf098f7c933f2567b55e812532cd85dd4a14a40cc3985187de	EncodeVar	EncodeVar.of_length_univ_zero
f1385231379d45b7b0f63c0fca5b668faacb70bddba55b4c3039c208214b1ba3	HolSmt	HolSmt.r189
f14bf49377b5d8a17505c008e3d234038bef91683d8553f5bd7022fe75122e4f	binary_ieee	binary_ieee.float_updates_eq_literal
f150dba4e1599cfc9ccdb038ace584084c037646f8578a36e6af402e46e92079	bag	bag.BAG_DECOMPOSE
f181e79756f09e02a688c7ec248e4c8c564ad38bb841a102be905ce689c06308	bitArith	bitArith.EVERYF_suffix_bleval
f1a22789bef25c6fae1e71e13462171d6ffefdd99e58d6728bcb26701d36f982	ASCIInumbers	ASCIInumbers.num_to_dec_string_nil
f1d8a9cd05d9ae4ccdf472b689966018ff8aa666ca2919f5e6859c271021e136	binary_ieee	binary_ieee.next_hi_float_negate
f1e16f230ef5c2580d7d647b1c8ea36262d4ee6b5509cd94d725a8f8142e2ba3	borel	borel.lborel0_positive
f1f12b2306374775dc8da7261e3b56a4cd43b69b7b3674ac5c37af0d8a8c0f91	binary_ieee	binary_ieee.float_is_finite_float_value
f1f6b68d7629a32a182258accd1c87580e3849679bee825a4c83dd6822f4a8ce	alist	alist.FLOOKUP_FUPDATE_LIST_ALOOKUP_SOME
f1fb744e6805643163654990042c42c3c19251e4a8616cdc571f731ec29544fe	binary_ieee	binary_ieee.next_lo_idem
f21582d738e293d1f7df31a58dd45d75367d2800dab15a2ce03e4d9311704623	bag	bag.BAG_DISJOINT_FOLDR_BAG_UNION
f22c3a95d2633046a1b5c16e70e0d0523934d1d8e3d6c2b05b08ad7960aea251	cardinal	cardinal.CARD_LE_ANTISYM
f235e2079f732849e802f53250ecc0ed40264cb3af31c7eddeae0cc4486f151e	arithmetic	arithmetic.SUB_LESS_EQ
f23c9d8da3368b11435fb3aa7a06682b44415177fa4c7dc8ce394d63b5dc3a0d	borel	borel.IN_MEASURABLE_BOREL_EQ'
f24a66802e792ee028380a4432423d3f130b243b2a954a278a6017de6c0cc6b3	HolSmt	HolSmt.t022
f24e2eaf4c5b8b12c65d45813c57766b658ece11a20b849c6aaa258aa5b571d6	coalgAxioms	coalgAxioms.genS_correct
f2702e2ef3c18356392840cf117b4f6768bf581b479f7c1526d15e9e4354f48c	binary_ieee	binary_ieee.Exponent_monotone
f284ee912a4b535e7ae4bd425a418dce805b455a996127d004dbff119962fb5c	bnfPrelims	bnfPrelims.sumMapIMAGE2
f2ae5ad0b278117f7b5025629e8f80cd7e026c6cc82c3600a2d6ce320a5404df	binary_ieee	binary_ieee.bottom_properties
f2c772af73c513778b7b5f23a2a594ce8eff435c32854c79230e585a649a5c9e	cardinal	cardinal.CARD_EQ_COUNTABLE
f2d2ef356893fe69c9ada29bfdeb3b19827c6b7807ad380abf1ea505f2dfe43b	alist_tree	alist_tree.is_lookup_centre
f305ecd2e32581964052c0cf271df958f87b986f386a01d855515346307e39d7	byte	byte.EL_bytes_of_num
f3066a5b849c93b3a24bad0d7060d6237f2960b73df0da17ad7c68e05d7617d0	bit	bit.BITS_COMP_THM
f30eb724a705f5551d9d6fd3eddca07c0e65c28de4dbf2a86f6583647635e5ad	arithmetic	arithmetic.SUB_LEFT_GREATER_EQ
f3329b1c037189859e0b4d6f56d4193a9e8e223432f03f199a7a33b019be0a99	ASCIInumbers	ASCIInumbers.BIT_num_from_bin_string
f3338c7c7f4042e333b37a4e73eecd9aef84cc05f65848779e1c616389c59cb9	bitArith	bitArith.mk_frac_thm
f33483230acdc60e95c7cdfc89154b5f33c704bca140eb4f06a85af3d764c8f2	DeepSyntax	DeepSyntax.posinf_exoriginal_implies_rhs
f334996e90147c6e2d54201ff1c1eeb30f25f9e6b798b46cad4bdf46ec094394	arithmetic	arithmetic.LE_EXISTS
f33a33c3f38226956194009fc9f5f3c1965c7d54543df760d1aeb3f472a8da3d	Omega	Omega.nightmare_def
f33d9e8164bff5f7db1684ab7d4ac38de4601a2b89fdd41fb58a1e40a49dbbdc	coalgAxioms	coalgAxioms.prop5_9_1
f3515326ac9bc77c925e08e8da4ae06a1fd29a2dec4440d95b46dcc1adb8337f	bag	bag.dominates_SUBSET
f355387bf7098c39cfddb5c7a41764d98bcd3dcc55556228db138613214057de	borel	borel.IN_MEASURABLE_BOREL_ALL_MEASURE_ABS'
f38a64aee5ddda062e3dc052bac4079496d7324e98a4a83f51cb9b3288b66ab1	arithmetic	arithmetic.LESS_OR_EQ_ADD
f3a8c7fe3adbe64baed16fbaf1c0734a740451639616e4bd7aa1a86cc2201c1f	borel	borel.IN_MEASURABLE_BOREL_POW
f3aef5d14c8973f1506fb0bf319b9b9e0f198e42b1a130ec93a136f295c4c7df	HolSmt	HolSmt.r063
f3d4c086086d870b25cee03a157b63953343df9f9b072e95898f9b7430ac8b4a	ASCIInumbers	ASCIInumbers.EVERY_isHexDigit_num_to_hex_string
f3dfd11e380b6f1233c6db22a41a37da7d34410fd2a4b6c38cf4c1b42c34a249	Encode	Encode.encode_tree_ind
f43b77566a0666b0decf3a68a971f74157175fbafb1653c153ac253ccd6e740a	blast	blast.word_rol_bv_expand
f44b77eaac2d4e1d664f13795538c31266e30208b6ede5498dc305b87deb869b	byte	byte.get_byte_set_byte_irrelevant
f4683d2ce0fd497c18056a193a8805708d74f8ef49fb3af8583f6bd129a68009	Omega	Omega.darkrow_implies_realrow
f4741accf8b8b0b22acbbebe7d7259dd1faa9672b877024d727b861eab049af8	bool	bool.RES_FORALL_THM
f488caef8d1a09ae9a164d649e7e74f727c7e2f3c7ea8948e40058c886065b61	coalgAxioms	coalgAxioms.hom_shom
f48b15a85c606bd6dc9ee036213ec73ef504366814405e329fa09c080bef23e7	combin	combin.o_ABS_L
f495bcba7a2a5db676c754ac1e7564cb1f25179d8ee8573e11de2b49089c6c41	Decode	Decode.enc2dec_none
f4ac8d8759996bec7e81c1b2ed35603426e35d17349447197669f648e038ffad	bag	bag.BAG_CARD_BAG_OF_SET
f4cd9498796e4b9a86f724aa6ebf5c1948efa4f6544b02f67351cac45a760510	bit	bit.SUC_SUB
f4d72051314a642959e3f54f9482f590f0f641a9c9d99c538a3770dc7a699240	binary_ieee	binary_ieee.float_to_real_eq
f4f25c05fbb65f6e0c9483e921c5a004f1bdbfdfa19b5829e112c583fc36df35	arithmetic	arithmetic.CEILING_DIV_MOD
f4f320bc0a89df09d5dc40383a5c3c1dedfba735974be1ea403fde52ce27a58c	cardinal	cardinal.eq_c
f4f47d592df95290d9217d037af71099f2696128ab6ad764f67b999f6ed70832	arithmetic	arithmetic.SUB_LEFT_ADD
f50337f5988ba44e8d3876cbecb38ad1a716aef65c09d6e998b82d4649af7015	Encode	Encode.encode_bnum_compute
f55fc59c60f0104bd2b8743fdc6a8481f95cb0a3bdf535312fff0cd544b951e8	binary_ieee	binary_ieee.ulp_positive
f57860562813cb08fdaec9ba07c90cd5b4a993dfea74fd33dab76f7494335eb1	cardinal	cardinal.FINITE_setexp
f57eddd0d9a57330f09a218679f0b4dac72bcc344e80299f47f75bea461aa795	HolSmt	HolSmt.AND_T
f58f09250f4b4da84c0a63c5d37f3e38f9463159663fcee25138351fff87fc9a	bool	bool.CONJ_COMM
f5bda63b635780de28e179de96a87a26c6bcd0c828d769912c2643186091696e	arithmetic	arithmetic.FORALL_NUM_THM
f5d432254ee17de712afc29e32d5e9bf33eb5b4f9fe62566fc1653bf336a3016	cardinal	cardinal.FINITE_BOOL
f61246ac9dd419480052bd4706d7fd31ddce0e1ea89af40bd5e5dceb63a468e8	Encode	Encode.wf_encode_unit
f615f71a9f0a67d9de854d02347495d81e7eaa745812c6c8031131bdb4870eba	arithmetic	arithmetic.ODD_DOUBLE
f622eb3e3545c42e6d71bee73dbaddb101ef43bfe205b005e8a3c1d0cc79dcdd	binary_ieee	binary_ieee.float_add_compute
f62ac0979ed19d86e931b78158522c3010c3925b8a7324819b5dfa660b91152d	HolSmt	HolSmt.r034
f6478064f2a9a3ed94c7c47b9dbfa4d56c225c5ad5033fe9d6d813b2be0df6e0	cardinal	cardinal.cardeq_addUnum
f66525b8629b50a932d19ef5a13db64bb806744e897e071bf9f36737bffd8937	Decode	Decode.wf_decode_bnum
f68911da8a9cefc15f2ec92b9bafedd768ad315a490c779cedc5086430d40662	bool	bool.ETA_THM
f6a202b77b7d79ccb6a7819408cdea3424e5b63b0000013add5569bba4f7b6e6	bag	bag.BAG_CARD_UNION
f6a98149513fdf1ab0694db25ecd68f33f643acf1410d7e6e7d31c25ff2bfbaa	bool	bool.MONO_IMP
f6aae647556e242d5fac9bf79f594a3b2d2f17d05865d3afe8e28202719b7101	arithmetic	arithmetic.NOT_LESS
f6b200f09ad18c67e7286f38c02c186e17607db8b1f88f35384fbd4de95c9df3	ASCIInumbers	ASCIInumbers.UNHEX_HEX
f6b81255678e8a2920eecc3c092621694dcdce5e927118d3d0e69f5ff0b81d6e	cardinal	cardinal.cardleq_setexp
f6db20b20b9c33bca5d3c7bb6a884ae70bf8364d2aebc6f97da841bebb1da92d	byte	byte.byte_index_cycle
f70190b15e5de8759431af53b02f95d43886f2e01878b468bf0c0c07a3d2de35	bitstring	bitstring.n2w_v2n
f71990caed65a3e31275411c3a5342d911570759c9f761ecee9c4234d8749388	Decode	Decode.decode_bnum
f743f07d4fa064a252807af2fabf5d4baae5e8ee7a433950db2a8f298b9a7241	arithmetic	arithmetic.ADD_0
f750749a4ee6775ba234da971c0b02d73d11c697c1a22147b2d19b0ea0856088	Decode	Decode.wf_decode_prod
f75c36899141f6c7a9eba304e92d982fff00c59f5f10187c19f72e101b633c01	coalgAxioms	coalgAxioms.bounded_def
f75f1612574a4b110bff5ea8f33fc42f2316b80a5edb8e1c8f9a9edc98959a1d	bag	bag.ITBAG_SING
